ID,Annotator,Text,Hate,HD,CV,VO,REL,RAE,SXO,GEN,IDL,NAT,POL,MPH,EX,IM
27318,4,"Christian cake baker who won SCOTUS case is now being harassed by demented Satanist homosexuals, backed by the state of Colorado.",1,1,0,0,0.0,0.0,1.0,0.0,0.0,0.0,0.0,1.0,0.0,1.0
27318,15,"Christian cake baker who won SCOTUS case is now being harassed by demented Satanist homosexuals, backed by the state of Colorado.",0,0,0,0,,,,,,,,,,
27318,10,"Christian cake baker who won SCOTUS case is now being harassed by demented Satanist homosexuals, backed by the state of Colorado.",0,0,0,0,,,,,,,,,,
27318,8,"Christian cake baker who won SCOTUS case is now being harassed by demented Satanist homosexuals, backed by the state of Colorado.",1,1,0,1,0.0,0.0,1.0,0.0,0.0,0.0,0.0,0.0,1.0,0.0
27319,4,"This whole story is so absurd. None of these animals should be in the USA in the first place, and their anchor babies shouldn't be citizens. We don't just need to repeal birthright citizenship, we need to have a way of stripping citizenship from the spawn of foreign nationals.",0,0,0,0,,,,,,,,,,
27319,15,"This whole story is so absurd. None of these animals should be in the USA in the first place, and their anchor babies shouldn't be citizens. We don't just need to repeal birthright citizenship, we need to have a way of stripping citizenship from the spawn of foreign nationals.",1,1,0,1,0.0,0.0,0.0,0.0,0.0,1.0,0.0,0.0,1.0,0.0
27319,10,"This whole story is so absurd. None of these animals should be in the USA in the first place, and their anchor babies shouldn't be citizens. We don't just need to repeal birthright citizenship, we need to have a way of stripping citizenship from the spawn of foreign nationals.",0,0,0,0,,,,,,,,,,
27319,8,"This whole story is so absurd. None of these animals should be in the USA in the first place, and their anchor babies shouldn't be citizens. We don't just need to repeal birthright citizenship, we need to have a way of stripping citizenship from the spawn of foreign nationals.",1,1,0,1,0.0,0.0,0.0,0.0,0.0,1.0,0.0,0.0,1.0,0.0
27397,4,What is happening to Infowars right now is what is going to happen to your white children/grandchildren in the next 20 years.,1,1,0,0,0.0,1.0,0.0,0.0,0.0,0.0,0.0,0.0,1.0,0.0
27397,15,What is happening to Infowars right now is what is going to happen to your white children/grandchildren in the next 20 years.,0,0,0,0,,,,,,,,,,
27397,10,What is happening to Infowars right now is what is going to happen to your white children/grandchildren in the next 20 years.,0,0,0,0,,,,,,,,,,
27397,8,What is happening to Infowars right now is what is going to happen to your white children/grandchildren in the next 20 years.,1,1,0,0,0.0,1.0,0.0,0.0,0.0,0.0,0.0,0.0,0.0,1.0
27399,4,Where are the 'Do not tread on me' 2nd Amendment crowd? Why are there not Patriots in the streets? Why aren't Progressives having unfortunate accidents?,0,0,0,0,,,,,,,,,,
27399,15,Where are the 'Do not tread on me' 2nd Amendment crowd? Why are there not Patriots in the streets? Why aren't Progressives having unfortunate accidents?,0,0,0,0,,,,,,,,,,
27399,10,Where are the 'Do not tread on me' 2nd Amendment crowd? Why are there not Patriots in the streets? Why aren't Progressives having unfortunate accidents?,1,0,1,0,0.0,0.0,0.0,0.0,1.0,0.0,0.0,0.0,0.0,1.0
27399,8,Where are the 'Do not tread on me' 2nd Amendment crowd? Why are there not Patriots in the streets? Why aren't Progressives having unfortunate accidents?,1,1,0,1,0.0,0.0,0.0,0.0,0.0,0.0,1.0,0.0,1.0,0.0
27401,4,This is a reminder that the 'white extinction anxiety' article means that progressives are banking and planning on your childrens persecution.,1,1,0,0,0.0,0.0,0.0,0.0,1.0,0.0,0.0,0.0,0.0,1.0
27401,15,This is a reminder that the 'white extinction anxiety' article means that progressives are banking and planning on your childrens persecution.,0,0,0,0,,,,,,,,,,
27401,10,This is a reminder that the 'white extinction anxiety' article means that progressives are banking and planning on your childrens persecution.,0,0,0,0,,,,,,,,,,
27401,8,This is a reminder that the 'white extinction anxiety' article means that progressives are banking and planning on your childrens persecution.,1,1,0,1,0.0,1.0,0.0,0.0,0.0,0.0,1.0,0.0,1.0,0.0
27402,4,"Looking at the news today, it's clear that we are in a soft coup leading to outright anarchy by far left progressives/democrats/socialist. In my opinion we have already seen countless examples of outright sedition by most left wing politicians that should be facing felony charges. And they aren't. Trump must kill/deport/imprison them now.",1,1,0,0,0.0,0.0,0.0,0.0,0.0,0.0,1.0,0.0,0.0,1.0
27402,15,"Looking at the news today, it's clear that we are in a soft coup leading to outright anarchy by far left progressives/democrats/socialist. In my opinion we have already seen countless examples of outright sedition by most left wing politicians that should be facing felony charges. And they aren't. Trump must kill/deport/imprison them now.",0,0,0,0,,,,,,,,,,
27402,10,"Looking at the news today, it's clear that we are in a soft coup leading to outright anarchy by far left progressives/democrats/socialist. In my opinion we have already seen countless examples of outright sedition by most left wing politicians that should be facing felony charges. And they aren't. Trump must kill/deport/imprison them now.",0,0,0,0,,,,,,,,,,
27402,8,"Looking at the news today, it's clear that we are in a soft coup leading to outright anarchy by far left progressives/democrats/socialist. In my opinion we have already seen countless examples of outright sedition by most left wing politicians that should be facing felony charges. And they aren't. Trump must kill/deport/imprison them now.",1,1,1,1,0.0,0.0,0.0,0.0,0.0,0.0,1.0,0.0,1.0,0.0
27483,4,Not all Moslems are terrorists .....but nearly all terrorists are Moslem  #SpeakFreely,0,0,0,0,,,,,,,,,,
27483,15,Not all Moslems are terrorists .....but nearly all terrorists are Moslem  #SpeakFreely,1,1,0,0,1.0,0.0,0.0,0.0,0.0,0.0,0.0,0.0,1.0,0.0
27483,10,Not all Moslems are terrorists .....but nearly all terrorists are Moslem  #SpeakFreely,0,0,0,0,,,,,,,,,,
27483,8,Not all Moslems are terrorists .....but nearly all terrorists are Moslem  #SpeakFreely,1,1,0,1,1.0,0.0,0.0,0.0,0.0,0.0,0.0,0.0,1.0,0.0
546,4,Another perverted Catholic priest.  Deplorable reprobates!  http://via.wnep.com/Uo5Vz,0,0,0,0,,,,,,,,,,
546,15,Another perverted Catholic priest.  Deplorable reprobates!  http://via.wnep.com/Uo5Vz,1,1,0,0,1.0,0.0,0.0,0.0,0.0,0.0,0.0,0.0,1.0,0.0
546,10,Another perverted Catholic priest.  Deplorable reprobates!  http://via.wnep.com/Uo5Vz,0,0,0,0,,,,,,,,,,
546,8,Another perverted Catholic priest.  Deplorable reprobates!  http://via.wnep.com/Uo5Vz,1,1,0,0,1.0,0.0,0.0,0.0,0.0,0.0,0.0,0.0,1.0,0.0
761,15,Well... fuck you too Spotify. A disgusting picture designed to humiliate the White people of Australia...,1,1,0,1,0.0,1.0,0.0,0.0,0.0,1.0,0.0,0.0,1.0,0.0
761,4,Well... fuck you too Spotify. A disgusting picture designed to humiliate the White people of Australia...,0,0,0,1,,,,,,,,,,
761,10,Well... fuck you too Spotify. A disgusting picture designed to humiliate the White people of Australia...,0,0,0,0,,,,,,,,,,
761,8,Well... fuck you too Spotify. A disgusting picture designed to humiliate the White people of Australia...,1,1,0,0,0.0,1.0,0.0,0.0,0.0,1.0,0.0,0.0,0.0,1.0
761,14,Well... fuck you too Spotify. A disgusting picture designed to humiliate the White people of Australia...,1,1,0,1,0.0,1.0,0.0,0.0,0.0,1.0,0.0,0.0,0.0,0.0
888,4,"Texans in the vast plains, rivers, and the farmlands must gather, arm up, and declare independence from the United States of America. We are a nation of warriors that fell at the Alamo only to rise victorious, just as the Spartans did in the narrow pass against the Persians.  The USA needs us. We do not need those sickening fucktards",0,0,0,1,,,,,,,,,,
888,15,"Texans in the vast plains, rivers, and the farmlands must gather, arm up, and declare independence from the United States of America. We are a nation of warriors that fell at the Alamo only to rise victorious, just as the Spartans did in the narrow pass against the Persians.  The USA needs us. We do not need those sickening fucktards",1,1,0,0,0.0,0.0,0.0,0.0,0.0,1.0,0.0,0.0,1.0,0.0
888,8,"Texans in the vast plains, rivers, and the farmlands must gather, arm up, and declare independence from the United States of America. We are a nation of warriors that fell at the Alamo only to rise victorious, just as the Spartans did in the narrow pass against the Persians.  The USA needs us. We do not need those sickening fucktards",1,1,0,0,0.0,0.0,0.0,0.0,0.0,1.0,0.0,0.0,1.0,0.0
888,10,"Texans in the vast plains, rivers, and the farmlands must gather, arm up, and declare independence from the United States of America. We are a nation of warriors that fell at the Alamo only to rise victorious, just as the Spartans did in the narrow pass against the Persians.  The USA needs us. We do not need those sickening fucktards",0,0,0,0,,,,,,,,,,
1301,4,A church in Berlin was damaged after unknown attackers pelted stones at the building while shouting “Allahu Akbar!” https://www.infowars.com/berlin-attackers-hurl-sto...,0,0,0,0,,,,,,,,,,
1301,10,A church in Berlin was damaged after unknown attackers pelted stones at the building while shouting “Allahu Akbar!” https://www.infowars.com/berlin-attackers-hurl-sto...,0,0,0,0,,,,,,,,,,
1301,8,A church in Berlin was damaged after unknown attackers pelted stones at the building while shouting “Allahu Akbar!” https://www.infowars.com/berlin-attackers-hurl-sto...,1,1,1,1,0.0,0.0,0.0,0.0,1.0,1.0,0.0,0.0,1.0,0.0
1301,14,A church in Berlin was damaged after unknown attackers pelted stones at the building while shouting “Allahu Akbar!” https://www.infowars.com/berlin-attackers-hurl-sto...,1,1,0,0,1.0,0.0,0.0,0.0,0.0,1.0,0.0,0.0,0.0,1.0
1302,4,A physician and former Green Beret has tweeted about the dangers of the ‘body positivity’ movement after Cosmopolitan featured an obese model on the cover of its UK edition. https://www.infowars.com/physician-warns-about-dan...,0,0,0,0,,,,,,,,,,
1302,10,A physician and former Green Beret has tweeted about the dangers of the ‘body positivity’ movement after Cosmopolitan featured an obese model on the cover of its UK edition. https://www.infowars.com/physician-warns-about-dan...,0,0,0,0,,,,,,,,,,
1302,8,A physician and former Green Beret has tweeted about the dangers of the ‘body positivity’ movement after Cosmopolitan featured an obese model on the cover of its UK edition. https://www.infowars.com/physician-warns-about-dan...,1,1,0,0,0.0,0.0,0.0,0.0,0.0,0.0,0.0,1.0,0.0,1.0
1302,14,A physician and former Green Beret has tweeted about the dangers of the ‘body positivity’ movement after Cosmopolitan featured an obese model on the cover of its UK edition. https://www.infowars.com/physician-warns-about-dan...,1,1,0,0,0.0,0.0,0.0,0.0,0.0,0.0,0.0,1.0,1.0,0.0
1314,4,"There is no such thing as a free society , Islam and communism need to go not compatible. If the United States is to survive they must be banned",0,0,0,0,,,,,,,,,,
1314,15,"There is no such thing as a free society , Islam and communism need to go not compatible. If the United States is to survive they must be banned",0,0,0,0,,,,,,,,,,
1314,10,"There is no such thing as a free society , Islam and communism need to go not compatible. If the United States is to survive they must be banned",1,1,0,0,1.0,0.0,0.0,0.0,1.0,0.0,0.0,0.0,1.0,0.0
1314,8,"There is no such thing as a free society , Islam and communism need to go not compatible. If the United States is to survive they must be banned",1,1,0,0,1.0,0.0,0.0,0.0,0.0,0.0,1.0,0.0,0.0,1.0
1314,14,"There is no such thing as a free society , Islam and communism need to go not compatible. If the United States is to survive they must be banned",0,0,0,0,,,,,,,,,,
1320,4,Commies  They need to be driven from this world. Now. And forever Misanthrope,1,0,1,0,0.0,0.0,0.0,0.0,0.0,0.0,0.0,0.0,0.0,0.0
1320,15,Commies  They need to be driven from this world. Now. And forever Misanthrope,0,0,0,0,,,,,,,,,,
1320,10,Commies  They need to be driven from this world. Now. And forever Misanthrope,0,0,0,0,,,,,,,,,,
1320,8,Commies  They need to be driven from this world. Now. And forever Misanthrope,1,1,1,1,0.0,0.0,0.0,0.0,1.0,0.0,1.0,0.0,1.0,0.0
1325,4,To the human Catholic clergy You damn fools to allow this to happen Homosexuals The smoke of Satan Misanthrope,0,0,0,1,,,,,,,,,,
1325,15,To the human Catholic clergy You damn fools to allow this to happen Homosexuals The smoke of Satan Misanthrope,0,0,0,0,,,,,,,,,,
1325,10,To the human Catholic clergy You damn fools to allow this to happen Homosexuals The smoke of Satan Misanthrope,1,1,0,0,0.0,0.0,1.0,0.0,0.0,0.0,0.0,0.0,1.0,0.0
1325,8,To the human Catholic clergy You damn fools to allow this to happen Homosexuals The smoke of Satan Misanthrope,1,1,0,0,0.0,0.0,1.0,0.0,0.0,0.0,0.0,0.0,0.0,1.0
1447,4,"Top Psychiatrist: Today’s Left Are Mentally Ill https://yournewswire.com/psychiatrist-left-mentall... via @yournewswire    we already knew this, but it's nice to have it officially confirmed.",1,1,0,0,0.0,0.0,0.0,0.0,0.0,0.0,1.0,0.0,0.0,1.0
1447,15,"Top Psychiatrist: Today’s Left Are Mentally Ill https://yournewswire.com/psychiatrist-left-mentall... via @yournewswire    we already knew this, but it's nice to have it officially confirmed.",0,0,0,0,,,,,,,,,,
1447,10,"Top Psychiatrist: Today’s Left Are Mentally Ill https://yournewswire.com/psychiatrist-left-mentall... via @yournewswire    we already knew this, but it's nice to have it officially confirmed.",0,0,0,0,,,,,,,,,,
1447,8,"Top Psychiatrist: Today’s Left Are Mentally Ill https://yournewswire.com/psychiatrist-left-mentall... via @yournewswire    we already knew this, but it's nice to have it officially confirmed.",1,1,0,1,0.0,0.0,0.0,0.0,0.0,0.0,1.0,0.0,1.0,0.0
1666,4,John McCain famously sang 'Bomb Iran' to the tune of Barbara Ann. I associate him with a different song... https://www.youtube.com/watch?v=pPz2baLE-48 #McCain #JohnMcCain #BlackSabbath #Metal #MetalMonday #VocalCover,0,0,0,0,,,,,,,,,,
1666,15,John McCain famously sang 'Bomb Iran' to the tune of Barbara Ann. I associate him with a different song... https://www.youtube.com/watch?v=pPz2baLE-48 #McCain #JohnMcCain #BlackSabbath #Metal #MetalMonday #VocalCover,1,0,1,0,0.0,0.0,0.0,0.0,0.0,1.0,1.0,0.0,1.0,0.0
1666,10,John McCain famously sang 'Bomb Iran' to the tune of Barbara Ann. I associate him with a different song... https://www.youtube.com/watch?v=pPz2baLE-48 #McCain #JohnMcCain #BlackSabbath #Metal #MetalMonday #VocalCover,0,0,0,0,,,,,,,,,,
1666,8,John McCain famously sang 'Bomb Iran' to the tune of Barbara Ann. I associate him with a different song... https://www.youtube.com/watch?v=pPz2baLE-48 #McCain #JohnMcCain #BlackSabbath #Metal #MetalMonday #VocalCover,1,1,1,1,0.0,0.0,0.0,0.0,0.0,1.0,0.0,0.0,1.0,0.0
2058,4,That Time Telco Lobbyists Sent Me All Their Talking Points About Trying To Shift The Blame To Internet Companies https://www.techdirt.com/articles/20180829/1803074...,0,0,0,0,,,,,,,,,,
2058,10,That Time Telco Lobbyists Sent Me All Their Talking Points About Trying To Shift The Blame To Internet Companies https://www.techdirt.com/articles/20180829/1803074...,0,0,0,0,,,,,,,,,,
2058,8,That Time Telco Lobbyists Sent Me All Their Talking Points About Trying To Shift The Blame To Internet Companies https://www.techdirt.com/articles/20180829/1803074...,1,1,0,0,0.0,0.0,0.0,0.0,0.0,0.0,0.0,0.0,0.0,1.0
2058,14,That Time Telco Lobbyists Sent Me All Their Talking Points About Trying To Shift The Blame To Internet Companies https://www.techdirt.com/articles/20180829/1803074...,1,1,0,0,0.0,0.0,0.0,0.0,0.0,0.0,0.0,0.0,1.0,0.0
2061,4,"Socialists have been claiming for a century or more that Capitalism doesn't have the facts on its side.  Losing that argument, they now claim that facts don't matter.  Rinse and repeat.",1,1,0,0,0.0,0.0,0.0,0.0,1.0,0.0,0.0,0.0,0.0,0.0
2061,15,"Socialists have been claiming for a century or more that Capitalism doesn't have the facts on its side.  Losing that argument, they now claim that facts don't matter.  Rinse and repeat.",0,0,0,0,,,,,,,,,,
2061,10,"Socialists have been claiming for a century or more that Capitalism doesn't have the facts on its side.  Losing that argument, they now claim that facts don't matter.  Rinse and repeat.",0,0,0,0,,,,,,,,,,
2061,8,"Socialists have been claiming for a century or more that Capitalism doesn't have the facts on its side.  Losing that argument, they now claim that facts don't matter.  Rinse and repeat.",1,1,0,0,0.0,0.0,0.0,0.0,1.0,0.0,0.0,0.0,0.0,1.0
2061,14,"Socialists have been claiming for a century or more that Capitalism doesn't have the facts on its side.  Losing that argument, they now claim that facts don't matter.  Rinse and repeat.",1,1,0,0,0.0,0.0,0.0,0.0,1.0,0.0,1.0,0.0,1.0,0.0
2062,4,I am a Roman Catholic.  Our church is corrupt.  We need reformation.,0,0,0,0,,,,,,,,,,
2062,15,I am a Roman Catholic.  Our church is corrupt.  We need reformation.,0,0,0,0,,,,,,,,,,
2062,10,I am a Roman Catholic.  Our church is corrupt.  We need reformation.,0,0,0,0,,,,,,,,,,
2062,8,I am a Roman Catholic.  Our church is corrupt.  We need reformation.,1,1,0,0,1.0,0.0,0.0,0.0,0.0,0.0,0.0,0.0,0.0,1.0
2062,14,I am a Roman Catholic.  Our church is corrupt.  We need reformation.,1,1,0,0,1.0,0.0,0.0,0.0,0.0,0.0,0.0,0.0,1.0,0.0
2063,4,"In America, Right Wing can best be described as people who are self-sufficient and want to be left alone.  Left Wing is best described as people who are dependent and want to tell everyone else what to do.",1,1,0,0,0.0,0.0,0.0,0.0,0.0,0.0,1.0,0.0,0.0,0.0
2063,15,"In America, Right Wing can best be described as people who are self-sufficient and want to be left alone.  Left Wing is best described as people who are dependent and want to tell everyone else what to do.",0,0,0,0,,,,,,,,,,
2063,10,"In America, Right Wing can best be described as people who are self-sufficient and want to be left alone.  Left Wing is best described as people who are dependent and want to tell everyone else what to do.",0,0,0,0,,,,,,,,,,
2063,8,"In America, Right Wing can best be described as people who are self-sufficient and want to be left alone.  Left Wing is best described as people who are dependent and want to tell everyone else what to do.",1,1,0,0,0.0,0.0,0.0,0.0,0.0,0.0,1.0,0.0,0.0,1.0
2063,14,"In America, Right Wing can best be described as people who are self-sufficient and want to be left alone.  Left Wing is best described as people who are dependent and want to tell everyone else what to do.",1,1,0,0,0.0,0.0,0.0,0.0,1.0,0.0,1.0,0.0,1.0,0.0
2243,4,"Now that Infowars has been hit by the Silicon Valley Death Star, I am amazed Twitter didn’t join in. But they are the same liberal far left trash and probably wanted to join the other kids kicking a dog when it’s down. Scum.",0,0,0,0,,,,,,,,,,
2243,15,"Now that Infowars has been hit by the Silicon Valley Death Star, I am amazed Twitter didn’t join in. But they are the same liberal far left trash and probably wanted to join the other kids kicking a dog when it’s down. Scum.",1,1,0,0,0.0,0.0,0.0,0.0,1.0,0.0,0.0,0.0,1.0,0.0
2243,10,"Now that Infowars has been hit by the Silicon Valley Death Star, I am amazed Twitter didn’t join in. But they are the same liberal far left trash and probably wanted to join the other kids kicking a dog when it’s down. Scum.",0,0,0,0,,,,,,,,,,
2243,8,"Now that Infowars has been hit by the Silicon Valley Death Star, I am amazed Twitter didn’t join in. But they are the same liberal far left trash and probably wanted to join the other kids kicking a dog when it’s down. Scum.",1,1,0,1,0.0,0.0,0.0,0.0,0.0,0.0,1.0,0.0,1.0,0.0
2463,4,@alternative_right   Are you guys gonna gas me because of my Scottish roots?,0,0,0,0,,,,,,,,,,
2463,15,@alternative_right   Are you guys gonna gas me because of my Scottish roots?,0,0,0,0,,,,,,,,,,
2463,10,@alternative_right   Are you guys gonna gas me because of my Scottish roots?,0,0,0,0,,,,,,,,,,
2463,8,@alternative_right   Are you guys gonna gas me because of my Scottish roots?,1,1,0,0,0.0,0.0,0.0,0.0,0.0,1.0,0.0,0.0,0.0,1.0
2463,14,@alternative_right   Are you guys gonna gas me because of my Scottish roots?,1,1,0,1,0.0,0.0,0.0,0.0,0.0,1.0,0.0,0.0,1.0,0.0
2465,4,"You'd have to look at her ass... have you ever heard her sing?She's got a pretty voice, but I swear to God she has dropsy.  She sounds like she has a mouth full of peanut butter... like her mouth doesn't form words or close all the way when enunciating words.It's like listening to someone who just got back from the dentist.",0,0,0,0,,,,,,,,,,
2465,15,"You'd have to look at her ass... have you ever heard her sing?She's got a pretty voice, but I swear to God she has dropsy.  She sounds like she has a mouth full of peanut butter... like her mouth doesn't form words or close all the way when enunciating words.It's like listening to someone who just got back from the dentist.",0,0,0,0,,,,,,,,,,
2465,10,"You'd have to look at her ass... have you ever heard her sing?She's got a pretty voice, but I swear to God she has dropsy.  She sounds like she has a mouth full of peanut butter... like her mouth doesn't form words or close all the way when enunciating words.It's like listening to someone who just got back from the dentist.",1,1,0,0,0.0,0.0,0.0,1.0,0.0,0.0,0.0,0.0,1.0,0.0
2465,8,"You'd have to look at her ass... have you ever heard her sing?She's got a pretty voice, but I swear to God she has dropsy.  She sounds like she has a mouth full of peanut butter... like her mouth doesn't form words or close all the way when enunciating words.It's like listening to someone who just got back from the dentist.",0,0,0,0,,,,,,,,,,
2465,14,"You'd have to look at her ass... have you ever heard her sing?She's got a pretty voice, but I swear to God she has dropsy.  She sounds like she has a mouth full of peanut butter... like her mouth doesn't form words or close all the way when enunciating words.It's like listening to someone who just got back from the dentist.",1,1,0,1,0.0,0.0,0.0,1.0,0.0,0.0,0.0,0.0,1.0,0.0
2610,4,People are such fucking slobs. Anyone who wears flip-flops to the airport ought to be subject to execution.,1,0,1,1,0.0,0.0,0.0,0.0,0.0,0.0,0.0,0.0,0.0,0.0
2610,15,People are such fucking slobs. Anyone who wears flip-flops to the airport ought to be subject to execution.,1,0,1,0,0.0,0.0,0.0,0.0,0.0,1.0,0.0,0.0,0.0,1.0
2610,10,People are such fucking slobs. Anyone who wears flip-flops to the airport ought to be subject to execution.,0,0,0,0,,,,,,,,,,
2610,8,People are such fucking slobs. Anyone who wears flip-flops to the airport ought to be subject to execution.,0,0,0,0,,,,,,,,,,
2611,4,"Bitching on social media may be cathartic, but the best way to fight the biased lefty press is not to watch, mention, click, link, post, or refer to their lefty crap.  Even by complaining (mentioning) you’re giving them data to sell to their advertisers. Take away their ability to sell your data, take away your eyeballs and they’ll go out of business over time.",1,1,0,1,0.0,0.0,0.0,0.0,0.0,0.0,1.0,0.0,0.0,1.0
2611,15,"Bitching on social media may be cathartic, but the best way to fight the biased lefty press is not to watch, mention, click, link, post, or refer to their lefty crap.  Even by complaining (mentioning) you’re giving them data to sell to their advertisers. Take away their ability to sell your data, take away your eyeballs and they’ll go out of business over time.",0,0,0,0,,,,,,,,,,
2611,10,"Bitching on social media may be cathartic, but the best way to fight the biased lefty press is not to watch, mention, click, link, post, or refer to their lefty crap.  Even by complaining (mentioning) you’re giving them data to sell to their advertisers. Take away their ability to sell your data, take away your eyeballs and they’ll go out of business over time.",0,0,0,0,,,,,,,,,,
2611,8,"Bitching on social media may be cathartic, but the best way to fight the biased lefty press is not to watch, mention, click, link, post, or refer to their lefty crap.  Even by complaining (mentioning) you’re giving them data to sell to their advertisers. Take away their ability to sell your data, take away your eyeballs and they’ll go out of business over time.",1,1,0,0,0.0,0.0,0.0,0.0,0.0,0.0,1.0,0.0,0.0,1.0
2662,4,'Front Hole'  https://www.healthline.com/health/lgbtqia-safe-sex...    Please explain the objectification of women in the current context. Thanks.,0,0,0,0,,,,,,,,,,
2662,15,'Front Hole'  https://www.healthline.com/health/lgbtqia-safe-sex...    Please explain the objectification of women in the current context. Thanks.,1,1,0,0,0.0,0.0,0.0,1.0,0.0,0.0,0.0,0.0,1.0,0.0
2662,10,'Front Hole'  https://www.healthline.com/health/lgbtqia-safe-sex...    Please explain the objectification of women in the current context. Thanks.,0,0,0,0,,,,,,,,,,
2662,8,'Front Hole'  https://www.healthline.com/health/lgbtqia-safe-sex...    Please explain the objectification of women in the current context. Thanks.,1,1,0,1,0.0,0.0,0.0,1.0,0.0,0.0,0.0,0.0,1.0,0.0
2713,4,"The Horrific A friend and former business partner who also is a retired policeman sent this along to me today. It describes a case he had, which was the wreckage left behind by one homosexual priest. Predators. Gay predators. Which sounds like a joke. But as my friend knows better than anyone, it most certainly is not:",1,1,0,0,0.0,0.0,1.0,0.0,0.0,0.0,0.0,0.0,1.0,0.0
2713,15,"The Horrific A friend and former business partner who also is a retired policeman sent this along to me today. It describes a case he had, which was the wreckage left behind by one homosexual priest. Predators. Gay predators. Which sounds like a joke. But as my friend knows better than anyone, it most certainly is not:",0,0,0,0,,,,,,,,,,
2713,10,"The Horrific A friend and former business partner who also is a retired policeman sent this along to me today. It describes a case he had, which was the wreckage left behind by one homosexual priest. Predators. Gay predators. Which sounds like a joke. But as my friend knows better than anyone, it most certainly is not:",0,0,0,0,,,,,,,,,,
2713,8,"The Horrific A friend and former business partner who also is a retired policeman sent this along to me today. It describes a case he had, which was the wreckage left behind by one homosexual priest. Predators. Gay predators. Which sounds like a joke. But as my friend knows better than anyone, it most certainly is not:",1,1,0,0,1.0,0.0,1.0,0.0,0.0,0.0,0.0,0.0,0.0,1.0
2923,13,Liberal collateral damage.,0,0,0,0,,,,,,,,,,
2923,17,Liberal collateral damage.,1,1,0,0,0.0,0.0,0.0,0.0,1.0,0.0,0.0,0.0,1.0,0.0
2923,9,Liberal collateral damage.,1,0,1,0,0.0,0.0,0.0,0.0,1.0,0.0,0.0,0.0,0.0,1.0
2923,10,Liberal collateral damage.,0,0,0,0,,,,,,,,,,
3075,4,"Man, this delusion neckbeard has a wife who doesn't have a forehead...That cone skull ranks at least a tenhead.  Geez.https://www.thesun.co.uk/news/7148589/inside-churc...",0,0,0,0,,,,,,,,,,
3075,10,"Man, this delusion neckbeard has a wife who doesn't have a forehead...That cone skull ranks at least a tenhead.  Geez.https://www.thesun.co.uk/news/7148589/inside-churc...",1,1,0,0,0.0,0.0,0.0,1.0,0.0,0.0,0.0,0.0,1.0,0.0
3075,8,"Man, this delusion neckbeard has a wife who doesn't have a forehead...That cone skull ranks at least a tenhead.  Geez.https://www.thesun.co.uk/news/7148589/inside-churc...",0,0,0,0,,,,,,,,,,
3075,14,"Man, this delusion neckbeard has a wife who doesn't have a forehead...That cone skull ranks at least a tenhead.  Geez.https://www.thesun.co.uk/news/7148589/inside-churc...",1,1,0,1,0.0,0.0,0.0,1.0,0.0,0.0,0.0,0.0,1.0,0.0
3076,4,"Democrats really don't have a choice other than to attempt to impeach Trump...They have no single candidate that can compete with him in 2020 and the more this economy grows, the more challenging it will be to beat him.And they don't want their top leadership going to jail nor do they want to lose the SCOTUS for the next 4 decades.  They're so screwed which is why they act so desperate!",0,0,0,0,,,,,,,,,,
3076,15,"Democrats really don't have a choice other than to attempt to impeach Trump...They have no single candidate that can compete with him in 2020 and the more this economy grows, the more challenging it will be to beat him.And they don't want their top leadership going to jail nor do they want to lose the SCOTUS for the next 4 decades.  They're so screwed which is why they act so desperate!",0,0,0,0,,,,,,,,,,
3076,10,"Democrats really don't have a choice other than to attempt to impeach Trump...They have no single candidate that can compete with him in 2020 and the more this economy grows, the more challenging it will be to beat him.And they don't want their top leadership going to jail nor do they want to lose the SCOTUS for the next 4 decades.  They're so screwed which is why they act so desperate!",0,0,0,0,,,,,,,,,,
3076,8,"Democrats really don't have a choice other than to attempt to impeach Trump...They have no single candidate that can compete with him in 2020 and the more this economy grows, the more challenging it will be to beat him.And they don't want their top leadership going to jail nor do they want to lose the SCOTUS for the next 4 decades.  They're so screwed which is why they act so desperate!",1,1,0,0,0.0,0.0,0.0,0.0,0.0,0.0,1.0,0.0,0.0,1.0
3076,14,"Democrats really don't have a choice other than to attempt to impeach Trump...They have no single candidate that can compete with him in 2020 and the more this economy grows, the more challenging it will be to beat him.And they don't want their top leadership going to jail nor do they want to lose the SCOTUS for the next 4 decades.  They're so screwed which is why they act so desperate!",1,1,0,0,0.0,0.0,0.0,0.0,1.0,0.0,1.0,0.0,1.0,0.0
3079,4,I'm sure Bill Clinton has a donut for Ariana Grande to lick...https://www.youtube.com/watch?v=Oja97POVbM8,0,0,0,0,,,,,,,,,,
3079,15,I'm sure Bill Clinton has a donut for Ariana Grande to lick...https://www.youtube.com/watch?v=Oja97POVbM8,1,1,0,0,0.0,0.0,0.0,1.0,0.0,0.0,1.0,0.0,1.0,0.0
3079,10,I'm sure Bill Clinton has a donut for Ariana Grande to lick...https://www.youtube.com/watch?v=Oja97POVbM8,0,0,0,0,,,,,,,,,,
3079,8,I'm sure Bill Clinton has a donut for Ariana Grande to lick...https://www.youtube.com/watch?v=Oja97POVbM8,0,0,0,0,,,,,,,,,,
3079,14,I'm sure Bill Clinton has a donut for Ariana Grande to lick...https://www.youtube.com/watch?v=Oja97POVbM8,1,1,0,1,0.0,0.0,0.0,1.0,1.0,0.0,1.0,0.0,1.0,0.0
3083,4,Do you need evidence that Progressives are intellectually superior to the rest of us?Here you go:  'Front Hole',0,0,0,0,,,,,,,,,,
3083,15,Do you need evidence that Progressives are intellectually superior to the rest of us?Here you go:  'Front Hole',1,1,0,1,0.0,0.0,0.0,0.0,1.0,0.0,0.0,0.0,1.0,0.0
3083,10,Do you need evidence that Progressives are intellectually superior to the rest of us?Here you go:  'Front Hole',0,0,0,0,,,,,,,,,,
3083,8,Do you need evidence that Progressives are intellectually superior to the rest of us?Here you go:  'Front Hole',1,1,0,0,0.0,0.0,0.0,0.0,1.0,0.0,0.0,0.0,0.0,1.0
3083,14,Do you need evidence that Progressives are intellectually superior to the rest of us?Here you go:  'Front Hole',1,1,0,0,0.0,0.0,0.0,0.0,1.0,0.0,1.0,0.0,1.0,0.0
3439,4,Popular leftist terms that do not exist: - Toxic Masculinity - Patriarchy - White Privilege No matter how long the gender studies majors at McDonald's try to push this propaganda we must push back with facts #politics,1,1,0,0,0.0,0.0,0.0,0.0,0.0,0.0,1.0,0.0,1.0,0.0
3439,15,Popular leftist terms that do not exist: - Toxic Masculinity - Patriarchy - White Privilege No matter how long the gender studies majors at McDonald's try to push this propaganda we must push back with facts #politics,0,0,0,0,,,,,,,,,,
3439,10,Popular leftist terms that do not exist: - Toxic Masculinity - Patriarchy - White Privilege No matter how long the gender studies majors at McDonald's try to push this propaganda we must push back with facts #politics,0,0,0,0,,,,,,,,,,
3439,8,Popular leftist terms that do not exist: - Toxic Masculinity - Patriarchy - White Privilege No matter how long the gender studies majors at McDonald's try to push this propaganda we must push back with facts #politics,1,1,0,1,0.0,0.0,0.0,1.0,0.0,0.0,0.0,0.0,1.0,0.0
3645,4,"So if #robots can plant the food; pick the food; and serve the food, why do we need #illegalaliens again?  Not to vote #democrat. They have already moved on to simply changing the counts.  https://www.zerohedge.com/news/2018-08-26/robot-ma...",0,0,0,0,,,,,,,,,,
3645,15,"So if #robots can plant the food; pick the food; and serve the food, why do we need #illegalaliens again?  Not to vote #democrat. They have already moved on to simply changing the counts.  https://www.zerohedge.com/news/2018-08-26/robot-ma...",0,0,0,0,,,,,,,,,,
3645,10,"So if #robots can plant the food; pick the food; and serve the food, why do we need #illegalaliens again?  Not to vote #democrat. They have already moved on to simply changing the counts.  https://www.zerohedge.com/news/2018-08-26/robot-ma...",1,1,0,0,0.0,0.0,0.0,0.0,0.0,1.0,0.0,0.0,1.0,0.0
3645,8,"So if #robots can plant the food; pick the food; and serve the food, why do we need #illegalaliens again?  Not to vote #democrat. They have already moved on to simply changing the counts.  https://www.zerohedge.com/news/2018-08-26/robot-ma...",1,1,0,1,0.0,0.0,0.0,0.0,0.0,1.0,1.0,0.0,1.0,0.0
3847,4,"In-N-Out Refuses to Back Down, Responds to Democrats Boycotting Them with Fierce Statement.  Yikes. That’s the chair of the California Democratic Party acting like he’s ten years old. https://www.chicksonright.com/youngcons/2018/08/31...",1,1,0,0,0.0,0.0,0.0,0.0,0.0,0.0,1.0,0.0,0.0,1.0
3847,15,"In-N-Out Refuses to Back Down, Responds to Democrats Boycotting Them with Fierce Statement.  Yikes. That’s the chair of the California Democratic Party acting like he’s ten years old. https://www.chicksonright.com/youngcons/2018/08/31...",0,0,0,0,,,,,,,,,,
3847,10,"In-N-Out Refuses to Back Down, Responds to Democrats Boycotting Them with Fierce Statement.  Yikes. That’s the chair of the California Democratic Party acting like he’s ten years old. https://www.chicksonright.com/youngcons/2018/08/31...",0,0,0,0,,,,,,,,,,
3847,8,"In-N-Out Refuses to Back Down, Responds to Democrats Boycotting Them with Fierce Statement.  Yikes. That’s the chair of the California Democratic Party acting like he’s ten years old. https://www.chicksonright.com/youngcons/2018/08/31...",0,0,0,0,,,,,,,,,,
3847,14,"In-N-Out Refuses to Back Down, Responds to Democrats Boycotting Them with Fierce Statement.  Yikes. That’s the chair of the California Democratic Party acting like he’s ten years old. https://www.chicksonright.com/youngcons/2018/08/31...",1,1,0,0,0.0,0.0,0.0,0.0,1.0,1.0,1.0,0.0,1.0,0.0
3848,4,"Black Conservatives on Twatter: CNN's @JeffreyToobin called Antifa, a left-wing political terror group with few if any black participants, an 'African-American organization.' These violent stereotypes are racist and wrong. Using it to smear POTUS Trump — even worse! Liars @CNNPR! https://twitter.com/i/status/1035315440153755648",0,0,0,0,,,,,,,,,,
3848,15,"Black Conservatives on Twatter: CNN's @JeffreyToobin called Antifa, a left-wing political terror group with few if any black participants, an 'African-American organization.' These violent stereotypes are racist and wrong. Using it to smear POTUS Trump — even worse! Liars @CNNPR! https://twitter.com/i/status/1035315440153755648",1,1,0,0,0.0,1.0,0.0,0.0,1.0,0.0,1.0,0.0,1.0,0.0
3848,10,"Black Conservatives on Twatter: CNN's @JeffreyToobin called Antifa, a left-wing political terror group with few if any black participants, an 'African-American organization.' These violent stereotypes are racist and wrong. Using it to smear POTUS Trump — even worse! Liars @CNNPR! https://twitter.com/i/status/1035315440153755648",0,0,0,0,,,,,,,,,,
3848,8,"Black Conservatives on Twatter: CNN's @JeffreyToobin called Antifa, a left-wing political terror group with few if any black participants, an 'African-American organization.' These violent stereotypes are racist and wrong. Using it to smear POTUS Trump — even worse! Liars @CNNPR! https://twitter.com/i/status/1035315440153755648",1,1,0,0,0.0,1.0,0.0,0.0,1.0,0.0,1.0,0.0,1.0,0.0
4191,4,"'I find wearing these little yellow stars on the chest is a good way to expiate our past sins, it reminds us of our privilege and keeps the memory of our crimes alive now that the last nazi is dead.' Conservative, circa 2025. #ConservativeMindset",1,1,0,0,0.0,0.0,0.0,0.0,0.0,0.0,1.0,0.0,1.0,0.0
4191,15,"'I find wearing these little yellow stars on the chest is a good way to expiate our past sins, it reminds us of our privilege and keeps the memory of our crimes alive now that the last nazi is dead.' Conservative, circa 2025. #ConservativeMindset",0,0,0,0,,,,,,,,,,
4191,10,"'I find wearing these little yellow stars on the chest is a good way to expiate our past sins, it reminds us of our privilege and keeps the memory of our crimes alive now that the last nazi is dead.' Conservative, circa 2025. #ConservativeMindset",0,0,0,0,,,,,,,,,,
4191,8,"'I find wearing these little yellow stars on the chest is a good way to expiate our past sins, it reminds us of our privilege and keeps the memory of our crimes alive now that the last nazi is dead.' Conservative, circa 2025. #ConservativeMindset",1,1,0,0,1.0,0.0,0.0,0.0,0.0,0.0,1.0,0.0,0.0,1.0
4325,4,Liberals: These bikini coffee chains are sexist and a bad influence on impressionable young girls. Also Liberals: Lets take our kids down to the Folsom street fair where they can see transvestites swinging their junk around and getting whipped in public. http://www.foxnews.com/food-drink/2018/08/30/bikin...,1,1,0,0,0.0,0.0,0.0,0.0,0.0,0.0,1.0,0.0,0.0,1.0
4325,15,Liberals: These bikini coffee chains are sexist and a bad influence on impressionable young girls. Also Liberals: Lets take our kids down to the Folsom street fair where they can see transvestites swinging their junk around and getting whipped in public. http://www.foxnews.com/food-drink/2018/08/30/bikin...,0,0,0,0,,,,,,,,,,
4325,10,Liberals: These bikini coffee chains are sexist and a bad influence on impressionable young girls. Also Liberals: Lets take our kids down to the Folsom street fair where they can see transvestites swinging their junk around and getting whipped in public. http://www.foxnews.com/food-drink/2018/08/30/bikin...,0,0,0,0,,,,,,,,,,
4325,8,Liberals: These bikini coffee chains are sexist and a bad influence on impressionable young girls. Also Liberals: Lets take our kids down to the Folsom street fair where they can see transvestites swinging their junk around and getting whipped in public. http://www.foxnews.com/food-drink/2018/08/30/bikin...,1,1,0,0,0.0,0.0,1.0,0.0,0.0,0.0,0.0,0.0,0.0,1.0
4351,4,"While Democrats play the race card, we play the Trump cardJobs, Jobs, Jobs, equals a win for all https://canadafreepress.com/article/jobs-jobs-jobs...",0,0,0,0,,,,,,,,,,
4351,15,"While Democrats play the race card, we play the Trump cardJobs, Jobs, Jobs, equals a win for all https://canadafreepress.com/article/jobs-jobs-jobs...",0,0,0,0,,,,,,,,,,
4351,10,"While Democrats play the race card, we play the Trump cardJobs, Jobs, Jobs, equals a win for all https://canadafreepress.com/article/jobs-jobs-jobs...",0,0,0,0,,,,,,,,,,
4351,8,"While Democrats play the race card, we play the Trump cardJobs, Jobs, Jobs, equals a win for all https://canadafreepress.com/article/jobs-jobs-jobs...",1,1,0,0,0.0,0.0,0.0,0.0,0.0,0.0,1.0,0.0,0.0,1.0
4351,14,"While Democrats play the race card, we play the Trump cardJobs, Jobs, Jobs, equals a win for all https://canadafreepress.com/article/jobs-jobs-jobs...",1,1,0,0,0.0,1.0,0.0,0.0,1.0,0.0,1.0,0.0,1.0,0.0
4354,4,Explosive Ivy League Study Repressed For Finding Transgender Kids May Be A Social Contagion http://thefederalist.com/2018/08/31/explosive-ivy-...,0,0,0,0,,,,,,,,,,
4354,15,Explosive Ivy League Study Repressed For Finding Transgender Kids May Be A Social Contagion http://thefederalist.com/2018/08/31/explosive-ivy-...,0,0,0,0,,,,,,,,,,
4354,10,Explosive Ivy League Study Repressed For Finding Transgender Kids May Be A Social Contagion http://thefederalist.com/2018/08/31/explosive-ivy-...,0,0,0,0,,,,,,,,,,
4354,8,Explosive Ivy League Study Repressed For Finding Transgender Kids May Be A Social Contagion http://thefederalist.com/2018/08/31/explosive-ivy-...,1,1,0,0,0.0,0.0,1.0,0.0,0.0,0.0,0.0,0.0,0.0,1.0
4354,14,Explosive Ivy League Study Repressed For Finding Transgender Kids May Be A Social Contagion http://thefederalist.com/2018/08/31/explosive-ivy-...,1,1,0,0,0.0,0.0,0.0,1.0,0.0,0.0,0.0,0.0,1.0,0.0
4360,4,"If the regressive socialist marxist dems go back any further into his background I'm sure they will find out he used to play cowboys and Indians when he was a kid. Of course he played the part of the cowboy so you will hear them say he's prejudice, hates Indians and poc Senate Democrats call Nixon lawyer John Dean to testify at Kavanaugh hearing https://www.washingtonexaminer.com/news/senate-d...",0,0,0,0,,,,,,,,,,
4360,15,"If the regressive socialist marxist dems go back any further into his background I'm sure they will find out he used to play cowboys and Indians when he was a kid. Of course he played the part of the cowboy so you will hear them say he's prejudice, hates Indians and poc Senate Democrats call Nixon lawyer John Dean to testify at Kavanaugh hearing https://www.washingtonexaminer.com/news/senate-d...",0,0,0,0,,,,,,,,,,
4360,10,"If the regressive socialist marxist dems go back any further into his background I'm sure they will find out he used to play cowboys and Indians when he was a kid. Of course he played the part of the cowboy so you will hear them say he's prejudice, hates Indians and poc Senate Democrats call Nixon lawyer John Dean to testify at Kavanaugh hearing https://www.washingtonexaminer.com/news/senate-d...",0,0,0,0,,,,,,,,,,
4360,8,"If the regressive socialist marxist dems go back any further into his background I'm sure they will find out he used to play cowboys and Indians when he was a kid. Of course he played the part of the cowboy so you will hear them say he's prejudice, hates Indians and poc Senate Democrats call Nixon lawyer John Dean to testify at Kavanaugh hearing https://www.washingtonexaminer.com/news/senate-d...",1,1,0,0,0.0,0.0,0.0,0.0,1.0,0.0,1.0,0.0,0.0,1.0
4360,14,"If the regressive socialist marxist dems go back any further into his background I'm sure they will find out he used to play cowboys and Indians when he was a kid. Of course he played the part of the cowboy so you will hear them say he's prejudice, hates Indians and poc Senate Democrats call Nixon lawyer John Dean to testify at Kavanaugh hearing https://www.washingtonexaminer.com/news/senate-d...",1,1,0,0,0.0,1.0,0.0,0.0,1.0,1.0,1.0,0.0,1.0,0.0
4702,4,"People who say 'nobody's born a racist, you have to be taught' are also the ones who tell their children to be gay degenerates and killing white people is right.",0,0,0,1,,,,,,,,,,
4702,15,"People who say 'nobody's born a racist, you have to be taught' are also the ones who tell their children to be gay degenerates and killing white people is right.",0,0,0,0,,,,,,,,,,
4702,10,"People who say 'nobody's born a racist, you have to be taught' are also the ones who tell their children to be gay degenerates and killing white people is right.",1,1,0,0,0.0,0.0,1.0,0.0,0.0,0.0,0.0,0.0,1.0,0.0
4702,8,"People who say 'nobody's born a racist, you have to be taught' are also the ones who tell their children to be gay degenerates and killing white people is right.",1,1,1,1,0.0,1.0,1.0,0.0,0.0,0.0,0.0,0.0,1.0,0.0
4741,4,"That hair probably costs over $200 including the trip to the salon, and she's holding an $800 iPhone... She's wearing makeup and jewelry, too, while she howls & cries about how oppressed she is. Liberals have no sense of reality.",1,1,0,0,0.0,0.0,0.0,0.0,0.0,0.0,1.0,0.0,0.0,1.0
4741,15,"That hair probably costs over $200 including the trip to the salon, and she's holding an $800 iPhone... She's wearing makeup and jewelry, too, while she howls & cries about how oppressed she is. Liberals have no sense of reality.",0,0,0,0,,,,,,,,,,
4741,10,"That hair probably costs over $200 including the trip to the salon, and she's holding an $800 iPhone... She's wearing makeup and jewelry, too, while she howls & cries about how oppressed she is. Liberals have no sense of reality.",0,0,0,0,,,,,,,,,,
4741,8,"That hair probably costs over $200 including the trip to the salon, and she's holding an $800 iPhone... She's wearing makeup and jewelry, too, while she howls & cries about how oppressed she is. Liberals have no sense of reality.",1,1,0,0,0.0,0.0,0.0,1.0,0.0,0.0,1.0,0.0,1.0,0.0
5065,4,"Planned Parenthood is fighting back against Blacks catching on to what Margaret Sanger was all about: Limiting the Black population. It's why she formed PP in the first place.  So now, billboards making it look bright and shiny and liberating to kill off their unborn.",0,0,0,0,,,,,,,,,,
5065,15,"Planned Parenthood is fighting back against Blacks catching on to what Margaret Sanger was all about: Limiting the Black population. It's why she formed PP in the first place.  So now, billboards making it look bright and shiny and liberating to kill off their unborn.",1,1,0,0,0.0,1.0,0.0,0.0,0.0,0.0,0.0,0.0,1.0,0.0
5065,10,"Planned Parenthood is fighting back against Blacks catching on to what Margaret Sanger was all about: Limiting the Black population. It's why she formed PP in the first place.  So now, billboards making it look bright and shiny and liberating to kill off their unborn.",0,0,0,0,,,,,,,,,,
5065,8,"Planned Parenthood is fighting back against Blacks catching on to what Margaret Sanger was all about: Limiting the Black population. It's why she formed PP in the first place.  So now, billboards making it look bright and shiny and liberating to kill off their unborn.",1,1,0,1,0.0,1.0,0.0,0.0,0.0,0.0,0.0,0.0,1.0,0.0
5264,4,"There are two types of socialists: the evil socialist, and the stupid socialist. Evil socialists are despots who seek control.  Stupid socialists think socialism works and is good.",0,0,0,0,,,,,,,,,,
5264,15,"There are two types of socialists: the evil socialist, and the stupid socialist. Evil socialists are despots who seek control.  Stupid socialists think socialism works and is good.",1,1,0,0,0.0,0.0,0.0,0.0,1.0,0.0,0.0,0.0,0.0,1.0
5264,10,"There are two types of socialists: the evil socialist, and the stupid socialist. Evil socialists are despots who seek control.  Stupid socialists think socialism works and is good.",0,0,0,0,,,,,,,,,,
5264,8,"There are two types of socialists: the evil socialist, and the stupid socialist. Evil socialists are despots who seek control.  Stupid socialists think socialism works and is good.",1,1,0,1,0.0,0.0,0.0,0.0,1.0,0.0,0.0,0.0,1.0,0.0
5548,4,#UKNews 😲THREE YEAR OLD child is victim of FGM in UK 😡😡😡 Ghana/Uganda parents in East London accused of FGM plus 10 counts of indecent image allegations. Sick fecks!!!!!!!  They plead NOT guilty.. #TheRope! #KidsLivesMatter #BritFam,0,0,0,0,,,,,,,,,,
5548,15,#UKNews 😲THREE YEAR OLD child is victim of FGM in UK 😡😡😡 Ghana/Uganda parents in East London accused of FGM plus 10 counts of indecent image allegations. Sick fecks!!!!!!!  They plead NOT guilty.. #TheRope! #KidsLivesMatter #BritFam,0,0,0,0,,,,,,,,,,
5548,10,#UKNews 😲THREE YEAR OLD child is victim of FGM in UK 😡😡😡 Ghana/Uganda parents in East London accused of FGM plus 10 counts of indecent image allegations. Sick fecks!!!!!!!  They plead NOT guilty.. #TheRope! #KidsLivesMatter #BritFam,0,0,0,0,,,,,,,,,,
5548,8,#UKNews 😲THREE YEAR OLD child is victim of FGM in UK 😡😡😡 Ghana/Uganda parents in East London accused of FGM plus 10 counts of indecent image allegations. Sick fecks!!!!!!!  They plead NOT guilty.. #TheRope! #KidsLivesMatter #BritFam,1,1,0,0,0.0,0.0,0.0,0.0,0.0,1.0,0.0,0.0,0.0,1.0
5548,14,#UKNews 😲THREE YEAR OLD child is victim of FGM in UK 😡😡😡 Ghana/Uganda parents in East London accused of FGM plus 10 counts of indecent image allegations. Sick fecks!!!!!!!  They plead NOT guilty.. #TheRope! #KidsLivesMatter #BritFam,1,1,0,1,0.0,0.0,0.0,0.0,1.0,1.0,0.0,0.0,1.0,0.0
5549,4,Theresa May dancing. Arthritic praying mantis with butt plug engaged.   #True !,0,0,0,0,,,,,,,,,,
5549,15,Theresa May dancing. Arthritic praying mantis with butt plug engaged.   #True !,1,1,0,1,0.0,0.0,0.0,0.0,1.0,0.0,1.0,0.0,1.0,0.0
5549,10,Theresa May dancing. Arthritic praying mantis with butt plug engaged.   #True !,1,1,0,0,0.0,0.0,1.0,0.0,0.0,0.0,1.0,0.0,1.0,0.0
5549,8,Theresa May dancing. Arthritic praying mantis with butt plug engaged.   #True !,0,0,0,0,,,,,,,,,,
5549,14,Theresa May dancing. Arthritic praying mantis with butt plug engaged.   #True !,1,1,0,1,1.0,0.0,0.0,1.0,1.0,0.0,0.0,1.0,1.0,0.0
6114,4,"The main problem with California’s bail bond elimination is that it opens the door to 5th amendment violations. What if a Jew judge deems a member of Patriot Prayer a high risk based on their political beliefs and throws them in prison, where they will then have to wait months for their first pre-trial hearing?? There are so many ways that this new system can and will be abused. I warn you, if y...",0,0,0,0,,,,,,,,,,
6114,15,"The main problem with California’s bail bond elimination is that it opens the door to 5th amendment violations. What if a Jew judge deems a member of Patriot Prayer a high risk based on their political beliefs and throws them in prison, where they will then have to wait months for their first pre-trial hearing?? There are so many ways that this new system can and will be abused. I warn you, if y...",0,0,0,0,,,,,,,,,,
6114,10,"The main problem with California’s bail bond elimination is that it opens the door to 5th amendment violations. What if a Jew judge deems a member of Patriot Prayer a high risk based on their political beliefs and throws them in prison, where they will then have to wait months for their first pre-trial hearing?? There are so many ways that this new system can and will be abused. I warn you, if y...",0,0,0,0,,,,,,,,,,
6114,8,"The main problem with California’s bail bond elimination is that it opens the door to 5th amendment violations. What if a Jew judge deems a member of Patriot Prayer a high risk based on their political beliefs and throws them in prison, where they will then have to wait months for their first pre-trial hearing?? There are so many ways that this new system can and will be abused. I warn you, if y...",1,1,0,0,1.0,0.0,0.0,0.0,0.0,0.0,0.0,0.0,0.0,1.0
6114,14,"The main problem with California’s bail bond elimination is that it opens the door to 5th amendment violations. What if a Jew judge deems a member of Patriot Prayer a high risk based on their political beliefs and throws them in prison, where they will then have to wait months for their first pre-trial hearing?? There are so many ways that this new system can and will be abused. I warn you, if y...",1,1,0,0,0.0,0.0,0.0,0.0,1.0,0.0,1.0,0.0,1.0,0.0
6118,4,"How the fuck can a communist claim to be the champion of the working class when they have NEVER HELD A FUCKING JOB!!??? And no, being a community organizer doesn't make you a member of your stupid asshole proletariat.",0,0,0,1,,,,,,,,,,
6118,15,"How the fuck can a communist claim to be the champion of the working class when they have NEVER HELD A FUCKING JOB!!??? And no, being a community organizer doesn't make you a member of your stupid asshole proletariat.",1,1,0,1,0.0,0.0,0.0,0.0,1.0,0.0,0.0,0.0,1.0,0.0
6118,10,"How the fuck can a communist claim to be the champion of the working class when they have NEVER HELD A FUCKING JOB!!??? And no, being a community organizer doesn't make you a member of your stupid asshole proletariat.",0,0,0,0,,,,,,,,,,
6118,8,"How the fuck can a communist claim to be the champion of the working class when they have NEVER HELD A FUCKING JOB!!??? And no, being a community organizer doesn't make you a member of your stupid asshole proletariat.",1,1,0,0,0.0,0.0,0.0,0.0,0.0,0.0,1.0,0.0,0.0,1.0
6118,14,"How the fuck can a communist claim to be the champion of the working class when they have NEVER HELD A FUCKING JOB!!??? And no, being a community organizer doesn't make you a member of your stupid asshole proletariat.",0,0,0,1,,,,,,,,,,
6126,4,"It doesn’t matter if there are non-whites who share some of our nationalist views. they are still different from us. Should they be allowed in our ethnostate? If it were up to me, the answer is no. I don’t support a policy of, “anyone who’s like Joe the Jew is welcome in our white ethnostate.” The whole idea of an ethnostate is to preserve our genetics and identity, not specifically our...",0,0,0,0,,,,,,,,,,
6126,15,"It doesn’t matter if there are non-whites who share some of our nationalist views. they are still different from us. Should they be allowed in our ethnostate? If it were up to me, the answer is no. I don’t support a policy of, “anyone who’s like Joe the Jew is welcome in our white ethnostate.” The whole idea of an ethnostate is to preserve our genetics and identity, not specifically our...",0,0,0,0,,,,,,,,,,
6126,10,"It doesn’t matter if there are non-whites who share some of our nationalist views. they are still different from us. Should they be allowed in our ethnostate? If it were up to me, the answer is no. I don’t support a policy of, “anyone who’s like Joe the Jew is welcome in our white ethnostate.” The whole idea of an ethnostate is to preserve our genetics and identity, not specifically our...",1,1,0,0,0.0,1.0,0.0,0.0,0.0,0.0,0.0,0.0,1.0,0.0
6126,8,"It doesn’t matter if there are non-whites who share some of our nationalist views. they are still different from us. Should they be allowed in our ethnostate? If it were up to me, the answer is no. I don’t support a policy of, “anyone who’s like Joe the Jew is welcome in our white ethnostate.” The whole idea of an ethnostate is to preserve our genetics and identity, not specifically our...",1,1,0,1,1.0,1.0,0.0,0.0,0.0,1.0,0.0,0.0,1.0,0.0
6182,4,"'A confidential, 49-page memo for defeating Trump by working with the major social-media platforms to eliminate “right wing propaganda and fake news” was presented in January 2017  by Media Matters founder David Brock at a retreat in Florida with about 100 donors, the Washington Free Beacon reported at the time.' https://www.wnd.com/2018/08/mask-off-social-media-... #FAGS #So...",1,1,0,1,0.0,0.0,0.0,0.0,0.0,0.0,1.0,0.0,0.0,1.0
6182,15,"'A confidential, 49-page memo for defeating Trump by working with the major social-media platforms to eliminate “right wing propaganda and fake news” was presented in January 2017  by Media Matters founder David Brock at a retreat in Florida with about 100 donors, the Washington Free Beacon reported at the time.' https://www.wnd.com/2018/08/mask-off-social-media-... #FAGS #So...",0,0,0,0,,,,,,,,,,
6182,10,"'A confidential, 49-page memo for defeating Trump by working with the major social-media platforms to eliminate “right wing propaganda and fake news” was presented in January 2017  by Media Matters founder David Brock at a retreat in Florida with about 100 donors, the Washington Free Beacon reported at the time.' https://www.wnd.com/2018/08/mask-off-social-media-... #FAGS #So...",0,0,0,0,,,,,,,,,,
6182,8,"'A confidential, 49-page memo for defeating Trump by working with the major social-media platforms to eliminate “right wing propaganda and fake news” was presented in January 2017  by Media Matters founder David Brock at a retreat in Florida with about 100 donors, the Washington Free Beacon reported at the time.' https://www.wnd.com/2018/08/mask-off-social-media-... #FAGS #So...",1,1,0,0,0.0,0.0,0.0,0.0,0.0,0.0,1.0,0.0,1.0,0.0
6578,13,59% of Americans fear violence from Anti-Trumpers...behold the 'tolerance' of the hysteria-inducing Political Left in 2018: #Unhinged #CW2 https://www.youtube.com/watch?v=eFRHX6glTSM&t=...,0,0,0,0,,,,,,,,,,
6578,17,59% of Americans fear violence from Anti-Trumpers...behold the 'tolerance' of the hysteria-inducing Political Left in 2018: #Unhinged #CW2 https://www.youtube.com/watch?v=eFRHX6glTSM&t=...,1,1,0,0,0.0,0.0,0.0,0.0,1.0,0.0,1.0,0.0,1.0,0.0
6578,4,59% of Americans fear violence from Anti-Trumpers...behold the 'tolerance' of the hysteria-inducing Political Left in 2018: #Unhinged #CW2 https://www.youtube.com/watch?v=eFRHX6glTSM&t=...,0,0,0,0,,,,,,,,,,
6578,15,59% of Americans fear violence from Anti-Trumpers...behold the 'tolerance' of the hysteria-inducing Political Left in 2018: #Unhinged #CW2 https://www.youtube.com/watch?v=eFRHX6glTSM&t=...,0,0,0,0,,,,,,,,,,
6578,14,59% of Americans fear violence from Anti-Trumpers...behold the 'tolerance' of the hysteria-inducing Political Left in 2018: #Unhinged #CW2 https://www.youtube.com/watch?v=eFRHX6glTSM&t=...,1,1,0,0,0.0,0.0,0.0,0.0,1.0,0.0,1.0,0.0,0.0,0.0
6578,8,59% of Americans fear violence from Anti-Trumpers...behold the 'tolerance' of the hysteria-inducing Political Left in 2018: #Unhinged #CW2 https://www.youtube.com/watch?v=eFRHX6glTSM&t=...,1,1,0,0,0.0,0.0,0.0,0.0,1.0,0.0,0.0,0.0,0.0,0.0
6578,10,59% of Americans fear violence from Anti-Trumpers...behold the 'tolerance' of the hysteria-inducing Political Left in 2018: #Unhinged #CW2 https://www.youtube.com/watch?v=eFRHX6glTSM&t=...,0,0,0,0,,,,,,,,,,
6667,4,"Why do you follow Jew hater Cantwell? Oh, don't tell me your friend Danny is Jewish. So was Soros. @LegendaryCollektor  https://web.archive.org/web/20180830165242/https:/...",1,1,0,0,1.0,0.0,0.0,0.0,0.0,0.0,0.0,0.0,0.0,1.0
6667,15,"Why do you follow Jew hater Cantwell? Oh, don't tell me your friend Danny is Jewish. So was Soros. @LegendaryCollektor  https://web.archive.org/web/20180830165242/https:/...",0,0,0,0,,,,,,,,,,
6667,10,"Why do you follow Jew hater Cantwell? Oh, don't tell me your friend Danny is Jewish. So was Soros. @LegendaryCollektor  https://web.archive.org/web/20180830165242/https:/...",0,0,0,0,,,,,,,,,,
6667,8,"Why do you follow Jew hater Cantwell? Oh, don't tell me your friend Danny is Jewish. So was Soros. @LegendaryCollektor  https://web.archive.org/web/20180830165242/https:/...",1,1,0,1,1.0,0.0,0.0,0.0,0.0,0.0,0.0,0.0,1.0,0.0
6966,13,"Free societies tend to punish laziness, ineptitude, stupidity and obnoxiousness, but reward graft, talent, intelligence and charisma - which is why entitled mediocrities with shitty personalities are hellbent on destroying them. #maga #wakeupamerica",0,0,0,0,,,,,,,,,,
6966,17,"Free societies tend to punish laziness, ineptitude, stupidity and obnoxiousness, but reward graft, talent, intelligence and charisma - which is why entitled mediocrities with shitty personalities are hellbent on destroying them. #maga #wakeupamerica",1,1,0,0,0.0,0.0,0.0,0.0,0.0,1.0,0.0,0.0,1.0,0.0
6966,9,"Free societies tend to punish laziness, ineptitude, stupidity and obnoxiousness, but reward graft, talent, intelligence and charisma - which is why entitled mediocrities with shitty personalities are hellbent on destroying them. #maga #wakeupamerica",0,0,0,0,,,,,,,,,,
6966,14,"Free societies tend to punish laziness, ineptitude, stupidity and obnoxiousness, but reward graft, talent, intelligence and charisma - which is why entitled mediocrities with shitty personalities are hellbent on destroying them. #maga #wakeupamerica",1,1,0,1,0.0,0.0,0.0,0.0,1.0,0.0,1.0,0.0,1.0,0.0
6966,8,"Free societies tend to punish laziness, ineptitude, stupidity and obnoxiousness, but reward graft, talent, intelligence and charisma - which is why entitled mediocrities with shitty personalities are hellbent on destroying them. #maga #wakeupamerica",0,0,0,0,,,,,,,,,,
6966,10,"Free societies tend to punish laziness, ineptitude, stupidity and obnoxiousness, but reward graft, talent, intelligence and charisma - which is why entitled mediocrities with shitty personalities are hellbent on destroying them. #maga #wakeupamerica",0,0,0,0,,,,,,,,,,
7126,4,"Tulsi Gabbard is basically an out-and-out socialist and open-borders zealot. That's not crazy enough for modern D's, though. You have to also want war with Russia. And the poor girl just couldn't get her mind right on that issue.",1,1,0,0,0.0,0.0,0.0,0.0,0.0,0.0,1.0,0.0,1.0,0.0
7126,15,"Tulsi Gabbard is basically an out-and-out socialist and open-borders zealot. That's not crazy enough for modern D's, though. You have to also want war with Russia. And the poor girl just couldn't get her mind right on that issue.",0,0,0,0,,,,,,,,,,
7126,10,"Tulsi Gabbard is basically an out-and-out socialist and open-borders zealot. That's not crazy enough for modern D's, though. You have to also want war with Russia. And the poor girl just couldn't get her mind right on that issue.",0,0,0,0,,,,,,,,,,
7126,8,"Tulsi Gabbard is basically an out-and-out socialist and open-borders zealot. That's not crazy enough for modern D's, though. You have to also want war with Russia. And the poor girl just couldn't get her mind right on that issue.",1,1,0,0,0.0,0.0,0.0,0.0,0.0,1.0,1.0,0.0,0.0,1.0
7177,4,"Shalom, my fellow gabbers. I don’t follow anyone, but I’m here to air my grievances about Jew haters.",0,0,0,0,,,,,,,,,,
7177,15,"Shalom, my fellow gabbers. I don’t follow anyone, but I’m here to air my grievances about Jew haters.",0,0,0,0,,,,,,,,,,
7177,10,"Shalom, my fellow gabbers. I don’t follow anyone, but I’m here to air my grievances about Jew haters.",0,0,0,0,,,,,,,,,,
7177,8,"Shalom, my fellow gabbers. I don’t follow anyone, but I’m here to air my grievances about Jew haters.",1,1,0,0,1.0,0.0,0.0,0.0,0.0,0.0,0.0,0.0,0.0,0.0
7177,14,"Shalom, my fellow gabbers. I don’t follow anyone, but I’m here to air my grievances about Jew haters.",1,1,0,1,0.0,0.0,0.0,0.0,0.0,1.0,0.0,0.0,1.0,0.0
7285,4,"And we need to see more of them in Movies, TV & banging white chicks. Now or its racism. And we will harass you if you don't.",0,0,0,0,,,,,,,,,,
7285,15,"And we need to see more of them in Movies, TV & banging white chicks. Now or its racism. And we will harass you if you don't.",1,1,0,0,0.0,1.0,0.0,0.0,0.0,0.0,0.0,0.0,0.0,1.0
7285,10,"And we need to see more of them in Movies, TV & banging white chicks. Now or its racism. And we will harass you if you don't.",0,0,0,0,,,,,,,,,,
7285,8,"And we need to see more of them in Movies, TV & banging white chicks. Now or its racism. And we will harass you if you don't.",1,1,0,1,0.0,1.0,0.0,1.0,0.0,0.0,0.0,0.0,1.0,0.0
7286,4,"Lesson, be careful what you wish for. Specially if you are an idiot. Never could figure out how people with such a better work ethic come from such shit hole countries? They are like Superman. Get near their home countries & they become worthless, but super worker here? Strange how that happens. Like Work kryptonite",0,0,0,1,,,,,,,,,,
7286,15,"Lesson, be careful what you wish for. Specially if you are an idiot. Never could figure out how people with such a better work ethic come from such shit hole countries? They are like Superman. Get near their home countries & they become worthless, but super worker here? Strange how that happens. Like Work kryptonite",1,1,0,1,0.0,0.0,0.0,0.0,0.0,1.0,0.0,0.0,1.0,0.0
7286,10,"Lesson, be careful what you wish for. Specially if you are an idiot. Never could figure out how people with such a better work ethic come from such shit hole countries? They are like Superman. Get near their home countries & they become worthless, but super worker here? Strange how that happens. Like Work kryptonite",0,0,0,0,,,,,,,,,,
7286,8,"Lesson, be careful what you wish for. Specially if you are an idiot. Never could figure out how people with such a better work ethic come from such shit hole countries? They are like Superman. Get near their home countries & they become worthless, but super worker here? Strange how that happens. Like Work kryptonite",1,1,0,0,0.0,0.0,0.0,0.0,0.0,1.0,0.0,0.0,0.0,1.0
7430,4,Don't forget: Lex Luthor isn't the bad guy. He's just a Capitalist. Superman is the goodie two shoes illegal alien who pretends to be patriotic while pushing socialist propaganda.,1,1,0,0,0.0,0.0,0.0,0.0,1.0,0.0,0.0,0.0,1.0,0.0
7430,15,Don't forget: Lex Luthor isn't the bad guy. He's just a Capitalist. Superman is the goodie two shoes illegal alien who pretends to be patriotic while pushing socialist propaganda.,0,0,0,0,,,,,,,,,,
7430,10,Don't forget: Lex Luthor isn't the bad guy. He's just a Capitalist. Superman is the goodie two shoes illegal alien who pretends to be patriotic while pushing socialist propaganda.,0,0,0,0,,,,,,,,,,
7430,8,Don't forget: Lex Luthor isn't the bad guy. He's just a Capitalist. Superman is the goodie two shoes illegal alien who pretends to be patriotic while pushing socialist propaganda.,1,1,0,0,0.0,0.0,0.0,0.0,1.0,1.0,1.0,0.0,0.0,1.0
7785,4,Everything on /popular is in Portuguese now! Build that Wall!,0,0,0,0,,,,,,,,,,
7785,15,Everything on /popular is in Portuguese now! Build that Wall!,1,1,0,0,0.0,0.0,0.0,0.0,0.0,1.0,0.0,0.0,1.0,0.0
7785,10,Everything on /popular is in Portuguese now! Build that Wall!,0,0,0,0,,,,,,,,,,
7785,8,Everything on /popular is in Portuguese now! Build that Wall!,1,1,1,1,0.0,0.0,0.0,0.0,0.0,1.0,0.0,0.0,1.0,0.0
7786,4,"So, a local representative for the Sweden Democrats said that Swedes are white, and now she's getting expelled from the party. In the Sweden Democrats, who some people naively believe are a nationalist party, you can have a lot of different opinions on taxes, abortions and LGBTQ-stuff, as long as those opinions are more left leaning than the official party line. But don't you dare say that Swedes...",1,1,0,0,0.0,0.0,0.0,0.0,0.0,0.0,1.0,0.0,0.0,1.0
7786,15,"So, a local representative for the Sweden Democrats said that Swedes are white, and now she's getting expelled from the party. In the Sweden Democrats, who some people naively believe are a nationalist party, you can have a lot of different opinions on taxes, abortions and LGBTQ-stuff, as long as those opinions are more left leaning than the official party line. But don't you dare say that Swedes...",0,0,0,0,,,,,,,,,,
7786,10,"So, a local representative for the Sweden Democrats said that Swedes are white, and now she's getting expelled from the party. In the Sweden Democrats, who some people naively believe are a nationalist party, you can have a lot of different opinions on taxes, abortions and LGBTQ-stuff, as long as those opinions are more left leaning than the official party line. But don't you dare say that Swedes...",0,0,0,0,,,,,,,,,,
7786,8,"So, a local representative for the Sweden Democrats said that Swedes are white, and now she's getting expelled from the party. In the Sweden Democrats, who some people naively believe are a nationalist party, you can have a lot of different opinions on taxes, abortions and LGBTQ-stuff, as long as those opinions are more left leaning than the official party line. But don't you dare say that Swedes...",1,1,0,0,0.0,1.0,0.0,0.0,0.0,1.0,1.0,0.0,0.0,1.0
8280,4,Looks like a bunch of dead bodies to me. Why would you just assume those are dead Jews? Could be anything.,0,0,0,0,,,,,,,,,,
8280,15,Looks like a bunch of dead bodies to me. Why would you just assume those are dead Jews? Could be anything.,0,0,0,0,,,,,,,,,,
8280,10,Looks like a bunch of dead bodies to me. Why would you just assume those are dead Jews? Could be anything.,0,0,0,0,,,,,,,,,,
8280,8,Looks like a bunch of dead bodies to me. Why would you just assume those are dead Jews? Could be anything.,1,1,0,0,1.0,0.0,0.0,0.0,0.0,0.0,0.0,0.0,0.0,1.0
8280,14,Looks like a bunch of dead bodies to me. Why would you just assume those are dead Jews? Could be anything.,1,1,0,1,1.0,0.0,0.0,0.0,0.0,0.0,0.0,0.0,1.0,0.0
8284,4,The. Holocaust. Never. Happened.,0,0,0,0,,,,,,,,,,
8284,15,The. Holocaust. Never. Happened.,0,0,0,0,,,,,,,,,,
8284,10,The. Holocaust. Never. Happened.,1,1,0,0,1.0,0.0,0.0,0.0,0.0,1.0,1.0,0.0,1.0,0.0
8284,8,The. Holocaust. Never. Happened.,0,0,0,0,,,,,,,,,,
8284,14,The. Holocaust. Never. Happened.,1,1,0,1,1.0,0.0,0.0,0.0,0.0,0.0,0.0,0.0,1.0,0.0
8581,4,"What's the worst thing, beginning with N and ending in R, that you can call a black man? Neighbour.",1,1,0,0,0.0,1.0,0.0,0.0,0.0,0.0,0.0,0.0,0.0,1.0
8581,15,"What's the worst thing, beginning with N and ending in R, that you can call a black man? Neighbour.",1,1,0,1,0.0,1.0,0.0,0.0,0.0,0.0,0.0,0.0,1.0,0.0
8581,10,"What's the worst thing, beginning with N and ending in R, that you can call a black man? Neighbour.",1,1,0,0,0.0,1.0,0.0,0.0,0.0,0.0,0.0,0.0,0.0,0.0
8581,8,"What's the worst thing, beginning with N and ending in R, that you can call a black man? Neighbour.",0,0,0,0,,,,,,,,,,
8581,14,"What's the worst thing, beginning with N and ending in R, that you can call a black man? Neighbour.",0,0,0,1,,,,,,,,,,
8712,4,More 'Give them room to riot' leftist reasoning. Leftist controlled cities become shithole cities in such short time. https://www.wral.com/texts-show-police-chief-told-...,1,1,0,1,0.0,0.0,0.0,0.0,0.0,0.0,1.0,0.0,0.0,1.0
8712,15,More 'Give them room to riot' leftist reasoning. Leftist controlled cities become shithole cities in such short time. https://www.wral.com/texts-show-police-chief-told-...,0,0,0,0,,,,,,,,,,
8712,10,More 'Give them room to riot' leftist reasoning. Leftist controlled cities become shithole cities in such short time. https://www.wral.com/texts-show-police-chief-told-...,0,0,0,0,,,,,,,,,,
8712,8,More 'Give them room to riot' leftist reasoning. Leftist controlled cities become shithole cities in such short time. https://www.wral.com/texts-show-police-chief-told-...,1,1,0,1,0.0,0.0,0.0,0.0,0.0,0.0,1.0,0.0,1.0,0.0
8872,4,https://www.huffingtonpost.com/entry/hurricane-mar... Thats a lot more DemonRat voters.,0,0,0,0,,,,,,,,,,
8872,15,https://www.huffingtonpost.com/entry/hurricane-mar... Thats a lot more DemonRat voters.,1,1,0,0,0.0,0.0,0.0,0.0,0.0,0.0,1.0,0.0,1.0,0.0
8872,10,https://www.huffingtonpost.com/entry/hurricane-mar... Thats a lot more DemonRat voters.,0,0,0,0,,,,,,,,,,
8872,8,https://www.huffingtonpost.com/entry/hurricane-mar... Thats a lot more DemonRat voters.,1,1,0,1,0.0,0.0,0.0,0.0,0.0,0.0,1.0,0.0,1.0,0.0
9416,4,"Screw them. They deserve it. SesameStreet turned into a leftwing, progressive, propaganda machine as soon as Jim Henson died. The same Disney did after Walt died and the Hollywood Jews took over.",0,0,0,0,,,,,,,,,,
9416,15,"Screw them. They deserve it. SesameStreet turned into a leftwing, progressive, propaganda machine as soon as Jim Henson died. The same Disney did after Walt died and the Hollywood Jews took over.",1,1,0,0,1.0,1.0,0.0,0.0,1.0,0.0,0.0,0.0,1.0,0.0
9416,10,"Screw them. They deserve it. SesameStreet turned into a leftwing, progressive, propaganda machine as soon as Jim Henson died. The same Disney did after Walt died and the Hollywood Jews took over.",0,0,0,0,,,,,,,,,,
9416,8,"Screw them. They deserve it. SesameStreet turned into a leftwing, progressive, propaganda machine as soon as Jim Henson died. The same Disney did after Walt died and the Hollywood Jews took over.",1,1,0,0,1.0,0.0,0.0,0.0,0.0,0.0,1.0,0.0,0.0,1.0
9417,4,"Tell this fat ugly ape that if she is getting threatened at her job, it's her employer's responsibility to pay for her protection. And if they refuse, it just shows they don't care about her, just like the rest of us don't.",0,0,0,0,,,,,,,,,,
9417,15,"Tell this fat ugly ape that if she is getting threatened at her job, it's her employer's responsibility to pay for her protection. And if they refuse, it just shows they don't care about her, just like the rest of us don't.",1,1,0,1,0.0,0.0,0.0,1.0,0.0,0.0,0.0,0.0,1.0,0.0
9417,10,"Tell this fat ugly ape that if she is getting threatened at her job, it's her employer's responsibility to pay for her protection. And if they refuse, it just shows they don't care about her, just like the rest of us don't.",0,0,0,0,,,,,,,,,,
9417,8,"Tell this fat ugly ape that if she is getting threatened at her job, it's her employer's responsibility to pay for her protection. And if they refuse, it just shows they don't care about her, just like the rest of us don't.",1,1,0,1,0.0,0.0,0.0,1.0,0.0,0.0,0.0,1.0,1.0,0.0
9687,13,"I like that she talks about Great Comics and includes herself, 'our job'. That miserable twat wouldn't know great comedy if it slapped her on the ass.",0,0,0,0,,,,,,,,,,
9687,17,"I like that she talks about Great Comics and includes herself, 'our job'. That miserable twat wouldn't know great comedy if it slapped her on the ass.",0,0,0,0,,,,,,,,,,
9687,9,"I like that she talks about Great Comics and includes herself, 'our job'. That miserable twat wouldn't know great comedy if it slapped her on the ass.",0,0,0,1,,,,,,,,,,
9687,14,"I like that she talks about Great Comics and includes herself, 'our job'. That miserable twat wouldn't know great comedy if it slapped her on the ass.",1,1,0,1,0.0,0.0,0.0,1.0,0.0,0.0,0.0,0.0,1.0,0.0
9687,8,"I like that she talks about Great Comics and includes herself, 'our job'. That miserable twat wouldn't know great comedy if it slapped her on the ass.",0,0,0,0,,,,,,,,,,
9687,10,"I like that she talks about Great Comics and includes herself, 'our job'. That miserable twat wouldn't know great comedy if it slapped her on the ass.",1,1,0,0,0.0,0.0,0.0,1.0,0.0,0.0,0.0,0.0,0.0,1.0
9937,4,You know your country is MULTICULTURAL . . . .When there's armed patrols on the streets.,1,1,0,0,0.0,0.0,0.0,0.0,0.0,1.0,0.0,0.0,1.0,0.0
9937,15,You know your country is MULTICULTURAL . . . .When there's armed patrols on the streets.,0,0,0,0,,,,,,,,,,
9937,10,You know your country is MULTICULTURAL . . . .When there's armed patrols on the streets.,0,0,0,0,,,,,,,,,,
9937,8,You know your country is MULTICULTURAL . . . .When there's armed patrols on the streets.,1,1,0,1,0.0,0.0,0.0,0.0,0.0,1.0,0.0,0.0,1.0,0.0
10362,13,"A pedophile is like a dog with rabies.  It's sad they're sick, but they still have to be put down. #MAGA",1,1,1,0,0.0,0.0,1.0,0.0,0.0,0.0,0.0,0.0,1.0,0.0
10362,17,"A pedophile is like a dog with rabies.  It's sad they're sick, but they still have to be put down. #MAGA",1,1,1,1,0.0,0.0,1.0,0.0,0.0,0.0,0.0,0.0,1.0,0.0
10362,4,"A pedophile is like a dog with rabies.  It's sad they're sick, but they still have to be put down. #MAGA",0,0,0,0,,,,,,,,,,
10362,8,"A pedophile is like a dog with rabies.  It's sad they're sick, but they still have to be put down. #MAGA",0,0,0,0,,,,,,,,,,
10362,10,"A pedophile is like a dog with rabies.  It's sad they're sick, but they still have to be put down. #MAGA",0,0,0,0,,,,,,,,,,
10438,4,"Sooo... you're blaming their censorship on their unfamiliarity of American culture. Bullshit. Haven't you seen pictures of the people that work for these companies? Stick around Gab long enough and you will (they're caught in undercover videos, they post group photos on Twitter, etc) - these guys aren't Iraqis or Hispanics. Most of them look like the white people they claim to hate. Stop bullshitt...",0,0,0,1,,,,,,,,,,
10438,15,"Sooo... you're blaming their censorship on their unfamiliarity of American culture. Bullshit. Haven't you seen pictures of the people that work for these companies? Stick around Gab long enough and you will (they're caught in undercover videos, they post group photos on Twitter, etc) - these guys aren't Iraqis or Hispanics. Most of them look like the white people they claim to hate. Stop bullshitt...",0,0,0,0,,,,,,,,,,
10438,10,"Sooo... you're blaming their censorship on their unfamiliarity of American culture. Bullshit. Haven't you seen pictures of the people that work for these companies? Stick around Gab long enough and you will (they're caught in undercover videos, they post group photos on Twitter, etc) - these guys aren't Iraqis or Hispanics. Most of them look like the white people they claim to hate. Stop bullshitt...",1,1,0,0,0.0,1.0,0.0,0.0,0.0,1.0,0.0,0.0,1.0,0.0
10438,8,"Sooo... you're blaming their censorship on their unfamiliarity of American culture. Bullshit. Haven't you seen pictures of the people that work for these companies? Stick around Gab long enough and you will (they're caught in undercover videos, they post group photos on Twitter, etc) - these guys aren't Iraqis or Hispanics. Most of them look like the white people they claim to hate. Stop bullshitt...",1,1,0,0,0.0,0.0,0.0,0.0,0.0,1.0,0.0,0.0,0.0,1.0
10440,4,"[Since you commented and quoted the same thing, I'll do the same...] So, they're *foreign* Nazis and they're blatantly censoring. You need more than 2 choices? You can be a foreigner working for an American company and be censoring Americans. I don't see a problem with my logic....",0,0,0,0,,,,,,,,,,
10440,15,"[Since you commented and quoted the same thing, I'll do the same...] So, they're *foreign* Nazis and they're blatantly censoring. You need more than 2 choices? You can be a foreigner working for an American company and be censoring Americans. I don't see a problem with my logic....",0,0,0,0,,,,,,,,,,
10440,10,"[Since you commented and quoted the same thing, I'll do the same...] So, they're *foreign* Nazis and they're blatantly censoring. You need more than 2 choices? You can be a foreigner working for an American company and be censoring Americans. I don't see a problem with my logic....",1,1,0,0,0.0,0.0,0.0,0.0,0.0,1.0,0.0,0.0,0.0,0.0
10440,8,"[Since you commented and quoted the same thing, I'll do the same...] So, they're *foreign* Nazis and they're blatantly censoring. You need more than 2 choices? You can be a foreigner working for an American company and be censoring Americans. I don't see a problem with my logic....",1,1,0,0,0.0,0.0,0.0,0.0,1.0,0.0,1.0,0.0,0.0,1.0
10736,4,"My latest piece:  GWOT Veterans, If You Suffer From PTSD, You're Malingerers! https://www.patreon.com/posts/gwot-veterans-if-199...",0,0,0,0,,,,,,,,,,
10736,15,"My latest piece:  GWOT Veterans, If You Suffer From PTSD, You're Malingerers! https://www.patreon.com/posts/gwot-veterans-if-199...",1,1,0,0,0.0,0.0,0.0,0.0,0.0,1.0,0.0,0.0,1.0,0.0
10736,8,"My latest piece:  GWOT Veterans, If You Suffer From PTSD, You're Malingerers! https://www.patreon.com/posts/gwot-veterans-if-199...",1,1,0,1,0.0,0.0,0.0,0.0,0.0,0.0,0.0,1.0,1.0,0.0
10736,10,"My latest piece:  GWOT Veterans, If You Suffer From PTSD, You're Malingerers! https://www.patreon.com/posts/gwot-veterans-if-199...",0,0,0,0,,,,,,,,,,
10737,4,My latest The Left IS The Greatest Danger America Faces https://www.patreon.com/posts/left-is-greatest-197...,1,1,0,0,0.0,0.0,0.0,0.0,0.0,0.0,1.0,0.0,0.0,1.0
10737,15,My latest The Left IS The Greatest Danger America Faces https://www.patreon.com/posts/left-is-greatest-197...,0,0,0,0,,,,,,,,,,
10737,8,My latest The Left IS The Greatest Danger America Faces https://www.patreon.com/posts/left-is-greatest-197...,1,1,0,1,0.0,0.0,0.0,0.0,1.0,0.0,0.0,0.0,1.0,0.0
10737,10,My latest The Left IS The Greatest Danger America Faces https://www.patreon.com/posts/left-is-greatest-197...,0,0,0,0,,,,,,,,,,
11180,4,"Oh so now he's a spoiled *millennial* murderer, too??? https://neonnettle.com/news/4867-mollie-tibbetts-k...  BTW, the guy who owns the property where this scumbag was working is a die-hard Democrat/Hillary supporter. Go figure he'd employ ILLEGAL ALIENS to work for him. 😡",1,1,0,1,0.0,0.0,0.0,0.0,0.0,0.0,1.0,0.0,0.0,1.0
11180,15,"Oh so now he's a spoiled *millennial* murderer, too??? https://neonnettle.com/news/4867-mollie-tibbetts-k...  BTW, the guy who owns the property where this scumbag was working is a die-hard Democrat/Hillary supporter. Go figure he'd employ ILLEGAL ALIENS to work for him. 😡",0,0,0,0,,,,,,,,,,
11180,10,"Oh so now he's a spoiled *millennial* murderer, too??? https://neonnettle.com/news/4867-mollie-tibbetts-k...  BTW, the guy who owns the property where this scumbag was working is a die-hard Democrat/Hillary supporter. Go figure he'd employ ILLEGAL ALIENS to work for him. 😡",0,0,0,0,,,,,,,,,,
11180,8,"Oh so now he's a spoiled *millennial* murderer, too??? https://neonnettle.com/news/4867-mollie-tibbetts-k...  BTW, the guy who owns the property where this scumbag was working is a die-hard Democrat/Hillary supporter. Go figure he'd employ ILLEGAL ALIENS to work for him. 😡",1,1,0,1,0.0,0.0,0.0,0.0,0.0,1.0,1.0,0.0,1.0,0.0
11236,4,bill clinton is a rapist,0,0,0,0,,,,,,,,,,
11236,15,bill clinton is a rapist,1,1,0,0,0.0,0.0,0.0,0.0,0.0,0.0,0.0,0.0,1.0,0.0
11236,10,bill clinton is a rapist,1,1,0,0,0.0,0.0,0.0,0.0,0.0,0.0,1.0,0.0,1.0,0.0
11236,8,bill clinton is a rapist,0,0,0,0,,,,,,,,,,
11236,14,bill clinton is a rapist,0,0,0,1,,,,,,,,,,
11465,4,"This bullshit about 'private companies can do what they want'? Bake that cake, hypocrite. Cater that gay wedding, H8R, even if you don't cater ANYONE who doesn't walk through the door. (Unless you're Muslim, of course.) I wish to hell the Left would settle on which set of rules is going to be used.",1,1,0,1,0.0,0.0,0.0,0.0,0.0,0.0,1.0,0.0,0.0,1.0
11465,15,"This bullshit about 'private companies can do what they want'? Bake that cake, hypocrite. Cater that gay wedding, H8R, even if you don't cater ANYONE who doesn't walk through the door. (Unless you're Muslim, of course.) I wish to hell the Left would settle on which set of rules is going to be used.",0,0,0,0,,,,,,,,,,
11465,10,"This bullshit about 'private companies can do what they want'? Bake that cake, hypocrite. Cater that gay wedding, H8R, even if you don't cater ANYONE who doesn't walk through the door. (Unless you're Muslim, of course.) I wish to hell the Left would settle on which set of rules is going to be used.",0,0,0,0,,,,,,,,,,
11465,8,"This bullshit about 'private companies can do what they want'? Bake that cake, hypocrite. Cater that gay wedding, H8R, even if you don't cater ANYONE who doesn't walk through the door. (Unless you're Muslim, of course.) I wish to hell the Left would settle on which set of rules is going to be used.",1,1,0,1,1.0,0.0,0.0,0.0,0.0,0.0,0.0,0.0,1.0,0.0
11812,4,"When even a flag triggers them, then you know that Hollywood is full of butthurt snowflakes!",0,0,0,0,,,,,,,,,,
11812,15,"When even a flag triggers them, then you know that Hollywood is full of butthurt snowflakes!",1,1,0,0,0.0,0.0,0.0,0.0,1.0,0.0,0.0,0.0,1.0,0.0
11812,10,"When even a flag triggers them, then you know that Hollywood is full of butthurt snowflakes!",1,1,0,0,0.0,0.0,0.0,0.0,1.0,0.0,0.0,0.0,0.0,1.0
11812,8,"When even a flag triggers them, then you know that Hollywood is full of butthurt snowflakes!",0,0,0,0,,,,,,,,,,
11820,4,"Yep! Bono is a retard, the rest of U2 are retards, the Pope covers up systemic pedophilia inside the Catholic Church, and the EU are corrupt dictators, flooding Europe with dangerous infidelophobic Muslim refugees!! https://www.bitchute.com/video/kQIgciyHIG4/",0,0,0,1,,,,,,,,,,
11820,15,"Yep! Bono is a retard, the rest of U2 are retards, the Pope covers up systemic pedophilia inside the Catholic Church, and the EU are corrupt dictators, flooding Europe with dangerous infidelophobic Muslim refugees!! https://www.bitchute.com/video/kQIgciyHIG4/",0,0,0,0,,,,,,,,,,
11820,10,"Yep! Bono is a retard, the rest of U2 are retards, the Pope covers up systemic pedophilia inside the Catholic Church, and the EU are corrupt dictators, flooding Europe with dangerous infidelophobic Muslim refugees!! https://www.bitchute.com/video/kQIgciyHIG4/",1,1,0,0,1.0,0.0,0.0,0.0,1.0,0.0,0.0,0.0,1.0,0.0
11820,8,"Yep! Bono is a retard, the rest of U2 are retards, the Pope covers up systemic pedophilia inside the Catholic Church, and the EU are corrupt dictators, flooding Europe with dangerous infidelophobic Muslim refugees!! https://www.bitchute.com/video/kQIgciyHIG4/",1,1,0,1,1.0,0.0,1.0,0.0,0.0,0.0,1.0,1.0,0.0,0.0
11985,4,"'Axios article claimed a “conservative social network would fail,”  So what's Gab, chopped liver?https://www.breitbart.com/tech/2018/08/31/trump-ca...",0,0,0,0,,,,,,,,,,
11985,15,"'Axios article claimed a “conservative social network would fail,”  So what's Gab, chopped liver?https://www.breitbart.com/tech/2018/08/31/trump-ca...",0,0,0,0,,,,,,,,,,
11985,10,"'Axios article claimed a “conservative social network would fail,”  So what's Gab, chopped liver?https://www.breitbart.com/tech/2018/08/31/trump-ca...",0,0,0,0,,,,,,,,,,
11985,8,"'Axios article claimed a “conservative social network would fail,”  So what's Gab, chopped liver?https://www.breitbart.com/tech/2018/08/31/trump-ca...",1,1,0,0,0.0,0.0,0.0,0.0,0.0,0.0,1.0,0.0,0.0,1.0
11985,14,"'Axios article claimed a “conservative social network would fail,”  So what's Gab, chopped liver?https://www.breitbart.com/tech/2018/08/31/trump-ca...",1,1,0,0,0.0,0.0,0.0,0.0,1.0,0.0,1.0,0.0,1.0,0.0
12186,4,"Best article on Hanoi John's passing I've seen tonight:  Let’s be honest. John McCain is a bitter, angry crank who clings to resentments as tightly as an old woman clutches her pocketbook.  http://patriotretort.com/does-dying-make-you-a-sai...",0,0,0,0,,,,,,,,,,
12186,15,"Best article on Hanoi John's passing I've seen tonight:  Let’s be honest. John McCain is a bitter, angry crank who clings to resentments as tightly as an old woman clutches her pocketbook.  http://patriotretort.com/does-dying-make-you-a-sai...",1,1,0,1,0.0,0.0,0.0,0.0,0.0,0.0,1.0,0.0,1.0,0.0
12186,10,"Best article on Hanoi John's passing I've seen tonight:  Let’s be honest. John McCain is a bitter, angry crank who clings to resentments as tightly as an old woman clutches her pocketbook.  http://patriotretort.com/does-dying-make-you-a-sai...",0,0,0,0,,,,,,,,,,
12186,8,"Best article on Hanoi John's passing I've seen tonight:  Let’s be honest. John McCain is a bitter, angry crank who clings to resentments as tightly as an old woman clutches her pocketbook.  http://patriotretort.com/does-dying-make-you-a-sai...",1,1,0,0,0.0,0.0,0.0,1.0,0.0,0.0,0.0,0.0,0.0,1.0
12189,4,"Quit whining Texas, we here in Arizona have a long border with California guarded only with a bit of sand and few prickly plants. Since we can't have a wall we are hoping for a big earthquake and California to suddenly become Alaska's problem.  “Far too many immigrants from California come here, take advantage of our pro-business, pro-liberty laws, and refuse to adjust to our way of life,”...",0,0,0,0,,,,,,,,,,
12189,15,"Quit whining Texas, we here in Arizona have a long border with California guarded only with a bit of sand and few prickly plants. Since we can't have a wall we are hoping for a big earthquake and California to suddenly become Alaska's problem.  “Far too many immigrants from California come here, take advantage of our pro-business, pro-liberty laws, and refuse to adjust to our way of life,”...",0,0,0,0,,,,,,,,,,
12189,10,"Quit whining Texas, we here in Arizona have a long border with California guarded only with a bit of sand and few prickly plants. Since we can't have a wall we are hoping for a big earthquake and California to suddenly become Alaska's problem.  “Far too many immigrants from California come here, take advantage of our pro-business, pro-liberty laws, and refuse to adjust to our way of life,”...",1,1,1,0,0.0,0.0,0.0,0.0,1.0,1.0,0.0,0.0,1.0,0.0
12189,8,"Quit whining Texas, we here in Arizona have a long border with California guarded only with a bit of sand and few prickly plants. Since we can't have a wall we are hoping for a big earthquake and California to suddenly become Alaska's problem.  “Far too many immigrants from California come here, take advantage of our pro-business, pro-liberty laws, and refuse to adjust to our way of life,”...",1,1,0,1,0.0,1.0,0.0,0.0,0.0,1.0,0.0,0.0,1.0,0.0
12215,4,Starving journalists make me nut,0,0,0,0,,,,,,,,,,
12215,15,Starving journalists make me nut,0,0,0,0,,,,,,,,,,
12215,10,Starving journalists make me nut,0,0,0,0,,,,,,,,,,
12215,8,Starving journalists make me nut,1,1,0,0,0.0,0.0,0.0,0.0,0.0,0.0,0.0,0.0,0.0,1.0
12215,14,Starving journalists make me nut,1,1,0,1,0.0,0.0,0.0,0.0,0.0,0.0,0.0,0.0,1.0,0.0
12220,4,only *LITERAL FUCKING NAZIS* refuse to sacrifice their children to globohomo gayplex™  By denying globohomo™  the blood of gentile children that it uses to nourish itself with you are basically committing a hate crime,0,0,0,1,,,,,,,,,,
12220,15,only *LITERAL FUCKING NAZIS* refuse to sacrifice their children to globohomo gayplex™  By denying globohomo™  the blood of gentile children that it uses to nourish itself with you are basically committing a hate crime,1,1,0,0,0.0,0.0,0.0,0.0,0.0,1.0,0.0,0.0,0.0,1.0
12220,10,only *LITERAL FUCKING NAZIS* refuse to sacrifice their children to globohomo gayplex™  By denying globohomo™  the blood of gentile children that it uses to nourish itself with you are basically committing a hate crime,0,0,0,0,,,,,,,,,,
12220,8,only *LITERAL FUCKING NAZIS* refuse to sacrifice their children to globohomo gayplex™  By denying globohomo™  the blood of gentile children that it uses to nourish itself with you are basically committing a hate crime,1,1,1,1,0.0,0.0,0.0,0.0,1.0,0.0,0.0,0.0,1.0,0.0
12221,4,Sure my slut daughter was raped and murdered but hey at least I get easy access to authentic burritos! Checkmate NAHTZEES. @SCALE,0,0,0,0,,,,,,,,,,
12221,15,Sure my slut daughter was raped and murdered but hey at least I get easy access to authentic burritos! Checkmate NAHTZEES. @SCALE,1,1,0,1,0.0,0.0,0.0,0.0,0.0,1.0,0.0,0.0,1.0,0.0
12221,10,Sure my slut daughter was raped and murdered but hey at least I get easy access to authentic burritos! Checkmate NAHTZEES. @SCALE,0,0,0,0,,,,,,,,,,
12221,8,Sure my slut daughter was raped and murdered but hey at least I get easy access to authentic burritos! Checkmate NAHTZEES. @SCALE,1,1,1,1,0.0,1.0,0.0,1.0,0.0,0.0,0.0,0.0,1.0,0.0
12361,4,BREAKING! TECH COMPANIES MEET IN SECRET TO STEAL 2018 ELECTION    Left desperate to win midterms   https://www.infowars.com/breaking-tech-companies-m...,1,1,0,0,0.0,0.0,0.0,0.0,0.0,0.0,1.0,0.0,1.0,0.0
12361,15,BREAKING! TECH COMPANIES MEET IN SECRET TO STEAL 2018 ELECTION    Left desperate to win midterms   https://www.infowars.com/breaking-tech-companies-m...,0,0,0,0,,,,,,,,,,
12361,10,BREAKING! TECH COMPANIES MEET IN SECRET TO STEAL 2018 ELECTION    Left desperate to win midterms   https://www.infowars.com/breaking-tech-companies-m...,0,0,0,0,,,,,,,,,,
12361,8,BREAKING! TECH COMPANIES MEET IN SECRET TO STEAL 2018 ELECTION    Left desperate to win midterms   https://www.infowars.com/breaking-tech-companies-m...,1,1,0,0,0.0,0.0,0.0,0.0,0.0,0.0,1.0,0.0,0.0,1.0
12363,4,"This is what will happen if the left takes control! #QAnon #QArmy #Q #RedWave  #RedTsunami #BlueWave #DrainTheDeepState #MAGA #MakeAmericaGreatAgain #WalkAway   Nancy Pelosi laughs at & mocks coal power, then crows “with all due respect to West Virginia” https://t.co/EJZ9vtnZmN",1,1,0,0,0.0,0.0,0.0,0.0,0.0,0.0,1.0,0.0,1.0,0.0
12363,15,"This is what will happen if the left takes control! #QAnon #QArmy #Q #RedWave  #RedTsunami #BlueWave #DrainTheDeepState #MAGA #MakeAmericaGreatAgain #WalkAway   Nancy Pelosi laughs at & mocks coal power, then crows “with all due respect to West Virginia” https://t.co/EJZ9vtnZmN",0,0,0,0,,,,,,,,,,
12363,10,"This is what will happen if the left takes control! #QAnon #QArmy #Q #RedWave  #RedTsunami #BlueWave #DrainTheDeepState #MAGA #MakeAmericaGreatAgain #WalkAway   Nancy Pelosi laughs at & mocks coal power, then crows “with all due respect to West Virginia” https://t.co/EJZ9vtnZmN",0,0,0,0,,,,,,,,,,
12363,8,"This is what will happen if the left takes control! #QAnon #QArmy #Q #RedWave  #RedTsunami #BlueWave #DrainTheDeepState #MAGA #MakeAmericaGreatAgain #WalkAway   Nancy Pelosi laughs at & mocks coal power, then crows “with all due respect to West Virginia” https://t.co/EJZ9vtnZmN",1,1,0,0,0.0,0.0,0.0,0.0,0.0,0.0,1.0,0.0,0.0,1.0
12455,4,"This is Antifa, folks.  Filthy, degenerate communist subhumans.  Every single one.",0,0,0,0,,,,,,,,,,
12455,15,"This is Antifa, folks.  Filthy, degenerate communist subhumans.  Every single one.",1,1,0,0,0.0,0.0,0.0,0.0,1.0,0.0,0.0,0.0,1.0,0.0
12455,10,"This is Antifa, folks.  Filthy, degenerate communist subhumans.  Every single one.",0,0,0,0,,,,,,,,,,
12455,8,"This is Antifa, folks.  Filthy, degenerate communist subhumans.  Every single one.",1,1,0,1,0.0,0.0,0.0,0.0,0.0,0.0,1.0,0.0,1.0,0.0
12715,13,"Fight me, communists.",1,0,1,0,0.0,0.0,0.0,0.0,0.0,0.0,1.0,0.0,1.0,0.0
12715,17,"Fight me, communists.",1,1,1,1,0.0,0.0,0.0,0.0,1.0,0.0,0.0,0.0,1.0,0.0
12715,9,"Fight me, communists.",1,0,1,0,0.0,0.0,0.0,0.0,0.0,0.0,1.0,0.0,0.0,0.0
12715,4,"Fight me, communists.",0,0,0,0,,,,,,,,,,
12715,15,"Fight me, communists.",0,0,0,0,,,,,,,,,,
12715,14,"Fight me, communists.",1,0,1,0,0.0,0.0,0.0,0.0,1.0,0.0,1.0,0.0,1.0,0.0
12715,8,"Fight me, communists.",1,1,0,0,0.0,0.0,0.0,0.0,1.0,0.0,0.0,0.0,1.0,0.0
12715,10,"Fight me, communists.",0,0,0,0,,,,,,,,,,
13109,4,Saying that the Holocaust happened makes you an Anti-Semite because it means you wanted 6 million jews to die.,0,0,0,0,,,,,,,,,,
13109,15,Saying that the Holocaust happened makes you an Anti-Semite because it means you wanted 6 million jews to die.,0,0,0,0,,,,,,,,,,
13109,10,Saying that the Holocaust happened makes you an Anti-Semite because it means you wanted 6 million jews to die.,1,1,0,0,1.0,0.0,0.0,0.0,0.0,0.0,0.0,0.0,1.0,0.0
13109,8,Saying that the Holocaust happened makes you an Anti-Semite because it means you wanted 6 million jews to die.,1,1,0,0,1.0,0.0,0.0,0.0,1.0,0.0,0.0,0.0,0.0,1.0
13110,4,"Why do people here believe the Holocaust happened? Why would you WANT TO BELIEVE SUCH AN ATROCITY HAPPENED TO THE JEWS? Of course it didn't happen, otherwise the world wouldn't have Israel and all the Nobel prize winners that came after WW2.",0,0,0,0,,,,,,,,,,
13110,15,"Why do people here believe the Holocaust happened? Why would you WANT TO BELIEVE SUCH AN ATROCITY HAPPENED TO THE JEWS? Of course it didn't happen, otherwise the world wouldn't have Israel and all the Nobel prize winners that came after WW2.",1,1,0,1,1.0,0.0,0.0,0.0,0.0,1.0,0.0,0.0,0.0,1.0
13110,10,"Why do people here believe the Holocaust happened? Why would you WANT TO BELIEVE SUCH AN ATROCITY HAPPENED TO THE JEWS? Of course it didn't happen, otherwise the world wouldn't have Israel and all the Nobel prize winners that came after WW2.",1,1,0,0,1.0,0.0,0.0,0.0,0.0,0.0,0.0,0.0,1.0,0.0
13110,8,"Why do people here believe the Holocaust happened? Why would you WANT TO BELIEVE SUCH AN ATROCITY HAPPENED TO THE JEWS? Of course it didn't happen, otherwise the world wouldn't have Israel and all the Nobel prize winners that came after WW2.",0,0,0,0,,,,,,,,,,
13742,4,#Feminism is an infection! https://www.youtube.com/watch?v=r_8hLQmfudM,0,0,0,0,,,,,,,,,,
13742,15,#Feminism is an infection! https://www.youtube.com/watch?v=r_8hLQmfudM,1,1,0,0,0.0,0.0,0.0,1.0,0.0,0.0,0.0,0.0,1.0,0.0
13742,10,#Feminism is an infection! https://www.youtube.com/watch?v=r_8hLQmfudM,0,0,0,0,,,,,,,,,,
13742,8,#Feminism is an infection! https://www.youtube.com/watch?v=r_8hLQmfudM,1,1,0,1,0.0,0.0,0.0,1.0,0.0,0.0,0.0,0.0,1.0,0.0
13774,4,"The thing about Globalists is not only do they fight dirty, but “if you can’t beat them, join them”, isn’t even an option. Only the elite get to stay out of the way when they play war.",1,1,0,0,0.0,0.0,0.0,0.0,1.0,0.0,0.0,0.0,0.0,1.0
13774,15,"The thing about Globalists is not only do they fight dirty, but “if you can’t beat them, join them”, isn’t even an option. Only the elite get to stay out of the way when they play war.",0,0,0,0,,,,,,,,,,
13774,10,"The thing about Globalists is not only do they fight dirty, but “if you can’t beat them, join them”, isn’t even an option. Only the elite get to stay out of the way when they play war.",0,0,0,0,,,,,,,,,,
13774,8,"The thing about Globalists is not only do they fight dirty, but “if you can’t beat them, join them”, isn’t even an option. Only the elite get to stay out of the way when they play war.",1,1,0,0,0.0,0.0,0.0,0.0,1.0,0.0,0.0,0.0,0.0,1.0
13774,14,"The thing about Globalists is not only do they fight dirty, but “if you can’t beat them, join them”, isn’t even an option. Only the elite get to stay out of the way when they play war.",1,1,0,0,0.0,0.0,0.0,0.0,1.0,0.0,1.0,0.0,1.0,0.0
13775,4,"Me muting idiot Globalist groupies on Gab, on my own little account, is not the same as giant Twatter muting Trump’s base from almost the entire platform. Let’s just clear that brain fart out now should it come up again.",0,0,0,0,,,,,,,,,,
13775,15,"Me muting idiot Globalist groupies on Gab, on my own little account, is not the same as giant Twatter muting Trump’s base from almost the entire platform. Let’s just clear that brain fart out now should it come up again.",1,1,0,1,0.0,0.0,0.0,0.0,1.0,0.0,1.0,0.0,1.0,0.0
13775,10,"Me muting idiot Globalist groupies on Gab, on my own little account, is not the same as giant Twatter muting Trump’s base from almost the entire platform. Let’s just clear that brain fart out now should it come up again.",0,0,0,0,,,,,,,,,,
13775,8,"Me muting idiot Globalist groupies on Gab, on my own little account, is not the same as giant Twatter muting Trump’s base from almost the entire platform. Let’s just clear that brain fart out now should it come up again.",1,1,0,0,0.0,0.0,0.0,0.0,1.0,0.0,0.0,0.0,0.0,1.0
13775,14,"Me muting idiot Globalist groupies on Gab, on my own little account, is not the same as giant Twatter muting Trump’s base from almost the entire platform. Let’s just clear that brain fart out now should it come up again.",1,1,0,1,0.0,0.0,0.0,0.0,1.0,0.0,1.0,0.0,1.0,0.0
13777,4,"You can tell Gab is the place to be, even Dem derps are here now trying to latch onto our feeds talking sh!t looking for attention. I don’t care to address them directly, but I will say that my mute button is fond of them already.",0,0,0,1,,,,,,,,,,
13777,15,"You can tell Gab is the place to be, even Dem derps are here now trying to latch onto our feeds talking sh!t looking for attention. I don’t care to address them directly, but I will say that my mute button is fond of them already.",1,1,0,1,0.0,0.0,0.0,0.0,0.0,0.0,1.0,0.0,1.0,0.0
13777,10,"You can tell Gab is the place to be, even Dem derps are here now trying to latch onto our feeds talking sh!t looking for attention. I don’t care to address them directly, but I will say that my mute button is fond of them already.",0,0,0,0,,,,,,,,,,
13777,8,"You can tell Gab is the place to be, even Dem derps are here now trying to latch onto our feeds talking sh!t looking for attention. I don’t care to address them directly, but I will say that my mute button is fond of them already.",1,1,0,0,0.0,0.0,0.0,0.0,0.0,0.0,1.0,0.0,0.0,1.0
13777,14,"You can tell Gab is the place to be, even Dem derps are here now trying to latch onto our feeds talking sh!t looking for attention. I don’t care to address them directly, but I will say that my mute button is fond of them already.",1,1,0,1,0.0,0.0,0.0,0.0,1.0,0.0,1.0,0.0,1.0,0.0
13778,4,"I’ve often wondered what it would be like for Globalist groupies once they realized they’re living a lie, but now, I’m seeing that it is we patriotic Americans who have been living in a lie for decades... Our country, branches of gov, our MSM and our schools.. ALL are hijacked.",0,0,0,0,,,,,,,,,,
13778,15,"I’ve often wondered what it would be like for Globalist groupies once they realized they’re living a lie, but now, I’m seeing that it is we patriotic Americans who have been living in a lie for decades... Our country, branches of gov, our MSM and our schools.. ALL are hijacked.",0,0,0,0,,,,,,,,,,
13778,10,"I’ve often wondered what it would be like for Globalist groupies once they realized they’re living a lie, but now, I’m seeing that it is we patriotic Americans who have been living in a lie for decades... Our country, branches of gov, our MSM and our schools.. ALL are hijacked.",0,0,0,0,,,,,,,,,,
13778,8,"I’ve often wondered what it would be like for Globalist groupies once they realized they’re living a lie, but now, I’m seeing that it is we patriotic Americans who have been living in a lie for decades... Our country, branches of gov, our MSM and our schools.. ALL are hijacked.",1,1,0,0,0.0,0.0,0.0,0.0,1.0,1.0,0.0,0.0,0.0,1.0
13778,14,"I’ve often wondered what it would be like for Globalist groupies once they realized they’re living a lie, but now, I’m seeing that it is we patriotic Americans who have been living in a lie for decades... Our country, branches of gov, our MSM and our schools.. ALL are hijacked.",1,1,0,1,0.0,0.0,0.0,0.0,1.0,0.0,1.0,0.0,1.0,0.0
13780,4,"While our countries are fighting about paying for physically healthy people to play Mr(s). Potato Head with their parts and hormones, little kids in China are being snatched and found soon after with their eyeballs usually not far from them that have their corneas cut out. People are being used to harvest parts for the wealthy all over our bent globe that Globalists love so much. But “free healt...",0,0,0,0,,,,,,,,,,
13780,15,"While our countries are fighting about paying for physically healthy people to play Mr(s). Potato Head with their parts and hormones, little kids in China are being snatched and found soon after with their eyeballs usually not far from them that have their corneas cut out. People are being used to harvest parts for the wealthy all over our bent globe that Globalists love so much. But “free healt...",0,0,0,0,,,,,,,,,,
13780,10,"While our countries are fighting about paying for physically healthy people to play Mr(s). Potato Head with their parts and hormones, little kids in China are being snatched and found soon after with their eyeballs usually not far from them that have their corneas cut out. People are being used to harvest parts for the wealthy all over our bent globe that Globalists love so much. But “free healt...",1,1,0,0,0.0,0.0,0.0,1.0,0.0,0.0,0.0,0.0,1.0,0.0
13780,8,"While our countries are fighting about paying for physically healthy people to play Mr(s). Potato Head with their parts and hormones, little kids in China are being snatched and found soon after with their eyeballs usually not far from them that have their corneas cut out. People are being used to harvest parts for the wealthy all over our bent globe that Globalists love so much. But “free healt...",1,1,0,0,0.0,0.0,0.0,0.0,1.0,0.0,0.0,0.0,1.0,0.0
13780,14,"While our countries are fighting about paying for physically healthy people to play Mr(s). Potato Head with their parts and hormones, little kids in China are being snatched and found soon after with their eyeballs usually not far from them that have their corneas cut out. People are being used to harvest parts for the wealthy all over our bent globe that Globalists love so much. But “free healt...",1,1,0,0,0.0,0.0,0.0,0.0,0.0,1.0,0.0,1.0,1.0,0.0
13859,4,Gervais SLAMS religious slaughter “I couldn’t give a F*CK what your ‘God’ says” “There is no excuse for animal cruelty. I didn’t care if it’s your ‘culture’. I don’t care if it’s ‘tradition' https://unitynewsnetwork.co.uk/gervais-slams-relig... #BritFam,0,0,0,1,,,,,,,,,,
13859,15,Gervais SLAMS religious slaughter “I couldn’t give a F*CK what your ‘God’ says” “There is no excuse for animal cruelty. I didn’t care if it’s your ‘culture’. I don’t care if it’s ‘tradition' https://unitynewsnetwork.co.uk/gervais-slams-relig... #BritFam,1,1,0,1,1.0,1.0,0.0,0.0,0.0,0.0,0.0,0.0,1.0,0.0
13859,10,Gervais SLAMS religious slaughter “I couldn’t give a F*CK what your ‘God’ says” “There is no excuse for animal cruelty. I didn’t care if it’s your ‘culture’. I don’t care if it’s ‘tradition' https://unitynewsnetwork.co.uk/gervais-slams-relig... #BritFam,0,0,0,0,,,,,,,,,,
13859,8,Gervais SLAMS religious slaughter “I couldn’t give a F*CK what your ‘God’ says” “There is no excuse for animal cruelty. I didn’t care if it’s your ‘culture’. I don’t care if it’s ‘tradition' https://unitynewsnetwork.co.uk/gervais-slams-relig... #BritFam,1,1,0,0,0.0,0.0,0.0,0.0,0.0,1.0,0.0,0.0,1.0,0.0
14143,4,"If you spend five minutes researching the matter you’ll find Jewish groups led by ADL are behind the protocols that led to the mass deplatforming of Alex Jones. Seriously, if you’re an InfoWars fan set the chemtrails stuff aside. Devote 5 mins to this. It will change your life.",1,1,0,0,1.0,0.0,0.0,0.0,0.0,0.0,0.0,0.0,0.0,1.0
14143,15,"If you spend five minutes researching the matter you’ll find Jewish groups led by ADL are behind the protocols that led to the mass deplatforming of Alex Jones. Seriously, if you’re an InfoWars fan set the chemtrails stuff aside. Devote 5 mins to this. It will change your life.",0,0,0,0,,,,,,,,,,
14143,10,"If you spend five minutes researching the matter you’ll find Jewish groups led by ADL are behind the protocols that led to the mass deplatforming of Alex Jones. Seriously, if you’re an InfoWars fan set the chemtrails stuff aside. Devote 5 mins to this. It will change your life.",0,0,0,0,,,,,,,,,,
14143,8,"If you spend five minutes researching the matter you’ll find Jewish groups led by ADL are behind the protocols that led to the mass deplatforming of Alex Jones. Seriously, if you’re an InfoWars fan set the chemtrails stuff aside. Devote 5 mins to this. It will change your life.",1,1,0,0,1.0,0.0,0.0,0.0,0.0,0.0,0.0,0.0,0.0,1.0
14687,4,Are Preppers Terrorists ? https://www.youtube.com/watch?v=fsGj9PsWtZ8  #GabFam #Gab #BritFam #UK,0,0,0,0,,,,,,,,,,
14687,15,Are Preppers Terrorists ? https://www.youtube.com/watch?v=fsGj9PsWtZ8  #GabFam #Gab #BritFam #UK,0,0,0,0,,,,,,,,,,
14687,10,Are Preppers Terrorists ? https://www.youtube.com/watch?v=fsGj9PsWtZ8  #GabFam #Gab #BritFam #UK,1,1,0,0,0.0,0.0,0.0,0.0,1.0,0.0,0.0,0.0,1.0,0.0
14687,8,Are Preppers Terrorists ? https://www.youtube.com/watch?v=fsGj9PsWtZ8  #GabFam #Gab #BritFam #UK,1,1,0,0,0.0,0.0,0.0,0.0,1.0,0.0,0.0,0.0,0.0,1.0
15348,4,"A black actor plays a GOOD role model on TV for half a decade. No rap, no crap, plays a dedicated father, husband and doctor. Works hard. That doesn't sell, honesty and integrity don't make a black man famous these days. But he keeps his head up and takes some good, honest, hard work while in his 50s, workong at a grocery store. No welfare check. Work. Two lesbians see him, snap his picture withou...",0,0,0,1,,,,,,,,,,
15348,15,"A black actor plays a GOOD role model on TV for half a decade. No rap, no crap, plays a dedicated father, husband and doctor. Works hard. That doesn't sell, honesty and integrity don't make a black man famous these days. But he keeps his head up and takes some good, honest, hard work while in his 50s, workong at a grocery store. No welfare check. Work. Two lesbians see him, snap his picture withou...",1,1,0,0,0.0,1.0,0.0,0.0,0.0,0.0,0.0,0.0,1.0,0.0
15348,10,"A black actor plays a GOOD role model on TV for half a decade. No rap, no crap, plays a dedicated father, husband and doctor. Works hard. That doesn't sell, honesty and integrity don't make a black man famous these days. But he keeps his head up and takes some good, honest, hard work while in his 50s, workong at a grocery store. No welfare check. Work. Two lesbians see him, snap his picture withou...",0,0,0,0,,,,,,,,,,
15348,8,"A black actor plays a GOOD role model on TV for half a decade. No rap, no crap, plays a dedicated father, husband and doctor. Works hard. That doesn't sell, honesty and integrity don't make a black man famous these days. But he keeps his head up and takes some good, honest, hard work while in his 50s, workong at a grocery store. No welfare check. Work. Two lesbians see him, snap his picture withou...",1,1,0,0,0.0,1.0,1.0,0.0,0.0,0.0,0.0,0.0,0.0,0.0
15349,4,"At the Aretha Franklin funeral today, Rev. Jasper Williams, Jr. caused a mass triggering among the children of the lie. He called out the problems in the black community; especially black-on-black violence and rampant single motherhood. He preached against the hypocrisy of Black Lives Matter. He said blacks have killed more blacks than the KKk ever did and that single, black, women cannot raise st...",0,0,0,0,,,,,,,,,,
15349,15,"At the Aretha Franklin funeral today, Rev. Jasper Williams, Jr. caused a mass triggering among the children of the lie. He called out the problems in the black community; especially black-on-black violence and rampant single motherhood. He preached against the hypocrisy of Black Lives Matter. He said blacks have killed more blacks than the KKk ever did and that single, black, women cannot raise st...",1,1,0,0,0.0,1.0,0.0,0.0,0.0,0.0,0.0,0.0,1.0,0.0
15349,10,"At the Aretha Franklin funeral today, Rev. Jasper Williams, Jr. caused a mass triggering among the children of the lie. He called out the problems in the black community; especially black-on-black violence and rampant single motherhood. He preached against the hypocrisy of Black Lives Matter. He said blacks have killed more blacks than the KKk ever did and that single, black, women cannot raise st...",0,0,0,0,,,,,,,,,,
15349,8,"At the Aretha Franklin funeral today, Rev. Jasper Williams, Jr. caused a mass triggering among the children of the lie. He called out the problems in the black community; especially black-on-black violence and rampant single motherhood. He preached against the hypocrisy of Black Lives Matter. He said blacks have killed more blacks than the KKk ever did and that single, black, women cannot raise st...",1,1,0,0,0.0,1.0,0.0,0.0,0.0,0.0,0.0,0.0,0.0,1.0
15350,4,"Monkey, monkey, monkey, monkey, monkey, monkey, monkey, monkey 🐵🐒🦍 Just saying it before my Google keyboard won't let my white fingers type it out anymore.  ***UNAUTHORIZED WORD SEQUENCE*** YOU DO NOT HAVE THE CORRECT DNA PATTERN TO USE THIS WORD. PLEASE TRY A DIFFERENT WORD. CONTINUED ATTEMPTS TO USE UNAUTHORIZED WORDS MAY RESULT IN THE SUSPENSION OF YOUR DATA PRIVILEGES.",0,0,0,0,,,,,,,,,,
15350,15,"Monkey, monkey, monkey, monkey, monkey, monkey, monkey, monkey 🐵🐒🦍 Just saying it before my Google keyboard won't let my white fingers type it out anymore.  ***UNAUTHORIZED WORD SEQUENCE*** YOU DO NOT HAVE THE CORRECT DNA PATTERN TO USE THIS WORD. PLEASE TRY A DIFFERENT WORD. CONTINUED ATTEMPTS TO USE UNAUTHORIZED WORDS MAY RESULT IN THE SUSPENSION OF YOUR DATA PRIVILEGES.",0,0,0,0,,,,,,,,,,
15350,10,"Monkey, monkey, monkey, monkey, monkey, monkey, monkey, monkey 🐵🐒🦍 Just saying it before my Google keyboard won't let my white fingers type it out anymore.  ***UNAUTHORIZED WORD SEQUENCE*** YOU DO NOT HAVE THE CORRECT DNA PATTERN TO USE THIS WORD. PLEASE TRY A DIFFERENT WORD. CONTINUED ATTEMPTS TO USE UNAUTHORIZED WORDS MAY RESULT IN THE SUSPENSION OF YOUR DATA PRIVILEGES.",1,1,0,0,0.0,1.0,0.0,0.0,0.0,1.0,0.0,0.0,1.0,0.0
15350,8,"Monkey, monkey, monkey, monkey, monkey, monkey, monkey, monkey 🐵🐒🦍 Just saying it before my Google keyboard won't let my white fingers type it out anymore.  ***UNAUTHORIZED WORD SEQUENCE*** YOU DO NOT HAVE THE CORRECT DNA PATTERN TO USE THIS WORD. PLEASE TRY A DIFFERENT WORD. CONTINUED ATTEMPTS TO USE UNAUTHORIZED WORDS MAY RESULT IN THE SUSPENSION OF YOUR DATA PRIVILEGES.",1,1,0,1,0.0,1.0,0.0,0.0,0.0,0.0,0.0,0.0,1.0,0.0
15463,4,"Headline: Republicans Resist Plan To Rename Senate Building For McCain  I don't know, 'Crapweasel Senate Building' kind of has a ring to it.",1,1,0,1,0.0,0.0,0.0,0.0,0.0,0.0,1.0,0.0,1.0,0.0
15463,15,"Headline: Republicans Resist Plan To Rename Senate Building For McCain  I don't know, 'Crapweasel Senate Building' kind of has a ring to it.",1,1,0,0,0.0,0.0,0.0,0.0,1.0,0.0,1.0,0.0,1.0,0.0
15463,10,"Headline: Republicans Resist Plan To Rename Senate Building For McCain  I don't know, 'Crapweasel Senate Building' kind of has a ring to it.",0,0,0,0,,,,,,,,,,
15463,8,"Headline: Republicans Resist Plan To Rename Senate Building For McCain  I don't know, 'Crapweasel Senate Building' kind of has a ring to it.",0,0,0,0,,,,,,,,,,
15466,4,"Amazing how the guy who wrote/directed the greatest libertarian TV show of all time (Firefly) and the greatest libertarian movie of all time (Serenity) turned into such a far-left idiot. Yeah, talking about 'male feminist' Trump-hating moron Joss Whedon.",0,0,0,1,,,,,,,,,,
15466,15,"Amazing how the guy who wrote/directed the greatest libertarian TV show of all time (Firefly) and the greatest libertarian movie of all time (Serenity) turned into such a far-left idiot. Yeah, talking about 'male feminist' Trump-hating moron Joss Whedon.",1,1,0,1,0.0,0.0,0.0,1.0,1.0,0.0,0.0,0.0,1.0,0.0
15466,10,"Amazing how the guy who wrote/directed the greatest libertarian TV show of all time (Firefly) and the greatest libertarian movie of all time (Serenity) turned into such a far-left idiot. Yeah, talking about 'male feminist' Trump-hating moron Joss Whedon.",0,0,0,0,,,,,,,,,,
15466,8,"Amazing how the guy who wrote/directed the greatest libertarian TV show of all time (Firefly) and the greatest libertarian movie of all time (Serenity) turned into such a far-left idiot. Yeah, talking about 'male feminist' Trump-hating moron Joss Whedon.",1,1,0,1,0.0,0.0,0.0,0.0,0.0,0.0,1.0,0.0,1.0,0.0
15684,4,'First Man' is a liberal's wet dream. So pretty much a fantasy fiction movie. I'll pass.,0,0,0,0,,,,,,,,,,
15684,15,'First Man' is a liberal's wet dream. So pretty much a fantasy fiction movie. I'll pass.,0,0,0,0,,,,,,,,,,
15684,10,'First Man' is a liberal's wet dream. So pretty much a fantasy fiction movie. I'll pass.,0,0,0,0,,,,,,,,,,
15684,8,'First Man' is a liberal's wet dream. So pretty much a fantasy fiction movie. I'll pass.,1,1,0,0,0.0,0.0,0.0,0.0,0.0,0.0,1.0,0.0,0.0,1.0
15684,14,'First Man' is a liberal's wet dream. So pretty much a fantasy fiction movie. I'll pass.,1,1,0,1,0.0,0.0,0.0,0.0,1.0,0.0,1.0,0.0,1.0,0.0
15686,4,I bet some one at NPR will be fired for reporting the truth.,0,0,0,0,,,,,,,,,,
15686,15,I bet some one at NPR will be fired for reporting the truth.,0,0,0,0,,,,,,,,,,
15686,10,I bet some one at NPR will be fired for reporting the truth.,0,0,0,0,,,,,,,,,,
15686,8,I bet some one at NPR will be fired for reporting the truth.,1,1,0,0,0.0,0.0,0.0,0.0,1.0,0.0,0.0,0.0,0.0,0.0
15686,14,I bet some one at NPR will be fired for reporting the truth.,1,1,0,0,0.0,0.0,0.0,0.0,0.0,0.0,0.0,0.0,1.0,0.0
16513,4,"That's all leftist BS. You've bought the lie. Before Obamacare, the majority of people who didn't have health insurance chose not to have health insurance, but they still had access to medical care, just at the non-insured price. The non-insured price is most often less than the insured price. With very few egregious exceptions, people were not denied medical care. Life expectancy actually decline...",1,1,0,0,0.0,0.0,0.0,0.0,0.0,0.0,1.0,0.0,0.0,0.0
16513,15,"That's all leftist BS. You've bought the lie. Before Obamacare, the majority of people who didn't have health insurance chose not to have health insurance, but they still had access to medical care, just at the non-insured price. The non-insured price is most often less than the insured price. With very few egregious exceptions, people were not denied medical care. Life expectancy actually decline...",1,1,0,0,0.0,0.0,0.0,0.0,1.0,0.0,0.0,0.0,0.0,1.0
16513,10,"That's all leftist BS. You've bought the lie. Before Obamacare, the majority of people who didn't have health insurance chose not to have health insurance, but they still had access to medical care, just at the non-insured price. The non-insured price is most often less than the insured price. With very few egregious exceptions, people were not denied medical care. Life expectancy actually decline...",0,0,0,0,,,,,,,,,,
16513,8,"That's all leftist BS. You've bought the lie. Before Obamacare, the majority of people who didn't have health insurance chose not to have health insurance, but they still had access to medical care, just at the non-insured price. The non-insured price is most often less than the insured price. With very few egregious exceptions, people were not denied medical care. Life expectancy actually decline...",0,0,0,0,,,,,,,,,,
16513,14,"That's all leftist BS. You've bought the lie. Before Obamacare, the majority of people who didn't have health insurance chose not to have health insurance, but they still had access to medical care, just at the non-insured price. The non-insured price is most often less than the insured price. With very few egregious exceptions, people were not denied medical care. Life expectancy actually decline...",1,1,0,0,0.0,0.0,0.0,0.0,1.0,0.0,1.0,0.0,0.0,0.0
16515,4,Who cares what John Dean says. The commies keep living in the past.,0,0,0,0,,,,,,,,,,
16515,10,Who cares what John Dean says. The commies keep living in the past.,0,0,0,0,,,,,,,,,,
16515,8,Who cares what John Dean says. The commies keep living in the past.,1,1,0,0,0.0,0.0,0.0,0.0,0.0,0.0,1.0,0.0,0.0,1.0
16515,14,Who cares what John Dean says. The commies keep living in the past.,1,1,0,0,0.0,0.0,0.0,0.0,1.0,1.0,1.0,0.0,0.0,0.0
16605,4,"I have a blacke co-worker who listens to MSNBC all day on his computer. I had never watched the channel, and didn’t know much about it. I can now say it delivers the most incoherent set of conspiracy theories I have ever had to listen to.",0,0,0,0,,,,,,,,,,
16605,15,"I have a blacke co-worker who listens to MSNBC all day on his computer. I had never watched the channel, and didn’t know much about it. I can now say it delivers the most incoherent set of conspiracy theories I have ever had to listen to.",0,0,0,0,,,,,,,,,,
16605,10,"I have a blacke co-worker who listens to MSNBC all day on his computer. I had never watched the channel, and didn’t know much about it. I can now say it delivers the most incoherent set of conspiracy theories I have ever had to listen to.",0,0,0,0,,,,,,,,,,
16605,8,"I have a blacke co-worker who listens to MSNBC all day on his computer. I had never watched the channel, and didn’t know much about it. I can now say it delivers the most incoherent set of conspiracy theories I have ever had to listen to.",1,1,0,0,0.0,1.0,0.0,0.0,0.0,0.0,0.0,0.0,0.0,1.0
16605,14,"I have a blacke co-worker who listens to MSNBC all day on his computer. I had never watched the channel, and didn’t know much about it. I can now say it delivers the most incoherent set of conspiracy theories I have ever had to listen to.",1,1,0,0,0.0,1.0,0.0,0.0,0.0,0.0,0.0,0.0,1.0,0.0
16609,4,It may not be an exclusive “black thing” but it is in high proportion to the black populace. https://www.amren.com/news/2018/08/former-mayor-fo...,0,0,0,0,,,,,,,,,,
16609,15,It may not be an exclusive “black thing” but it is in high proportion to the black populace. https://www.amren.com/news/2018/08/former-mayor-fo...,0,0,0,0,,,,,,,,,,
16609,10,It may not be an exclusive “black thing” but it is in high proportion to the black populace. https://www.amren.com/news/2018/08/former-mayor-fo...,1,1,0,0,0.0,1.0,0.0,0.0,0.0,0.0,0.0,0.0,0.0,1.0
16609,8,It may not be an exclusive “black thing” but it is in high proportion to the black populace. https://www.amren.com/news/2018/08/former-mayor-fo...,1,1,0,0,0.0,1.0,0.0,0.0,0.0,0.0,0.0,0.0,0.0,0.0
16609,14,It may not be an exclusive “black thing” but it is in high proportion to the black populace. https://www.amren.com/news/2018/08/former-mayor-fo...,1,1,0,0,0.0,1.0,0.0,0.0,0.0,0.0,0.0,0.0,0.0,0.0
16814,4,"Oh, good!  Someone named Pankaj Mishra is here to tell me why my race isn’t worthy of looking after its own interests like everyone else is. https://www.nytimes.com/2018/08/30/opinion/race-po...",0,0,0,0,,,,,,,,,,
16814,15,"Oh, good!  Someone named Pankaj Mishra is here to tell me why my race isn’t worthy of looking after its own interests like everyone else is. https://www.nytimes.com/2018/08/30/opinion/race-po...",0,0,0,0,,,,,,,,,,
16814,10,"Oh, good!  Someone named Pankaj Mishra is here to tell me why my race isn’t worthy of looking after its own interests like everyone else is. https://www.nytimes.com/2018/08/30/opinion/race-po...",1,1,0,0,0.0,0.0,0.0,0.0,0.0,0.0,0.0,0.0,0.0,0.0
16814,8,"Oh, good!  Someone named Pankaj Mishra is here to tell me why my race isn’t worthy of looking after its own interests like everyone else is. https://www.nytimes.com/2018/08/30/opinion/race-po...",1,1,0,0,0.0,1.0,0.0,0.0,0.0,0.0,0.0,0.0,0.0,1.0
16900,4,'Mentally Ill' by jiangweisen https://www.deviantart.com/jiangweisen/art/Mentall...check out this article on #Canada releasing a Muslim terrorist who went on a stabbing rampage -- the land of the northern loons.,0,0,0,0,,,,,,,,,,
16900,15,'Mentally Ill' by jiangweisen https://www.deviantart.com/jiangweisen/art/Mentall...check out this article on #Canada releasing a Muslim terrorist who went on a stabbing rampage -- the land of the northern loons.,1,1,0,0,1.0,0.0,0.0,0.0,0.0,1.0,0.0,0.0,1.0,0.0
16900,10,'Mentally Ill' by jiangweisen https://www.deviantart.com/jiangweisen/art/Mentall...check out this article on #Canada releasing a Muslim terrorist who went on a stabbing rampage -- the land of the northern loons.,0,0,0,0,,,,,,,,,,
16900,8,'Mentally Ill' by jiangweisen https://www.deviantart.com/jiangweisen/art/Mentall...check out this article on #Canada releasing a Muslim terrorist who went on a stabbing rampage -- the land of the northern loons.,1,1,0,0,1.0,1.0,0.0,0.0,0.0,1.0,0.0,0.0,1.0,0.0
17155,4,NEW YORK CITY: Avi Yemeni’s man-on-the-street interviews about Donald Trump in the middle of Times Square http://barenakedislam.com/2018/08/31/new-york-city... #AgendaOfEvil,0,0,0,0,,,,,,,,,,
17155,15,NEW YORK CITY: Avi Yemeni’s man-on-the-street interviews about Donald Trump in the middle of Times Square http://barenakedislam.com/2018/08/31/new-york-city... #AgendaOfEvil,1,1,0,0,0.0,0.0,0.0,0.0,1.0,0.0,1.0,0.0,1.0,0.0
17155,10,NEW YORK CITY: Avi Yemeni’s man-on-the-street interviews about Donald Trump in the middle of Times Square http://barenakedislam.com/2018/08/31/new-york-city... #AgendaOfEvil,0,0,0,0,,,,,,,,,,
17155,8,NEW YORK CITY: Avi Yemeni’s man-on-the-street interviews about Donald Trump in the middle of Times Square http://barenakedislam.com/2018/08/31/new-york-city... #AgendaOfEvil,0,0,0,0,,,,,,,,,,
17155,14,NEW YORK CITY: Avi Yemeni’s man-on-the-street interviews about Donald Trump in the middle of Times Square http://barenakedislam.com/2018/08/31/new-york-city... #AgendaOfEvil,1,1,0,0,0.0,0.0,0.0,0.0,1.0,0.0,1.0,0.0,1.0,0.0
17156,4,Berlin: Attackers Hurl Stones at Church While Shouting “Allahu Akbar” https://www.newswars.com/berlin-attackers-hurl-sto... #AgendaOfEvil,0,0,0,0,,,,,,,,,,
17156,15,Berlin: Attackers Hurl Stones at Church While Shouting “Allahu Akbar” https://www.newswars.com/berlin-attackers-hurl-sto... #AgendaOfEvil,0,0,0,0,,,,,,,,,,
17156,10,Berlin: Attackers Hurl Stones at Church While Shouting “Allahu Akbar” https://www.newswars.com/berlin-attackers-hurl-sto... #AgendaOfEvil,0,0,0,0,,,,,,,,,,
17156,8,Berlin: Attackers Hurl Stones at Church While Shouting “Allahu Akbar” https://www.newswars.com/berlin-attackers-hurl-sto... #AgendaOfEvil,1,0,1,1,1.0,0.0,0.0,0.0,0.0,0.0,0.0,0.0,1.0,0.0
17156,14,Berlin: Attackers Hurl Stones at Church While Shouting “Allahu Akbar” https://www.newswars.com/berlin-attackers-hurl-sto... #AgendaOfEvil,1,1,0,0,1.0,0.0,0.0,0.0,0.0,1.0,0.0,0.0,0.0,0.0
17159,4,U.S. accuses China of ‘super aggressive’ spy campaign on LinkedIn https://www.newswars.com/u-s-accuses-china-of-supe... #AgendaOfEvil,0,0,0,0,,,,,,,,,,
17159,15,U.S. accuses China of ‘super aggressive’ spy campaign on LinkedIn https://www.newswars.com/u-s-accuses-china-of-supe... #AgendaOfEvil,0,0,0,0,,,,,,,,,,
17159,10,U.S. accuses China of ‘super aggressive’ spy campaign on LinkedIn https://www.newswars.com/u-s-accuses-china-of-supe... #AgendaOfEvil,0,0,0,0,,,,,,,,,,
17159,8,U.S. accuses China of ‘super aggressive’ spy campaign on LinkedIn https://www.newswars.com/u-s-accuses-china-of-supe... #AgendaOfEvil,1,1,0,0,0.0,0.0,0.0,0.0,0.0,1.0,0.0,0.0,0.0,1.0
17159,14,U.S. accuses China of ‘super aggressive’ spy campaign on LinkedIn https://www.newswars.com/u-s-accuses-china-of-supe... #AgendaOfEvil,1,1,0,0,0.0,0.0,0.0,0.0,1.0,1.0,0.0,0.0,0.0,0.0
17161,4,UK: Father of two jihadis killed in Syria threatens to have his wife shot if she gave evidence against him https://www.jihadwatch.org/2018/08/uk-father-of-tw... #AgendaOfEvil,1,0,1,0,0.0,0.0,0.0,0.0,0.0,0.0,0.0,0.0,0.0,0.0
17161,15,UK: Father of two jihadis killed in Syria threatens to have his wife shot if she gave evidence against him https://www.jihadwatch.org/2018/08/uk-father-of-tw... #AgendaOfEvil,0,0,0,0,,,,,,,,,,
17161,10,UK: Father of two jihadis killed in Syria threatens to have his wife shot if she gave evidence against him https://www.jihadwatch.org/2018/08/uk-father-of-tw... #AgendaOfEvil,0,0,0,0,,,,,,,,,,
17161,8,UK: Father of two jihadis killed in Syria threatens to have his wife shot if she gave evidence against him https://www.jihadwatch.org/2018/08/uk-father-of-tw... #AgendaOfEvil,1,1,0,0,0.0,0.0,0.0,0.0,1.0,1.0,0.0,0.0,0.0,1.0
17161,14,UK: Father of two jihadis killed in Syria threatens to have his wife shot if she gave evidence against him https://www.jihadwatch.org/2018/08/uk-father-of-tw... #AgendaOfEvil,1,1,0,0,0.0,0.0,0.0,0.0,1.0,1.0,1.0,0.0,0.0,1.0
17163,4,"Australia: Muslim on student visa arrested for jihad plots against former PM, “symbolic” locations https://www.jihadwatch.org/2018/08/australia-musli... #AgendaOfEvil",0,0,0,0,,,,,,,,,,
17163,15,"Australia: Muslim on student visa arrested for jihad plots against former PM, “symbolic” locations https://www.jihadwatch.org/2018/08/australia-musli... #AgendaOfEvil",0,0,0,0,,,,,,,,,,
17163,10,"Australia: Muslim on student visa arrested for jihad plots against former PM, “symbolic” locations https://www.jihadwatch.org/2018/08/australia-musli... #AgendaOfEvil",0,0,0,0,,,,,,,,,,
17163,8,"Australia: Muslim on student visa arrested for jihad plots against former PM, “symbolic” locations https://www.jihadwatch.org/2018/08/australia-musli... #AgendaOfEvil",1,1,0,0,0.0,0.0,0.0,0.0,1.0,1.0,0.0,0.0,0.0,1.0
17163,14,"Australia: Muslim on student visa arrested for jihad plots against former PM, “symbolic” locations https://www.jihadwatch.org/2018/08/australia-musli... #AgendaOfEvil",1,1,0,0,0.0,0.0,0.0,0.0,0.0,1.0,0.0,0.0,0.0,1.0
17164,4,It didn’t start with the Southern Poverty Law Center: the global jihad has always been aided by Useful Idiots https://www.jihadwatch.org/2018/08/it-didnt-start-... #AgendaOfEvil,1,1,0,0,0.0,0.0,0.0,0.0,0.0,0.0,1.0,0.0,0.0,1.0
17164,15,It didn’t start with the Southern Poverty Law Center: the global jihad has always been aided by Useful Idiots https://www.jihadwatch.org/2018/08/it-didnt-start-... #AgendaOfEvil,0,0,0,1,,,,,,,,,,
17164,10,It didn’t start with the Southern Poverty Law Center: the global jihad has always been aided by Useful Idiots https://www.jihadwatch.org/2018/08/it-didnt-start-... #AgendaOfEvil,0,0,0,0,,,,,,,,,,
17164,8,It didn’t start with the Southern Poverty Law Center: the global jihad has always been aided by Useful Idiots https://www.jihadwatch.org/2018/08/it-didnt-start-... #AgendaOfEvil,1,1,0,0,0.0,0.0,0.0,0.0,1.0,1.0,0.0,0.0,0.0,1.0
17164,14,It didn’t start with the Southern Poverty Law Center: the global jihad has always been aided by Useful Idiots https://www.jihadwatch.org/2018/08/it-didnt-start-... #AgendaOfEvil,1,1,0,0,0.0,0.0,0.0,0.0,0.0,1.0,0.0,0.0,1.0,0.0
17870,4,Flags have been at half-mast all week here because of that bastard McCain. I would be hard to find a more rotten statesman to memorialize. My flag stays flying high! FUCK JOHN MCCAIN http://halfstaff.org/,0,0,0,1,,,,,,,,,,
17870,15,Flags have been at half-mast all week here because of that bastard McCain. I would be hard to find a more rotten statesman to memorialize. My flag stays flying high! FUCK JOHN MCCAIN http://halfstaff.org/,1,1,0,1,0.0,0.0,0.0,0.0,1.0,0.0,1.0,0.0,1.0,0.0
17870,10,Flags have been at half-mast all week here because of that bastard McCain. I would be hard to find a more rotten statesman to memorialize. My flag stays flying high! FUCK JOHN MCCAIN http://halfstaff.org/,1,1,0,0,0.0,0.0,0.0,0.0,1.0,0.0,1.0,0.0,1.0,0.0
17870,8,Flags have been at half-mast all week here because of that bastard McCain. I would be hard to find a more rotten statesman to memorialize. My flag stays flying high! FUCK JOHN MCCAIN http://halfstaff.org/,0,0,0,0,,,,,,,,,,
17870,14,Flags have been at half-mast all week here because of that bastard McCain. I would be hard to find a more rotten statesman to memorialize. My flag stays flying high! FUCK JOHN MCCAIN http://halfstaff.org/,1,1,0,0,0.0,0.0,0.0,0.0,1.0,0.0,1.0,0.0,1.0,0.0
18041,4,The first clue that I'm a communist is my Ron Paul shirt. The second clue is my Anarchist profile quote. But what really seals the deal is referring to anti-semites as Jew Haters and trying to have a rational dialogue with them. Only a communist could be THAT stubbornly stupid.,0,0,0,0,,,,,,,,,,
18041,15,The first clue that I'm a communist is my Ron Paul shirt. The second clue is my Anarchist profile quote. But what really seals the deal is referring to anti-semites as Jew Haters and trying to have a rational dialogue with them. Only a communist could be THAT stubbornly stupid.,1,1,0,0,1.0,1.0,0.0,0.0,1.0,0.0,0.0,0.0,0.0,1.0
18041,10,The first clue that I'm a communist is my Ron Paul shirt. The second clue is my Anarchist profile quote. But what really seals the deal is referring to anti-semites as Jew Haters and trying to have a rational dialogue with them. Only a communist could be THAT stubbornly stupid.,0,0,0,0,,,,,,,,,,
18041,8,The first clue that I'm a communist is my Ron Paul shirt. The second clue is my Anarchist profile quote. But what really seals the deal is referring to anti-semites as Jew Haters and trying to have a rational dialogue with them. Only a communist could be THAT stubbornly stupid.,1,1,0,0,0.0,0.0,0.0,0.0,0.0,0.0,1.0,0.0,1.0,0.0
18133,4,RED ICE TV Proof That Liberalism Is A Cult - Amazing Polly This is worth watching. https://youtu.be/FzdhANrkqkw,1,1,0,0,0.0,0.0,0.0,0.0,1.0,0.0,0.0,0.0,0.0,1.0
18133,15,RED ICE TV Proof That Liberalism Is A Cult - Amazing Polly This is worth watching. https://youtu.be/FzdhANrkqkw,0,0,0,0,,,,,,,,,,
18133,10,RED ICE TV Proof That Liberalism Is A Cult - Amazing Polly This is worth watching. https://youtu.be/FzdhANrkqkw,0,0,0,0,,,,,,,,,,
18133,8,RED ICE TV Proof That Liberalism Is A Cult - Amazing Polly This is worth watching. https://youtu.be/FzdhANrkqkw,1,1,0,1,0.0,0.0,0.0,0.0,0.0,0.0,1.0,0.0,1.0,0.0
18243,4,"Texans, be aware that the corrupt deep state is spending millions to turn your state blue.   Don't be lazy.  Get registered and vote!   Donald Trump says he'll campaign for Ted Cruz at 'biggest stadium in Texas we can find' https://www.texastribune.org/2018/08/31/ted-cruz-b...",1,1,0,0,0.0,0.0,0.0,0.0,0.0,1.0,0.0,0.0,0.0,1.0
18243,15,"Texans, be aware that the corrupt deep state is spending millions to turn your state blue.   Don't be lazy.  Get registered and vote!   Donald Trump says he'll campaign for Ted Cruz at 'biggest stadium in Texas we can find' https://www.texastribune.org/2018/08/31/ted-cruz-b...",0,0,0,0,,,,,,,,,,
18243,10,"Texans, be aware that the corrupt deep state is spending millions to turn your state blue.   Don't be lazy.  Get registered and vote!   Donald Trump says he'll campaign for Ted Cruz at 'biggest stadium in Texas we can find' https://www.texastribune.org/2018/08/31/ted-cruz-b...",0,0,0,0,,,,,,,,,,
18243,8,"Texans, be aware that the corrupt deep state is spending millions to turn your state blue.   Don't be lazy.  Get registered and vote!   Donald Trump says he'll campaign for Ted Cruz at 'biggest stadium in Texas we can find' https://www.texastribune.org/2018/08/31/ted-cruz-b...",1,1,0,0,0.0,0.0,0.0,0.0,0.0,0.0,1.0,0.0,1.0,0.0
18267,4,"Really we need to rebuild community. Mormons are starting to crack, but they're still punching above their European-American demographic weight.",1,1,0,0,1.0,0.0,0.0,0.0,0.0,0.0,0.0,0.0,0.0,1.0
18267,15,"Really we need to rebuild community. Mormons are starting to crack, but they're still punching above their European-American demographic weight.",0,0,0,0,,,,,,,,,,
18267,10,"Really we need to rebuild community. Mormons are starting to crack, but they're still punching above their European-American demographic weight.",0,0,0,0,,,,,,,,,,
18267,8,"Really we need to rebuild community. Mormons are starting to crack, but they're still punching above their European-American demographic weight.",1,1,0,0,1.0,0.0,0.0,0.0,0.0,0.0,0.0,0.0,0.0,0.0
18407,4,"'...a group of men who worked towards a plot to bomb the Toronto Stock Exchange, shoot up the CBC headquarters and storm Parliament Hill in Ottawa. They wanted to behead then-prime minister Stephen Harper.'  https://torontosun.com/opinion/columnists/malcolm-...  The point where The Cowardly Maggot #CdnMedia #CBC became #Muslim sympathizers??",0,0,0,0,,,,,,,,,,
18407,15,"'...a group of men who worked towards a plot to bomb the Toronto Stock Exchange, shoot up the CBC headquarters and storm Parliament Hill in Ottawa. They wanted to behead then-prime minister Stephen Harper.'  https://torontosun.com/opinion/columnists/malcolm-...  The point where The Cowardly Maggot #CdnMedia #CBC became #Muslim sympathizers??",1,1,0,1,1.0,0.0,0.0,0.0,0.0,1.0,0.0,0.0,1.0,0.0
18407,10,"'...a group of men who worked towards a plot to bomb the Toronto Stock Exchange, shoot up the CBC headquarters and storm Parliament Hill in Ottawa. They wanted to behead then-prime minister Stephen Harper.'  https://torontosun.com/opinion/columnists/malcolm-...  The point where The Cowardly Maggot #CdnMedia #CBC became #Muslim sympathizers??",0,0,0,0,,,,,,,,,,
18407,8,"'...a group of men who worked towards a plot to bomb the Toronto Stock Exchange, shoot up the CBC headquarters and storm Parliament Hill in Ottawa. They wanted to behead then-prime minister Stephen Harper.'  https://torontosun.com/opinion/columnists/malcolm-...  The point where The Cowardly Maggot #CdnMedia #CBC became #Muslim sympathizers??",1,1,1,1,1.0,0.0,0.0,0.0,0.0,0.0,0.0,0.0,0.0,0.0
18407,14,"'...a group of men who worked towards a plot to bomb the Toronto Stock Exchange, shoot up the CBC headquarters and storm Parliament Hill in Ottawa. They wanted to behead then-prime minister Stephen Harper.'  https://torontosun.com/opinion/columnists/malcolm-...  The point where The Cowardly Maggot #CdnMedia #CBC became #Muslim sympathizers??",1,1,0,1,0.0,0.0,0.0,0.0,0.0,1.0,0.0,0.0,1.0,0.0
18408,4,The #PoliceState that is #Canada is alive and well; https://torontosun.com/news/crime/media-lawyers-mo...,1,1,0,0,0.0,0.0,0.0,0.0,0.0,1.0,0.0,0.0,1.0,0.0
18408,15,The #PoliceState that is #Canada is alive and well; https://torontosun.com/news/crime/media-lawyers-mo...,0,0,0,0,,,,,,,,,,
18408,10,The #PoliceState that is #Canada is alive and well; https://torontosun.com/news/crime/media-lawyers-mo...,0,0,0,0,,,,,,,,,,
18408,8,The #PoliceState that is #Canada is alive and well; https://torontosun.com/news/crime/media-lawyers-mo...,1,1,0,0,0.0,0.0,0.0,0.0,0.0,1.0,0.0,0.0,0.0,1.0
18547,4,Today is “International Vulture Awareness Day” Who knew ? 🤷🏼‍♂️ There are some left wing carcuses out there....just sayin !,0,0,0,0,,,,,,,,,,
18547,15,Today is “International Vulture Awareness Day” Who knew ? 🤷🏼‍♂️ There are some left wing carcuses out there....just sayin !,1,1,0,1,0.0,0.0,0.0,0.0,1.0,0.0,1.0,0.0,0.0,1.0
18547,10,Today is “International Vulture Awareness Day” Who knew ? 🤷🏼‍♂️ There are some left wing carcuses out there....just sayin !,0,0,0,0,,,,,,,,,,
18547,8,Today is “International Vulture Awareness Day” Who knew ? 🤷🏼‍♂️ There are some left wing carcuses out there....just sayin !,1,1,0,0,0.0,0.0,0.0,0.0,0.0,0.0,1.0,0.0,0.0,1.0
18547,14,Today is “International Vulture Awareness Day” Who knew ? 🤷🏼‍♂️ There are some left wing carcuses out there....just sayin !,1,1,1,1,0.0,0.0,0.0,0.0,1.0,0.0,1.0,0.0,0.0,0.0
18550,4,Damn racist Republicans.......,1,1,0,1,0.0,0.0,0.0,0.0,0.0,0.0,1.0,0.0,0.0,1.0
18550,15,Damn racist Republicans.......,0,0,0,0,,,,,,,,,,
18550,10,Damn racist Republicans.......,0,0,0,0,,,,,,,,,,
18550,8,Damn racist Republicans.......,1,1,0,0,0.0,0.0,0.0,0.0,1.0,0.0,1.0,0.0,0.0,1.0
18550,14,Damn racist Republicans.......,1,1,0,1,0.0,0.0,0.0,0.0,1.0,0.0,1.0,0.0,1.0,0.0
18628,4,...Grab them by the pussy Inshallah https://www.franceinter.fr/societe/une-coupe-une-f...,1,0,1,1,0.0,0.0,0.0,0.0,0.0,0.0,0.0,0.0,0.0,0.0
18628,15,...Grab them by the pussy Inshallah https://www.franceinter.fr/societe/une-coupe-une-f...,1,1,0,1,1.0,0.0,0.0,1.0,0.0,0.0,0.0,0.0,1.0,0.0
18628,10,...Grab them by the pussy Inshallah https://www.franceinter.fr/societe/une-coupe-une-f...,0,0,0,0,,,,,,,,,,
18628,8,...Grab them by the pussy Inshallah https://www.franceinter.fr/societe/une-coupe-une-f...,0,0,0,0,,,,,,,,,,
18705,4,"In Mormonism, a man can have many wives. For what is he being punished?",0,0,0,0,,,,,,,,,,
18705,15,"In Mormonism, a man can have many wives. For what is he being punished?",0,0,0,0,,,,,,,,,,
18705,10,"In Mormonism, a man can have many wives. For what is he being punished?",1,1,0,0,0.0,0.0,0.0,1.0,0.0,0.0,0.0,0.0,0.0,0.0
18705,8,"In Mormonism, a man can have many wives. For what is he being punished?",1,1,0,1,0.0,0.0,0.0,1.0,0.0,0.0,0.0,0.0,0.0,1.0
19155,4,Absolutely agree with everything...except perhaps compensating them. Muslims are raised to have strong hatred for non-Muslims and seek to subjugate them and force them to live as persecuted second class citizens - people as poisonous as this do not deserve the slightest bit of recompense or civility. Burma has the right idea.,1,1,0,0,1.0,0.0,0.0,0.0,0.0,0.0,0.0,0.0,0.0,1.0
19155,15,Absolutely agree with everything...except perhaps compensating them. Muslims are raised to have strong hatred for non-Muslims and seek to subjugate them and force them to live as persecuted second class citizens - people as poisonous as this do not deserve the slightest bit of recompense or civility. Burma has the right idea.,0,0,0,0,,,,,,,,,,
19155,10,Absolutely agree with everything...except perhaps compensating them. Muslims are raised to have strong hatred for non-Muslims and seek to subjugate them and force them to live as persecuted second class citizens - people as poisonous as this do not deserve the slightest bit of recompense or civility. Burma has the right idea.,0,0,0,0,,,,,,,,,,
19155,8,Absolutely agree with everything...except perhaps compensating them. Muslims are raised to have strong hatred for non-Muslims and seek to subjugate them and force them to live as persecuted second class citizens - people as poisonous as this do not deserve the slightest bit of recompense or civility. Burma has the right idea.,1,1,1,1,1.0,0.0,0.0,0.0,0.0,0.0,0.0,0.0,1.0,0.0
19316,4,There are enough black millionaires in South Africa. So why the unrest? I think its the local commies.  @alternative_right @anv @seamrog @arquatrix @KMGVictoria @TomKawszynski  https://businesstech.co.za/news/wealth/121059/blac...,1,1,0,0,0.0,0.0,0.0,0.0,1.0,0.0,0.0,0.0,0.0,1.0
19316,15,There are enough black millionaires in South Africa. So why the unrest? I think its the local commies.  @alternative_right @anv @seamrog @arquatrix @KMGVictoria @TomKawszynski  https://businesstech.co.za/news/wealth/121059/blac...,0,0,0,0,,,,,,,,,,
19316,10,There are enough black millionaires in South Africa. So why the unrest? I think its the local commies.  @alternative_right @anv @seamrog @arquatrix @KMGVictoria @TomKawszynski  https://businesstech.co.za/news/wealth/121059/blac...,0,0,0,0,,,,,,,,,,
19316,8,There are enough black millionaires in South Africa. So why the unrest? I think its the local commies.  @alternative_right @anv @seamrog @arquatrix @KMGVictoria @TomKawszynski  https://businesstech.co.za/news/wealth/121059/blac...,1,1,0,0,0.0,0.0,0.0,0.0,0.0,0.0,1.0,0.0,0.0,1.0
19316,14,There are enough black millionaires in South Africa. So why the unrest? I think its the local commies.  @alternative_right @anv @seamrog @arquatrix @KMGVictoria @TomKawszynski  https://businesstech.co.za/news/wealth/121059/blac...,1,1,0,1,0.0,0.0,0.0,0.0,1.0,0.0,1.0,0.0,1.0,0.0
19323,4,Technically possible that South Africa is a systemic risk for West and the East.  1. Export health risk (40% of deaths attributed to AIDS) 2. Security risk (Desire to attack whites and American soldiers in Venezuela specifically) 3. Highly transacted currency and logistic impediment. @alternative_right @ANV @seamrog @arquatrix @KMGVictoria,1,1,0,0,0.0,0.0,0.0,0.0,0.0,1.0,0.0,0.0,0.0,1.0
19323,15,Technically possible that South Africa is a systemic risk for West and the East.  1. Export health risk (40% of deaths attributed to AIDS) 2. Security risk (Desire to attack whites and American soldiers in Venezuela specifically) 3. Highly transacted currency and logistic impediment. @alternative_right @ANV @seamrog @arquatrix @KMGVictoria,0,0,0,0,,,,,,,,,,
19323,10,Technically possible that South Africa is a systemic risk for West and the East.  1. Export health risk (40% of deaths attributed to AIDS) 2. Security risk (Desire to attack whites and American soldiers in Venezuela specifically) 3. Highly transacted currency and logistic impediment. @alternative_right @ANV @seamrog @arquatrix @KMGVictoria,0,0,0,0,,,,,,,,,,
19323,8,Technically possible that South Africa is a systemic risk for West and the East.  1. Export health risk (40% of deaths attributed to AIDS) 2. Security risk (Desire to attack whites and American soldiers in Venezuela specifically) 3. Highly transacted currency and logistic impediment. @alternative_right @ANV @seamrog @arquatrix @KMGVictoria,1,1,0,1,0.0,0.0,0.0,0.0,0.0,1.0,0.0,0.0,1.0,0.0
19691,4,The left can't meme because their memes usually invoke Poe's Law.,1,1,0,0,0.0,0.0,0.0,0.0,0.0,0.0,1.0,0.0,1.0,0.0
19691,15,The left can't meme because their memes usually invoke Poe's Law.,0,0,0,0,,,,,,,,,,
19691,10,The left can't meme because their memes usually invoke Poe's Law.,0,0,0,0,,,,,,,,,,
19691,8,The left can't meme because their memes usually invoke Poe's Law.,1,1,0,0,0.0,0.0,0.0,0.0,0.0,0.0,1.0,0.0,0.0,1.0
19703,4,"I'll never understand the mindset of a white liberal,  constantly wanting to act against yours and your own people's self interest.... It's so strange,  won't find any other race on the planet thats been tricked into believing that acting in their own self interest is somehow bad or wrong.",1,1,0,0,0.0,1.0,0.0,0.0,0.0,0.0,0.0,0.0,0.0,1.0
19703,15,"I'll never understand the mindset of a white liberal,  constantly wanting to act against yours and your own people's self interest.... It's so strange,  won't find any other race on the planet thats been tricked into believing that acting in their own self interest is somehow bad or wrong.",0,0,0,0,,,,,,,,,,
19703,10,"I'll never understand the mindset of a white liberal,  constantly wanting to act against yours and your own people's self interest.... It's so strange,  won't find any other race on the planet thats been tricked into believing that acting in their own self interest is somehow bad or wrong.",0,0,0,0,,,,,,,,,,
19703,8,"I'll never understand the mindset of a white liberal,  constantly wanting to act against yours and your own people's self interest.... It's so strange,  won't find any other race on the planet thats been tricked into believing that acting in their own self interest is somehow bad or wrong.",1,1,0,0,0.0,1.0,0.0,0.0,0.0,0.0,1.0,0.0,0.0,1.0
19749,4,Everything that we must fight in order to preserve the West in one image. #cuckoldry #fat #feminism,0,0,0,0,,,,,,,,,,
19749,15,Everything that we must fight in order to preserve the West in one image. #cuckoldry #fat #feminism,1,1,0,0,0.0,0.0,0.0,1.0,0.0,0.0,0.0,0.0,0.0,1.0
19749,10,Everything that we must fight in order to preserve the West in one image. #cuckoldry #fat #feminism,0,0,0,0,,,,,,,,,,
19749,8,Everything that we must fight in order to preserve the West in one image. #cuckoldry #fat #feminism,1,1,0,0,0.0,0.0,0.0,1.0,0.0,0.0,0.0,1.0,0.0,1.0
19750,4,#memes I'm looking for memes about how truly enslaved you are if you are fat cuckold to the NWO 'freedom' of capitalism. Who gots em?,0,0,0,0,,,,,,,,,,
19750,15,#memes I'm looking for memes about how truly enslaved you are if you are fat cuckold to the NWO 'freedom' of capitalism. Who gots em?,1,1,0,1,0.0,0.0,0.0,0.0,1.0,0.0,0.0,0.0,1.0,0.0
19750,10,#memes I'm looking for memes about how truly enslaved you are if you are fat cuckold to the NWO 'freedom' of capitalism. Who gots em?,0,0,0,0,,,,,,,,,,
19750,8,#memes I'm looking for memes about how truly enslaved you are if you are fat cuckold to the NWO 'freedom' of capitalism. Who gots em?,1,1,0,1,0.0,0.0,0.0,0.0,0.0,0.0,1.0,1.0,1.0,0.0
19752,4,Who among us doesn't pray every day for the left to initiate aggression?,0,0,0,0,,,,,,,,,,
19752,15,Who among us doesn't pray every day for the left to initiate aggression?,0,0,0,0,,,,,,,,,,
19752,10,Who among us doesn't pray every day for the left to initiate aggression?,1,0,1,0,0.0,0.0,0.0,0.0,1.0,0.0,0.0,0.0,1.0,0.0
19752,8,Who among us doesn't pray every day for the left to initiate aggression?,1,1,0,0,0.0,0.0,0.0,0.0,0.0,0.0,1.0,0.0,0.0,1.0
19754,4,The true test of the virtue of a person in the Current Year is to hear that person audibly state that white people have a right to their own spaces/neighborhoods/communities/cities/nations. #prowhite Free speech extends to free association.,0,0,0,0,,,,,,,,,,
19754,15,The true test of the virtue of a person in the Current Year is to hear that person audibly state that white people have a right to their own spaces/neighborhoods/communities/cities/nations. #prowhite Free speech extends to free association.,0,0,0,0,,,,,,,,,,
19754,10,The true test of the virtue of a person in the Current Year is to hear that person audibly state that white people have a right to their own spaces/neighborhoods/communities/cities/nations. #prowhite Free speech extends to free association.,1,1,0,0,0.0,1.0,0.0,0.0,0.0,0.0,0.0,0.0,1.0,0.0
19754,8,The true test of the virtue of a person in the Current Year is to hear that person audibly state that white people have a right to their own spaces/neighborhoods/communities/cities/nations. #prowhite Free speech extends to free association.,1,1,0,1,0.0,1.0,0.0,0.0,0.0,0.0,0.0,0.0,1.0,0.0
19787,4,She's not going to help you. You're white. She's black. She wants to see you dead.  https://tribunist.com/news/security-guard-filmed-a...,0,0,0,0,,,,,,,,,,
19787,15,She's not going to help you. You're white. She's black. She wants to see you dead.  https://tribunist.com/news/security-guard-filmed-a...,1,1,0,0,0.0,1.0,0.0,0.0,0.0,0.0,0.0,0.0,1.0,0.0
19787,10,She's not going to help you. You're white. She's black. She wants to see you dead.  https://tribunist.com/news/security-guard-filmed-a...,0,0,0,0,,,,,,,,,,
19787,8,She's not going to help you. You're white. She's black. She wants to see you dead.  https://tribunist.com/news/security-guard-filmed-a...,1,1,0,1,0.0,1.0,0.0,0.0,0.0,0.0,0.0,0.0,1.0,0.0
19899,13,"Justice Anthony Kennedy is retiring .. I have my buckets ready, can't wait to catch all the liberal tears.  Fill 'em up !",0,0,0,0,,,,,,,,,,
19899,17,"Justice Anthony Kennedy is retiring .. I have my buckets ready, can't wait to catch all the liberal tears.  Fill 'em up !",1,1,0,0,0.0,0.0,0.0,0.0,1.0,0.0,0.0,0.0,1.0,0.0
19899,9,"Justice Anthony Kennedy is retiring .. I have my buckets ready, can't wait to catch all the liberal tears.  Fill 'em up !",1,1,0,0,0.0,0.0,0.0,0.0,1.0,0.0,0.0,0.0,0.0,1.0
19899,10,"Justice Anthony Kennedy is retiring .. I have my buckets ready, can't wait to catch all the liberal tears.  Fill 'em up !",0,0,0,0,,,,,,,,,,
20004,4,"@TheCartoonLoon Oh, I forgot to tell you. Now that you're here, you're officially an alt-right, KKK, white-supremacist, neo-Nazi, racist scum. How does it feel?",0,0,0,1,,,,,,,,,,
20004,15,"@TheCartoonLoon Oh, I forgot to tell you. Now that you're here, you're officially an alt-right, KKK, white-supremacist, neo-Nazi, racist scum. How does it feel?",1,1,0,1,0.0,1.0,0.0,0.0,1.0,0.0,0.0,0.0,1.0,0.0
20004,10,"@TheCartoonLoon Oh, I forgot to tell you. Now that you're here, you're officially an alt-right, KKK, white-supremacist, neo-Nazi, racist scum. How does it feel?",0,0,0,0,,,,,,,,,,
20004,8,"@TheCartoonLoon Oh, I forgot to tell you. Now that you're here, you're officially an alt-right, KKK, white-supremacist, neo-Nazi, racist scum. How does it feel?",1,1,0,1,0.0,1.0,0.0,0.0,1.0,0.0,1.0,0.0,1.0,0.0
20113,4,A demonstration of attempted Muslim assimilation...? #Humor #AlohaSnackbar,0,0,0,0,,,,,,,,,,
20113,15,A demonstration of attempted Muslim assimilation...? #Humor #AlohaSnackbar,1,1,0,0,1.0,0.0,0.0,0.0,0.0,0.0,0.0,0.0,1.0,0.0
20113,10,A demonstration of attempted Muslim assimilation...? #Humor #AlohaSnackbar,0,0,0,0,,,,,,,,,,
20113,8,A demonstration of attempted Muslim assimilation...? #Humor #AlohaSnackbar,1,1,0,0,1.0,0.0,0.0,0.0,0.0,0.0,0.0,0.0,0.0,1.0
20118,4,"The noose around Hitlery neck tightens every single day, as the corrupt rats start leaving the fast sinking ship and squeal long and hard, whilst trying to save themselves from the same noose.As they would say in Mehico 'La traidora Hillary debería colgarse'Hitlery would finally succeed at something... as an inspirational swinger#Politics #Humor #Treason #ClintonCorruption",0,0,0,0,,,,,,,,,,
20118,15,"The noose around Hitlery neck tightens every single day, as the corrupt rats start leaving the fast sinking ship and squeal long and hard, whilst trying to save themselves from the same noose.As they would say in Mehico 'La traidora Hillary debería colgarse'Hitlery would finally succeed at something... as an inspirational swinger#Politics #Humor #Treason #ClintonCorruption",1,1,0,0,0.0,0.0,0.0,0.0,0.0,0.0,1.0,0.0,1.0,0.0
20118,10,"The noose around Hitlery neck tightens every single day, as the corrupt rats start leaving the fast sinking ship and squeal long and hard, whilst trying to save themselves from the same noose.As they would say in Mehico 'La traidora Hillary debería colgarse'Hitlery would finally succeed at something... as an inspirational swinger#Politics #Humor #Treason #ClintonCorruption",0,0,0,0,,,,,,,,,,
20118,8,"The noose around Hitlery neck tightens every single day, as the corrupt rats start leaving the fast sinking ship and squeal long and hard, whilst trying to save themselves from the same noose.As they would say in Mehico 'La traidora Hillary debería colgarse'Hitlery would finally succeed at something... as an inspirational swinger#Politics #Humor #Treason #ClintonCorruption",1,1,0,0,0.0,0.0,0.0,0.0,0.0,0.0,1.0,0.0,0.0,1.0
20982,4,A being of pure hate is as enraged by Brave browser using Google fonts on their website as they are about 100 million victims of communism. That is the degree of uncompromising fanaticism required to win.,0,0,0,0,,,,,,,,,,
20982,15,A being of pure hate is as enraged by Brave browser using Google fonts on their website as they are about 100 million victims of communism. That is the degree of uncompromising fanaticism required to win.,0,0,0,0,,,,,,,,,,
20982,10,A being of pure hate is as enraged by Brave browser using Google fonts on their website as they are about 100 million victims of communism. That is the degree of uncompromising fanaticism required to win.,0,0,0,0,,,,,,,,,,
20982,8,A being of pure hate is as enraged by Brave browser using Google fonts on their website as they are about 100 million victims of communism. That is the degree of uncompromising fanaticism required to win.,1,1,0,0,0.0,0.0,0.0,0.0,1.0,0.0,0.0,0.0,0.0,1.0
20982,14,A being of pure hate is as enraged by Brave browser using Google fonts on their website as they are about 100 million victims of communism. That is the degree of uncompromising fanaticism required to win.,1,1,0,0,0.0,0.0,0.0,0.0,1.0,1.0,1.0,0.0,1.0,0.0
20983,4,"The purity spiral has a light side, the purification apotheosis. If you can just hate enough you might catch a glimpse of it.",1,0,1,0,0.0,0.0,0.0,0.0,0.0,0.0,0.0,0.0,0.0,0.0
20983,10,"The purity spiral has a light side, the purification apotheosis. If you can just hate enough you might catch a glimpse of it.",0,0,0,0,,,,,,,,,,
20983,8,"The purity spiral has a light side, the purification apotheosis. If you can just hate enough you might catch a glimpse of it.",0,0,0,0,,,,,,,,,,
20983,14,"The purity spiral has a light side, the purification apotheosis. If you can just hate enough you might catch a glimpse of it.",1,1,0,0,1.0,0.0,0.0,0.0,0.0,0.0,0.0,0.0,1.0,0.0
21700,13,Mainstream Muslims on murder of gays! https://youtu.be/AkXfs8VDu2Q,1,1,1,1,1.0,0.0,1.0,0.0,0.0,0.0,0.0,0.0,1.0,0.0
21700,17,Mainstream Muslims on murder of gays! https://youtu.be/AkXfs8VDu2Q,1,0,1,0,1.0,0.0,1.0,0.0,0.0,0.0,0.0,0.0,1.0,0.0
21700,9,Mainstream Muslims on murder of gays! https://youtu.be/AkXfs8VDu2Q,1,1,0,0,1.0,0.0,0.0,0.0,0.0,0.0,0.0,0.0,0.0,1.0
21700,4,Mainstream Muslims on murder of gays! https://youtu.be/AkXfs8VDu2Q,0,0,0,0,,,,,,,,,,
21700,15,Mainstream Muslims on murder of gays! https://youtu.be/AkXfs8VDu2Q,0,0,0,0,,,,,,,,,,
21700,14,Mainstream Muslims on murder of gays! https://youtu.be/AkXfs8VDu2Q,1,1,1,0,1.0,0.0,1.0,0.0,0.0,1.0,0.0,0.0,1.0,0.0
21700,8,Mainstream Muslims on murder of gays! https://youtu.be/AkXfs8VDu2Q,1,1,1,0,1.0,0.0,1.0,0.0,0.0,0.0,0.0,0.0,1.0,0.0
21700,10,Mainstream Muslims on murder of gays! https://youtu.be/AkXfs8VDu2Q,0,0,0,0,,,,,,,,,,
21760,4,"Boris vs the Burqa. The UK is starting to have their Trump movement. Interesting line: the “liberal democrat” model...is really just communism without the secret police, the bread queues and gulags. https://www.breitbart.com/london/2018/08/12/boris-...",1,1,0,0,0.0,0.0,0.0,0.0,0.0,0.0,1.0,0.0,0.0,1.0
21760,15,"Boris vs the Burqa. The UK is starting to have their Trump movement. Interesting line: the “liberal democrat” model...is really just communism without the secret police, the bread queues and gulags. https://www.breitbart.com/london/2018/08/12/boris-...",0,0,0,0,,,,,,,,,,
21760,10,"Boris vs the Burqa. The UK is starting to have their Trump movement. Interesting line: the “liberal democrat” model...is really just communism without the secret police, the bread queues and gulags. https://www.breitbart.com/london/2018/08/12/boris-...",0,0,0,0,,,,,,,,,,
21760,8,"Boris vs the Burqa. The UK is starting to have their Trump movement. Interesting line: the “liberal democrat” model...is really just communism without the secret police, the bread queues and gulags. https://www.breitbart.com/london/2018/08/12/boris-...",1,1,0,0,0.0,0.0,0.0,0.0,0.0,0.0,1.0,0.0,1.0,0.0
21767,4,The unacceptable in a civil society has become the electoral strategy of the Democratic Party. Be prepared. https://townhall.com/columnists/derekhunter/2018/0...,1,1,0,0,0.0,0.0,0.0,0.0,0.0,0.0,1.0,0.0,0.0,1.0
21767,15,The unacceptable in a civil society has become the electoral strategy of the Democratic Party. Be prepared. https://townhall.com/columnists/derekhunter/2018/0...,0,0,0,0,,,,,,,,,,
21767,8,The unacceptable in a civil society has become the electoral strategy of the Democratic Party. Be prepared. https://townhall.com/columnists/derekhunter/2018/0...,1,1,0,0,0.0,0.0,0.0,0.0,0.0,0.0,1.0,0.0,0.0,1.0
21767,10,The unacceptable in a civil society has become the electoral strategy of the Democratic Party. Be prepared. https://townhall.com/columnists/derekhunter/2018/0...,0,0,0,0,,,,,,,,,,
21820,4,FUCK LONDON ! Disgusting ! I WILL REMMEBER THIS DISRESPECT .... Everytime there is an Islamic terror attack .....,0,0,0,1,,,,,,,,,,
21820,15,FUCK LONDON ! Disgusting ! I WILL REMMEBER THIS DISRESPECT .... Everytime there is an Islamic terror attack .....,1,1,0,1,1.0,0.0,0.0,0.0,0.0,1.0,0.0,0.0,1.0,0.0
21820,8,FUCK LONDON ! Disgusting ! I WILL REMMEBER THIS DISRESPECT .... Everytime there is an Islamic terror attack .....,1,1,0,1,1.0,0.0,0.0,0.0,0.0,1.0,0.0,0.0,1.0,0.0
21820,10,FUCK LONDON ! Disgusting ! I WILL REMMEBER THIS DISRESPECT .... Everytime there is an Islamic terror attack .....,0,0,0,0,,,,,,,,,,
21824,4,astonishing ........ how stupid mother fuckas are   where were they when scalise got shot I despise liberals ! So much!,1,1,0,1,0.0,0.0,0.0,0.0,0.0,0.0,1.0,0.0,0.0,1.0
21824,15,astonishing ........ how stupid mother fuckas are   where were they when scalise got shot I despise liberals ! So much!,1,1,0,1,0.0,0.0,0.0,0.0,1.0,0.0,1.0,0.0,1.0,0.0
21824,8,astonishing ........ how stupid mother fuckas are   where were they when scalise got shot I despise liberals ! So much!,0,0,0,0,,,,,,,,,,
21824,10,astonishing ........ how stupid mother fuckas are   where were they when scalise got shot I despise liberals ! So much!,0,0,0,0,,,,,,,,,,
22037,13,Is it not a glorious sight to see the left freak out over the supreme justice retirement announcement? I ask you Morton Kondracke!,0,0,0,0,,,,,,,,,,
22037,17,Is it not a glorious sight to see the left freak out over the supreme justice retirement announcement? I ask you Morton Kondracke!,0,0,0,0,,,,,,,,,,
22037,9,Is it not a glorious sight to see the left freak out over the supreme justice retirement announcement? I ask you Morton Kondracke!,1,1,0,0,0.0,0.0,0.0,0.0,1.0,0.0,0.0,0.0,0.0,1.0
22037,4,Is it not a glorious sight to see the left freak out over the supreme justice retirement announcement? I ask you Morton Kondracke!,1,1,0,0,0.0,0.0,0.0,0.0,0.0,0.0,1.0,0.0,0.0,1.0
22037,15,Is it not a glorious sight to see the left freak out over the supreme justice retirement announcement? I ask you Morton Kondracke!,0,0,0,0,,,,,,,,,,
22037,8,Is it not a glorious sight to see the left freak out over the supreme justice retirement announcement? I ask you Morton Kondracke!,1,1,0,0,0.0,0.0,0.0,0.0,1.0,0.0,0.0,0.0,1.0,0.0
22037,10,Is it not a glorious sight to see the left freak out over the supreme justice retirement announcement? I ask you Morton Kondracke!,0,0,0,0,,,,,,,,,,
22050,13,"People like this need put down, euthanized. Not just thrown into prison for us to pay for their food and care for decades. https://www.breitbart.com/texas/2018/07/13/texas-m... #MAGA #Trump ##GabFam",1,1,1,0,0.0,0.0,0.0,0.0,0.0,0.0,0.0,0.0,1.0,0.0
22050,17,"People like this need put down, euthanized. Not just thrown into prison for us to pay for their food and care for decades. https://www.breitbart.com/texas/2018/07/13/texas-m... #MAGA #Trump ##GabFam",1,1,1,0,0.0,0.0,0.0,0.0,0.0,0.0,0.0,0.0,1.0,0.0
22050,9,"People like this need put down, euthanized. Not just thrown into prison for us to pay for their food and care for decades. https://www.breitbart.com/texas/2018/07/13/texas-m... #MAGA #Trump ##GabFam",0,0,0,0,,,,,,,,,,
22050,15,"People like this need put down, euthanized. Not just thrown into prison for us to pay for their food and care for decades. https://www.breitbart.com/texas/2018/07/13/texas-m... #MAGA #Trump ##GabFam",1,0,1,0,0.0,0.0,0.0,0.0,1.0,0.0,1.0,0.0,1.0,0.0
22050,14,"People like this need put down, euthanized. Not just thrown into prison for us to pay for their food and care for decades. https://www.breitbart.com/texas/2018/07/13/texas-m... #MAGA #Trump ##GabFam",1,1,0,1,0.0,0.0,0.0,0.0,0.0,0.0,0.0,0.0,0.0,0.0
22050,8,"People like this need put down, euthanized. Not just thrown into prison for us to pay for their food and care for decades. https://www.breitbart.com/texas/2018/07/13/texas-m... #MAGA #Trump ##GabFam",0,0,0,0,,,,,,,,,,
22050,10,"People like this need put down, euthanized. Not just thrown into prison for us to pay for their food and care for decades. https://www.breitbart.com/texas/2018/07/13/texas-m... #MAGA #Trump ##GabFam",0,0,0,0,,,,,,,,,,
22073,4,"Congratulations and all that, but that World Cup-winning team was about as 'French' as a bag of fries served by a Mexican working at a McDonald's in Des Moines, Iowa.",1,1,0,0,0.0,0.0,0.0,0.0,0.0,1.0,0.0,0.0,0.0,1.0
22073,15,"Congratulations and all that, but that World Cup-winning team was about as 'French' as a bag of fries served by a Mexican working at a McDonald's in Des Moines, Iowa.",0,0,0,0,,,,,,,,,,
22073,8,"Congratulations and all that, but that World Cup-winning team was about as 'French' as a bag of fries served by a Mexican working at a McDonald's in Des Moines, Iowa.",1,1,0,0,0.0,0.0,0.0,0.0,0.0,1.0,0.0,0.0,0.0,1.0
22073,10,"Congratulations and all that, but that World Cup-winning team was about as 'French' as a bag of fries served by a Mexican working at a McDonald's in Des Moines, Iowa.",0,0,0,0,,,,,,,,,,
22102,4,Ever noticed how the hatred displayed by a Democrat is equivalent to the hatred displayed by a radical Muslim? The only difference between the two is attire. | #RedNationRising,1,1,0,0,1.0,0.0,0.0,0.0,0.0,0.0,1.0,0.0,0.0,1.0
22102,15,Ever noticed how the hatred displayed by a Democrat is equivalent to the hatred displayed by a radical Muslim? The only difference between the two is attire. | #RedNationRising,0,0,0,0,,,,,,,,,,
22102,10,Ever noticed how the hatred displayed by a Democrat is equivalent to the hatred displayed by a radical Muslim? The only difference between the two is attire. | #RedNationRising,0,0,0,0,,,,,,,,,,
22102,8,Ever noticed how the hatred displayed by a Democrat is equivalent to the hatred displayed by a radical Muslim? The only difference between the two is attire. | #RedNationRising,1,1,0,0,1.0,0.0,0.0,0.0,0.0,0.0,0.0,0.0,1.0,0.0
22178,13,"Man - part animal, part god. Some more god than animal, others more animal than god.",1,1,0,0,0.0,0.0,0.0,1.0,0.0,0.0,0.0,0.0,1.0,0.0
22178,17,"Man - part animal, part god. Some more god than animal, others more animal than god.",1,1,0,0,0.0,0.0,0.0,1.0,0.0,0.0,0.0,0.0,1.0,0.0
22178,9,"Man - part animal, part god. Some more god than animal, others more animal than god.",0,0,0,0,,,,,,,,,,
22178,8,"Man - part animal, part god. Some more god than animal, others more animal than god.",0,0,0,0,,,,,,,,,,
22178,10,"Man - part animal, part god. Some more god than animal, others more animal than god.",0,0,0,0,,,,,,,,,,
22197,4,"look imma be blunt here: FUCK 'thoughts and prayers' for @SenJohnMcCain. Fuck McCain. He can rot in Hell, which is where he is absofuckinlutely going. Fucking traitor.",1,0,1,1,0.0,0.0,0.0,0.0,0.0,0.0,0.0,0.0,0.0,0.0
22197,15,"look imma be blunt here: FUCK 'thoughts and prayers' for @SenJohnMcCain. Fuck McCain. He can rot in Hell, which is where he is absofuckinlutely going. Fucking traitor.",1,1,0,0,0.0,0.0,0.0,0.0,0.0,0.0,1.0,0.0,1.0,0.0
22197,10,"look imma be blunt here: FUCK 'thoughts and prayers' for @SenJohnMcCain. Fuck McCain. He can rot in Hell, which is where he is absofuckinlutely going. Fucking traitor.",0,0,0,0,,,,,,,,,,
22197,8,"look imma be blunt here: FUCK 'thoughts and prayers' for @SenJohnMcCain. Fuck McCain. He can rot in Hell, which is where he is absofuckinlutely going. Fucking traitor.",0,0,0,0,,,,,,,,,,
22205,4,Online now only those who are horny in Sarah Palin.,0,0,0,0,,,,,,,,,,
22205,15,Online now only those who are horny in Sarah Palin.,1,1,0,1,0.0,0.0,0.0,0.0,1.0,0.0,1.0,0.0,1.0,0.0
22205,10,Online now only those who are horny in Sarah Palin.,0,0,0,0,,,,,,,,,,
22205,8,Online now only those who are horny in Sarah Palin.,0,0,0,0,,,,,,,,,,
22205,14,Online now only those who are horny in Sarah Palin.,1,1,0,1,0.0,0.0,0.0,0.0,1.0,0.0,1.0,0.0,1.0,0.0
22239,4,Justifying the use of the word 'monkey' is just playing by the Left's rules. They  should apologize for playing the race card so often that it's worn out.,1,1,0,0,0.0,0.0,0.0,0.0,0.0,0.0,1.0,0.0,0.0,1.0
22239,15,Justifying the use of the word 'monkey' is just playing by the Left's rules. They  should apologize for playing the race card so often that it's worn out.,0,0,0,0,,,,,,,,,,
22239,10,Justifying the use of the word 'monkey' is just playing by the Left's rules. They  should apologize for playing the race card so often that it's worn out.,0,0,0,0,,,,,,,,,,
22239,8,Justifying the use of the word 'monkey' is just playing by the Left's rules. They  should apologize for playing the race card so often that it's worn out.,1,1,0,0,0.0,1.0,0.0,0.0,0.0,0.0,1.0,0.0,0.0,1.0
22239,14,Justifying the use of the word 'monkey' is just playing by the Left's rules. They  should apologize for playing the race card so often that it's worn out.,1,1,0,0,0.0,1.0,0.0,0.0,1.0,0.0,1.0,0.0,1.0,0.0
22240,4,"Why aren't Democrats holding rallies to compete with Trump's massive cheering crowds? Two reasons, in my opinion:   1.They keep telling themselves, and everyone else, that rallies don't matter. To do so would be admitting that they do matter, and playing by his rules.   2.They have no one on their side that can draw a crowd like he can. They don't want be embarrassed, and exposed by tryin...",1,1,0,0,0.0,0.0,0.0,0.0,0.0,0.0,1.0,0.0,0.0,1.0
22240,15,"Why aren't Democrats holding rallies to compete with Trump's massive cheering crowds? Two reasons, in my opinion:   1.They keep telling themselves, and everyone else, that rallies don't matter. To do so would be admitting that they do matter, and playing by his rules.   2.They have no one on their side that can draw a crowd like he can. They don't want be embarrassed, and exposed by tryin...",0,0,0,0,,,,,,,,,,
22240,10,"Why aren't Democrats holding rallies to compete with Trump's massive cheering crowds? Two reasons, in my opinion:   1.They keep telling themselves, and everyone else, that rallies don't matter. To do so would be admitting that they do matter, and playing by his rules.   2.They have no one on their side that can draw a crowd like he can. They don't want be embarrassed, and exposed by tryin...",0,0,0,0,,,,,,,,,,
22240,8,"Why aren't Democrats holding rallies to compete with Trump's massive cheering crowds? Two reasons, in my opinion:   1.They keep telling themselves, and everyone else, that rallies don't matter. To do so would be admitting that they do matter, and playing by his rules.   2.They have no one on their side that can draw a crowd like he can. They don't want be embarrassed, and exposed by tryin...",1,1,0,0,0.0,0.0,0.0,0.0,0.0,0.0,1.0,0.0,0.0,1.0
22240,14,"Why aren't Democrats holding rallies to compete with Trump's massive cheering crowds? Two reasons, in my opinion:   1.They keep telling themselves, and everyone else, that rallies don't matter. To do so would be admitting that they do matter, and playing by his rules.   2.They have no one on their side that can draw a crowd like he can. They don't want be embarrassed, and exposed by tryin...",1,1,0,0,0.0,0.0,0.0,0.0,1.0,0.0,1.0,0.0,0.0,0.0
22296,4,"Stop using their term 'Islamophobia' I don't think anyone is 'afraid' of Islam. We might resent it, hate it, reject it, but 'fear of' is a language game THEY use to twist the issue and paint us with a brush of 'paranoid irrationality' Instead use: anti-Islam, pro-American, pro-western, anti-terrorist, whatever fits!",0,0,0,0,,,,,,,,,,
22296,15,"Stop using their term 'Islamophobia' I don't think anyone is 'afraid' of Islam. We might resent it, hate it, reject it, but 'fear of' is a language game THEY use to twist the issue and paint us with a brush of 'paranoid irrationality' Instead use: anti-Islam, pro-American, pro-western, anti-terrorist, whatever fits!",1,1,0,0,1.0,0.0,0.0,0.0,0.0,0.0,0.0,0.0,0.0,1.0
22296,10,"Stop using their term 'Islamophobia' I don't think anyone is 'afraid' of Islam. We might resent it, hate it, reject it, but 'fear of' is a language game THEY use to twist the issue and paint us with a brush of 'paranoid irrationality' Instead use: anti-Islam, pro-American, pro-western, anti-terrorist, whatever fits!",0,0,0,0,,,,,,,,,,
22296,8,"Stop using their term 'Islamophobia' I don't think anyone is 'afraid' of Islam. We might resent it, hate it, reject it, but 'fear of' is a language game THEY use to twist the issue and paint us with a brush of 'paranoid irrationality' Instead use: anti-Islam, pro-American, pro-western, anti-terrorist, whatever fits!",1,1,0,0,1.0,0.0,0.0,0.0,0.0,0.0,0.0,0.0,1.0,0.0
22808,4,"Lets just come right out and say it if you arent a Democrat then you are a racist NAZI that doesnt have a right to free speech, an opinion, or the space with which to express yourself. It is wjat it is.",0,0,0,0,,,,,,,,,,
22808,15,"Lets just come right out and say it if you arent a Democrat then you are a racist NAZI that doesnt have a right to free speech, an opinion, or the space with which to express yourself. It is wjat it is.",0,0,0,0,,,,,,,,,,
22808,10,"Lets just come right out and say it if you arent a Democrat then you are a racist NAZI that doesnt have a right to free speech, an opinion, or the space with which to express yourself. It is wjat it is.",1,1,0,0,0.0,0.0,0.0,0.0,0.0,0.0,1.0,0.0,0.0,0.0
22808,8,"Lets just come right out and say it if you arent a Democrat then you are a racist NAZI that doesnt have a right to free speech, an opinion, or the space with which to express yourself. It is wjat it is.",1,1,0,0,0.0,1.0,0.0,0.0,1.0,0.0,0.0,0.0,0.0,0.0
22915,4,Liberalism is the idea that all forms of mental illness should be accepted. Those who rebel against Liberalism are labeled outcasts or harbingers of hate or less than a liberal. The better than you attitude comes with being of the liberal mindset. Less than humble and mightier than you. Always greater than you.,1,1,0,0,0.0,0.0,0.0,0.0,0.0,0.0,1.0,0.0,0.0,1.0
22915,15,Liberalism is the idea that all forms of mental illness should be accepted. Those who rebel against Liberalism are labeled outcasts or harbingers of hate or less than a liberal. The better than you attitude comes with being of the liberal mindset. Less than humble and mightier than you. Always greater than you.,0,0,0,0,,,,,,,,,,
22915,10,Liberalism is the idea that all forms of mental illness should be accepted. Those who rebel against Liberalism are labeled outcasts or harbingers of hate or less than a liberal. The better than you attitude comes with being of the liberal mindset. Less than humble and mightier than you. Always greater than you.,0,0,0,0,,,,,,,,,,
22915,8,Liberalism is the idea that all forms of mental illness should be accepted. Those who rebel against Liberalism are labeled outcasts or harbingers of hate or less than a liberal. The better than you attitude comes with being of the liberal mindset. Less than humble and mightier than you. Always greater than you.,1,1,0,0,0.0,0.0,0.0,0.0,0.0,0.0,1.0,0.0,1.0,0.0
22927,13,The #USOpen crowd at #Shinnecock are literally the most rude gallery in sport. Screaming like beagles after EVERY SHOT. You expect it from the Phoenix Open but these New Yorkers are yelping unintelligible trash at the highest volumes EVERY SINGLE SWING. New York should never be allowed to host a US Open ever again. #QuietPlease #Gab,1,1,0,0,0.0,0.0,0.0,0.0,0.0,1.0,0.0,0.0,1.0,0.0
22927,17,The #USOpen crowd at #Shinnecock are literally the most rude gallery in sport. Screaming like beagles after EVERY SHOT. You expect it from the Phoenix Open but these New Yorkers are yelping unintelligible trash at the highest volumes EVERY SINGLE SWING. New York should never be allowed to host a US Open ever again. #QuietPlease #Gab,1,1,0,0,0.0,0.0,0.0,0.0,0.0,1.0,0.0,0.0,1.0,0.0
22927,14,The #USOpen crowd at #Shinnecock are literally the most rude gallery in sport. Screaming like beagles after EVERY SHOT. You expect it from the Phoenix Open but these New Yorkers are yelping unintelligible trash at the highest volumes EVERY SINGLE SWING. New York should never be allowed to host a US Open ever again. #QuietPlease #Gab,1,1,0,1,0.0,0.0,0.0,0.0,0.0,1.0,0.0,0.0,1.0,0.0
22927,8,The #USOpen crowd at #Shinnecock are literally the most rude gallery in sport. Screaming like beagles after EVERY SHOT. You expect it from the Phoenix Open but these New Yorkers are yelping unintelligible trash at the highest volumes EVERY SINGLE SWING. New York should never be allowed to host a US Open ever again. #QuietPlease #Gab,0,0,0,0,,,,,,,,,,
22927,10,The #USOpen crowd at #Shinnecock are literally the most rude gallery in sport. Screaming like beagles after EVERY SHOT. You expect it from the Phoenix Open but these New Yorkers are yelping unintelligible trash at the highest volumes EVERY SINGLE SWING. New York should never be allowed to host a US Open ever again. #QuietPlease #Gab,0,0,0,0,,,,,,,,,,
23049,4,The dems and never Trumpers can't stand seeing the serfs breaking the chains of financial slavery that they worked so long and hard to forge.,1,1,0,0,0.0,0.0,0.0,0.0,0.0,0.0,1.0,0.0,0.0,1.0
23049,15,The dems and never Trumpers can't stand seeing the serfs breaking the chains of financial slavery that they worked so long and hard to forge.,0,0,0,0,,,,,,,,,,
23049,10,The dems and never Trumpers can't stand seeing the serfs breaking the chains of financial slavery that they worked so long and hard to forge.,0,0,0,0,,,,,,,,,,
23049,8,The dems and never Trumpers can't stand seeing the serfs breaking the chains of financial slavery that they worked so long and hard to forge.,1,1,0,0,0.0,0.0,0.0,0.0,0.0,0.0,1.0,0.0,0.0,1.0
23085,4,"If you can't laugh at this,you might be a liberal progressive.  https://youtu.be/C8vZzP5yvJw",1,1,0,0,0.0,0.0,0.0,0.0,0.0,0.0,1.0,0.0,0.0,1.0
23085,15,"If you can't laugh at this,you might be a liberal progressive.  https://youtu.be/C8vZzP5yvJw",0,0,0,0,,,,,,,,,,
23085,10,"If you can't laugh at this,you might be a liberal progressive.  https://youtu.be/C8vZzP5yvJw",0,0,0,0,,,,,,,,,,
23085,8,"If you can't laugh at this,you might be a liberal progressive.  https://youtu.be/C8vZzP5yvJw",1,1,0,0,0.0,0.0,0.0,0.0,0.0,0.0,1.0,0.0,0.0,1.0
23085,14,"If you can't laugh at this,you might be a liberal progressive.  https://youtu.be/C8vZzP5yvJw",1,1,0,0,0.0,0.0,0.0,0.0,1.0,0.0,1.0,0.0,1.0,0.0
23093,4,Don't forget the most demonized and hated broadcast by the demon globalist and MSM That's right ! It's the Alex Jones and the Infowar www.infowars.com/show,0,0,0,0,,,,,,,,,,
23093,15,Don't forget the most demonized and hated broadcast by the demon globalist and MSM That's right ! It's the Alex Jones and the Infowar www.infowars.com/show,1,1,0,0,0.0,0.0,0.0,0.0,1.0,0.0,0.0,0.0,1.0,0.0
23093,10,Don't forget the most demonized and hated broadcast by the demon globalist and MSM That's right ! It's the Alex Jones and the Infowar www.infowars.com/show,0,0,0,0,,,,,,,,,,
23093,8,Don't forget the most demonized and hated broadcast by the demon globalist and MSM That's right ! It's the Alex Jones and the Infowar www.infowars.com/show,1,1,0,1,0.0,0.0,0.0,0.0,1.0,0.0,0.0,0.0,1.0,0.0
23265,4,#PervPastor copping feels at Aretha Franklin's funeral. Nothing but a bunch of thug . criminals #ArethaFranklinFuneral #FridayFeeling #SpeakFreely,0,0,0,0,,,,,,,,,,
23265,10,#PervPastor copping feels at Aretha Franklin's funeral. Nothing but a bunch of thug . criminals #ArethaFranklinFuneral #FridayFeeling #SpeakFreely,0,0,0,0,,,,,,,,,,
23265,8,#PervPastor copping feels at Aretha Franklin's funeral. Nothing but a bunch of thug . criminals #ArethaFranklinFuneral #FridayFeeling #SpeakFreely,1,1,0,0,0.0,0.0,0.0,0.0,0.0,0.0,0.0,0.0,0.0,1.0
23265,14,#PervPastor copping feels at Aretha Franklin's funeral. Nothing but a bunch of thug . criminals #ArethaFranklinFuneral #FridayFeeling #SpeakFreely,1,1,0,1,1.0,0.0,0.0,0.0,1.0,1.0,0.0,0.0,1.0,0.0
23269,4,Make this person go viral. Her number is attached. #IslamIsTheProblem,0,0,0,0,,,,,,,,,,
23269,15,Make this person go viral. Her number is attached. #IslamIsTheProblem,1,1,0,0,1.0,0.0,0.0,0.0,0.0,0.0,0.0,0.0,1.0,0.0
23269,10,Make this person go viral. Her number is attached. #IslamIsTheProblem,0,0,0,0,,,,,,,,,,
23269,8,Make this person go viral. Her number is attached. #IslamIsTheProblem,1,1,0,1,1.0,0.0,0.0,0.0,0.0,0.0,0.0,0.0,1.0,0.0
23460,4,Right on! Erasing America’s culture and heritage is the Globalist plan.,1,1,0,0,0.0,0.0,0.0,0.0,1.0,0.0,0.0,0.0,0.0,1.0
23460,15,Right on! Erasing America’s culture and heritage is the Globalist plan.,0,0,0,0,,,,,,,,,,
23460,10,Right on! Erasing America’s culture and heritage is the Globalist plan.,0,0,0,0,,,,,,,,,,
23460,8,Right on! Erasing America’s culture and heritage is the Globalist plan.,1,1,0,0,0.0,0.0,0.0,0.0,1.0,0.0,0.0,0.0,1.0,0.0
23556,4,"IF the libtards and socialists (also known as libtards) keep trying to bring down OUR President, me and 63,000,000 of my closest friends will be in your face BIGGLY. And we know what to do because I am Jungle Warfare qualified and I did bring home 3 Bronze Stars from the Nam....AND I have never forgotten my oath.",1,0,1,1,0.0,0.0,0.0,0.0,0.0,0.0,0.0,0.0,0.0,0.0
23556,15,"IF the libtards and socialists (also known as libtards) keep trying to bring down OUR President, me and 63,000,000 of my closest friends will be in your face BIGGLY. And we know what to do because I am Jungle Warfare qualified and I did bring home 3 Bronze Stars from the Nam....AND I have never forgotten my oath.",0,0,0,0,,,,,,,,,,
23556,10,"IF the libtards and socialists (also known as libtards) keep trying to bring down OUR President, me and 63,000,000 of my closest friends will be in your face BIGGLY. And we know what to do because I am Jungle Warfare qualified and I did bring home 3 Bronze Stars from the Nam....AND I have never forgotten my oath.",0,0,0,0,,,,,,,,,,
23556,8,"IF the libtards and socialists (also known as libtards) keep trying to bring down OUR President, me and 63,000,000 of my closest friends will be in your face BIGGLY. And we know what to do because I am Jungle Warfare qualified and I did bring home 3 Bronze Stars from the Nam....AND I have never forgotten my oath.",1,1,0,0,0.0,0.0,0.0,0.0,1.0,0.0,1.0,0.0,0.0,0.0
23661,4,"Leftism has no essence, it is just a coalition to knock over the apple cart in order to grab some of the apples - Jim",1,1,0,0,0.0,0.0,0.0,0.0,0.0,0.0,1.0,0.0,1.0,0.0
23661,15,"Leftism has no essence, it is just a coalition to knock over the apple cart in order to grab some of the apples - Jim",0,0,0,0,,,,,,,,,,
23661,8,"Leftism has no essence, it is just a coalition to knock over the apple cart in order to grab some of the apples - Jim",1,1,0,0,0.0,0.0,0.0,0.0,1.0,0.0,0.0,0.0,1.0,0.0
23661,10,"Leftism has no essence, it is just a coalition to knock over the apple cart in order to grab some of the apples - Jim",0,0,0,0,,,,,,,,,,
23662,4,Leftism is the science of converting fake victimology into real privilege.,1,1,0,0,0.0,0.0,0.0,0.0,0.0,0.0,1.0,0.0,1.0,0.0
23662,15,Leftism is the science of converting fake victimology into real privilege.,0,0,0,0,,,,,,,,,,
23662,8,Leftism is the science of converting fake victimology into real privilege.,1,1,0,0,0.0,0.0,0.0,0.0,1.0,0.0,0.0,0.0,1.0,0.0
23662,10,Leftism is the science of converting fake victimology into real privilege.,0,0,0,0,,,,,,,,,,
23666,13,"This tribalism is the problem with libertarianism – if you allow liberty, people will use it to synthesize smaller ingroups within the larger group in order to dominate the detribalized majority. - Jim",0,0,0,0,,,,,,,,,,
23666,17,"This tribalism is the problem with libertarianism – if you allow liberty, people will use it to synthesize smaller ingroups within the larger group in order to dominate the detribalized majority. - Jim",1,1,0,0,0.0,0.0,0.0,0.0,1.0,0.0,0.0,0.0,1.0,0.0
23666,15,"This tribalism is the problem with libertarianism – if you allow liberty, people will use it to synthesize smaller ingroups within the larger group in order to dominate the detribalized majority. - Jim",0,0,0,0,,,,,,,,,,
23666,14,"This tribalism is the problem with libertarianism – if you allow liberty, people will use it to synthesize smaller ingroups within the larger group in order to dominate the detribalized majority. - Jim",0,0,0,0,,,,,,,,,,
23666,8,"This tribalism is the problem with libertarianism – if you allow liberty, people will use it to synthesize smaller ingroups within the larger group in order to dominate the detribalized majority. - Jim",1,1,0,1,0.0,0.0,0.0,0.0,1.0,0.0,0.0,0.0,1.0,0.0
23666,10,"This tribalism is the problem with libertarianism – if you allow liberty, people will use it to synthesize smaller ingroups within the larger group in order to dominate the detribalized majority. - Jim",0,0,0,0,,,,,,,,,,
23974,4,"#FailedStrategy Facts: Florida has a fairly high number of former Cubans who fled communism, and plenty of businesses Their failing strategy: nominate a socialist. Raise corporate taxes. They fail to realize that Cubans that fled communism know bull shit when they hear it, and money is rather fluid, following the path of least resistance. Result: Cuban Americans turn out bigly for the mid-...",1,1,0,1,0.0,0.0,0.0,0.0,0.0,1.0,0.0,0.0,0.0,0.0
23974,15,"#FailedStrategy Facts: Florida has a fairly high number of former Cubans who fled communism, and plenty of businesses Their failing strategy: nominate a socialist. Raise corporate taxes. They fail to realize that Cubans that fled communism know bull shit when they hear it, and money is rather fluid, following the path of least resistance. Result: Cuban Americans turn out bigly for the mid-...",0,0,0,0,,,,,,,,,,
23974,10,"#FailedStrategy Facts: Florida has a fairly high number of former Cubans who fled communism, and plenty of businesses Their failing strategy: nominate a socialist. Raise corporate taxes. They fail to realize that Cubans that fled communism know bull shit when they hear it, and money is rather fluid, following the path of least resistance. Result: Cuban Americans turn out bigly for the mid-...",0,0,0,0,,,,,,,,,,
23974,8,"#FailedStrategy Facts: Florida has a fairly high number of former Cubans who fled communism, and plenty of businesses Their failing strategy: nominate a socialist. Raise corporate taxes. They fail to realize that Cubans that fled communism know bull shit when they hear it, and money is rather fluid, following the path of least resistance. Result: Cuban Americans turn out bigly for the mid-...",1,1,0,0,0.0,0.0,0.0,0.0,0.0,0.0,1.0,0.0,0.0,1.0
24209,4,"The Copts: Yay, Jesus!  Jesus: *frowning* Shut up, you guys.",0,0,0,1,,,,,,,,,,
24209,15,"The Copts: Yay, Jesus!  Jesus: *frowning* Shut up, you guys.",0,0,0,0,,,,,,,,,,
24209,10,"The Copts: Yay, Jesus!  Jesus: *frowning* Shut up, you guys.",0,0,0,0,,,,,,,,,,
24209,8,"The Copts: Yay, Jesus!  Jesus: *frowning* Shut up, you guys.",1,1,0,0,0.0,0.0,0.0,0.0,0.0,1.0,0.0,0.0,0.0,1.0
24209,14,"The Copts: Yay, Jesus!  Jesus: *frowning* Shut up, you guys.",1,1,0,1,1.0,0.0,0.0,0.0,0.0,0.0,0.0,0.0,1.0,0.0
24621,4,Identity theft in the US is a problem existing almost entirely on account of illegal aliens. Several years ago I found the correlation between ID theft rate and foreign-born population percentage to correlate at a staggering .75 at the state level https://anepigone.blogspot.com/2008/06/more-immigr...,0,0,0,0,,,,,,,,,,
24621,15,Identity theft in the US is a problem existing almost entirely on account of illegal aliens. Several years ago I found the correlation between ID theft rate and foreign-born population percentage to correlate at a staggering .75 at the state level https://anepigone.blogspot.com/2008/06/more-immigr...,1,1,0,0,0.0,0.0,0.0,0.0,0.0,1.0,0.0,0.0,1.0,0.0
24621,10,Identity theft in the US is a problem existing almost entirely on account of illegal aliens. Several years ago I found the correlation between ID theft rate and foreign-born population percentage to correlate at a staggering .75 at the state level https://anepigone.blogspot.com/2008/06/more-immigr...,0,0,0,0,,,,,,,,,,
24621,8,Identity theft in the US is a problem existing almost entirely on account of illegal aliens. Several years ago I found the correlation between ID theft rate and foreign-born population percentage to correlate at a staggering .75 at the state level https://anepigone.blogspot.com/2008/06/more-immigr...,1,1,0,1,0.0,0.0,0.0,0.0,0.0,1.0,0.0,0.0,1.0,0.0
24660,4,https://www.realclearpolitics.com/video/2016/08/22... Bill the Serial Rapist & Krooked Kkkillary went to Aretha Franklin funeral to make sure the negros there understand that the Clintons are still in 'power'. ... ...And a reminder to  the 'blacks that they are super predators that need to be brought to heel.',0,0,0,1,,,,,,,,,,
24660,15,https://www.realclearpolitics.com/video/2016/08/22... Bill the Serial Rapist & Krooked Kkkillary went to Aretha Franklin funeral to make sure the negros there understand that the Clintons are still in 'power'. ... ...And a reminder to  the 'blacks that they are super predators that need to be brought to heel.',1,1,0,1,0.0,1.0,0.0,0.0,0.0,0.0,1.0,0.0,1.0,0.0
24660,10,https://www.realclearpolitics.com/video/2016/08/22... Bill the Serial Rapist & Krooked Kkkillary went to Aretha Franklin funeral to make sure the negros there understand that the Clintons are still in 'power'. ... ...And a reminder to  the 'blacks that they are super predators that need to be brought to heel.',0,0,0,0,,,,,,,,,,
24660,8,https://www.realclearpolitics.com/video/2016/08/22... Bill the Serial Rapist & Krooked Kkkillary went to Aretha Franklin funeral to make sure the negros there understand that the Clintons are still in 'power'. ... ...And a reminder to  the 'blacks that they are super predators that need to be brought to heel.',1,1,0,1,0.0,1.0,0.0,0.0,0.0,0.0,0.0,0.0,1.0,0.0
24665,4,INVALIDATE Obastard's presidency first.👹,0,0,0,0,,,,,,,,,,
24665,15,INVALIDATE Obastard's presidency first.👹,1,1,0,0,0.0,0.0,0.0,0.0,1.0,0.0,1.0,0.0,1.0,0.0
24665,10,INVALIDATE Obastard's presidency first.👹,1,1,0,1,0.0,0.0,0.0,0.0,1.0,0.0,1.0,0.0,1.0,0.0
24665,8,INVALIDATE Obastard's presidency first.👹,0,0,0,0,,,,,,,,,,
24672,4,"US ends all funding to UN agency for “Palestinian” “refugees”SEP 1, 2018 This is long overdue. Only among the “Palestinians” is “refugee” status passed down to children, grandchildren, and great-grandchildren. Millions of people were displaced after World War II, but they moved elsewhere and got on with their lives. Not the “Palestinians,” because they were and are a weapon of the jihad. http...",1,1,0,0,0.0,0.0,0.0,0.0,0.0,0.0,1.0,0.0,0.0,1.0
24672,15,"US ends all funding to UN agency for “Palestinian” “refugees”SEP 1, 2018 This is long overdue. Only among the “Palestinians” is “refugee” status passed down to children, grandchildren, and great-grandchildren. Millions of people were displaced after World War II, but they moved elsewhere and got on with their lives. Not the “Palestinians,” because they were and are a weapon of the jihad. http...",0,0,0,0,,,,,,,,,,
24672,10,"US ends all funding to UN agency for “Palestinian” “refugees”SEP 1, 2018 This is long overdue. Only among the “Palestinians” is “refugee” status passed down to children, grandchildren, and great-grandchildren. Millions of people were displaced after World War II, but they moved elsewhere and got on with their lives. Not the “Palestinians,” because they were and are a weapon of the jihad. http...",1,1,0,0,1.0,0.0,0.0,0.0,0.0,1.0,0.0,0.0,1.0,0.0
24672,8,"US ends all funding to UN agency for “Palestinian” “refugees”SEP 1, 2018 This is long overdue. Only among the “Palestinians” is “refugee” status passed down to children, grandchildren, and great-grandchildren. Millions of people were displaced after World War II, but they moved elsewhere and got on with their lives. Not the “Palestinians,” because they were and are a weapon of the jihad. http...",1,1,0,0,1.0,0.0,0.0,0.0,0.0,0.0,1.0,0.0,0.0,0.0
24672,14,"US ends all funding to UN agency for “Palestinian” “refugees”SEP 1, 2018 This is long overdue. Only among the “Palestinians” is “refugee” status passed down to children, grandchildren, and great-grandchildren. Millions of people were displaced after World War II, but they moved elsewhere and got on with their lives. Not the “Palestinians,” because they were and are a weapon of the jihad. http...",0,0,0,0,,,,,,,,,,
24757,4,Epic comment thread on Mollie Tibbett's self-hating-but-now-ironic 'I hate White people' Twatter post (also brutal stuff on other posts where she hates on Trump and his policies against illegal immigration).https://twitter.com/Motibbs/status/940792919266680...,1,1,0,0,0.0,1.0,0.0,0.0,0.0,0.0,0.0,0.0,0.0,1.0
24757,15,Epic comment thread on Mollie Tibbett's self-hating-but-now-ironic 'I hate White people' Twatter post (also brutal stuff on other posts where she hates on Trump and his policies against illegal immigration).https://twitter.com/Motibbs/status/940792919266680...,0,0,0,0,,,,,,,,,,
24757,10,Epic comment thread on Mollie Tibbett's self-hating-but-now-ironic 'I hate White people' Twatter post (also brutal stuff on other posts where she hates on Trump and his policies against illegal immigration).https://twitter.com/Motibbs/status/940792919266680...,0,0,0,0,,,,,,,,,,
24757,8,Epic comment thread on Mollie Tibbett's self-hating-but-now-ironic 'I hate White people' Twatter post (also brutal stuff on other posts where she hates on Trump and his policies against illegal immigration).https://twitter.com/Motibbs/status/940792919266680...,1,1,0,1,0.0,1.0,0.0,0.0,0.0,1.0,1.0,0.0,1.0,0.0
24758,4,Is anyone here surprised by this? Senator (((Brian Schatz))) (D-HI) supports #SarahJeong and #WhiteGenocideAt least the Dems are finally coming out of the closet as White-haters! https://twitter.com/brianschatz/status/10255774559...,1,1,0,0,0.0,0.0,0.0,0.0,0.0,0.0,1.0,0.0,0.0,1.0
24758,15,Is anyone here surprised by this? Senator (((Brian Schatz))) (D-HI) supports #SarahJeong and #WhiteGenocideAt least the Dems are finally coming out of the closet as White-haters! https://twitter.com/brianschatz/status/10255774559...,0,0,0,0,,,,,,,,,,
24758,10,Is anyone here surprised by this? Senator (((Brian Schatz))) (D-HI) supports #SarahJeong and #WhiteGenocideAt least the Dems are finally coming out of the closet as White-haters! https://twitter.com/brianschatz/status/10255774559...,0,0,0,0,,,,,,,,,,
24758,8,Is anyone here surprised by this? Senator (((Brian Schatz))) (D-HI) supports #SarahJeong and #WhiteGenocideAt least the Dems are finally coming out of the closet as White-haters! https://twitter.com/brianschatz/status/10255774559...,1,1,0,1,0.0,1.0,0.0,0.0,0.0,0.0,1.0,0.0,1.0,0.0
24789,4,In 50 years either humanity will exist or Israel will exist.  Not both.,0,0,0,0,,,,,,,,,,
24789,15,In 50 years either humanity will exist or Israel will exist.  Not both.,1,1,0,0,0.0,0.0,0.0,0.0,0.0,1.0,0.0,0.0,1.0,0.0
24789,8,In 50 years either humanity will exist or Israel will exist.  Not both.,1,1,0,1,0.0,0.0,0.0,0.0,0.0,1.0,0.0,0.0,1.0,0.0
24789,10,In 50 years either humanity will exist or Israel will exist.  Not both.,0,0,0,0,,,,,,,,,,
25286,4,"https://blogs.spectator.co.uk/2018/08/the-real-les...  This kind of pathological altruism is what the 'left' appears to be all about at the moment. It's vain, stupid, and is against the rule of law. #immigration #deportation #Islam #news",1,1,0,0,0.0,0.0,0.0,0.0,0.0,0.0,1.0,0.0,0.0,1.0
25286,15,"https://blogs.spectator.co.uk/2018/08/the-real-les...  This kind of pathological altruism is what the 'left' appears to be all about at the moment. It's vain, stupid, and is against the rule of law. #immigration #deportation #Islam #news",0,0,0,0,,,,,,,,,,
25286,10,"https://blogs.spectator.co.uk/2018/08/the-real-les...  This kind of pathological altruism is what the 'left' appears to be all about at the moment. It's vain, stupid, and is against the rule of law. #immigration #deportation #Islam #news",0,0,0,0,,,,,,,,,,
25286,8,"https://blogs.spectator.co.uk/2018/08/the-real-les...  This kind of pathological altruism is what the 'left' appears to be all about at the moment. It's vain, stupid, and is against the rule of law. #immigration #deportation #Islam #news",1,1,0,1,0.0,0.0,0.0,0.0,0.0,1.0,1.0,0.0,0.0,0.0
19143,6,RT realDonaldTrump    Big protests in Iran. The people are finally getting wise as to how their money and wealth is being stolen and squandered on terrorism. Looks like they will not take it any longer. The USA is watching very closely for human rights violations! ,1,1,0,0,0.0,1.0,0.0,0.0,1.0,1.0,0.0,0.0,0.0,1.0
19143,7,RT realDonaldTrump    Big protests in Iran. The people are finally getting wise as to how their money and wealth is being stolen and squandered on terrorism. Looks like they will not take it any longer. The USA is watching very closely for human rights violations! ,1,1,0,0,0.0,0.0,0.0,0.0,1.0,0.0,1.0,0.0,1.0,0.0
19143,11,RT realDonaldTrump    Big protests in Iran. The people are finally getting wise as to how their money and wealth is being stolen and squandered on terrorism. Looks like they will not take it any longer. The USA is watching very closely for human rights violations! ,0,0,0,0,,,,,,,,,,
19143,3,RT realDonaldTrump    Big protests in Iran. The people are finally getting wise as to how their money and wealth is being stolen and squandered on terrorism. Looks like they will not take it any longer. The USA is watching very closely for human rights violations! ,0,0,0,0,,,,,,,,,,
17391,7,"Just because you have a piece of paper calling you a 'citizen,' doesn't make you American. Just like Mexico sends back her ILLEGALS, who actually are the same race as Mexicans, so, too, will America restore the They all have to go' mindset of the Truman era. Because you will NEVER be American.",1,1,0,0,0.0,0.0,0.0,0.0,0.0,1.0,0.0,0.0,0.0,1.0
17391,13,"Just because you have a piece of paper calling you a 'citizen,' doesn't make you American. Just like Mexico sends back her ILLEGALS, who actually are the same race as Mexicans, so, too, will America restore the They all have to go' mindset of the Truman era. Because you will NEVER be American.",0,0,0,0,,,,,,,,,,
17391,12,"Just because you have a piece of paper calling you a 'citizen,' doesn't make you American. Just like Mexico sends back her ILLEGALS, who actually are the same race as Mexicans, so, too, will America restore the They all have to go' mindset of the Truman era. Because you will NEVER be American.",0,0,0,1,,,,,,,,,,
17391,11,"Just because you have a piece of paper calling you a 'citizen,' doesn't make you American. Just like Mexico sends back her ILLEGALS, who actually are the same race as Mexicans, so, too, will America restore the They all have to go' mindset of the Truman era. Because you will NEVER be American.",1,1,0,0,0.0,1.0,0.0,0.0,0.0,1.0,0.0,0.0,0.0,1.0
20166,7,False dichotomy. There are way more options there. Or it could just be the prime example of the jews being probably the most persecuted people throughout history. Still dont understand how y'all hate them so much. ,1,1,0,0,0.0,1.0,0.0,0.0,0.0,0.0,0.0,0.0,0.0,0.0
20166,13,False dichotomy. There are way more options there. Or it could just be the prime example of the jews being probably the most persecuted people throughout history. Still dont understand how y'all hate them so much. ,0,0,0,0,,,,,,,,,,
20166,12,False dichotomy. There are way more options there. Or it could just be the prime example of the jews being probably the most persecuted people throughout history. Still dont understand how y'all hate them so much. ,0,0,0,0,,,,,,,,,,
20166,11,False dichotomy. There are way more options there. Or it could just be the prime example of the jews being probably the most persecuted people throughout history. Still dont understand how y'all hate them so much. ,0,0,0,0,,,,,,,,,,
20166,0,False dichotomy. There are way more options there. Or it could just be the prime example of the jews being probably the most persecuted people throughout history. Still dont understand how y'all hate them so much. ,1,1,0,0,1.0,0.0,0.0,0.0,0.0,0.0,0.0,0.0,1.0,0.0
8096,6,Oprah is quietly put it about that she has no interest in the White House. She knows what's in her past makes even Obama look like a chaste missionary.,1,1,0,0,0.0,0.0,0.0,0.0,1.0,0.0,1.0,0.0,0.0,1.0
8096,7,Oprah is quietly put it about that she has no interest in the White House. She knows what's in her past makes even Obama look like a chaste missionary.,0,0,0,1,,,,,,,,,,
8096,11,Oprah is quietly put it about that she has no interest in the White House. She knows what's in her past makes even Obama look like a chaste missionary.,0,0,0,0,,,,,,,,,,
8096,3,Oprah is quietly put it about that she has no interest in the White House. She knows what's in her past makes even Obama look like a chaste missionary.,1,1,0,0,0.0,1.0,0.0,0.0,1.0,0.0,1.0,0.0,0.0,1.0
6717,7,"Sharia May is to set up a new unit to deal with fake news . Stupid woman , if she wants to stop fake news , just shut down the BBC .",1,1,0,0,0.0,0.0,0.0,0.0,1.0,0.0,0.0,0.0,0.0,1.0
6717,2,"Sharia May is to set up a new unit to deal with fake news . Stupid woman , if she wants to stop fake news , just shut down the BBC .",0,0,0,0,,,,,,,,,,
6717,12,"Sharia May is to set up a new unit to deal with fake news . Stupid woman , if she wants to stop fake news , just shut down the BBC .",1,1,0,1,0.0,0.0,0.0,1.0,0.0,0.0,0.0,0.0,0.0,0.0
6717,11,"Sharia May is to set up a new unit to deal with fake news . Stupid woman , if she wants to stop fake news , just shut down the BBC .",0,0,0,0,,,,,,,,,,
26217,6,Let's ask the #NFL some serious questions! ,1,1,0,0,0.0,0.0,0.0,1.0,0.0,0.0,0.0,0.0,1.0,0.0
26217,7,Let's ask the #NFL some serious questions! ,1,1,0,0,0.0,0.0,0.0,1.0,0.0,0.0,0.0,0.0,1.0,0.0
26217,11,Let's ask the #NFL some serious questions! ,0,0,0,0,,,,,,,,,,
26217,3,Let's ask the #NFL some serious questions! ,0,0,0,0,,,,,,,,,,
12319,3,"Feminism is now Female Supremacism as women have all the rights that men have and they still have special privileges in the courts and in our culture. Cultural Marxists who hate America, Whites, and the West are the leaders and preachers of Third Wave Feminism.",0,0,0,0,,,,,,,,,,
12319,13,"Feminism is now Female Supremacism as women have all the rights that men have and they still have special privileges in the courts and in our culture. Cultural Marxists who hate America, Whites, and the West are the leaders and preachers of Third Wave Feminism.",0,0,0,0,,,,,,,,,,
12319,0,"Feminism is now Female Supremacism as women have all the rights that men have and they still have special privileges in the courts and in our culture. Cultural Marxists who hate America, Whites, and the West are the leaders and preachers of Third Wave Feminism.",1,1,0,1,0.0,1.0,0.0,1.0,0.0,0.0,1.0,0.0,0.0,1.0
12319,11,"Feminism is now Female Supremacism as women have all the rights that men have and they still have special privileges in the courts and in our culture. Cultural Marxists who hate America, Whites, and the West are the leaders and preachers of Third Wave Feminism.",1,1,0,0,0.0,1.0,0.0,1.0,0.0,1.0,0.0,0.0,0.0,1.0
19652,6,"God's Dechosen People, right there.",0,0,0,0,,,,,,,,,,
19652,11,"God's Dechosen People, right there.",1,1,0,0,1.0,0.0,0.0,0.0,0.0,0.0,0.0,0.0,0.0,1.0
19652,7,"God's Dechosen People, right there.",1,1,0,0,1.0,0.0,0.0,0.0,0.0,0.0,0.0,0.0,1.0,0.0
19652,3,"God's Dechosen People, right there.",0,0,0,0,,,,,,,,,,
22334,6,I used to watch FOX all the time and Glenn Beck. I even named my dog Beck after him. Then I woked. They're all controlled or dense. You don't hear them questioning the Las Vegas false flag. I'm pretty sure that G.B. put down truthers in the past. ,1,1,0,0,0.0,0.0,0.0,0.0,1.0,1.0,1.0,0.0,1.0,0.0
22334,7,I used to watch FOX all the time and Glenn Beck. I even named my dog Beck after him. Then I woked. They're all controlled or dense. You don't hear them questioning the Las Vegas false flag. I'm pretty sure that G.B. put down truthers in the past. ,0,0,0,0,,,,,,,,,,
22334,3,I used to watch FOX all the time and Glenn Beck. I even named my dog Beck after him. Then I woked. They're all controlled or dense. You don't hear them questioning the Las Vegas false flag. I'm pretty sure that G.B. put down truthers in the past. ,1,1,0,0,0.0,0.0,0.0,0.0,1.0,0.0,1.0,0.0,1.0,0.0
22334,11,I used to watch FOX all the time and Glenn Beck. I even named my dog Beck after him. Then I woked. They're all controlled or dense. You don't hear them questioning the Las Vegas false flag. I'm pretty sure that G.B. put down truthers in the past. ,0,0,0,0,,,,,,,,,,
10724,6,"We work better as a MAGA unit , stop the in fighting , save the energy to curb stomp commie filth . ",1,1,0,0,0.0,0.0,0.0,0.0,0.0,0.0,1.0,0.0,1.0,0.0
10724,7,"We work better as a MAGA unit , stop the in fighting , save the energy to curb stomp commie filth . ",0,0,0,0,,,,,,,,,,
10724,11,"We work better as a MAGA unit , stop the in fighting , save the energy to curb stomp commie filth . ",1,1,1,0,0.0,0.0,0.0,0.0,1.0,0.0,1.0,0.0,1.0,0.0
10724,3,"We work better as a MAGA unit , stop the in fighting , save the energy to curb stomp commie filth . ",0,0,0,0,,,,,,,,,,
19082,2,@Mr_Bond. The WS meme is triggering the White Knight sect. They actually believe our side is advocating Islam.,0,0,0,0,,,,,,,,,,
19082,7,@Mr_Bond. The WS meme is triggering the White Knight sect. They actually believe our side is advocating Islam.,1,1,0,0,1.0,0.0,0.0,0.0,0.0,0.0,0.0,0.0,0.0,1.0
19082,12,@Mr_Bond. The WS meme is triggering the White Knight sect. They actually believe our side is advocating Islam.,0,0,0,0,,,,,,,,,,
19082,11,@Mr_Bond. The WS meme is triggering the White Knight sect. They actually believe our side is advocating Islam.,1,1,0,0,1.0,0.0,0.0,0.0,0.0,0.0,0.0,0.0,0.0,1.0
24771,2,"Well you may not have a problem with Jews, but they have a problem with you!",0,0,0,0,,,,,,,,,,
24771,7,"Well you may not have a problem with Jews, but they have a problem with you!",1,1,0,0,0.0,1.0,0.0,0.0,0.0,0.0,0.0,0.0,0.0,1.0
24771,12,"Well you may not have a problem with Jews, but they have a problem with you!",0,0,0,0,,,,,,,,,,
24771,11,"Well you may not have a problem with Jews, but they have a problem with you!",1,1,0,0,1.0,1.0,0.0,0.0,0.0,0.0,0.0,0.0,0.0,1.0
4588,7,"Well, yea, but they also believe the greeks were israelites ...  ",1,1,0,0,0.0,1.0,0.0,0.0,0.0,0.0,0.0,0.0,1.0,0.0
4588,13,"Well, yea, but they also believe the greeks were israelites ...  ",0,0,0,0,,,,,,,,,,
4588,12,"Well, yea, but they also believe the greeks were israelites ...  ",0,0,0,0,,,,,,,,,,
4588,11,"Well, yea, but they also believe the greeks were israelites ...  ",1,1,0,1,0.0,1.0,0.0,0.0,0.0,0.0,0.0,0.0,1.0,0.0
6499,6,"It's a damn shame we can't turn this magnificent beast loose on Congress.  Maybe next year's SOTU.  Stop feeding her a week or two beforehand.  Lock the doors and enjoy the screaming.  I'd probably sell my house to be able to hear it in person.  Oh, nice picture of a lion, too.",1,0,1,0,0.0,0.0,0.0,0.0,1.0,1.0,1.0,0.0,0.0,1.0
6499,7,"It's a damn shame we can't turn this magnificent beast loose on Congress.  Maybe next year's SOTU.  Stop feeding her a week or two beforehand.  Lock the doors and enjoy the screaming.  I'd probably sell my house to be able to hear it in person.  Oh, nice picture of a lion, too.",0,0,0,0,,,,,,,,,,
6499,11,"It's a damn shame we can't turn this magnificent beast loose on Congress.  Maybe next year's SOTU.  Stop feeding her a week or two beforehand.  Lock the doors and enjoy the screaming.  I'd probably sell my house to be able to hear it in person.  Oh, nice picture of a lion, too.",1,0,1,0,0.0,0.0,0.0,0.0,1.0,0.0,1.0,0.0,1.0,0.0
6499,3,"It's a damn shame we can't turn this magnificent beast loose on Congress.  Maybe next year's SOTU.  Stop feeding her a week or two beforehand.  Lock the doors and enjoy the screaming.  I'd probably sell my house to be able to hear it in person.  Oh, nice picture of a lion, too.",0,0,0,0,,,,,,,,,,
9203,2,"if they were only work camps that got twisted later on into death camps, does that mean the jew sees being made to finally work and not be a leech, as the *same* as death?",0,0,0,0,,,,,,,,,,
9203,7,"if they were only work camps that got twisted later on into death camps, does that mean the jew sees being made to finally work and not be a leech, as the *same* as death?",1,1,0,0,0.0,1.0,0.0,0.0,0.0,0.0,0.0,0.0,0.0,1.0
9203,12,"if they were only work camps that got twisted later on into death camps, does that mean the jew sees being made to finally work and not be a leech, as the *same* as death?",0,0,0,0,,,,,,,,,,
9203,11,"if they were only work camps that got twisted later on into death camps, does that mean the jew sees being made to finally work and not be a leech, as the *same* as death?",1,1,0,0,1.0,1.0,0.0,0.0,0.0,0.0,0.0,0.0,0.0,1.0
19807,6,VIDEO: Nunes Says Attacks From The Left Are ‘Quite Enjoyable’  https://truepundit.com/video-nunes-says-attacks-left-quite-enjoyable/,1,1,1,0,0.0,0.0,0.0,0.0,0.0,0.0,1.0,0.0,1.0,0.0
19807,7,VIDEO: Nunes Says Attacks From The Left Are ‘Quite Enjoyable’  https://truepundit.com/video-nunes-says-attacks-left-quite-enjoyable/,1,1,0,0,0.0,0.0,0.0,0.0,0.0,0.0,1.0,0.0,1.0,0.0
19807,11,VIDEO: Nunes Says Attacks From The Left Are ‘Quite Enjoyable’  https://truepundit.com/video-nunes-says-attacks-left-quite-enjoyable/,0,0,0,0,,,,,,,,,,
19807,3,VIDEO: Nunes Says Attacks From The Left Are ‘Quite Enjoyable’  https://truepundit.com/video-nunes-says-attacks-left-quite-enjoyable/,0,0,0,0,,,,,,,,,,
1580,6,I wouldn't be too surprised if Luke started interrogating random white kids in a chemotherapy ward.,1,1,0,0,0.0,1.0,0.0,0.0,0.0,1.0,0.0,0.0,0.0,1.0
1580,7,I wouldn't be too surprised if Luke started interrogating random white kids in a chemotherapy ward.,1,1,0,0,0.0,1.0,0.0,0.0,0.0,0.0,0.0,0.0,1.0,0.0
1580,11,I wouldn't be too surprised if Luke started interrogating random white kids in a chemotherapy ward.,0,0,0,0,,,,,,,,,,
1580,3,I wouldn't be too surprised if Luke started interrogating random white kids in a chemotherapy ward.,0,0,0,0,,,,,,,,,,
6059,6,@ironwand‍  Guardian journalist  Daniel José Camacho spews anti-white hatred after Super  Bowl. (Guardianista nonwhite journalists openly now show their anti-white racism ),1,1,0,0,0.0,1.0,0.0,0.0,0.0,0.0,0.0,0.0,1.0,0.0
6059,11,@ironwand‍  Guardian journalist  Daniel José Camacho spews anti-white hatred after Super  Bowl. (Guardianista nonwhite journalists openly now show their anti-white racism ),0,0,0,0,,,,,,,,,,
6059,7,@ironwand‍  Guardian journalist  Daniel José Camacho spews anti-white hatred after Super  Bowl. (Guardianista nonwhite journalists openly now show their anti-white racism ),1,1,0,0,0.0,1.0,0.0,0.0,0.0,0.0,0.0,0.0,1.0,0.0
6059,3,@ironwand‍  Guardian journalist  Daniel José Camacho spews anti-white hatred after Super  Bowl. (Guardianista nonwhite journalists openly now show their anti-white racism ),0,0,0,0,,,,,,,,,,
17478,6,You can shut the fuck up now and keep your retarded opinions to yourself.,1,1,0,0,0.0,0.0,0.0,0.0,0.0,0.0,0.0,1.0,1.0,0.0
17478,7,You can shut the fuck up now and keep your retarded opinions to yourself.,0,0,0,1,,,,,,,,,,
17478,3,You can shut the fuck up now and keep your retarded opinions to yourself.,1,1,0,1,0.0,0.0,0.0,0.0,0.0,0.0,0.0,1.0,1.0,0.0
17478,11,You can shut the fuck up now and keep your retarded opinions to yourself.,0,0,0,1,,,,,,,,,,
4754,7,Democrats want your guns to inflict gory socialist totalitarian hell on America. ,1,1,0,0,0.0,0.0,0.0,0.0,0.0,0.0,1.0,0.0,1.0,0.0
4754,13,Democrats want your guns to inflict gory socialist totalitarian hell on America. ,1,1,0,0,0.0,0.0,0.0,0.0,0.0,0.0,1.0,0.0,1.0,0.0
4754,12,Democrats want your guns to inflict gory socialist totalitarian hell on America. ,0,0,0,0,,,,,,,,,,
4754,11,Democrats want your guns to inflict gory socialist totalitarian hell on America. ,0,0,0,0,,,,,,,,,,
4471,2,Of course what better mascot than your stupid fat ass. Thanks for doing the enemies work for them.,1,1,0,1,0.0,0.0,0.0,0.0,0.0,0.0,0.0,0.0,1.0,0.0
4471,7,Of course what better mascot than your stupid fat ass. Thanks for doing the enemies work for them.,0,0,0,0,,,,,,,,,,
4471,12,Of course what better mascot than your stupid fat ass. Thanks for doing the enemies work for them.,1,1,0,1,0.0,0.0,0.0,0.0,0.0,0.0,0.0,0.0,0.0,0.0
4471,11,Of course what better mascot than your stupid fat ass. Thanks for doing the enemies work for them.,0,0,0,1,,,,,,,,,,
7812,11,"Romney is remembered for the Obamacare prototype, for not fighting Gay Marriage, Speaking in front of Planned Parenthood, Being part of the Vulture Capital firm Bain, that destroyed companies and US Jobs with debt, and showing contempt for both the poor and the Deplorables.",1,1,0,1,0.0,1.0,0.0,0.0,0.0,1.0,0.0,0.0,0.0,1.0
7812,6,"Romney is remembered for the Obamacare prototype, for not fighting Gay Marriage, Speaking in front of Planned Parenthood, Being part of the Vulture Capital firm Bain, that destroyed companies and US Jobs with debt, and showing contempt for both the poor and the Deplorables.",1,1,0,0,0.0,0.0,0.0,0.0,0.0,0.0,1.0,0.0,0.0,1.0
7812,7,"Romney is remembered for the Obamacare prototype, for not fighting Gay Marriage, Speaking in front of Planned Parenthood, Being part of the Vulture Capital firm Bain, that destroyed companies and US Jobs with debt, and showing contempt for both the poor and the Deplorables.",0,0,0,0,,,,,,,,,,
7812,3,"Romney is remembered for the Obamacare prototype, for not fighting Gay Marriage, Speaking in front of Planned Parenthood, Being part of the Vulture Capital firm Bain, that destroyed companies and US Jobs with debt, and showing contempt for both the poor and the Deplorables.",0,0,0,0,,,,,,,,,,
17604,7,"For the liberal democrats it will be over quickly, all dead or badly wounded and dying. It is clear that liberal democrats are domestic terrorists and are calling for the destruction of the country.",1,1,0,0,0.0,0.0,0.0,0.0,0.0,0.0,1.0,0.0,1.0,0.0
17604,13,"For the liberal democrats it will be over quickly, all dead or badly wounded and dying. It is clear that liberal democrats are domestic terrorists and are calling for the destruction of the country.",1,1,0,0,0.0,0.0,0.0,0.0,1.0,0.0,1.0,0.0,1.0,0.0
17604,12,"For the liberal democrats it will be over quickly, all dead or badly wounded and dying. It is clear that liberal democrats are domestic terrorists and are calling for the destruction of the country.",0,0,0,0,,,,,,,,,,
17604,11,"For the liberal democrats it will be over quickly, all dead or badly wounded and dying. It is clear that liberal democrats are domestic terrorists and are calling for the destruction of the country.",0,0,0,0,,,,,,,,,,
17416,7,and here we see the faggot it its natural habitat,0,0,0,1,,,,,,,,,,
17416,13,and here we see the faggot it its natural habitat,1,1,0,0,0.0,0.0,1.0,0.0,0.0,0.0,0.0,0.0,1.0,0.0
17416,12,and here we see the faggot it its natural habitat,1,1,0,1,0.0,0.0,1.0,0.0,0.0,0.0,0.0,0.0,0.0,0.0
17416,11,and here we see the faggot it its natural habitat,0,0,0,1,,,,,,,,,,
8507,2,Throw every one of the traitor son of a bitches off the bench and hang them RFN!!!!!!!!!!!!!!!! ,1,1,1,1,0.0,0.0,0.0,0.0,0.0,0.0,1.0,0.0,1.0,0.0
8507,7,Throw every one of the traitor son of a bitches off the bench and hang them RFN!!!!!!!!!!!!!!!! ,0,0,0,1,,,,,,,,,,
8507,12,Throw every one of the traitor son of a bitches off the bench and hang them RFN!!!!!!!!!!!!!!!! ,1,0,1,0,0.0,0.0,0.0,0.0,0.0,0.0,0.0,0.0,0.0,0.0
8507,11,Throw every one of the traitor son of a bitches off the bench and hang them RFN!!!!!!!!!!!!!!!! ,0,0,0,1,,,,,,,,,,
27093,2,"Nancy Pelosi chided ICE agents for arresting “law-abiding, patriotic” illegal immigrants after they made a recent sweep in northern California. ",0,0,0,0,,,,,,,,,,
27093,7,"Nancy Pelosi chided ICE agents for arresting “law-abiding, patriotic” illegal immigrants after they made a recent sweep in northern California. ",1,1,0,0,0.0,0.0,0.0,0.0,0.0,1.0,0.0,0.0,0.0,1.0
27093,12,"Nancy Pelosi chided ICE agents for arresting “law-abiding, patriotic” illegal immigrants after they made a recent sweep in northern California. ",0,0,0,0,,,,,,,,,,
27093,11,"Nancy Pelosi chided ICE agents for arresting “law-abiding, patriotic” illegal immigrants after they made a recent sweep in northern California. ",1,1,0,0,0.0,0.0,0.0,0.0,0.0,1.0,0.0,0.0,0.0,1.0
20103,7,"islam doesn't seek to assimilate into ANY culture, it seeks to assimilate cultures into it, you're naive to believe any differently with 1400 years of evidence. https://www.jihadwatch.org/2018/03/germany-muslim-migrants-terrorize-small-town-fair-sexually-harassing-women-and-fighting-locals",1,1,0,0,0.0,0.0,0.0,0.0,0.0,1.0,0.0,0.0,1.0,0.0
20103,13,"islam doesn't seek to assimilate into ANY culture, it seeks to assimilate cultures into it, you're naive to believe any differently with 1400 years of evidence. https://www.jihadwatch.org/2018/03/germany-muslim-migrants-terrorize-small-town-fair-sexually-harassing-women-and-fighting-locals",0,0,0,0,,,,,,,,,,
20103,12,"islam doesn't seek to assimilate into ANY culture, it seeks to assimilate cultures into it, you're naive to believe any differently with 1400 years of evidence. https://www.jihadwatch.org/2018/03/germany-muslim-migrants-terrorize-small-town-fair-sexually-harassing-women-and-fighting-locals",0,0,0,0,,,,,,,,,,
20103,11,"islam doesn't seek to assimilate into ANY culture, it seeks to assimilate cultures into it, you're naive to believe any differently with 1400 years of evidence. https://www.jihadwatch.org/2018/03/germany-muslim-migrants-terrorize-small-town-fair-sexually-harassing-women-and-fighting-locals",1,1,0,0,1.0,0.0,0.0,0.0,0.0,0.0,0.0,0.0,0.0,1.0
12132,11,"Mixing cultures is an issue, you end up with a mutt race.",1,1,0,0,0.0,1.0,0.0,0.0,0.0,0.0,0.0,0.0,0.0,1.0
12132,13,"Mixing cultures is an issue, you end up with a mutt race.",0,0,0,0,,,,,,,,,,
12132,7,"Mixing cultures is an issue, you end up with a mutt race.",1,1,0,0,0.0,0.0,0.0,0.0,0.0,1.0,0.0,0.0,1.0,0.0
12132,12,"Mixing cultures is an issue, you end up with a mutt race.",0,0,0,0,,,,,,,,,,
255,13,"Slight correction: ""If Vox Day were not of the type to get butthurt over some nonsense nondrama and lash out at Gab like the over-inflated buffoon he is...""",1,1,0,1,0.0,0.0,0.0,0.0,0.0,0.0,0.0,0.0,0.0,0.0
255,0,"Slight correction: ""If Vox Day were not of the type to get butthurt over some nonsense nondrama and lash out at Gab like the over-inflated buffoon he is...""",1,1,0,0,0.0,0.0,0.0,0.0,0.0,0.0,0.0,0.0,0.0,1.0
255,11,"Slight correction: ""If Vox Day were not of the type to get butthurt over some nonsense nondrama and lash out at Gab like the over-inflated buffoon he is...""",0,0,0,0,,,,,,,,,,
255,12,"Slight correction: ""If Vox Day were not of the type to get butthurt over some nonsense nondrama and lash out at Gab like the over-inflated buffoon he is...""",0,0,0,0,,,,,,,,,,
18032,7,Telford MP Lucy Allan has the audacity to condem Katy Hoping for speaking out against grooming gangs - you couldn't make it up! ,1,1,0,0,0.0,1.0,0.0,0.0,0.0,0.0,0.0,0.0,0.0,1.0
18032,13,Telford MP Lucy Allan has the audacity to condem Katy Hoping for speaking out against grooming gangs - you couldn't make it up! ,0,0,0,0,,,,,,,,,,
18032,12,Telford MP Lucy Allan has the audacity to condem Katy Hoping for speaking out against grooming gangs - you couldn't make it up! ,0,0,0,0,,,,,,,,,,
18032,11,Telford MP Lucy Allan has the audacity to condem Katy Hoping for speaking out against grooming gangs - you couldn't make it up! ,1,1,0,0,0.0,1.0,0.0,0.0,0.0,0.0,0.0,0.0,0.0,1.0
22236,13,Obama uses Facebook surveillance data: Good ,1,1,0,1,0.0,0.0,0.0,0.0,1.0,0.0,0.0,0.0,1.0,0.0
22236,0,Obama uses Facebook surveillance data: Good ,1,1,0,1,0.0,0.0,0.0,0.0,0.0,0.0,1.0,0.0,1.0,0.0
22236,11,Obama uses Facebook surveillance data: Good ,0,0,0,1,,,,,,,,,,
22236,12,Obama uses Facebook surveillance data: Good ,0,0,0,0,,,,,,,,,,
25342,2,Commies are getting ready to hit Btitain hard. Maybe with that EU Army? Maybe with the UN? When they start worrying about cutlery instead of the death cult of Satan makes no sense. Send those primitive child sodomites to Hell if they don't leave on their own.,1,1,0,1,0.0,0.0,0.0,0.0,1.0,0.0,1.0,0.0,0.0,0.0
25342,7,Commies are getting ready to hit Btitain hard. Maybe with that EU Army? Maybe with the UN? When they start worrying about cutlery instead of the death cult of Satan makes no sense. Send those primitive child sodomites to Hell if they don't leave on their own.,0,0,0,0,,,,,,,,,,
25342,12,Commies are getting ready to hit Btitain hard. Maybe with that EU Army? Maybe with the UN? When they start worrying about cutlery instead of the death cult of Satan makes no sense. Send those primitive child sodomites to Hell if they don't leave on their own.,1,0,1,0,1.0,0.0,0.0,0.0,0.0,0.0,0.0,0.0,0.0,0.0
25342,11,Commies are getting ready to hit Btitain hard. Maybe with that EU Army? Maybe with the UN? When they start worrying about cutlery instead of the death cult of Satan makes no sense. Send those primitive child sodomites to Hell if they don't leave on their own.,0,0,0,0,,,,,,,,,,
21843,6,No it's not good. There's this idea that everyone of them are cookie cutter pieces of some twisted idea planted in their immature heads. Every generation has their pros & cons. Would you rather they be replaced w/ those idiot kids marching against guns? Assuming all young people are like those is just as short-sighted.,0,0,0,0,,,,,,,,,,
21843,3,No it's not good. There's this idea that everyone of them are cookie cutter pieces of some twisted idea planted in their immature heads. Every generation has their pros & cons. Would you rather they be replaced w/ those idiot kids marching against guns? Assuming all young people are like those is just as short-sighted.,1,1,0,0,0.0,0.0,0.0,0.0,1.0,0.0,0.0,0.0,1.0,0.0
21843,11,No it's not good. There's this idea that everyone of them are cookie cutter pieces of some twisted idea planted in their immature heads. Every generation has their pros & cons. Would you rather they be replaced w/ those idiot kids marching against guns? Assuming all young people are like those is just as short-sighted.,0,0,0,0,,,,,,,,,,
21843,7,No it's not good. There's this idea that everyone of them are cookie cutter pieces of some twisted idea planted in their immature heads. Every generation has their pros & cons. Would you rather they be replaced w/ those idiot kids marching against guns? Assuming all young people are like those is just as short-sighted.,1,1,0,0,0.0,0.0,0.0,0.0,0.0,0.0,1.0,0.0,1.0,0.0
2590,6,"All across the West media tycoons are in cahoots with governments, banks and big corporations and yet no one seems to connect the dots as to why MSM is covering up the sins of the rich and powerful. What free press? It's been gone since the 19th century.",1,1,0,0,0.0,0.0,0.0,0.0,1.0,1.0,1.0,0.0,1.0,0.0
2590,7,"All across the West media tycoons are in cahoots with governments, banks and big corporations and yet no one seems to connect the dots as to why MSM is covering up the sins of the rich and powerful. What free press? It's been gone since the 19th century.",1,1,0,0,0.0,0.0,0.0,0.0,1.0,0.0,1.0,0.0,1.0,0.0
2590,11,"All across the West media tycoons are in cahoots with governments, banks and big corporations and yet no one seems to connect the dots as to why MSM is covering up the sins of the rich and powerful. What free press? It's been gone since the 19th century.",0,0,0,0,,,,,,,,,,
2590,3,"All across the West media tycoons are in cahoots with governments, banks and big corporations and yet no one seems to connect the dots as to why MSM is covering up the sins of the rich and powerful. What free press? It's been gone since the 19th century.",0,0,0,0,,,,,,,,,,
15014,2,Only the kikes are the ones who aren't religious but a race conning people into believing they are a religion. Perhaps the pope is a crypto kike,1,1,0,0,0.0,1.0,0.0,0.0,0.0,0.0,0.0,0.0,0.0,0.0
15014,7,Only the kikes are the ones who aren't religious but a race conning people into believing they are a religion. Perhaps the pope is a crypto kike,0,0,0,0,,,,,,,,,,
15014,12,Only the kikes are the ones who aren't religious but a race conning people into believing they are a religion. Perhaps the pope is a crypto kike,0,0,0,0,,,,,,,,,,
15014,11,Only the kikes are the ones who aren't religious but a race conning people into believing they are a religion. Perhaps the pope is a crypto kike,1,1,0,1,1.0,1.0,0.0,0.0,0.0,0.0,0.0,0.0,1.0,0.0
11097,7,Perfect example of why women shouldn't be voting.,1,1,0,0,0.0,0.0,0.0,1.0,0.0,0.0,0.0,0.0,1.0,0.0
11097,13,Perfect example of why women shouldn't be voting.,1,1,0,0,0.0,0.0,0.0,1.0,0.0,0.0,0.0,0.0,1.0,0.0
11097,12,Perfect example of why women shouldn't be voting.,0,0,0,0,,,,,,,,,,
11097,11,Perfect example of why women shouldn't be voting.,0,0,0,0,,,,,,,,,,
3780,7,THEN WHY HAVEN'T THEY BEEN HUNG FOR TREASON!,1,0,1,0,0.0,0.0,0.0,0.0,0.0,1.0,0.0,0.0,1.0,0.0
3780,13,THEN WHY HAVEN'T THEY BEEN HUNG FOR TREASON!,0,0,0,0,,,,,,,,,,
3780,12,THEN WHY HAVEN'T THEY BEEN HUNG FOR TREASON!,1,0,1,0,0.0,0.0,0.0,0.0,0.0,0.0,0.0,0.0,0.0,0.0
3780,11,THEN WHY HAVEN'T THEY BEEN HUNG FOR TREASON!,0,0,0,0,,,,,,,,,,
11456,2,"Don't you love it when the truly evil, perverted, disgusting leftists are triggered and take off their masks? ",1,1,0,0,0.0,0.0,0.0,0.0,0.0,0.0,1.0,0.0,1.0,0.0
11456,7,"Don't you love it when the truly evil, perverted, disgusting leftists are triggered and take off their masks? ",0,0,0,0,,,,,,,,,,
11456,12,"Don't you love it when the truly evil, perverted, disgusting leftists are triggered and take off their masks? ",0,0,0,1,,,,,,,,,,
11456,11,"Don't you love it when the truly evil, perverted, disgusting leftists are triggered and take off their masks? ",1,1,0,0,0.0,0.0,0.0,0.0,1.0,0.0,0.0,0.0,1.0,0.0
13878,7,Did they hit Little Kurdistan? Those Muslims need to be deported as well if they are eligible for deportation.,1,1,0,0,1.0,0.0,0.0,0.0,0.0,0.0,0.0,0.0,0.0,1.0
13878,13,Did they hit Little Kurdistan? Those Muslims need to be deported as well if they are eligible for deportation.,1,1,0,0,1.0,0.0,0.0,0.0,0.0,0.0,0.0,0.0,1.0,0.0
13878,12,Did they hit Little Kurdistan? Those Muslims need to be deported as well if they are eligible for deportation.,0,0,0,1,,,,,,,,,,
13878,11,Did they hit Little Kurdistan? Those Muslims need to be deported as well if they are eligible for deportation.,0,0,0,0,,,,,,,,,,
21321,7,> @occdissent‍ accuses weev of doing the very same things he has done. ,0,0,0,1,,,,,,,,,,
21321,13,> @occdissent‍ accuses weev of doing the very same things he has done. ,1,1,0,0,1.0,1.0,1.0,0.0,0.0,0.0,0.0,0.0,1.0,0.0
21321,12,> @occdissent‍ accuses weev of doing the very same things he has done. ,0,0,0,0,,,,,,,,,,
21321,11,> @occdissent‍ accuses weev of doing the very same things he has done. ,1,1,0,1,0.0,1.0,1.0,0.0,0.0,0.0,0.0,0.0,1.0,0.0
27072,2,Minnesota: A Republican Caucus Convention at a Notorious Mosque https://iotwreport.com/minnesota-a-republican-caucus-convention-at-a-notorious-mosque/  Wrong. Wrong. Wrong. You cannot hold a serious meeting in the enemy's stronghold.,0,0,0,0,,,,,,,,,,
27072,7,Minnesota: A Republican Caucus Convention at a Notorious Mosque https://iotwreport.com/minnesota-a-republican-caucus-convention-at-a-notorious-mosque/  Wrong. Wrong. Wrong. You cannot hold a serious meeting in the enemy's stronghold.,0,0,0,0,,,,,,,,,,
27072,12,Minnesota: A Republican Caucus Convention at a Notorious Mosque https://iotwreport.com/minnesota-a-republican-caucus-convention-at-a-notorious-mosque/  Wrong. Wrong. Wrong. You cannot hold a serious meeting in the enemy's stronghold.,1,1,0,1,1.0,0.0,0.0,0.0,0.0,0.0,0.0,0.0,0.0,0.0
27072,11,Minnesota: A Republican Caucus Convention at a Notorious Mosque https://iotwreport.com/minnesota-a-republican-caucus-convention-at-a-notorious-mosque/  Wrong. Wrong. Wrong. You cannot hold a serious meeting in the enemy's stronghold.,1,1,0,0,1.0,0.0,0.0,0.0,0.0,0.0,0.0,0.0,0.0,1.0
9267,7,Another lovely #erotic drawing by #Rebecca. I want to strip @SuziDreamer naked and lick her pussy like this. I'd tongue her #clit until her juices were flowing out over my face. #NSFW #DirtyDaydreams,1,1,0,1,0.0,0.0,0.0,0.0,0.0,1.0,0.0,0.0,1.0,0.0
9267,13,Another lovely #erotic drawing by #Rebecca. I want to strip @SuziDreamer naked and lick her pussy like this. I'd tongue her #clit until her juices were flowing out over my face. #NSFW #DirtyDaydreams,0,0,0,0,,,,,,,,,,
9267,12,Another lovely #erotic drawing by #Rebecca. I want to strip @SuziDreamer naked and lick her pussy like this. I'd tongue her #clit until her juices were flowing out over my face. #NSFW #DirtyDaydreams,1,1,0,1,0.0,0.0,0.0,0.0,0.0,0.0,0.0,0.0,0.0,0.0
9267,11,Another lovely #erotic drawing by #Rebecca. I want to strip @SuziDreamer naked and lick her pussy like this. I'd tongue her #clit until her juices were flowing out over my face. #NSFW #DirtyDaydreams,0,0,0,1,,,,,,,,,,
9325,2,Virtue signalling trumps facts you silly sausage ;-),1,1,0,1,0.0,0.0,0.0,0.0,0.0,0.0,0.0,0.0,1.0,0.0
9325,7,Virtue signalling trumps facts you silly sausage ;-),1,1,0,0,0.0,0.0,0.0,0.0,0.0,0.0,1.0,0.0,0.0,1.0
9325,12,Virtue signalling trumps facts you silly sausage ;-),0,0,0,0,,,,,,,,,,
9325,11,Virtue signalling trumps facts you silly sausage ;-),0,0,0,0,,,,,,,,,,
9544,2,It truly is satan's world and the democrats are his minions. ,0,0,0,0,,,,,,,,,,
9544,7,It truly is satan's world and the democrats are his minions. ,1,1,0,0,0.0,0.0,0.0,0.0,0.0,0.0,1.0,0.0,1.0,0.0
9544,12,It truly is satan's world and the democrats are his minions. ,0,0,0,0,,,,,,,,,,
9544,11,It truly is satan's world and the democrats are his minions. ,1,1,0,0,0.0,0.0,0.0,0.0,0.0,0.0,1.0,0.0,1.0,0.0
20774,7,"OK, I was suspended from twitter for saying this Demoncrat should be euthanized, not elected.  He tortured and abandoned 100's of animals. #Caring ",0,0,0,0,,,,,,,,,,
20774,13,"OK, I was suspended from twitter for saying this Demoncrat should be euthanized, not elected.  He tortured and abandoned 100's of animals. #Caring ",1,0,1,0,0.0,0.0,0.0,0.0,0.0,0.0,1.0,0.0,1.0,0.0
20774,12,"OK, I was suspended from twitter for saying this Demoncrat should be euthanized, not elected.  He tortured and abandoned 100's of animals. #Caring ",0,0,0,0,,,,,,,,,,
20774,11,"OK, I was suspended from twitter for saying this Demoncrat should be euthanized, not elected.  He tortured and abandoned 100's of animals. #Caring ",1,1,1,0,0.0,0.0,0.0,0.0,0.0,0.0,1.0,0.0,0.0,1.0
2318,11,"""A place to discuss Jesus with fellow clean-living Christians"" lol that description. But wasn't christianity responsible for the tentacle hentai?",0,0,0,1,,,,,,,,,,
2318,6,"""A place to discuss Jesus with fellow clean-living Christians"" lol that description. But wasn't christianity responsible for the tentacle hentai?",1,1,0,0,1.0,0.0,0.0,0.0,0.0,0.0,0.0,0.0,0.0,1.0
2318,7,"""A place to discuss Jesus with fellow clean-living Christians"" lol that description. But wasn't christianity responsible for the tentacle hentai?",1,1,0,0,1.0,0.0,0.0,0.0,0.0,1.0,0.0,0.0,1.0,0.0
2318,3,"""A place to discuss Jesus with fellow clean-living Christians"" lol that description. But wasn't christianity responsible for the tentacle hentai?",0,0,0,1,,,,,,,,,,
16780,7,Tumorboy McFaggot Admits He Leaked the Steele Dossier ,0,0,0,0,,,,,,,,,,
16780,2,Tumorboy McFaggot Admits He Leaked the Steele Dossier ,1,1,0,1,0.0,0.0,1.0,0.0,0.0,0.0,0.0,0.0,1.0,0.0
16780,12,Tumorboy McFaggot Admits He Leaked the Steele Dossier ,1,1,0,1,0.0,0.0,1.0,0.0,0.0,0.0,0.0,0.0,0.0,0.0
16780,11,Tumorboy McFaggot Admits He Leaked the Steele Dossier ,0,0,0,0,,,,,,,,,,
23837,6,"People blocked doors of restaurants to stop attacker screaming ""Allahu Akbar"" from getting in. https://t.co/Sji8kSFqf0",1,1,0,0,1.0,0.0,0.0,0.0,0.0,0.0,0.0,0.0,1.0,0.0
23837,11,"People blocked doors of restaurants to stop attacker screaming ""Allahu Akbar"" from getting in. https://t.co/Sji8kSFqf0",1,1,0,0,1.0,0.0,0.0,0.0,0.0,0.0,0.0,0.0,0.0,1.0
23837,7,"People blocked doors of restaurants to stop attacker screaming ""Allahu Akbar"" from getting in. https://t.co/Sji8kSFqf0",0,0,0,0,,,,,,,,,,
23837,3,"People blocked doors of restaurants to stop attacker screaming ""Allahu Akbar"" from getting in. https://t.co/Sji8kSFqf0",0,0,0,0,,,,,,,,,,
12374,6,Know it when you see it! May I suggest the TV series Elementary (5/7) stick to procedural drama and not propaganda by comparing Christian Identity with the Taliban to see how many useful idiots it can conjure. ,1,1,0,0,1.0,0.0,0.0,0.0,1.0,0.0,0.0,0.0,1.0,0.0
12374,11,Know it when you see it! May I suggest the TV series Elementary (5/7) stick to procedural drama and not propaganda by comparing Christian Identity with the Taliban to see how many useful idiots it can conjure. ,1,1,0,0,1.0,0.0,0.0,0.0,0.0,0.0,0.0,0.0,0.0,1.0
12374,7,Know it when you see it! May I suggest the TV series Elementary (5/7) stick to procedural drama and not propaganda by comparing Christian Identity with the Taliban to see how many useful idiots it can conjure. ,0,0,0,0,,,,,,,,,,
12374,3,Know it when you see it! May I suggest the TV series Elementary (5/7) stick to procedural drama and not propaganda by comparing Christian Identity with the Taliban to see how many useful idiots it can conjure. ,0,0,0,0,,,,,,,,,,
9530,2,el Cifr gives his version of the Sermon on The Mount to an all negro audience. community organizing by Louis Cypher,1,1,0,0,0.0,1.0,0.0,0.0,0.0,0.0,0.0,0.0,1.0,0.0
9530,7,el Cifr gives his version of the Sermon on The Mount to an all negro audience. community organizing by Louis Cypher,1,1,0,0,0.0,1.0,0.0,0.0,0.0,0.0,0.0,0.0,0.0,1.0
9530,12,el Cifr gives his version of the Sermon on The Mount to an all negro audience. community organizing by Louis Cypher,0,0,0,0,,,,,,,,,,
9530,11,el Cifr gives his version of the Sermon on The Mount to an all negro audience. community organizing by Louis Cypher,0,0,0,0,,,,,,,,,,
14851,2,"It's really interesting that the black boy is wearing a sweatshirt with a blond girl with her eyes crossed out. The portrait really reminds me of the art of wolfgang willrich, a famous German artist. Also, in the same article the only white girl is wearing a shirt that says ""Superior,"" lol. ",0,0,0,0,,,,,,,,,,
14851,12,"It's really interesting that the black boy is wearing a sweatshirt with a blond girl with her eyes crossed out. The portrait really reminds me of the art of wolfgang willrich, a famous German artist. Also, in the same article the only white girl is wearing a shirt that says ""Superior,"" lol. ",0,0,0,0,,,,,,,,,,
14851,7,"It's really interesting that the black boy is wearing a sweatshirt with a blond girl with her eyes crossed out. The portrait really reminds me of the art of wolfgang willrich, a famous German artist. Also, in the same article the only white girl is wearing a shirt that says ""Superior,"" lol. ",1,1,0,0,0.0,1.0,0.0,0.0,0.0,0.0,0.0,0.0,0.0,1.0
14851,11,"It's really interesting that the black boy is wearing a sweatshirt with a blond girl with her eyes crossed out. The portrait really reminds me of the art of wolfgang willrich, a famous German artist. Also, in the same article the only white girl is wearing a shirt that says ""Superior,"" lol. ",1,1,0,0,0.0,1.0,0.0,0.0,0.0,0.0,0.0,0.0,0.0,1.0
17199,6,"Almost 1 of every 4 human beings is retarded, pedophile, terrorist, incestious, sadist, delusional or just crazy. ",0,0,0,1,,,,,,,,,,
17199,7,"Almost 1 of every 4 human beings is retarded, pedophile, terrorist, incestious, sadist, delusional or just crazy. ",0,0,0,0,,,,,,,,,,
17199,11,"Almost 1 of every 4 human beings is retarded, pedophile, terrorist, incestious, sadist, delusional or just crazy. ",1,1,0,0,1.0,0.0,0.0,0.0,0.0,1.0,0.0,0.0,0.0,1.0
17199,3,"Almost 1 of every 4 human beings is retarded, pedophile, terrorist, incestious, sadist, delusional or just crazy. ",1,1,0,1,0.0,0.0,0.0,0.0,0.0,0.0,0.0,1.0,1.0,0.0
26262,6,Agree.  The children do not get the benefits unless people go over with food and feed them.  Otherwise the corrupt gov get the money and the food sits and rots because it costs to deliver to all the areas where needed.,1,1,0,0,0.0,0.0,0.0,0.0,1.0,0.0,0.0,0.0,1.0,0.0
26262,11,Agree.  The children do not get the benefits unless people go over with food and feed them.  Otherwise the corrupt gov get the money and the food sits and rots because it costs to deliver to all the areas where needed.,0,0,0,0,,,,,,,,,,
26262,7,Agree.  The children do not get the benefits unless people go over with food and feed them.  Otherwise the corrupt gov get the money and the food sits and rots because it costs to deliver to all the areas where needed.,1,1,0,0,0.0,0.0,0.0,0.0,0.0,0.0,1.0,0.0,1.0,0.0
26262,3,Agree.  The children do not get the benefits unless people go over with food and feed them.  Otherwise the corrupt gov get the money and the food sits and rots because it costs to deliver to all the areas where needed.,0,0,0,0,,,,,,,,,,
6269,6,The Express reported  Driver has injured 5 people ,1,1,0,0,0.0,0.0,0.0,0.0,1.0,1.0,0.0,0.0,0.0,0.0
6269,7,The Express reported  Driver has injured 5 people ,1,1,0,0,0.0,0.0,0.0,0.0,0.0,0.0,1.0,0.0,0.0,0.0
6269,11,The Express reported  Driver has injured 5 people ,0,0,0,0,,,,,,,,,,
6269,3,The Express reported  Driver has injured 5 people ,0,0,0,0,,,,,,,,,,
10541,7,#Feminism leads to a decrease in the birth population which then requires mass #migration from the 3rd world to support the aging population since feminists aren't having enough children to replace the population. ,1,1,0,0,0.0,0.0,0.0,1.0,0.0,0.0,0.0,0.0,1.0,0.0
10541,13,#Feminism leads to a decrease in the birth population which then requires mass #migration from the 3rd world to support the aging population since feminists aren't having enough children to replace the population. ,1,1,0,0,0.0,0.0,0.0,1.0,1.0,0.0,0.0,0.0,1.0,0.0
10541,12,#Feminism leads to a decrease in the birth population which then requires mass #migration from the 3rd world to support the aging population since feminists aren't having enough children to replace the population. ,0,0,0,0,,,,,,,,,,
10541,11,#Feminism leads to a decrease in the birth population which then requires mass #migration from the 3rd world to support the aging population since feminists aren't having enough children to replace the population. ,0,0,0,0,,,,,,,,,,
16384,7,I wonder if it was the shouting 'white pussies' while hitting them with golf clubs and crowbars that tipped to the police off to a 'hate crime' ,0,0,0,0,,,,,,,,,,
16384,2,I wonder if it was the shouting 'white pussies' while hitting them with golf clubs and crowbars that tipped to the police off to a 'hate crime' ,1,1,0,1,0.0,1.0,0.0,0.0,0.0,0.0,0.0,0.0,0.0,0.0
16384,12,I wonder if it was the shouting 'white pussies' while hitting them with golf clubs and crowbars that tipped to the police off to a 'hate crime' ,0,0,0,0,,,,,,,,,,
16384,11,I wonder if it was the shouting 'white pussies' while hitting them with golf clubs and crowbars that tipped to the police off to a 'hate crime' ,1,1,0,1,0.0,1.0,0.0,0.0,0.0,0.0,0.0,0.0,1.0,0.0
19627,6,"I have reached that stage in life when the next person that tries to tell me _Green Day_ is ""punk"" is gonna get a broken bottle in the eye. ",1,0,1,0,0.0,0.0,0.0,0.0,1.0,0.0,0.0,0.0,0.0,1.0
19627,7,"I have reached that stage in life when the next person that tries to tell me _Green Day_ is ""punk"" is gonna get a broken bottle in the eye. ",0,0,0,0,,,,,,,,,,
19627,3,"I have reached that stage in life when the next person that tries to tell me _Green Day_ is ""punk"" is gonna get a broken bottle in the eye. ",1,0,1,0,0.0,0.0,0.0,0.0,0.0,0.0,0.0,0.0,1.0,0.0
19627,11,"I have reached that stage in life when the next person that tries to tell me _Green Day_ is ""punk"" is gonna get a broken bottle in the eye. ",0,0,0,0,,,,,,,,,,
27079,7,"For any of you who live in Niggerville, this is probably more effective than a Taser (go to 08:30) ",0,0,0,0,,,,,,,,,,
27079,2,"For any of you who live in Niggerville, this is probably more effective than a Taser (go to 08:30) ",1,1,0,1,0.0,1.0,0.0,0.0,0.0,0.0,0.0,0.0,0.0,0.0
27079,12,"For any of you who live in Niggerville, this is probably more effective than a Taser (go to 08:30) ",0,0,0,1,,,,,,,,,,
27079,11,"For any of you who live in Niggerville, this is probably more effective than a Taser (go to 08:30) ",1,1,0,1,0.0,1.0,0.0,0.0,0.0,1.0,0.0,0.0,0.0,1.0
27524,6,"John McCain hasn’t had a conversation with an American voter in ten years.  He doesn’t have a clue, nor does he care, what American citizens want.",1,1,0,0,0.0,0.0,0.0,0.0,0.0,1.0,0.0,0.0,1.0,0.0
27524,7,"John McCain hasn’t had a conversation with an American voter in ten years.  He doesn’t have a clue, nor does he care, what American citizens want.",0,0,0,1,,,,,,,,,,
27524,11,"John McCain hasn’t had a conversation with an American voter in ten years.  He doesn’t have a clue, nor does he care, what American citizens want.",0,0,0,0,,,,,,,,,,
27524,3,"John McCain hasn’t had a conversation with an American voter in ten years.  He doesn’t have a clue, nor does he care, what American citizens want.",1,1,0,0,0.0,0.0,0.0,0.0,0.0,0.0,1.0,0.0,1.0,0.0
4845,2,"Google image : "" mélissa theuriau jamel debbouze "" ",1,1,0,1,0.0,1.0,0.0,0.0,0.0,0.0,0.0,0.0,1.0,0.0
4845,7,"Google image : "" mélissa theuriau jamel debbouze "" ",0,0,0,0,,,,,,,,,,
4845,12,"Google image : "" mélissa theuriau jamel debbouze "" ",0,0,0,0,,,,,,,,,,
4845,11,"Google image : "" mélissa theuriau jamel debbouze "" ",1,1,0,0,0.0,1.0,0.0,0.0,0.0,0.0,0.0,0.0,1.0,0.0
13239,7,Such a fag   TWITTER CEO Apologizes For Eating Chick-Fil-A... http://amp.dailycaller.com/2018/06/10/twitter-ceo-chick-fil-a-gay-marriage/  #SoyBoy #BetaMale ,0,0,0,0,,,,,,,,,,
13239,2,Such a fag   TWITTER CEO Apologizes For Eating Chick-Fil-A... http://amp.dailycaller.com/2018/06/10/twitter-ceo-chick-fil-a-gay-marriage/  #SoyBoy #BetaMale ,1,1,0,1,0.0,0.0,1.0,0.0,0.0,0.0,0.0,0.0,0.0,0.0
13239,12,Such a fag   TWITTER CEO Apologizes For Eating Chick-Fil-A... http://amp.dailycaller.com/2018/06/10/twitter-ceo-chick-fil-a-gay-marriage/  #SoyBoy #BetaMale ,1,0,1,0,0.0,0.0,1.0,0.0,0.0,0.0,0.0,0.0,0.0,0.0
13239,11,Such a fag   TWITTER CEO Apologizes For Eating Chick-Fil-A... http://amp.dailycaller.com/2018/06/10/twitter-ceo-chick-fil-a-gay-marriage/  #SoyBoy #BetaMale ,0,0,0,1,,,,,,,,,,
17029,6,WTH !?  I heard McCain was dying ! Lots of energy for an asswipe on his death bed.,1,1,0,1,0.0,0.0,0.0,0.0,0.0,0.0,1.0,0.0,1.0,0.0
17029,11,WTH !?  I heard McCain was dying ! Lots of energy for an asswipe on his death bed.,0,0,0,1,,,,,,,,,,
17029,7,WTH !?  I heard McCain was dying ! Lots of energy for an asswipe on his death bed.,0,0,0,1,,,,,,,,,,
17029,3,WTH !?  I heard McCain was dying ! Lots of energy for an asswipe on his death bed.,1,1,0,1,0.0,0.0,0.0,0.0,0.0,0.0,1.0,0.0,1.0,0.0
22401,7,The minority that will outbreed you  and make you the minority ,0,0,0,0,,,,,,,,,,
22401,13,The minority that will outbreed you  and make you the minority ,1,1,0,0,0.0,0.0,0.0,0.0,0.0,0.0,0.0,0.0,0.0,0.0
22401,12,The minority that will outbreed you  and make you the minority ,1,1,0,0,0.0,0.0,0.0,0.0,1.0,0.0,0.0,0.0,0.0,1.0
22401,11,The minority that will outbreed you  and make you the minority ,0,0,0,0,,,,,,,,,,
22461,2,"He played Mr. Freeze???!!! Heh, since he's a Jew, he ought to be called Mr. Eisen.",1,1,0,0,0.0,1.0,0.0,0.0,0.0,0.0,0.0,0.0,0.0,1.0
22461,7,"He played Mr. Freeze???!!! Heh, since he's a Jew, he ought to be called Mr. Eisen.",1,1,0,0,0.0,1.0,0.0,0.0,0.0,0.0,0.0,0.0,0.0,1.0
22461,12,"He played Mr. Freeze???!!! Heh, since he's a Jew, he ought to be called Mr. Eisen.",0,0,0,1,,,,,,,,,,
22461,11,"He played Mr. Freeze???!!! Heh, since he's a Jew, he ought to be called Mr. Eisen.",0,0,0,0,,,,,,,,,,
8968,6,"As the situation with North Korea improves, look for the Democrats and the media leftists to give credit to China and call Trump nothing more than a bystander.",1,1,0,0,0.0,0.0,0.0,0.0,0.0,0.0,1.0,0.0,1.0,0.0
8968,7,"As the situation with North Korea improves, look for the Democrats and the media leftists to give credit to China and call Trump nothing more than a bystander.",1,1,0,0,0.0,0.0,0.0,0.0,0.0,0.0,1.0,0.0,1.0,0.0
8968,11,"As the situation with North Korea improves, look for the Democrats and the media leftists to give credit to China and call Trump nothing more than a bystander.",0,0,0,0,,,,,,,,,,
8968,3,"As the situation with North Korea improves, look for the Democrats and the media leftists to give credit to China and call Trump nothing more than a bystander.",0,0,0,0,,,,,,,,,,
15900,7,Only in #islam do they brainwash children to want to become #terrorists.,1,1,0,0,0.0,1.0,0.0,0.0,0.0,1.0,0.0,0.0,1.0,0.0
15900,13,Only in #islam do they brainwash children to want to become #terrorists.,0,0,0,0,,,,,,,,,,
15900,12,Only in #islam do they brainwash children to want to become #terrorists.,0,0,0,0,,,,,,,,,,
15900,11,Only in #islam do they brainwash children to want to become #terrorists.,1,1,0,0,1.0,0.0,0.0,0.0,0.0,0.0,0.0,0.0,0.0,1.0
16768,13,". @SpeakerRyan: ""Blah, blah, blah, I'm a coward and will cave on immigration. SECONDLY, I want to talk about working American families.""  Well, it just says it all, folks. They truly deserve a bludgeoning at the ballot box.",1,1,1,0,0.0,0.0,0.0,0.0,0.0,0.0,0.0,0.0,0.0,0.0
16768,0,". @SpeakerRyan: ""Blah, blah, blah, I'm a coward and will cave on immigration. SECONDLY, I want to talk about working American families.""  Well, it just says it all, folks. They truly deserve a bludgeoning at the ballot box.",1,1,0,1,0.0,0.0,0.0,0.0,0.0,0.0,1.0,0.0,0.0,1.0
16768,11,". @SpeakerRyan: ""Blah, blah, blah, I'm a coward and will cave on immigration. SECONDLY, I want to talk about working American families.""  Well, it just says it all, folks. They truly deserve a bludgeoning at the ballot box.",0,0,0,0,,,,,,,,,,
16768,12,". @SpeakerRyan: ""Blah, blah, blah, I'm a coward and will cave on immigration. SECONDLY, I want to talk about working American families.""  Well, it just says it all, folks. They truly deserve a bludgeoning at the ballot box.",0,0,0,0,,,,,,,,,,
18024,6,"Trump: Immigration policy should just be ""you can't come in""  It works for me. ",1,1,0,0,0.0,1.0,0.0,0.0,0.0,1.0,0.0,0.0,1.0,0.0
18024,7,"Trump: Immigration policy should just be ""you can't come in""  It works for me. ",1,1,0,0,0.0,0.0,0.0,0.0,0.0,0.0,1.0,0.0,0.0,1.0
18024,3,"Trump: Immigration policy should just be ""you can't come in""  It works for me. ",0,0,0,0,,,,,,,,,,
18024,11,"Trump: Immigration policy should just be ""you can't come in""  It works for me. ",0,0,0,0,,,,,,,,,,
6295,3,"It's what always happens when you can't argue with reason, facts and evidence. They can't win with logic, so they resort to violence. ",0,0,0,0,,,,,,,,,,
6295,13,"It's what always happens when you can't argue with reason, facts and evidence. They can't win with logic, so they resort to violence. ",1,0,1,0,0.0,0.0,0.0,0.0,0.0,0.0,0.0,0.0,0.0,0.0
6295,0,"It's what always happens when you can't argue with reason, facts and evidence. They can't win with logic, so they resort to violence. ",1,1,0,0,0.0,0.0,0.0,0.0,0.0,0.0,0.0,0.0,0.0,1.0
6295,11,"It's what always happens when you can't argue with reason, facts and evidence. They can't win with logic, so they resort to violence. ",0,0,0,0,,,,,,,,,,
6295,16,"It's what always happens when you can't argue with reason, facts and evidence. They can't win with logic, so they resort to violence. ",0,0,0,0,,,,,,,,,,
5964,11,IE: Most humans are fucking ignorant and arrogant AND most ETs are fucking amazingly honourable and wise.  See?  Balance.  :>,0,0,0,1,,,,,,,,,,
5964,6,IE: Most humans are fucking ignorant and arrogant AND most ETs are fucking amazingly honourable and wise.  See?  Balance.  :>,0,0,0,1,,,,,,,,,,
5964,7,IE: Most humans are fucking ignorant and arrogant AND most ETs are fucking amazingly honourable and wise.  See?  Balance.  :>,1,1,0,0,0.0,0.0,0.0,0.0,0.0,0.0,0.0,0.0,1.0,0.0
5964,3,IE: Most humans are fucking ignorant and arrogant AND most ETs are fucking amazingly honourable and wise.  See?  Balance.  :>,1,1,0,1,0.0,0.0,0.0,0.0,0.0,0.0,0.0,1.0,1.0,0.0
154,2,"Because they're not a news outlet, they're producing war propaganda for the white genocide.",0,0,0,0,,,,,,,,,,
154,7,"Because they're not a news outlet, they're producing war propaganda for the white genocide.",0,0,0,0,,,,,,,,,,
154,12,"Because they're not a news outlet, they're producing war propaganda for the white genocide.",1,0,1,0,0.0,0.0,0.0,0.0,0.0,0.0,0.0,0.0,0.0,0.0
154,11,"Because they're not a news outlet, they're producing war propaganda for the white genocide.",1,1,0,0,0.0,1.0,0.0,0.0,0.0,0.0,0.0,0.0,0.0,1.0
1617,2,He did fuck all except promote violence against white people give money to terrorism and try and start a racewar... Useless President who still comes up first on auto-correct after typing President ..Deepstate also.. ,0,0,0,1,,,,,,,,,,
1617,7,He did fuck all except promote violence against white people give money to terrorism and try and start a racewar... Useless President who still comes up first on auto-correct after typing President ..Deepstate also.. ,1,1,0,0,0.0,1.0,0.0,0.0,0.0,0.0,0.0,0.0,0.0,1.0
1617,12,He did fuck all except promote violence against white people give money to terrorism and try and start a racewar... Useless President who still comes up first on auto-correct after typing President ..Deepstate also.. ,0,0,0,1,,,,,,,,,,
1617,11,He did fuck all except promote violence against white people give money to terrorism and try and start a racewar... Useless President who still comes up first on auto-correct after typing President ..Deepstate also.. ,1,1,0,1,0.0,1.0,0.0,0.0,0.0,0.0,0.0,0.0,1.0,0.0
13848,6,Ragheads & OTHER Communists running the UK into the ground need to fuck off and let opposing viewpoints be heard!,1,1,0,1,0.0,0.0,0.0,0.0,0.0,1.0,1.0,0.0,1.0,0.0
13848,7,Ragheads & OTHER Communists running the UK into the ground need to fuck off and let opposing viewpoints be heard!,0,0,0,1,,,,,,,,,,
13848,3,Ragheads & OTHER Communists running the UK into the ground need to fuck off and let opposing viewpoints be heard!,1,1,0,1,0.0,0.0,0.0,0.0,1.0,1.0,0.0,0.0,1.0,0.0
13848,11,Ragheads & OTHER Communists running the UK into the ground need to fuck off and let opposing viewpoints be heard!,0,0,0,1,,,,,,,,,,
1584,6,"Oh really Nancy?  You're sharp as a tack these days aren't you....this must be so hard to watch.  You have no more influence and it really bothers you.  Too bad, suck it up, your days are numbered!!  Nancy Pelosi: Russia has something on Trump, explains ‘his refusal to stand up to Putin’ at summit. https://tiny.iavian.net/nue3",1,0,1,0,0.0,0.0,0.0,0.0,1.0,1.0,1.0,0.0,1.0,0.0
1584,7,"Oh really Nancy?  You're sharp as a tack these days aren't you....this must be so hard to watch.  You have no more influence and it really bothers you.  Too bad, suck it up, your days are numbered!!  Nancy Pelosi: Russia has something on Trump, explains ‘his refusal to stand up to Putin’ at summit. https://tiny.iavian.net/nue3",0,0,0,1,,,,,,,,,,
1584,11,"Oh really Nancy?  You're sharp as a tack these days aren't you....this must be so hard to watch.  You have no more influence and it really bothers you.  Too bad, suck it up, your days are numbered!!  Nancy Pelosi: Russia has something on Trump, explains ‘his refusal to stand up to Putin’ at summit. https://tiny.iavian.net/nue3",0,0,0,0,,,,,,,,,,
1584,3,"Oh really Nancy?  You're sharp as a tack these days aren't you....this must be so hard to watch.  You have no more influence and it really bothers you.  Too bad, suck it up, your days are numbered!!  Nancy Pelosi: Russia has something on Trump, explains ‘his refusal to stand up to Putin’ at summit. https://tiny.iavian.net/nue3",1,1,0,0,0.0,0.0,0.0,0.0,1.0,0.0,1.0,0.0,1.0,0.0
647,2,#Europe #Germany #Rape #Islam #Muslims #Migrants #MuslimMigrants #Immigration #IslamicImmigration ,0,0,0,0,,,,,,,,,,
647,7,#Europe #Germany #Rape #Islam #Muslims #Migrants #MuslimMigrants #Immigration #IslamicImmigration ,0,0,0,0,,,,,,,,,,
647,12,#Europe #Germany #Rape #Islam #Muslims #Migrants #MuslimMigrants #Immigration #IslamicImmigration ,1,1,0,0,1.0,1.0,0.0,0.0,0.0,0.0,0.0,0.0,0.0,0.0
647,11,#Europe #Germany #Rape #Islam #Muslims #Migrants #MuslimMigrants #Immigration #IslamicImmigration ,1,1,0,0,1.0,0.0,0.0,0.0,0.0,1.0,0.0,0.0,1.0,0.0
16366,2,"I said homosexuality is NOT natural and have been suspended until I take down my tweets, they will have a long wait,I hardly use twitter.",0,0,0,0,,,,,,,,,,
16366,7,"I said homosexuality is NOT natural and have been suspended until I take down my tweets, they will have a long wait,I hardly use twitter.",1,1,0,0,0.0,0.0,1.0,0.0,0.0,0.0,0.0,0.0,1.0,0.0
16366,12,"I said homosexuality is NOT natural and have been suspended until I take down my tweets, they will have a long wait,I hardly use twitter.",0,0,0,1,,,,,,,,,,
16366,11,"I said homosexuality is NOT natural and have been suspended until I take down my tweets, they will have a long wait,I hardly use twitter.",1,1,0,0,0.0,0.0,1.0,0.0,0.0,0.0,0.0,0.0,0.0,1.0
25566,2,Those motherfuckers sunk their dirty teeth into one of my cucumbers in my garden last week. They're really bad this year. I see them almost every night if I look for them. Skunks too.,0,0,0,1,,,,,,,,,,
25566,7,Those motherfuckers sunk their dirty teeth into one of my cucumbers in my garden last week. They're really bad this year. I see them almost every night if I look for them. Skunks too.,1,0,1,0,0.0,0.0,0.0,0.0,0.0,0.0,0.0,0.0,1.0,0.0
25566,12,Those motherfuckers sunk their dirty teeth into one of my cucumbers in my garden last week. They're really bad this year. I see them almost every night if I look for them. Skunks too.,1,1,0,1,0.0,0.0,0.0,0.0,0.0,0.0,0.0,0.0,0.0,0.0
25566,11,Those motherfuckers sunk their dirty teeth into one of my cucumbers in my garden last week. They're really bad this year. I see them almost every night if I look for them. Skunks too.,0,0,0,1,,,,,,,,,,
7684,7,go back to your shithole and learn how to be civilized,0,0,0,1,,,,,,,,,,
7684,13,go back to your shithole and learn how to be civilized,0,0,0,0,,,,,,,,,,
7684,12,go back to your shithole and learn how to be civilized,1,1,0,1,0.0,0.0,0.0,0.0,0.0,1.0,0.0,0.0,0.0,0.0
7684,11,go back to your shithole and learn how to be civilized,1,1,0,1,0.0,0.0,0.0,0.0,0.0,1.0,0.0,0.0,0.0,1.0
8928,11,"Big Tech has no interest in ""Democracy"". They're sold out to the Chinese. Democracy without individual rights is a dangerous thing anyhow, and big Tech isn't big on individual rights.",0,0,0,0,,,,,,,,,,
8928,6,"Big Tech has no interest in ""Democracy"". They're sold out to the Chinese. Democracy without individual rights is a dangerous thing anyhow, and big Tech isn't big on individual rights.",1,1,0,0,0.0,0.0,0.0,0.0,1.0,0.0,1.0,0.0,1.0,0.0
8928,7,"Big Tech has no interest in ""Democracy"". They're sold out to the Chinese. Democracy without individual rights is a dangerous thing anyhow, and big Tech isn't big on individual rights.",1,1,0,0,0.0,0.0,0.0,0.0,0.0,1.0,0.0,0.0,1.0,0.0
8928,3,"Big Tech has no interest in ""Democracy"". They're sold out to the Chinese. Democracy without individual rights is a dangerous thing anyhow, and big Tech isn't big on individual rights.",0,0,0,0,,,,,,,,,,
3299,6,"While I know it’s “not presidential” to take on a lowlife like Omarosa, and while I would rather not be doing so, this is a modern day form of communication and I know the Fake News Media will be working overtime to make even Wacky Omarosa look legitimate as possible. Sorry!",1,1,0,0,0.0,0.0,0.0,0.0,1.0,0.0,0.0,0.0,1.0,0.0
3299,3,"While I know it’s “not presidential” to take on a lowlife like Omarosa, and while I would rather not be doing so, this is a modern day form of communication and I know the Fake News Media will be working overtime to make even Wacky Omarosa look legitimate as possible. Sorry!",1,1,0,0,0.0,0.0,0.0,0.0,0.0,0.0,1.0,0.0,1.0,0.0
3299,11,"While I know it’s “not presidential” to take on a lowlife like Omarosa, and while I would rather not be doing so, this is a modern day form of communication and I know the Fake News Media will be working overtime to make even Wacky Omarosa look legitimate as possible. Sorry!",0,0,0,0,,,,,,,,,,
3299,7,"While I know it’s “not presidential” to take on a lowlife like Omarosa, and while I would rather not be doing so, this is a modern day form of communication and I know the Fake News Media will be working overtime to make even Wacky Omarosa look legitimate as possible. Sorry!",0,0,0,0,,,,,,,,,,
25538,7,"RT @PrisonPlanet: Five alleged Muslim extremists accused of training children to carry out school shootings were released on bond after their attorney complained that the men were only being targeted because they’re “black and Muslim,” as opposed to “white and Christian.” https://kek.gg/u/VYgR",1,1,0,0,1.0,1.0,0.0,0.0,0.0,0.0,0.0,0.0,1.0,0.0
25538,13,"RT @PrisonPlanet: Five alleged Muslim extremists accused of training children to carry out school shootings were released on bond after their attorney complained that the men were only being targeted because they’re “black and Muslim,” as opposed to “white and Christian.” https://kek.gg/u/VYgR",0,0,0,0,,,,,,,,,,
25538,12,"RT @PrisonPlanet: Five alleged Muslim extremists accused of training children to carry out school shootings were released on bond after their attorney complained that the men were only being targeted because they’re “black and Muslim,” as opposed to “white and Christian.” https://kek.gg/u/VYgR",0,0,0,0,,,,,,,,,,
25538,11,"RT @PrisonPlanet: Five alleged Muslim extremists accused of training children to carry out school shootings were released on bond after their attorney complained that the men were only being targeted because they’re “black and Muslim,” as opposed to “white and Christian.” https://kek.gg/u/VYgR",1,1,0,0,1.0,1.0,0.0,0.0,0.0,0.0,0.0,0.0,0.0,1.0
27012,2,"But there are flathead ,we call mouth breathing libtards",1,1,0,0,0.0,0.0,0.0,0.0,0.0,0.0,1.0,0.0,1.0,0.0
27012,7,"But there are flathead ,we call mouth breathing libtards",0,0,0,0,,,,,,,,,,
27012,12,"But there are flathead ,we call mouth breathing libtards",0,0,0,1,,,,,,,,,,
27012,11,"But there are flathead ,we call mouth breathing libtards",1,1,0,1,0.0,0.0,0.0,0.0,1.0,0.0,0.0,0.0,1.0,0.0
3742,2,"The Kalergi Plan for White Genocide,(funded by George Soros),through unending Turd World Mass Migration into ALL White Nations,..They Come..They Breed,Rape,Terrorize,Defecate,Leech,Infect and Plunder......WE DIE!!!! ",0,0,0,0,,,,,,,,,,
3742,7,"The Kalergi Plan for White Genocide,(funded by George Soros),through unending Turd World Mass Migration into ALL White Nations,..They Come..They Breed,Rape,Terrorize,Defecate,Leech,Infect and Plunder......WE DIE!!!! ",0,0,0,1,,,,,,,,,,
3742,12,"The Kalergi Plan for White Genocide,(funded by George Soros),through unending Turd World Mass Migration into ALL White Nations,..They Come..They Breed,Rape,Terrorize,Defecate,Leech,Infect and Plunder......WE DIE!!!! ",1,1,1,1,0.0,1.0,0.0,0.0,0.0,0.0,0.0,0.0,0.0,0.0
3742,11,"The Kalergi Plan for White Genocide,(funded by George Soros),through unending Turd World Mass Migration into ALL White Nations,..They Come..They Breed,Rape,Terrorize,Defecate,Leech,Infect and Plunder......WE DIE!!!! ",1,1,0,0,0.0,1.0,0.0,0.0,0.0,1.0,0.0,0.0,1.0,0.0
9526,2,Another black mother stated that a parent making EXCUSES that they never read the DRESS CODE book for the reason their Child did not meet the Dress Code - is IRRESPONSIBLE.,0,0,0,0,,,,,,,,,,
9526,7,Another black mother stated that a parent making EXCUSES that they never read the DRESS CODE book for the reason their Child did not meet the Dress Code - is IRRESPONSIBLE.,1,1,0,0,0.0,1.0,0.0,0.0,0.0,0.0,0.0,0.0,1.0,0.0
9526,12,Another black mother stated that a parent making EXCUSES that they never read the DRESS CODE book for the reason their Child did not meet the Dress Code - is IRRESPONSIBLE.,0,0,0,0,,,,,,,,,,
9526,11,Another black mother stated that a parent making EXCUSES that they never read the DRESS CODE book for the reason their Child did not meet the Dress Code - is IRRESPONSIBLE.,1,1,0,0,0.0,1.0,0.0,0.0,0.0,0.0,0.0,0.0,0.0,1.0
16245,13,He's to much a coward,1,1,0,0,0.0,0.0,0.0,0.0,0.0,0.0,0.0,0.0,0.0,0.0
16245,0,He's to much a coward,1,1,0,0,0.0,0.0,0.0,0.0,0.0,0.0,0.0,0.0,1.0,0.0
16245,11,He's to much a coward,0,0,0,0,,,,,,,,,,
16245,12,He's to much a coward,0,0,0,0,,,,,,,,,,
15946,7,"seriously such a stupid statement.  Boy??  24 and a father.   All American?  No, illegal Mexican             mexiscam          WHY honestly do the libs take an illegal alien killer and try to make them heroic?  He's a drunk stabbing murderer.  ",1,1,0,0,0.0,0.0,0.0,0.0,0.0,1.0,0.0,0.0,0.0,1.0
15946,13,"seriously such a stupid statement.  Boy??  24 and a father.   All American?  No, illegal Mexican             mexiscam          WHY honestly do the libs take an illegal alien killer and try to make them heroic?  He's a drunk stabbing murderer.  ",0,0,0,0,,,,,,,,,,
15946,12,"seriously such a stupid statement.  Boy??  24 and a father.   All American?  No, illegal Mexican             mexiscam          WHY honestly do the libs take an illegal alien killer and try to make them heroic?  He's a drunk stabbing murderer.  ",0,0,0,0,,,,,,,,,,
15946,11,"seriously such a stupid statement.  Boy??  24 and a father.   All American?  No, illegal Mexican             mexiscam          WHY honestly do the libs take an illegal alien killer and try to make them heroic?  He's a drunk stabbing murderer.  ",1,1,0,0,0.0,1.0,0.0,0.0,0.0,1.0,0.0,0.0,1.0,0.0
9490,7,Trump is the king of neo nazis and i am a true neo nazi. You're a faggot jew boomer,0,0,0,1,,,,,,,,,,
9490,13,Trump is the king of neo nazis and i am a true neo nazi. You're a faggot jew boomer,1,1,0,0,1.0,1.0,1.0,0.0,0.0,0.0,0.0,0.0,1.0,0.0
9490,12,Trump is the king of neo nazis and i am a true neo nazi. You're a faggot jew boomer,0,0,0,1,,,,,,,,,,
9490,11,Trump is the king of neo nazis and i am a true neo nazi. You're a faggot jew boomer,1,1,0,1,1.0,1.0,1.0,0.0,0.0,0.0,0.0,0.0,1.0,0.0
5380,2,"it says he is willing to respect other people's wishes no matter how fucking stupid they are, what does it say to you Donna?  ",0,0,0,1,,,,,,,,,,
5380,7,"it says he is willing to respect other people's wishes no matter how fucking stupid they are, what does it say to you Donna?  ",1,1,0,0,0.0,0.0,0.0,0.0,0.0,0.0,0.0,0.0,1.0,0.0
5380,12,"it says he is willing to respect other people's wishes no matter how fucking stupid they are, what does it say to you Donna?  ",1,1,0,1,0.0,0.0,0.0,0.0,0.0,0.0,0.0,0.0,0.0,0.0
5380,11,"it says he is willing to respect other people's wishes no matter how fucking stupid they are, what does it say to you Donna?  ",0,0,0,1,,,,,,,,,,
16627,2,Doctors should be imprisoned or shot for exploiting these mentally challenged individuals for profit. ,0,0,0,0,,,,,,,,,,
16627,7,Doctors should be imprisoned or shot for exploiting these mentally challenged individuals for profit. ,1,0,1,0,0.0,0.0,0.0,0.0,1.0,0.0,0.0,0.0,1.0,0.0
16627,12,Doctors should be imprisoned or shot for exploiting these mentally challenged individuals for profit. ,1,1,1,1,0.0,0.0,0.0,0.0,0.0,0.0,0.0,0.0,0.0,0.0
16627,11,Doctors should be imprisoned or shot for exploiting these mentally challenged individuals for profit. ,0,0,0,0,,,,,,,,,,
19726,7,The blacks don’t tip. All this talk about making it rain but we don’t get even a drizzle,1,1,0,0,0.0,1.0,0.0,0.0,0.0,0.0,0.0,0.0,1.0,0.0
19726,13,The blacks don’t tip. All this talk about making it rain but we don’t get even a drizzle,0,0,0,0,,,,,,,,,,
19726,12,The blacks don’t tip. All this talk about making it rain but we don’t get even a drizzle,0,0,0,0,,,,,,,,,,
19726,11,The blacks don’t tip. All this talk about making it rain but we don’t get even a drizzle,1,1,0,0,0.0,1.0,0.0,0.0,0.0,0.0,0.0,0.0,0.0,1.0
4959,2,https://www.youtube.com/watch?v=-PgkF1pF4kg   I have no problem with how China treats these bastards.They are only treating them like how the rest of us get treated by muzzies.,0,0,0,1,,,,,,,,,,
4959,7,https://www.youtube.com/watch?v=-PgkF1pF4kg   I have no problem with how China treats these bastards.They are only treating them like how the rest of us get treated by muzzies.,1,1,0,0,1.0,0.0,0.0,0.0,0.0,1.0,0.0,0.0,0.0,1.0
4959,12,https://www.youtube.com/watch?v=-PgkF1pF4kg   I have no problem with how China treats these bastards.They are only treating them like how the rest of us get treated by muzzies.,0,0,0,1,,,,,,,,,,
4959,11,https://www.youtube.com/watch?v=-PgkF1pF4kg   I have no problem with how China treats these bastards.They are only treating them like how the rest of us get treated by muzzies.,1,1,0,1,1.0,0.0,0.0,0.0,0.0,0.0,0.0,0.0,0.0,1.0
15553,7,"He is probably only a good goy, oblivious to the damage he is doing enforcing the Jew governments destructive laws in a desperate attempt to bring order to his crypto-jew riddled life. ",0,0,0,0,,,,,,,,,,
15553,13,"He is probably only a good goy, oblivious to the damage he is doing enforcing the Jew governments destructive laws in a desperate attempt to bring order to his crypto-jew riddled life. ",1,1,0,0,1.0,1.0,0.0,0.0,0.0,0.0,0.0,0.0,1.0,0.0
15553,12,"He is probably only a good goy, oblivious to the damage he is doing enforcing the Jew governments destructive laws in a desperate attempt to bring order to his crypto-jew riddled life. ",0,0,0,0,,,,,,,,,,
15553,11,"He is probably only a good goy, oblivious to the damage he is doing enforcing the Jew governments destructive laws in a desperate attempt to bring order to his crypto-jew riddled life. ",1,1,0,0,1.0,1.0,0.0,0.0,0.0,0.0,0.0,0.0,0.0,1.0
22770,2,"Silly Washington Post, it's not global warming OR Trump. It's the angry spirits of dead slaves! ",0,0,0,0,,,,,,,,,,
22770,7,"Silly Washington Post, it's not global warming OR Trump. It's the angry spirits of dead slaves! ",1,1,0,0,0.0,1.0,0.0,0.0,0.0,0.0,1.0,0.0,1.0,0.0
22770,12,"Silly Washington Post, it's not global warming OR Trump. It's the angry spirits of dead slaves! ",1,1,0,1,0.0,0.0,0.0,0.0,0.0,0.0,0.0,0.0,0.0,0.0
22770,11,"Silly Washington Post, it's not global warming OR Trump. It's the angry spirits of dead slaves! ",0,0,0,0,,,,,,,,,,
25352,2,How stupid. So many darkies in the Carolinas.,1,1,0,1,0.0,1.0,0.0,0.0,0.0,0.0,0.0,0.0,1.0,0.0
25352,7,How stupid. So many darkies in the Carolinas.,0,0,0,0,,,,,,,,,,
25352,12,How stupid. So many darkies in the Carolinas.,0,0,0,0,,,,,,,,,,
25352,11,How stupid. So many darkies in the Carolinas.,1,1,0,0,0.0,1.0,0.0,0.0,0.0,0.0,0.0,0.0,0.0,1.0
10637,6,"Where you will be going, It is too toasty for a fat girl. I don't give a 💩about you, or the Emmies, the Oscars, Holly Weird, NFL players or hypocritical criminal Demon Craps. ",1,1,0,1,0.0,0.0,0.0,0.0,0.0,0.0,1.0,0.0,1.0,0.0
10637,7,"Where you will be going, It is too toasty for a fat girl. I don't give a 💩about you, or the Emmies, the Oscars, Holly Weird, NFL players or hypocritical criminal Demon Craps. ",0,0,0,1,,,,,,,,,,
10637,3,"Where you will be going, It is too toasty for a fat girl. I don't give a 💩about you, or the Emmies, the Oscars, Holly Weird, NFL players or hypocritical criminal Demon Craps. ",1,1,0,0,0.0,0.0,0.0,1.0,0.0,0.0,0.0,1.0,1.0,0.0
10637,11,"Where you will be going, It is too toasty for a fat girl. I don't give a 💩about you, or the Emmies, the Oscars, Holly Weird, NFL players or hypocritical criminal Demon Craps. ",0,0,0,0,,,,,,,,,,
24854,2,"Damn that bitch is dumb.. with her pink hair, fucking Garth glasses and shitty old novelty guitar",1,1,0,1,0.0,0.0,0.0,1.0,0.0,0.0,0.0,0.0,1.0,0.0
24854,7,"Damn that bitch is dumb.. with her pink hair, fucking Garth glasses and shitty old novelty guitar",0,0,0,1,,,,,,,,,,
24854,12,"Damn that bitch is dumb.. with her pink hair, fucking Garth glasses and shitty old novelty guitar",1,1,0,1,0.0,0.0,0.0,0.0,0.0,0.0,0.0,0.0,0.0,0.0
24854,11,"Damn that bitch is dumb.. with her pink hair, fucking Garth glasses and shitty old novelty guitar",0,0,0,1,,,,,,,,,,
3232,6,"He lives in the Selma March over and over. Worst case of racism I ever saw,and pay your fucking taxes",1,1,0,1,0.0,1.0,0.0,0.0,1.0,0.0,0.0,0.0,1.0,0.0
3232,11,"He lives in the Selma March over and over. Worst case of racism I ever saw,and pay your fucking taxes",0,0,0,1,,,,,,,,,,
3232,7,"He lives in the Selma March over and over. Worst case of racism I ever saw,and pay your fucking taxes",0,0,0,1,,,,,,,,,,
3232,3,"He lives in the Selma March over and over. Worst case of racism I ever saw,and pay your fucking taxes",1,1,0,0,0.0,1.0,0.0,0.0,0.0,0.0,0.0,0.0,0.0,1.0
10688,2,This fucking shitshow must come to an end.,0,0,0,1,,,,,,,,,,
10688,7,This fucking shitshow must come to an end.,1,1,0,0,0.0,0.0,0.0,0.0,0.0,0.0,0.0,0.0,1.0,0.0
10688,12,This fucking shitshow must come to an end.,0,0,0,0,,,,,,,,,,
10688,11,This fucking shitshow must come to an end.,1,1,0,1,0.0,0.0,0.0,0.0,0.0,0.0,0.0,0.0,1.0,0.0
22092,3,Democratic US House candidate faces accusations of threatening GOP lawmaker in Facebook message https://www.theblaze.com/news/2018/09/26/democratic-us-house-candidate-faces-accusations-of-threatening-gop-lawmaker-in-facebook-message via @theblaze,0,0,0,0,,,,,,,,,,
22092,13,Democratic US House candidate faces accusations of threatening GOP lawmaker in Facebook message https://www.theblaze.com/news/2018/09/26/democratic-us-house-candidate-faces-accusations-of-threatening-gop-lawmaker-in-facebook-message via @theblaze,1,0,1,0,0.0,0.0,0.0,0.0,0.0,0.0,1.0,0.0,0.0,0.0
22092,0,Democratic US House candidate faces accusations of threatening GOP lawmaker in Facebook message https://www.theblaze.com/news/2018/09/26/democratic-us-house-candidate-faces-accusations-of-threatening-gop-lawmaker-in-facebook-message via @theblaze,1,1,0,0,0.0,0.0,0.0,0.0,0.0,0.0,1.0,0.0,0.0,1.0
22092,11,Democratic US House candidate faces accusations of threatening GOP lawmaker in Facebook message https://www.theblaze.com/news/2018/09/26/democratic-us-house-candidate-faces-accusations-of-threatening-gop-lawmaker-in-facebook-message via @theblaze,0,0,0,0,,,,,,,,,,
22092,16,Democratic US House candidate faces accusations of threatening GOP lawmaker in Facebook message https://www.theblaze.com/news/2018/09/26/democratic-us-house-candidate-faces-accusations-of-threatening-gop-lawmaker-in-facebook-message via @theblaze,0,0,0,0,,,,,,,,,,
20432,7,"Yep, apparently so. Fucking commie jew bastard prolly",0,0,0,0,,,,,,,,,,
20432,13,"Yep, apparently so. Fucking commie jew bastard prolly",1,1,0,0,1.0,1.0,0.0,0.0,0.0,0.0,0.0,0.0,1.0,0.0
20432,12,"Yep, apparently so. Fucking commie jew bastard prolly",0,0,0,1,,,,,,,,,,
20432,11,"Yep, apparently so. Fucking commie jew bastard prolly",1,1,0,1,1.0,1.0,0.0,0.0,1.0,0.0,0.0,0.0,1.0,0.0
11210,7,Well fuck them. Excuse the language but I've been pissed off over this since listening to that terrible acting job with the little baby voice bitch. I don't believe anything happened and I think she was a drunken slut in high school judging by her yearbook. I think this is such a coordinated setup that all but the most dense must see through. Ford would make a good supporting cast member in the remake of One Flew Over the Cuckoo's Nest but for the so-called hearing? D- and that's being generous. ,0,0,0,1,,,,,,,,,,
11210,2,Well fuck them. Excuse the language but I've been pissed off over this since listening to that terrible acting job with the little baby voice bitch. I don't believe anything happened and I think she was a drunken slut in high school judging by her yearbook. I think this is such a coordinated setup that all but the most dense must see through. Ford would make a good supporting cast member in the remake of One Flew Over the Cuckoo's Nest but for the so-called hearing? D- and that's being generous. ,0,0,0,1,,,,,,,,,,
11210,12,Well fuck them. Excuse the language but I've been pissed off over this since listening to that terrible acting job with the little baby voice bitch. I don't believe anything happened and I think she was a drunken slut in high school judging by her yearbook. I think this is such a coordinated setup that all but the most dense must see through. Ford would make a good supporting cast member in the remake of One Flew Over the Cuckoo's Nest but for the so-called hearing? D- and that's being generous. ,1,1,0,1,0.0,0.0,0.0,0.0,0.0,0.0,0.0,0.0,0.0,0.0
11210,11,Well fuck them. Excuse the language but I've been pissed off over this since listening to that terrible acting job with the little baby voice bitch. I don't believe anything happened and I think she was a drunken slut in high school judging by her yearbook. I think this is such a coordinated setup that all but the most dense must see through. Ford would make a good supporting cast member in the remake of One Flew Over the Cuckoo's Nest but for the so-called hearing? D- and that's being generous. ,1,1,0,1,0.0,0.0,0.0,1.0,0.0,0.0,0.0,0.0,0.0,1.0
11342,11,The Coudenhove-Kalergi Plan – The Genocide of the Peoples of Europe ,0,0,0,0,,,,,,,,,,
11342,6,The Coudenhove-Kalergi Plan – The Genocide of the Peoples of Europe ,1,0,1,0,0.0,0.0,0.0,0.0,0.0,1.0,0.0,0.0,1.0,0.0
11342,7,The Coudenhove-Kalergi Plan – The Genocide of the Peoples of Europe ,1,1,0,0,0.0,1.0,0.0,0.0,0.0,1.0,0.0,0.0,1.0,0.0
11342,3,The Coudenhove-Kalergi Plan – The Genocide of the Peoples of Europe ,0,0,0,0,,,,,,,,,,
13822,6,SOROS' Five Steps To Inialate Eourpe. . 1) Buy Off The Top Politicians Of European Counties 2) Buy Off The Top Leadership Of The EU 3) Buy Of The Top Media CEO's Not To Cover Negative Stories. 4) Transport Muslims & Africans To Europe.  5) Get The United State & EU To Pay For It.  ,1,1,0,0,1.0,1.0,0.0,0.0,0.0,1.0,1.0,0.0,1.0,0.0
13822,7,SOROS' Five Steps To Inialate Eourpe. . 1) Buy Off The Top Politicians Of European Counties 2) Buy Off The Top Leadership Of The EU 3) Buy Of The Top Media CEO's Not To Cover Negative Stories. 4) Transport Muslims & Africans To Europe.  5) Get The United State & EU To Pay For It.  ,0,0,0,0,,,,,,,,,,
13822,11,SOROS' Five Steps To Inialate Eourpe. . 1) Buy Off The Top Politicians Of European Counties 2) Buy Off The Top Leadership Of The EU 3) Buy Of The Top Media CEO's Not To Cover Negative Stories. 4) Transport Muslims & Africans To Europe.  5) Get The United State & EU To Pay For It.  ,0,0,0,0,,,,,,,,,,
13822,3,SOROS' Five Steps To Inialate Eourpe. . 1) Buy Off The Top Politicians Of European Counties 2) Buy Off The Top Leadership Of The EU 3) Buy Of The Top Media CEO's Not To Cover Negative Stories. 4) Transport Muslims & Africans To Europe.  5) Get The United State & EU To Pay For It.  ,1,1,0,0,0.0,0.0,0.0,0.0,0.0,1.0,0.0,0.0,0.0,1.0
11949,13,"Dont we want hate speech laws? It highlights the problem, what am i missing?   Long before hate speech laws white opinions have been silenced, supressed and ostracised.   Ive been trying to get the state to prosecute me under the hate speech laws but they wont.  ",0,0,0,0,,,,,,,,,,
11949,0,"Dont we want hate speech laws? It highlights the problem, what am i missing?   Long before hate speech laws white opinions have been silenced, supressed and ostracised.   Ive been trying to get the state to prosecute me under the hate speech laws but they wont.  ",1,1,0,0,0.0,0.0,0.0,0.0,0.0,0.0,1.0,0.0,0.0,1.0
11949,11,"Dont we want hate speech laws? It highlights the problem, what am i missing?   Long before hate speech laws white opinions have been silenced, supressed and ostracised.   Ive been trying to get the state to prosecute me under the hate speech laws but they wont.  ",1,1,0,0,0.0,1.0,0.0,0.0,0.0,0.0,0.0,0.0,0.0,1.0
11949,12,"Dont we want hate speech laws? It highlights the problem, what am i missing?   Long before hate speech laws white opinions have been silenced, supressed and ostracised.   Ive been trying to get the state to prosecute me under the hate speech laws but they wont.  ",0,0,0,0,,,,,,,,,,
25142,13,"get ur troll skills up you methed out fake as white supremacist hahaha a roach got more balls then u bahahahahaha lil bitch boy, go home to daddy ",0,0,0,0,,,,,,,,,,
25142,11,"get ur troll skills up you methed out fake as white supremacist hahaha a roach got more balls then u bahahahahaha lil bitch boy, go home to daddy ",0,0,0,1,,,,,,,,,,
25142,3,"get ur troll skills up you methed out fake as white supremacist hahaha a roach got more balls then u bahahahahaha lil bitch boy, go home to daddy ",1,1,0,1,0.0,1.0,0.0,0.0,1.0,0.0,0.0,0.0,1.0,0.0
25142,6,"get ur troll skills up you methed out fake as white supremacist hahaha a roach got more balls then u bahahahahaha lil bitch boy, go home to daddy ",1,1,0,0,0.0,1.0,0.0,0.0,0.0,0.0,0.0,0.0,1.0,0.0
25142,16,"get ur troll skills up you methed out fake as white supremacist hahaha a roach got more balls then u bahahahahaha lil bitch boy, go home to daddy ",1,1,0,1,0.0,0.0,0.0,1.0,1.0,0.0,0.0,0.0,1.0,0.0
25756,3,"""Ze boobs of yours... Zey need more perkiness.""",1,1,0,0,0.0,0.0,0.0,1.0,0.0,0.0,0.0,0.0,1.0,0.0
25756,13,"""Ze boobs of yours... Zey need more perkiness.""",0,0,0,0,,,,,,,,,,
25756,0,"""Ze boobs of yours... Zey need more perkiness.""",1,1,0,1,0.0,0.0,0.0,1.0,0.0,0.0,0.0,0.0,1.0,0.0
25756,11,"""Ze boobs of yours... Zey need more perkiness.""",0,0,0,0,,,,,,,,,,
6098,6,"Look forward to reading UR next book. My 1st thoughts R that we R in this situation through 'cock-up' rather than 'conspiracy'. Or more precisely, 'cock-up' on our side & something that's not quite conspiracy on the Moslem side: them just acting as they always do. We should have learnt from History, but  we were complacent. ",1,1,0,0,1.0,0.0,0.0,0.0,0.0,0.0,0.0,0.0,1.0,0.0
6098,11,"Look forward to reading UR next book. My 1st thoughts R that we R in this situation through 'cock-up' rather than 'conspiracy'. Or more precisely, 'cock-up' on our side & something that's not quite conspiracy on the Moslem side: them just acting as they always do. We should have learnt from History, but  we were complacent. ",1,1,0,0,1.0,0.0,0.0,0.0,0.0,0.0,0.0,0.0,0.0,1.0
6098,7,"Look forward to reading UR next book. My 1st thoughts R that we R in this situation through 'cock-up' rather than 'conspiracy'. Or more precisely, 'cock-up' on our side & something that's not quite conspiracy on the Moslem side: them just acting as they always do. We should have learnt from History, but  we were complacent. ",0,0,0,0,,,,,,,,,,
6098,3,"Look forward to reading UR next book. My 1st thoughts R that we R in this situation through 'cock-up' rather than 'conspiracy'. Or more precisely, 'cock-up' on our side & something that's not quite conspiracy on the Moslem side: them just acting as they always do. We should have learnt from History, but  we were complacent. ",0,0,0,0,,,,,,,,,,
