ID,Annotator,Text,Hate,HD,CV,VO,REL,RAE,SXO,GEN,IDL,NAT,POL,MPH,EX,IM
17747,6,"2) is that time has been running out. I have been on this for a couple years now, but it has taken on a more ominous cloud. More R's are retiring from Congress. So, besides the statutes of limitations we also have to worry about losing congress and maybe potus through impeachment.",0,0,0,0,,,,,,,,,,
382,10,"We shall see , words are one thing actions are another.",0,0,0,0,,,,,,,,,,
4165,6,"I also only buy King Arthur, it’s also not bleached or bromated. I use a lot of there recipes, they’re usually well tested.",0,0,0,0,,,,,,,,,,
748,17,"http://www.socialmatter.net/2018/03/19/matthew-ros...  “You can’t redefine the collapse of your own credibility...” Oosh fam, savage, but true.",0,0,0,0,,,,,,,,,,
2129,7,"If there was ever a reason for CPS, that shit is it.",0,0,0,0,,,,,,,,,,
11913,12,"""Now I feel like I need to go home and just read...""    https://t.co/qPLX9X76Gy #education #news",0,0,0,0,,,,,,,,,,
1044,12,Do niggers think locking up electronics and razor blades is racist too? I hope they all go back to Africa but don't make it because their boats sink and they all drown.  http://www.businessinsider.de/walmart-responds-to-claims-that-it-locks-up-african-american-beauty-products-2018-1,1,1,0,1,0.0,1.0,0.0,0.0,0.0,1.0,0.0,0.0,0.0,0.0
572,7,1) I prefer Iranian to Persian. Persian sounds less threatening. ,0,0,0,0,,,,,,,,,,
17036,0,Be sure to follow my Youtube Channel and check out the new and upcoming videos.,0,0,0,0,,,,,,,,,,
26095,12,"I would figure you would wear pink every day, SP :)",0,0,0,0,,,,,,,,,,
27284,13,By far some of the funniest and cringiest live streams ever on the internet. Asian Andy has balls of steel.  https://m.youtube.com/watch?v=6_Y-lQ6VI98,0,0,0,0,,,,,,,,,,
6254,12,"call me ""confused"" -- why was there a budget bill signed in january and why is another budget bill being signed today? ",0,0,0,0,,,,,,,,,,
19342,11,Fasting Journal : 44/240 Second full day.,0,0,0,0,,,,,,,,,,
23809,11,"For he that speaks in an unknown tongue speaks not unto men, but unto God: for no man understands him; but in the spirit he speaks mysteries. I Corinthians 14:2",0,0,0,0,,,,,,,,,,
19721,13,"> while Barcelona insists on the need for international mediation, Madrid says 'no way.’    ... and that's why the second amendment was created.   http://www.catalannews.com/news/item/11-oct-17-tv-...",0,0,0,0,,,,,,,,,,
15439,7,yeah but.....nobody calls it like it /IS/ because nobody has /ALL/ of the facts.  Everybody calls it like /they see it/. That includes you and me.  :-),0,0,0,0,,,,,,,,,,
14224,1,Amazin! How ever did Justin Trudeau get to be Canadian Prime Minister???,0,0,0,0,,,,,,,,,,
16237,11,Welcome back!  I have been 'collecting' memes for Wednesday.  Here are our instructions. MASSIVE amounts of memes and ideas for you. =)  https://www.youtube.com/watch?time_continue=349&v=odZNTQKdhtw,0,0,0,0,,,,,,,,,,
27357,7,Yeah just in time... Join me! ,0,0,0,0,,,,,,,,,,
8186,12,Imagine if a Senator didn't sit on it until last minute... https://kek.gg/u/gTnr,0,0,0,0,,,,,,,,,,
7511,17,Former Federal Prosecutor and Russia Witch Hunt Critic Joe DiGenova Joins Trump’s Legal Team http://www.thegatewaypundit.com/2018/03/former-fed...,0,0,0,0,,,,,,,,,,
3811,11,Ending the Secrecy of the Student Debt Crisis @alternet https://www.alternet.org/ending-secrecy-student-debt-crisis#.W56kqWqt9LY.twitter,0,0,0,0,,,,,,,,,,
20458,7,President Trump Signs VA Mission Act - https://t.co/zIn6xE7LYF #OANN #VAMissionAct https://t.co/X0UF5e6ImQ,0,0,0,0,,,,,,,,,,
5437,12,I always wish he would someday drown with his nose in the air.,0,0,0,0,,,,,,,,,,
10178,3,#Qanon Q !UW.yye1fxo  01/07/18 (Sun) 00:40:14 05b846 No.13097 Coincidence? Q  Q !UW.yye1fxo  01/07/18 (Sun) 00:43:37 05b846 No.13128 Coincidence? Who received the stolen intel? Who paid who? Q,0,0,0,0,,,,,,,,,,
14521,1,"Look, DeputyDawg, brother, patriot. I am probably not popular among the extremists that want to holler, ""Lynch That Bastard Obama"". ",0,0,0,0,,,,,,,,,,
8256,8,"If you truly support free speech, you should be outraged by the censorship of @RealAlexJones by Big Tech! #FreeAlexJones #FreeInfoWars  'TWR Special Report | #FreeAlexJones' by @samwhitfield https://gab.ai/tv/watch/25548",0,0,0,0,,,,,,,,,,
12352,13,How did I miss this masterpiece?!?!?!?! ,0,0,0,0,,,,,,,,,,
2207,9,I don't think voting works unfortunately.,0,0,0,0,,,,,,,,,,
2421,13,Who is Jason #Kessler? Reports say ‘hate rally’ staged and its organizer an #Obama supporter http://www.worldtribune.com/who-is-jason-kessler-r... … #Charlotteville,0,0,0,0,,,,,,,,,,
6568,10,"London Rising 004: The silencing of Alex Jones, China's red Apple, Saudi Arabia brings Canada to heel, Fluoride vs. Thyroid  https://www.podbean.com/media/share/pb-4rt37-96fa1...",0,0,0,0,,,,,,,,,,
25308,17,"I bought 1800 Basic Attention Tokens, by my calculations that should last me 30 years in Brave browser monthly payments.",0,0,0,0,,,,,,,,,,
9093,2,"Matthew 7:1-3 King James Version (KJV) 7 Judge not, that ye be not judged.  2 For with what judgment ye judge, ye shall be judged: and with what measure ye mete, it shall be measured to you again.  3 And why beholdest thou the mote that is in thy brother's eye, but considerest not the beam that is in thine own eye?",0,0,0,0,,,,,,,,,,
12366,4,"This whole #Q #QAnon #QArmy is doing nothing but dividing #TrumpSupporters and people who support the #MAGA agenda. You have the right to believe it or not but, keep in mind that the real enemy is still out there! Focus on that! #Vote! #GreatAwakening #WalkAway",0,0,0,0,,,,,,,,,,
9008,1,She has 70k subscriptions on Youtube? So .. some?,0,0,0,0,,,,,,,,,,
22213,0,We will win 😊 God Bless you too 🇺🇸 #MAGA,0,0,0,0,,,,,,,,,,
24901,13,Right on!! #Awake,0,0,0,0,,,,,,,,,,
7973,1,He can market to me all he’d like. Unsung hero. ,0,0,0,0,,,,,,,,,,
12670,12,"According to President's, Clinton 1992, Bush 2000 and Obama 2008 ""Jerusalem should be the capital of Israel"" but took a President Trump 2018 to get the job done. #MAGA ",0,0,0,0,,,,,,,,,,
10954,2,"There is no ""try"" about it, it either jumped or it didn't. Seeing it's still alive it didn't jump...unless it jumped & bounced off it's fake tits to safety 😂",0,0,0,0,,,,,,,,,,
23504,11,Of course Sasse would want to be nominated,0,0,0,0,,,,,,,,,,
17560,5,"Thanks, random.txt... that's EXACTLY what I wanted to think about... I especially like how it lines up perfectly with the article I was reading at the time, too...",0,0,0,0,,,,,,,,,,
17486,4,"In which #StevenTyler admits he's an idiot, instead of a partisan.  #Aerosmith has been around since the 70's, and still doesn't understand how music licensing works?https://twitchy.com/jacobb-38/2018/08/22/steven-ty...",0,0,0,0,,,,,,,,,,
1671,13,I'm always happy to see people unsubscribe from my show when I criticize popular internet figures like @stefanmolyneux and @realdonaldtrump. I'm not here to be part of a circle jerk. I want these people to do better.  https://www.youtube.com/watch?v=UTJvfKsKZxs   #SpeakFreely #GabFam #FreeSpeech,0,0,0,0,,,,,,,,,,
27010,2,You got that wrong Murderer Leave Syria and Iraq Alone. You can't have the Golan Heights murdering thief,0,0,0,0,,,,,,,,,,
14574,7,A funny take on an #EU meeting. https://youtu.be/t3Uieiz7Xc8,0,0,0,0,,,,,,,,,,
23167,3,"Not for Nothin, You forgot the Hammer, N Sickle...",0,0,0,0,,,,,,,,,,
18855,9,#WWG1WGA #QAnon #TheGreatAwakening #WhiteSquall,0,0,0,0,,,,,,,,,,
12958,13,The science has been settled on the harmful effects of 5G. Stop Bill 637! https://www.youtube.com/watch?v=gHy0DlcfdoE,0,0,0,0,,,,,,,,,,
26461,0,The old right that stood up for cibil rights?,0,0,0,0,,,,,,,,,,
26758,7,I kind of feel bad. Done with this? I never noticed you. Are you even sure you were speaking to me?,0,0,0,0,,,,,,,,,,
13290,13,Belgians are rather fond of their waffles. ,0,0,0,0,,,,,,,,,,
5580,1,i'd share a bar of soap with em ,0,0,0,0,,,,,,,,,,
24067,2,Time to invest in stocks of companies that make US flags. Could make a killing. ,0,0,0,0,,,,,,,,,,
24801,10,Anamorph - a #1 puzzle game on the US AppStore is now available on GooglePlay. Where anamorphic art IS the puzzle. Get it here:GooglePlayhttps://play.google.com/store/apps/details?id=com.... AppStorehttps://itunes.apple.com/us/app/anamorph/id1315469... #newgame #iOS #iPhone #iPad #android,0,0,0,0,,,,,,,,,,
17084,11,"Whoops! My bad, you're right. Flake dropped out. How did I miss that? I've been ""spinning many plates"" as Lionel would say.",0,0,0,0,,,,,,,,,,
5358,3,"I have no doubt that, if the attack on Dr. Ford was as bad as she says, charges would have been immediately filed with local Law Enforcement Authorities by either her or her loving parents. I ask that she bring those filings forward so that we can learn date, time, and place!",0,0,0,0,,,,,,,,,,
23207,9,Critical viewing   https://youtu.be/fAReCOhS10A   h/t mpcdot.com,0,0,0,0,,,,,,,,,,
18775,12,NO SENSE OF CAT HUMOR!!! OMG!!!,0,0,0,0,,,,,,,,,,
5754,11,NEWS FLASH.. Illegal aliens have ZERO rights under the US Constitution,0,0,0,0,,,,,,,,,,
7809,6,How much Coal or Coke does it take to do a Holocaust? ,0,0,0,0,,,,,,,,,,
18848,12,Why aren't you guys watching Bloodapalooza?! @MisterMetokur‍ is on a kill streak!!,0,0,0,0,,,,,,,,,,
2313,8,“I would maintain that thanks are the highest form of thought; and that gratitude is happiness doubled by wonder.”,0,0,0,0,,,,,,,,,,
2339,13,"I like Beer, Wine, And most Liquors. ",0,0,0,0,,,,,,,,,,
8855,13,Just adding to our collective 'hive' mind... (thanks to SerialBrain2) https://www.reddit.com/r/CBTS_Stream/comments/82qk... #CBTS #QANON #QMAP 'Build the MAP. MAP provides the KEY. KEY spreads the TRUTH. TRUTH shines LIGHT. LIGHT saves HUMANITY. Future proves past. Trust the plan.' Q,0,0,0,0,,,,,,,,,,
9011,11,When you find humor in everything you can't get offended,0,0,0,0,,,,,,,,,,
9551,7,(((Rockefeller))) (Roggenfelder) Sells Controversial Child Sex Canvas For Record $115 Million ,0,0,0,0,,,,,,,,,,
13291,0,(A little older news for those that missed it) - Evergreen didn't learn. Day of Absence continues. #Education #SJW #HomeSchool #Tradcons #Women #Men - https://m.youtube.com/watch?v=PhRd5x41q8I,0,0,0,0,,,,,,,,,,
16287,7,We've been in this shit mine for awhile now...  https://i.imgur.com/SDaqKb3.png,0,0,0,0,,,,,,,,,,
20706,13,"https://www.seospark.co.uk/upcoin-review-good-opportunity-or-big-scam/: Ok, if you need more info on UpCoin before joining, please make sure to look at this article here. #Upcoin_review #Upcoin #Upcoin_compensation_plan #Upcoin_scam",0,0,0,0,,,,,,,,,,
24911,10,My latest on American Partisan. How familiar are you with elicitation? http://www.americanpartisan.org/2018/08/elicitatio...  #GabResist,0,0,0,0,,,,,,,,,,
11976,13,"The marijuana issue, just in my uneducated opinion, is not one Sessions should go after. There’s going to be a huge emotional backlash. Not just from weed folks either. Anyone who supports states rights, will also probably object.",0,0,0,0,,,,,,,,,,
21638,13,"on that note if I ever have to hear the Oasis song 'Don't Look Back in Anger' ever again I might combust from incoherent rage. Yeah guys, definitely don't get angry over children being murdered at a pop concert. Top choice. A*. I'm still fucking bitter.",0,0,0,0,,,,,,,,,,
19721,9,"> while Barcelona insists on the need for international mediation, Madrid says 'no way.’    ... and that's why the second amendment was created.   http://www.catalannews.com/news/item/11-oct-17-tv-...",0,0,0,0,,,,,,,,,,
13567,7,"Stand strong and ignore the leftist rabble, Ms. Nielsen. Victory will come. We are right. ",0,0,0,1,,,,,,,,,,
15107,3,Anecdotal stories are specifically rejected in science!  You can't tell from a story whether a compound had an effect or whether the disease went away by itself!  It is only in medical double-blind testing with large numbers and hard statistics that you can tell with a given confidence.,0,0,0,0,,,,,,,,,,
25759,3,"The Catholic Church is NWO. Loyola started the infiltration with the Jesuits. The Knights Of Columbus are a foreign occupier in the USA whose first allegiance is to the Papal 'throne'. Vatican City is a city state, just like London and Washington DC. The Rothschilds own the Vatican bank, you ignorant person....",0,0,0,0,,,,,,,,,,
21039,11,Sorry i ever brought fucked up sad shit problems to GAB. Will never mention my situation again. Looks like i better start packing my shit. I dont know what i was thinking. Thought i could do my own gofundme style campaign out here in GAB land. Again bad idea and I'm so sorry everyone. This is not normally me at all. Saturated as gofundme is I think i should have tried,0,0,0,1,,,,,,,,,,
26717,2,Doing a little light food shopping.,0,0,0,0,,,,,,,,,,
15739,7,More worries about Stormy. That is why you double wrap it if you suspect anything. ,0,0,0,0,,,,,,,,,,
6932,1,"You mean his written and published admission, Lea?",0,0,0,0,,,,,,,,,,
8717,4,"This is exactly right.  If you allow free speech that isn't illegal to prevail, your workload decreases 10,000%.  When you spend time monitoring 'hate speech' and 'mean comments', you end up with 10,000 employees you don't need.",0,0,0,0,,,,,,,,,,
24776,1,New James Alefantis #PizzaGate Instagram Images - #PedoGate James is Touring Europe (Fled the USA?) ,0,0,0,0,,,,,,,,,,
11303,12,"lol, so what time is it?  ",0,0,0,0,,,,,,,,,,
20750,11,Perhaps #AmericansWorkToSupportEconomicMigrants does not jive with everyone criminals #LOCKUP Those who betray #MAGA children ,0,0,0,0,,,,,,,,,,
20720,12,http://english.dailynk.com/english/read.php?cataId=nk01500&num=15120   Sanctions? There are opportunities everywhere!,0,0,0,0,,,,,,,,,,
17337,1,I didn't realize the Roman and Greek empires were created by the Catholic Church?,0,0,0,0,,,,,,,,,,
8710,7,"I had no idea who this guy was, I heard ""Children of the Lie"" and thought he was gonna start being the next black Martin Luther. But no, we get ""All you need is love"" for 50 minutes.  ",0,0,0,0,,,,,,,,,,
9500,5,I think the reason they are in secret & not reported on is if the general public realised the amount of Muslim men involved & how many kids were abused there would by riots on the streets.,0,0,0,0,,,,,,,,,,
21359,17,"I keep checking in to Gab.  It still doesn’t have the required collateral, tho I feel it’ll be my Twitter replacement in the future.",0,0,0,0,,,,,,,,,,
3018,7,http://www.52sl.net/nutrisystem-for-diabetics/: I discovered this exceptional slim down program for diabetics that really gets results.,0,0,0,0,,,,,,,,,,
18678,12,Tuolumne County Becomes Third California County To Oppose Sanctuary State Law | Weasel Zippers https://www.weaselzippers.us/383748-tuolumne-county-becomes-third-california-county-to-oppose-sanctuary-state-law/,0,0,0,0,,,,,,,,,,
14882,12,The latest on #Q #QAnon with great analysis by SpaceShot76 ,0,0,0,0,,,,,,,,,,
343,15,Twitter advanced search is hiding tweets of politicians. Same tweets can be found on Google Search on chrome and Duck Duck Go on ToR. See for yourself. https://twitter.com/JanzforCongress/status/9204231...  'Nancy Gilmore' is called a 'retired engineer' by Fresno Bee. 3/30/2018 #maga #gabfam @a @Amy @Microchip,0,0,0,0,,,,,,,,,,
24615,8,Kids or cocks: Choose one The globohomo elite and their institutions want you to choose the latter so they can lock you in now and lock you out of the future https://anepigone.blogspot.com/2018/08/inverse-rel...,0,0,0,0,,,,,,,,,,
20444,11,Very happy to meet you!,0,0,0,0,,,,,,,,,,
27204,11,I think they have everyone but flakey Flake.,0,0,0,0,,,,,,,,,,
19843,17,Don King on Fox Business is too much I actually had to leave the room to calm down lmao,0,0,0,0,,,,,,,,,,
14455,7,Fuck Antwon Rose.    The officer will walk.   ,0,0,0,1,,,,,,,,,,
18523,11,you really expect that they will bite the hand that feeds them?,0,0,0,0,,,,,,,,,,
6389,9,These antifa animals are just plain awful. These privileged woosies are backwards cowards. Worth far less than cattle.,1,1,0,0,0.0,0.0,0.0,0.0,0.0,0.0,1.0,0.0,1.0,0.0
9438,0,"I told my Mom to have a good time, making sure there wasn't anything left except for the cremation costs. She, like her parents & before them, & I, as my daughter, all did all we could for our families to make sure our children had a good roof, clothing & food. My Mom owes me nothing. I owe her decades more of hugs.",0,0,0,0,,,,,,,,,,
6091,2,Good site which contains some really beneficial info regarding the Jewelry  field. A group  That: http://sunfacetraders.com/,0,0,0,0,,,,,,,,,,
16676,12,https://youtu.be/Pk1yAVOVJsg. Don't look away much from things. But wow. Recoiled like a snake. Embarrassed ,0,0,0,0,,,,,,,,,,
10721,11,LAWSUIT: Monsanto hid the truth about glyphosate and cancer - Tyranny News https://shar.es/an2Xga,0,0,0,0,,,,,,,,,,
2458,10,Too late.  :(We're all in this mess together.,0,0,0,0,,,,,,,,,,
25634,5,@HDT thank you for the follow!,0,0,0,0,,,,,,,,,,
18537,13,Officially official new company is Beeso. I'm really excited about what I'm working on. It's going to change how startups are done and funded. Total disruption.,0,0,0,0,,,,,,,,,,
24611,7,I start with the pieces that don't fit.,0,0,0,0,,,,,,,,,,
14509,2,This is precious! Life is precious. :-) ,0,0,0,0,,,,,,,,,,
6292,0,Hahaha stop ... it can't be true! Oh .... it is ... but how did it happen how did these types get into power?,0,0,0,0,,,,,,,,,,
9363,11,Making good people helpless  Will NOT make bad people harmless,0,0,0,0,,,,,,,,,,
16147,2,"#TarAndFeather THESE #DeepState motherf**king Government drones and squares, THEN THROW THEM IN GITMO FOR ATTEMPTING TO SUBVERT OUR DEMOCRACY. ",1,1,1,1,0.0,0.0,0.0,0.0,0.0,0.0,1.0,0.0,0.0,0.0
26327,3,Judge refuses to toss lawsuit accusing Harvey Weinstein of sex trafficking. #QAnon #MAGA #WWG1WGA #PedoWood https://pge.sx/2MsrH4P,0,0,0,0,,,,,,,,,,
13079,17,I'm pleasantly surprised it took THIS long :-O http://www.breitbart.com/tech/2018/04/13/conservat...,0,0,0,0,,,,,,,,,,
27189,3,"See, that's part of the problem. Image. If these guys would simply NOT go out of their way to look like total douchebags, more people would probably take them seriously. ",0,0,0,1,,,,,,,,,,
10658,0,Third-Highest Ranking Justice Department Official RESIGNING ,0,0,0,0,,,,,,,,,,
16742,12,France took the #SIEGEpill  Americans just run around in skull masks,0,0,0,0,,,,,,,,,,
15733,0,Armed Clan Turns German Club Into Warzone,0,0,0,0,,,,,,,,,,
8197,11,Saccone concedes Pennsylvania special election to Lamb ,0,0,0,0,,,,,,,,,,
6737,12,It's already happened on the baseball field in full view of the public. This was because the demonic leftist media whipped their readers into a murderous frenzy after Trump won the election. The leftist media is in fact responsible for the shooting of Steve Scalise and should have been held accountable for that crime.,0,0,0,0,,,,,,,,,,
10690,1,"Jesus pictures: I'm talking about Exodus 20:4.  Listen. It's the same old merry go round. Finally, jump to Rev 12. Who's the ""woman""?  You have to open your heart and read the whole bible, 66 books, ask the Holy Spirit to guide you, not the pope, not Billy Graham. Hermeneutics require you FACT CHECK verses with other vereses.",0,0,0,0,,,,,,,,,,
17490,8,Check out the hot #DemocratOnDemocrat racism!,0,0,0,0,,,,,,,,,,
16140,12,Good Morning #PATRIOTS 🇺🇸🇺🇸🇺🇸 ,0,0,0,0,,,,,,,,,,
18704,10,Know that guy who's your parents' worst nightmare? I dog sit for him.,0,0,0,0,,,,,,,,,,
19861,7,Anglin is definitely a better writer than a live speaker,0,0,0,0,,,,,,,,,,
14539,11,I wish just one would have the kahuna's to say that to the public at large.,0,0,0,0,,,,,,,,,,
26243,3,BINGO! ,0,0,0,0,,,,,,,,,,
5167,11,"How to get tons of followers:  Step 1: be a woman Step 2: be blonde Step 3: have an opinion Step 4: post frequently  Yup, I think that pretty much sums it up.",0,0,0,0,,,,,,,,,,
11868,9,"Picking up coding again. Sad part being mid clas in big city, no capital 2 work 4 me. Doing everything myself. Better this way, just slower.",0,0,0,0,,,,,,,,,,
20197,16,PrimeLend Testimonial: PML factors ICO offering Legit or Fraud? Discover ...: https://hotmlmcompanies.com/primelend-review/ #marketing #business #news #network_marketing,0,0,0,0,,,,,,,,,,
9279,3,10/26/18 ScienceAlert: An Unrelenting Hum Is Silencing Whales in Japan,0,0,0,0,,,,,,,,,,
10542,6,"""To be frank, I think his world had vanished long before he ever entered it. But I will say, he certainly sustained the illusion with a marvelous grace."" ",0,0,0,0,,,,,,,,,,
21129,0,"https://www.youtube.com/watch?v=uOrPv5Vy-1c    X22Report    The Show Has Just Begun, Welcome To The Swamp.",0,0,0,0,,,,,,,,,,
20149,3,Especially Melania she is an awesome and beautiful woman! Not Like the last one Michael! ,0,0,0,0,,,,,,,,,,
27274,3,Looks like there’s plenty of new places to escape to,0,0,0,0,,,,,,,,,,
16221,13,"Sons are this land's future. Cultivate their interest, skills and masculinity",0,0,0,0,,,,,,,,,,
4275,5,Years ago I made a candle with a bit of synthetic motor oil in it that smelled like a racetrack when you burned it. 😎,0,0,0,0,,,,,,,,,,
8103,11,As a man... I see a similar need.,0,0,0,0,,,,,,,,,,
9838,3,"""I know I must remain inside this silent well of sorrows"" Profound.",0,0,0,0,,,,,,,,,,
12134,7,So do I ☺ and that's something that I NEVER envisioned myself saying about any of our presidents! Have a great weekend!,0,0,0,0,,,,,,,,,,
24663,8,"Hey  @alexsandroaoliveira , Welcome. Write a post....post a picture...make a comment.",0,0,0,0,,,,,,,,,,
7834,11,"liked his dad, never liked him or his sister, ""Easy Rider "" was a classic ",0,0,0,0,,,,,,,,,,
16104,11,"""My best friend's sisters cousin's boyfriend..."" -Hahahaha!",0,0,0,0,,,,,,,,,,
18164,11,If I don't agree or want to see the drivel I use the mute button - that's what it's there for. PayPal is not the end all be all ruler of internet commerce.,0,0,0,0,,,,,,,,,,
17287,12,They are doing it for the same reason they are ripping everything else in the west apart: because they hate us. Feigning love for third world filth is apparently a politically acceptable way to express their hatred.,0,0,0,1,,,,,,,,,,
1507,12,"@hodlDRGN Not interested in secrets my friend. Secrets always turn out to be just ideas. We all have a hundred a day. They have zero value. If I'm wrong, and you have a product, then please correct me. https://kek.gg/u/f3sz",0,0,0,0,,,,,,,,,,
11182,4,"Hey @support, I'm getting a 'details unresponsive' and 'unable to access' when I try to read Gab notifications on my Android phone - why am I getting these error messages??",0,0,0,0,,,,,,,,,,
19227,6,"How do you feel about the Syria strike. Has Trump been compromised? Americans, speak.",0,0,0,0,,,,,,,,,,
9035,13,Must have burned their last burrito,0,0,0,0,,,,,,,,,,
9887,12,why not post everything here... ?? Twitter is becoming a nightmare and facebook is shite. you know that because my Granny uses it... @CountDankulaTV,0,0,0,0,,,,,,,,,,
12012,13,Cant believe it took so long,0,0,0,0,,,,,,,,,,
1086,17,Curious about where my followers land:,0,0,0,0,,,,,,,,,,
25723,13,Option 1 is the hard right choice. ,0,0,0,0,,,,,,,,,,
15925,7,"They did that here, too! Some bored beat cops (we had so little crime back then) would even show the boys how to hold their ""guns"", and the boys would be in awe of their stories...those really were good days.",0,0,0,0,,,,,,,,,,
20025,11,"A trained K9 is an LEO and anyone killing one should be charged with murder, same as a human.",0,0,0,0,,,,,,,,,,
2904,11,This is the funniest censored post I have had yet! Got this today... ,0,0,0,0,,,,,,,,,,
2728,7,Not surprising.  Use D Tube instead.,0,0,0,0,,,,,,,,,,
18463,11,Sedition and Treason trials begin when?,0,0,0,0,,,,,,,,,,
18640,6,didn't say they weren't. gab is an extreme example though. thats why I haven't been on for so long.,0,0,0,0,,,,,,,,,,
26264,0,U.S. Deports Former Nazi Concentration Camp Guard to Germany ,0,0,0,0,,,,,,,,,,
4887,17,Oh look! Jimmy Kimmel is slamming Trump! YAWN...,0,0,0,0,,,,,,,,,,
3517,11,#TorahLifeMinistries #PaulNison #MessianicJudaism #Christianity ,0,0,0,0,,,,,,,,,,
1041,5,"DAILY DEVOTIONAL, May 30, 2018 ",0,0,0,0,,,,,,,,,,
16167,6,"Fire chief: 3 killed, 22 injured in crash involving passenger bus, three other vehicles on New Mexico highway - AP",0,0,0,0,,,,,,,,,,
12514,17,Jim Traficant did nothing wrong,0,0,0,0,,,,,,,,,,
13713,3,#caturday can we make an open word action rpg where you play as a cute cat loli like this? 😍,0,0,0,0,,,,,,,,,,
22889,8,You probably ought to look up the definition of 'fact' before spouting. Just saying,0,0,0,0,,,,,,,,,,
25562,12,Riiiiiiiiiiiight . Him and McConnel and Ryan ... True patrotic Mericans,0,0,0,0,,,,,,,,,,
26774,2,@Will_DePoz‍ beat me to the punchline.,0,0,0,0,,,,,,,,,,
23291,13,I'm thinking I need to... rethink how I use Gab. -_-,0,0,0,0,,,,,,,,,,
9529,5,"So my daughter gets a new kitten and now our black cat hangs out on black objects around the house, we gave him a Batman voice. anyone know why he might be doing that?",0,0,0,0,,,,,,,,,,
10021,12,Ahhhh..spoken by a tru clueless minimum wage earner...another ranting asshole...I’m debt free sweetheart...betting mum pays your bills...😂😂😂😂😂,0,0,0,0,,,,,,,,,,
1547,7,This was the first game I've found that absolutely refused to use my monitor's G-sync capability. I know I've ran other Unity engine games just fine on here. Something is very borked with this title. I spent two hours searching but I guess no one else has tried g-sync with it. I had to refund. I didn't spend $150 extra for this tech to have a game refuse to use it.,0,0,0,0,,,,,,,,,,
21762,4,"@Real_John_Wayne Has anyone heard anything from John? He hasn’t posted in 2 months, shortly after he had a medical emergency. Always had interesting conversations. Strangely, a search for his name doesn’t return his name, even though I can track his account down from my timeline.",0,0,0,0,,,,,,,,,,
21974,12,Tiangong 1: #China 's space station is crashing to Earth. But where? - The Washington Post https://www.washingtonpost.com/news/speaking-of-science/wp/2017/10/16/chinas-first-space-station-will-soon-crash-to-earth-no-one-knows-where-itll-hit/?utm_term=.62b92cc97104 #GabFam #News  #TuesdayThoughts,0,0,0,0,,,,,,,,,,
11963,9,Worst WW3 ever.,0,0,0,0,,,,,,,,,,
10974,7,"Explain your 'big picture'.  I'll explain mine afterwords, which includes heavy migration controls.",0,0,0,0,,,,,,,,,,
22849,3,Here's an *asylum* seeker we should take in and guard !!,0,0,0,0,,,,,,,,,,
11006,6,"I think the 90s fascistic position is just one position and it won't gain much adepts than what it has gained already. Taking the example of race, the spiteful mocking of other races does not and will not work with the civilised masses. That is why the more polite American Renaissance way works.",0,0,0,0,,,,,,,,,,
16875,1,"No amount of alcohol, sausage or bacon is safe according to cancer experts - Tyranny News https://shar.es/anpNMo",0,0,0,0,,,,,,,,,,
15915,6,Here we go with more PC BS!,0,0,0,0,,,,,,,,,,
8778,13,Boom! 17 of MS-13’s Leadership Taken Down in Massive Crackdown by DEA http://thegoldwater.com/news/15941-Boom-17-of-MS-13-s-Leadership-Taken-Down-in-Massive-Crackdown-by-DEA,0,0,0,0,,,,,,,,,,
19554,11,"She's the reason I put my video on GabTV, because she didn't believe I was a real woman.",0,0,0,0,,,,,,,,,,
22265,12,"The famous Indian pharmaceutical company Mylan received a specific lead in the introduction of the cost-effective generic version of Tenofovir Alafenamide 25 mg (trade name ""Vemlidy""), under brand name 'HEPBEST', a once-daily treatment for adults with chronic hepatitis B virus (HBV) infection. https://goo.gl/PAbYST  ",0,0,0,0,,,,,,,,,,
24630,12,"Rep. Gerry Connolly (D-Va.) calls for fox to fire Hannity, Hay shmuck head go pound dirt and take the rest of the crazy's with you.",0,0,0,0,,,,,,,,,,
458,11,haha i never took ambien. i never started adderall again either. i think my brain is too worn out already. i need to save what i have left. ,0,0,0,0,,,,,,,,,,
16657,3,"Nope, and neither are you. ",0,0,0,0,,,,,,,,,,
2167,12,"The new release of GIMP 2.10 is out. Let's take a look at all the new features coming with it including new color and icon themes, new color curve options, new blending modes, multithreading and GPU processing support, and some new filter effects ",0,0,0,0,,,,,,,,,,
23125,12,I would like to subscribe to the SABO newsletter please 👌,0,0,0,0,,,,,,,,,,
3995,11,this is just a bad faith ploy to delay the confirmation vote,0,0,0,0,,,,,,,,,,
26173,11,"Are you  thinking of joining this company?  Because I  expose the shocking  fact, do NOT  sign up: https://www.marketingxtreme.net/crypto15-review/",0,0,0,0,,,,,,,,,,
12413,11,"@realDonaldTrump Sir, why you worry about Harley Davidson?? Those are shito bikes and always break down. Let them go and keep the Vulcan Bikes around. Same sound and hardly ever break down. Real true Bikers know a good bike when they see one. VULCAN BIKES ARE BEST & CHEAPER TOO",0,0,0,0,,,,,,,,,,
13921,4,Alps Ink Cartridge for Md Series Printer (Magneta) https://www.amazon.com/dp/B0000511C8?m=A3SG5VL3M26...,0,0,0,0,,,,,,,,,,
2998,12,"None of this means I am against whites claiming to be Gods' chosen. I think it is stupid, not true, and exactly what we've been told not to do, and none of it ever ends well, but if everyone is going to get in on this game, it seems stupid too, that we wouldn't say the same thing. Or that we should be allowed to.",0,0,0,0,,,,,,,,,,
19704,10,Whut it doooo guize??,0,0,0,0,,,,,,,,,,
7944,8,"So #Tesla just met its production goal without even a factory in which to work.    Wow, that's in-tents.",0,0,0,0,,,,,,,,,,
10512,5,G2293 in Strong's this phrase is used only by Jesus to have courage: - be of good cheer (comfort).  ,0,0,0,0,,,,,,,,,,
8285,6,"Yup, even in the courtoom...",0,0,0,0,,,,,,,,,,
9863,0,"X2,I guess I need to learn Portuguese,,,, ",0,0,0,0,,,,,,,,,,
17126,7,Because we need drastic action,0,0,0,0,,,,,,,,,,
14255,5,Wake up! This has always been a plot by the attorney judiciary BAR club to dominate all branches.  ,0,0,0,0,,,,,,,,,,
25036,15,Journalists are LYING about Trump and The South Africa Issue https://www.bitchute.com/video/8lC3hU0i-t8/ #BitChute,0,0,0,0,,,,,,,,,,
24103,1,They are right.  Don't panic!  It will throw off your aim...,0,0,0,0,,,,,,,,,,
15732,11,Web Design Trends to Watch Out for ,0,0,0,0,,,,,,,,,,
1297,5,@captainleisure Thanks for the follow back at you! #GabFam #WeThePeople #SpeakFreely #TheGreatMigration #WhereWeGoOneWeGoAll #GreatAwakening #PatriotSoapbox,0,0,0,0,,,,,,,,,,
19732,17,"Not surprised religion has been denigrated & God has slowly been removed from society. While you were sleeping, Hollywood sexualized & desecrated Christianity’s sacred symbols & faith. Where’s the outcry from religious institutions & e-celebs?  Read the comments, the future. https://twitter.com/irmahinojosa_/status/993728571...",0,0,0,0,,,,,,,,,,
6671,15,"PomoNews: (VIDEO) TWITTER CEO @JACK ADMITS LEFT-WING BIAS, BUT SAYS HE DOES NOT REGULATE IDEOLOGY. BUT UNAWARES HE DOES! https://buff.ly/2FO9uw0",0,0,0,0,,,,,,,,,,
27599,12,Exactly. They're more uptight and snobby than the SJWs and others they despise.,0,0,0,0,,,,,,,,,,
16808,10,"Unfortunately, they aren’t the “natural conservatives” many people think they are. Voter data clearly shows that the vast majority of non whites vote to the left in the US, just as they do in their home countries. Once we become the minority, a Republican will never win another national election again.",0,0,0,0,,,,,,,,,,
13290,11,Belgians are rather fond of their waffles. ,0,0,0,0,,,,,,,,,,
20410,11,https://www.bbc.com/news/business-44306941 ,0,0,0,0,,,,,,,,,,
8476,7,I didn't know this was an actual thing. LOL ,0,0,0,0,,,,,,,,,,
18731,6,Pity It Didn't Dance on Him.,0,0,0,0,,,,,,,,,,
7776,4,'The European Grammar revisited' by @M_Quinn https://gab.ai/tv/watch/26754,0,0,0,0,,,,,,,,,,
21877,1,http://www.malecoupon.com/coupon/extenze-coupon-code/ - Cut costs with ExtenZe Coupons. In this article you can find the total range of the most recent,0,0,0,0,,,,,,,,,,
14003,7,looky their Bill and Hilary's kin folk,0,0,0,0,,,,,,,,,,
27155,2,a paper clip and some lint...:( someone stole the food ration card,0,0,0,0,,,,,,,,,,
16411,11,Rachel Madcow is officially on suicide watch after the house Intel announcement that finds no collusion.,0,0,0,0,,,,,,,,,,
740,13,Whats great about winter? You can put the keg in a snow bank to keep it cool,0,0,0,0,,,,,,,,,,
9261,7,At least he didn’t fuck gooks. Or have snaggle teeth. You hate Americans bc we are way better. You hate us bc you ain’t us.,0,0,0,1,,,,,,,,,,
25886,7,It feels good to talk to old YouTube friends.,0,0,0,0,,,,,,,,,,
1991,0,You can feel it.  Oddly saw it in Alex Jones the other day too... ,0,0,0,0,,,,,,,,,,
14943,12,LPT: prep your emergency light source in case of a power outtage. ,0,0,0,0,,,,,,,,,,
15937,10,SER 150 – Tracy Beanz – True Journalism In An Age Of Deceit https://soaringeagleradio.com/podcasts/ser-150-tra...,0,0,0,0,,,,,,,,,,
27208,2,Isn't it always about protecting us?  Our liberties continue  to be diminished all in the name of safety.  I always ask the questions - who defines fair and who gets to define speech. ,0,0,0,0,,,,,,,,,,
5479,16,AND EVERY OTHER MAN AROUND!!,0,0,0,0,,,,,,,,,,
4500,6,"A hermaphroditic high priest is now conducting Masonic Services beneath the Dome of the Rock. The Androgyne symbolizes the hermaphrodite principle of the two-faced entity or two-headed eagle. In the Jewish Cabala, this strange creation of the feminine and masculine principle is known as Adam Kadmon, both Adam and Eve, a Golem. ~ oz",0,0,0,0,,,,,,,,,,
11815,15,Are the deep state supercomputers being taken out by #QAnon? CIA computers named snow white?,0,0,0,0,,,,,,,,,,
1756,0,"you think I did, I just made it",0,0,0,0,,,,,,,,,,
18776,3,"The fact there is a link to #HillaryClinton is just a coincidence, like hundreds of deaths like it. To think otherwise would be ludicrous... https://kek.gg/u/M9Gd",0,0,0,0,,,,,,,,,,
4414,10,Picked some peppers tonight. Hubby is making peppers and onions in olive oil to go with hot pepper sausage (pork) for dinner tonight! Yum!,0,0,0,0,,,,,,,,,,
24894,9,Information from www.spaceweather.com,0,0,0,0,,,,,,,,,,
17796,7,Also I am a Trump supporter. ,0,0,0,0,,,,,,,,,,
19436,7,"WE WILL HAVE JUSTICE,WHETHER IT BE IN THE COURTS OR ON THE STREET.IT WILL BE SWIFT,STERN,WITHOUT MERCY & UNFORGIVING.THEY WILL PAY FOR THEIR CRIMES AGAINST US.THE ROPE IS WAITING FOR THEM & IT HAS NO CONCIENCE.",0,0,0,0,,,,,,,,,,
26961,5,"Through the Bible, July 16: Psalm 16, 46, 76, 106, 136 and Hosea 4-6",0,0,0,0,,,,,,,,,,
25803,6,Info on Oct 26-28 #WalkAwayMarch in DC (walkawaymarch.com) https://www.pscp.tv/w/bmNS9TFWR2p2TndKcXhqT2t8MW5BS0VRenZYTFpLTLsFbgl3dJB0Rbxq9NCK9iPMuZAGp9-Mj3tVmXC9FVt8,0,0,0,0,,,,,,,,,,
22738,7,"Unfortunately, the President said the same thing. ",0,0,0,0,,,,,,,,,,
1360,11,Is this what taking acid in the 60s looked like?,0,0,0,0,,,,,,,,,,
23036,4,yoshimitsu,0,0,0,0,,,,,,,,,,
27286,9,@steviejblue finished it up today. Your the first person on the webz to see it.,0,0,0,0,,,,,,,,,,
9165,0,"For the same reason he catered to the black demographic who votes over 90% Democrat, I suppose.",0,0,0,0,,,,,,,,,,
19156,12,"Absolutely one of the best, possibly most complete pieces about the traitorous John McCain, by Tim Brown. The gloves are off and the comeuppance will be truthful & swift. His lies & deceit will shoot his own legacy down. Expose this traitor like & repost! ",0,0,0,0,,,,,,,,,,
17533,17,Apparently missile ditched in the sea? Can't find confirmation,0,0,0,0,,,,,,,,,,
12871,17,"prayer moves mountains, comforts and soothes. So long as the prayer is in the context of divine will and sentient being free will it is not intrusive or demanding. Wherever 2  or more are gathered ... wherever I AM, God is.",0,0,0,0,,,,,,,,,,
13129,9,*off twitter* nice touch from Syrians celrbtratingbthe anniversary if the liberation of Aleppo. Holding photos of Russian 'martyrs' (as they write in Arabic under their photos).,0,0,0,0,,,,,,,,,,
13390,13,How many miles of border wall can you build for the price of one Tomahawk missile? Asking for a friend.,0,0,0,0,,,,,,,,,,
10282,13,"#NSFW Probably the one of the very 1st porn vids I ever saw, back in those pre-Internet days in the 1990s, featuring an early top-fave: Ginger Lynn.",0,0,0,0,,,,,,,,,,
11079,6,"Ur so right, I hope ppl take note of your great caption! 👍😍👍",0,0,0,0,,,,,,,,,,
14669,2,"political correctness was good at its outset? Like not to call a child retarded, but now ..",0,0,0,0,,,,,,,,,,
26384,7,Right back atcha!  Way to go Pres Trump!,0,0,0,0,,,,,,,,,,
872,3,One born every minute ! ,0,0,0,0,,,,,,,,,,
16110,5,Just added to favorites. Great links in there to stuff I didn't know about!,0,0,0,0,,,,,,,,,,
13861,4,@Tinkerpusscat @Libertatemsuperomnia @ironwand @Birdy @UpNORTHandGRIM @A_Grey,0,0,0,0,,,,,,,,,,
5029,0,https://youtu.be/2OQtdr2qqcI  ,0,0,0,0,,,,,,,,,,
22771,7,Yeh! but ZENOS I'm sure people get the jest.,0,0,0,0,,,,,,,,,,
18783,13,Too bad it's not happening faster,0,0,0,0,,,,,,,,,,
7794,5,Yup. That’s why we walked away!!!!!,0,0,0,0,,,,,,,,,,
23983,7,adultery is a sin shithead.,0,0,0,0,,,,,,,,,,
3379,6,RT MyFreedomNews    Cultural Marxism and the Demoralisation of the Western Spirit - Smash Cultural Marxism http://www.smashculturalmarxism.com/cultural-marxism-demoralisation-western-spirit/ …  https://twitter.com/MyFreedomNews/status/961951734242467841,0,0,0,0,,,,,,,,,,
1920,7,Russia Says Time & Date Set For Trump-Putin Summit https://www.infowars.com/russia-says-time-date-set-for-trump-putin-summit/,0,0,0,0,,,,,,,,,,
18905,10,MAGA https://www.mysanantonio.com/news/local/article/Ma...,0,0,0,0,,,,,,,,,,
812,12,"It's NOT.  Fact is....Trump is NOT in charge. He's just ""for show"" to keep the illusion of Democracy intact.",0,0,0,0,,,,,,,,,,
20307,17,LOL http://www.washingtonexaminer.com/court-slams-epa-...,0,0,0,0,,,,,,,,,,
6765,2,go Russia ,0,0,0,0,,,,,,,,,,
8610,11,#ReleaseTheMemo #PresidentTrump Let the sun shine on all the corruption in @TheJusticeDept and the ,0,0,0,0,,,,,,,,,,
22860,8,Good morning #Gab people. Make sure to have plenty of coffee for this Monday. ☕️😊,0,0,0,0,,,,,,,,,,
22583,13,Check out the best book of 2017: Evergreen by @TomT  http://www.stephenwillis.co/introducing-evergreen-...,0,0,0,0,,,,,,,,,,
21597,9,exactly as @JaredWyand predicted.....,0,0,0,0,,,,,,,,,,
4516,13,@FrameGamesTweets Are you a bot that automatically converts my Tweets to Gabs are you a dedicated human person taking the time to manually repost? Thanks!,0,0,0,0,,,,,,,,,,
20523,3,"If they want us to take natural harmony, I have no problem",0,0,0,0,,,,,,,,,,
23293,2,🤔... you are damn right!,0,0,0,0,,,,,,,,,,
8896,7,"GOP is incompetent and full of #NeverTrump. Their loyalty is to their Globalist donors, not the American People who voted them in.  This has got to change ",0,0,0,0,,,,,,,,,,
4072,12,I could conceal carry here w/o a licence and I'd get arrested for it If I was caught. I could literally see pedophiles making the same excuses for their illegal actions as you are for yours and there's nothing wrong with yours which is why consistency in the law is so important. Your collective refusal to demand consistency is why everything's falling apart.,0,0,0,0,,,,,,,,,,
26126,12,I feel raped just reading this. #MeThree,0,0,0,0,,,,,,,,,,
16051,15,Vox Day explains the thinking behind their new Alt-Hero comic series 'Who is Q?' GREAT #RedPill handout to the right audiences. https://www.bitchute.com/video/K7rD3OxzWNHj/  Written by the same guy who invented the Batman villain Bane. And there's movie interest already!,0,0,0,0,,,,,,,,,,
9091,12,#MOAB Time Tables shift [next week] ,0,0,0,0,,,,,,,,,,
18802,12,"Yep!  Near as I can figure they need a war to purge the malinvestment and use their steel overcapacity.  Likely targets being Taiwan, Vietnam, Phillipines and less likely Japan/USA. War is great cover to force the economic debt reset and when that dust clears they still have the infrastructure.",0,0,0,0,,,,,,,,,,
10803,3,How about instead of #MAGA we 'Make America Holy Again'? THAT is something I can get behind! #Crusade #Catholic @VeritasRadioNet #ThursdayThoughts Call 844-5CRUSADE Tune in now: http://streaming.radio.co/s75cae90f2/listen,0,0,0,0,,,,,,,,,,
6823,10,"One room clean. Two more to go. If I manage to finish, I have a bonus room to do.",0,0,0,0,,,,,,,,,,
19878,10,New speech rules everyone!,0,0,0,0,,,,,,,,,,
10091,5,"Regardless of your thoughts on Abortion; which is murder by the way; all Americans should be against an institution that receives hundreds of millions of dollars of tax payer money annually and in turn ""donates"" that money to a political party.  Planned Parenthood in its simplest form is a Democratic Party money laundering scheme. #MAGA",0,0,0,0,,,,,,,,,,
11810,7,when you hear your alarm in the morning https://kek.gg/u/-HCk,0,0,0,0,,,,,,,,,,
26994,5,"That's funny, because young women have said the same thing to me about men and marriage and adapting to the environment. Its like both of you are whispering the same thing in my two different ears, both at the same time.",0,0,0,0,,,,,,,,,,
6437,11,I stand with due process and presumption of innocence ...FFFFuck your dammed needs ,0,0,0,1,,,,,,,,,,
2495,12,"By the way, folks, today is National Pizza Day (here in the States). I'm taking the Bride out (after dropping the Whoops Baby at a teen lock-in at church) for a nice meal at a non-chain pizza joint (they also have wonderful sandwiches). Make sure you celebrate! :-)",0,0,0,0,,,,,,,,,,
7468,10,This is also what needs to happen here @RogueCyborg,0,0,0,0,,,,,,,,,,
15228,13,Ok Cool. Look at the evidence we have here. Try to blow holes in it. The data is solid. I have been fighting the deep state for over 40 years. ,0,0,0,0,,,,,,,,,,
5421,0,"@cnbc tried to do a poll ""Should Trump scrap the Iran deal?",0,0,0,0,,,,,,,,,,
15206,11,And I continue to support Bitcoin: ,0,0,0,0,,,,,,,,,,
23366,7,"T. May just another hand picked globalist common purpose traitor, can never be trusted",0,0,0,0,,,,,,,,,,
14373,1,You'll like it. It's hysterical & really hits on the Euro Prog Rock scene as well as a lot of the crap involved w/ the real life of what it's like for a Rock band. Especially like the #BillNighy character. He will crack you up.,0,0,0,0,,,,,,,,,,
3589,17,"Catalunyan independantists:  LEFTISTS, ANTIFA-LIKE cucks.   Don't be fooled, they will sell Catalunya to islam even faster than the fucking spanish king.   Bring back PRIMO DE RIVERA",1,1,0,0,0.0,0.0,0.0,0.0,1.0,0.0,0.0,0.0,1.0,0.0
20239,17,US will open embassy in Jerusalem earlier than expected http://nyp.st/2FrZANl,0,0,0,0,,,,,,,,,,
20539,0,"Hey genius, it isn't Trump's ""claim,"" it was the Intelligence Community Inspector General who informed Congress that the server had been compromised by the Chinese. The FBI was also found by different IGs to have looked the other way when it came to her compromised server and the subsequent CIA ops who were killed because of it, but don't let those facts get in the way of your retarded ramblings: https://dailycaller.com/2018/08/27/china-hacked-clinton-server/",0,0,0,0,,,,,,,,,,
1001,11,You disrespectful little piece of shit. I saw the interview with Patrick Little and it was absolutely DISGUSTING. You behaved like a typical disgusting kike. Same disgusting mentality. Those soy boys were even worse. This is why Europe purged themselves of these vile creatures over 1030 times. Piss off into obscurity with the jews you little piece of shit,1,1,0,0,1.0,1.0,0.0,0.0,0.0,0.0,0.0,0.0,1.0,0.0
16771,2,#news #politics #GlennBeck #MAGA #Trump #liberals #media ,0,0,0,0,,,,,,,,,,
10927,7,"This cluster fuck should never even have happened - even the Ford broad didn't want this to happen.  The Left doxed her, refused to even talk about things until long after the original Kavanaugh hearings, and basically turned this into the greatest dumpster fire in living memory. ",0,0,0,0,,,,,,,,,,
4401,11,Win a DTWS-15 Lite-18 Carbine (.223 Wylde).,0,0,0,0,,,,,,,,,,
5777,8,@potus microsoft now in censorship business- we need #InternetBillofRights,0,0,0,0,,,,,,,,,,
11306,12,I watch you to get an opinion from a hard line ancap. If that makes you feel better. ,0,0,0,0,,,,,,,,,,
22086,7,"...there is the seriousness of bringing a false accusation, something that could destroy someone’s career, family, or even life. Do we take that lightly? How can we? ",0,0,0,0,,,,,,,,,,
13299,13,My 'Bowed Clavier Suite' for Orchestra https://soundcloud.com/philip-daniel-694653902/set...,0,0,0,0,,,,,,,,,,
1620,11,"""Thank you United States Secret Service."" https://youtu.be/L8KfIdZMszk #USA #UK #EU #SouthAfricans #France #Italy #Germany #Australia #Russia #India #Brazil #Newzealand #China #GreatAwakening #WeThePeople #MAGA #PatriotsFight #WWG1WGA #NowComesThePain #MakeItRain #QAnon #Anon #QArmy #Q #BOOM #DeepState #Illuminati #SecretSociety",0,0,0,0,,,,,,,,,,
20620,5,PART #2 BREAKING NEWS : For Non Mulims 700 yrs Old & EXPOSED in CLEARER TERMS!,0,0,0,0,,,,,,,,,,
9794,12,Two man show* I'm not going anywhere mate.,0,0,0,0,,,,,,,,,,
13237,5,"Gentlemen, start your engines! ",0,0,0,0,,,,,,,,,,
25577,7,Come here girl... I'll feed ya !!  You need some meat on them bones !,0,0,0,0,,,,,,,,,,
27254,17,What a spectacularly poor image from CCTV. Still I think I get an idea of how he styles his facial hair but don't think he is a Amish. http://www.dailymail.co.uk/news/article-5869281/Po...,0,0,0,0,,,,,,,,,,
25993,7,Only because Britain refused 5 peace offers from Germany and Mr Churchill decided being a Zionist to side with world Jewery and start firebombing civilians. That's why they started to bomb us....all that death and destruction is on the hands of the British im afraid. Learn some real history...,0,0,0,0,,,,,,,,,,
1637,13,That's a very specious argument. They have changed a lot.,0,0,0,0,,,,,,,,,,
21448,11,https://www.lesoleil.com/opinions/point-de-vue/un-impot-unique-une-deduction-simple-a-realiser-a4f8ba7edfb4bd532dfb6ac6a7c97bb4 It will day to finally we will abolished revenue Quebec and stick everything to federal government... Be a day to dance ..,0,0,0,0,,,,,,,,,,
10617,13,Nobody has to volunteer for military service.  dufus,0,0,0,0,,,,,,,,,,
5752,4,"I only have one serious objection to President Trump, and that's his repeated referral to the Mueller investigation as a 'witch-hunt.' Seriously, it can't be called a witch-hunt if the witch is known, still free, and unindicted.  The free citizens of America deserve to see Hillary in orange and eating off a tin plate.",0,0,0,0,,,,,,,,,,
24029,11,"If you want to see a protest, then go to a Commie Antifa rally!!!!!!  If you want to see *FOOTBALL*, then attend a #NFL game (or watch one on television)!  I'll tell you one thing right here & right now -- no able-bodied person should fail to stand at proper & respectful attention when our country's flag is displayed while our National Anthem is being performed!!!!",0,0,0,0,,,,,,,,,,
19399,2,"I work as an engineer (mechanical - energy systems), which is predominately an all male affair.  Women in STEM tend to populate the life sciences (vets are almost all female).  Yet, my employer decided to go full recruitment of women.  Bringing up in a meeting the obvious fact that women really aren't into our field was silenced by the howls of one of the few women we have employed as an engineer.  'Hate Facts' will not be tolerated.",0,0,0,0,,,,,,,,,,
8033,11,"Good thing, for every toe head that can't tell the fantasy of a video game from reality, there are tens of millions of us who can. ",0,0,0,0,,,,,,,,,,
26295,12,"Rules of civil discourse, parody, satire, or really any level of intelligent lampooning, do not apply to negroes. They are obsessed with dicks, their own or other men. #NoHomo",1,1,0,1,0.0,0.0,0.0,0.0,0.0,0.0,0.0,0.0,0.0,0.0
10796,7,Dont bother. GOTTA LOVE MUTE. BYE BYE,0,0,0,0,,,,,,,,,,
12840,11,"Oh jeez, he's praying...  I'll put it simply... Monetizing Q posts, you can't do that.. He'll have to mix it up, don't label it Q this or that, and don't put Q in the thumbnail. Talk about everyday news topics, and if he want's, put in a little bit of Q stuff in the mix. But don't make it 100% Q, or it will get demonetized.",0,0,0,0,,,,,,,,,,
2890,0,The Facebook era was never going to last forever. What is next?,0,0,0,0,,,,,,,,,,
19619,17,No wonder we didn't hear much about this one.,0,0,0,0,,,,,,,,,,
26426,11,Julian Assuage? ,0,0,0,0,,,,,,,,,,
15199,12,"I'm of Irish decent. Kind of hard to find any fault in St. Pat's Day. It's a rather sedate/pleasant holiday. Being irked by St. Patrick's Day I find to be a bit odd. To each their own, I guess....",0,0,0,0,,,,,,,,,,
17734,13,OMG we can't trust that nigger Kanye West my fellow comrad... Errrr I mean white conservative Christian soldiers! It's a trick! - EVERY SINGLE SHAREBLUE SHILL,1,1,0,0,0.0,1.0,0.0,0.0,0.0,0.0,0.0,0.0,1.0,0.0
7652,10,"Trump says Google, Twitter and Facebook are treading on very troubled territory and they have to be careful #News https://breaking.iavian.net/article/190148",0,0,0,0,,,,,,,,,,
11625,10,*** CAUTION: Western hypocrites at work! BEWARE ***  https://www.reuters.com/article/us-russia-usa-spac...,0,0,0,0,,,,,,,,,,
8954,12,"I demand *PROOF*!!! I'm not racist, at all...",0,0,0,0,,,,,,,,,,
26877,5,"Congress really does need to do something effective to stop school shootings: end gun free schools, setup armed guards and teachers, allow longer time for psychiatric holds of suspects to 1 week instead of useless 48hrs. #guncontrol #Parkland",0,0,0,0,,,,,,,,,,
9010,11,"Do you have any previous articles where you explain what you mean when you use terms like Far Right, Alt-Right, Nazi, White Supremacist etc? ",0,0,0,0,,,,,,,,,,
2124,7,"I'll go ahead and click your post up, but ... ",0,0,0,0,,,,,,,,,,
25780,6,Can anyone help? I have older Samsung tablet and get white screen when trying to log in to gab. Download says parsing error. Bookmarked but still won’t open even in online browser. HELP!,0,0,0,0,,,,,,,,,,
16979,6,"its total horse shit, but then again, most gamer males are pussybegging betas to be honest. it is dissapointing, but not too surprising. The fact that they have to bribe females to play video games says everything i need to know.",1,1,0,1,0.0,0.0,0.0,0.0,1.0,0.0,0.0,0.0,1.0,0.0
11142,0,"I would rather hear from the man himself, when Jared is mentioned. He was bigger than these hack liars.",0,0,0,0,,,,,,,,,,
6749,11,ok 144 follower guy on gab dot com,0,0,0,0,,,,,,,,,,
1993,3,"Uh, a 3 wood upside that goose's head would make a delicious dinner.",0,0,0,0,,,,,,,,,,
5634,4,Do you care? https://www.bizpacreview.com/2018/08/24/cnn-ventur...,0,0,0,0,,,,,,,,,,
23001,3,this pervert bastard needs to be in prison.,0,0,0,0,,,,,,,,,,
17091,11,"So this is the state of the state? Controlling traffic with a plate of tacos and angry feminists? Cops let them do this, why? ""Because I TOLD you to""... fail.  https://twitter.com/i/status/1049340627312369664",0,0,0,0,,,,,,,,,,
4235,12,A federal judge in Maryland has sided with the Trump administration over a Deferred Action for Childhood Arrivals program. ,0,0,0,0,,,,,,,,,,
9138,5,"HAHA! Trump Puts Obama to SHAME Again, Shatters 14-Year Record https://www.youtube.com/watch?v=v8NWfZKVlVM",0,0,0,0,,,,,,,,,,
16758,11,Structure your life so that the squabbles of people in your particular wing of the Internet have no effect on you.,0,0,0,0,,,,,,,,,,
7447,7,"Oh, snap.  i'm remembering a girl, right now.",0,0,0,0,,,,,,,,,,
26647,13,We have FRONT ROW seats at the World Stage for this Play!,0,0,0,0,,,,,,,,,,
22293,8,Maybe we should toss in the towel if this is the type of heavy hitter the Communists have to win hearts and minds... 🤣👍 https://www.theverge.com/tech/2018/8/24/17689090/c...,0,0,0,0,,,,,,,,,,
25351,12,"The term antichrist isn’t in revelation. The only terms are “beast”,which in other books is a form of government, or groups like Rome. The Jewish takeover of Christendom is the final beast",0,0,0,0,,,,,,,,,,
26563,11,"Russia totally colluded with #Trump during his political campaign. Thanks the the DOJ of course, there is no evidence showing that #Hillary had done anything wrong at all. After all, Obama was truly #scandalfree. ",0,0,0,0,,,,,,,,,,
4770,0,"C++ has no garbage collection.  There's no master element tracking allocated memory, so it is entirely up to the programmer to manage memory. C++, like C, is far more complicated than Javascript, and far easier to get wrong (as here).",0,0,0,0,,,,,,,,,,
2497,11,Crazy!!! I’m still imagining my shock ,0,0,0,0,,,,,,,,,,
18902,12,http://www.mcgeecompany.com/tire-chains/ - We equip the biggest selection of tire chains in the,0,0,0,0,,,,,,,,,,
25359,7,"Trump needs more support, which is why it's so important to elect more who will support his agenda this year.",0,0,0,0,,,,,,,,,,
10407,6,I bet my house they don't do a minute in a waiting room.,0,0,0,0,,,,,,,,,,
8909,0,"""I tend to be more optimistic than that."" That is optimistic. Humanity is dogshit. The best outcome is we escape our mortal shackles and change our own nature",0,0,0,1,,,,,,,,,,
21278,5,https://www.asseenontvitems.com/home-chef-meal-kits/ - Home Chef Best Meal Kits Delivery System Home Chef provides only the freshest components and also,0,0,0,0,,,,,,,,,,
13205,13,"The lesson from Weezer's 2005 song, ""Beverly Hills"":",0,0,0,0,,,,,,,,,,
23209,12,Obama and Clinton were in child trafficking up to their scrawny necks. There's millions of dollars in pay off money trafficking kids and then harvesting organs when done with them. Sick globalist elites treat kids like livestock for profit. ,0,0,0,0,,,,,,,,,,
4169,12,Not sure what got into my Dad. He voted Republican his entire life then once he died....he started voting Democrat!!,0,0,0,0,,,,,,,,,,
27328,11,BREAKING: Craigslist ad posting for National School Walkout.  #CrisisActors ,0,0,0,0,,,,,,,,,,
2396,11,Another great achievement for the communist satellite state.   Congratulations,0,0,0,0,,,,,,,,,,
6596,9,"'We've nothing to fight with except our bare hands,   But we'll keep on trying until the plane lands   One way or the other. We've taken our stand.   My darling, I love you. Goodbye.'   http://mahoundsparadise.blogspot.com/2017/09/fligh...",0,0,0,0,,,,,,,,,,
1637,7,That's a very specious argument. They have changed a lot.,0,0,0,0,,,,,,,,,,
12550,17,SECOND LEAK=> FISA Memo Reveals Rod Rosenstein Approved Spy Warrant On Trump Campaign Bit Player AFTER the Election http://www.thegatewaypundit.com/2018/01/second-lea...,0,0,0,0,,,,,,,,,,
110,6,levon sells cartoon balloons all day\   ,0,0,0,0,,,,,,,,,,
6795,13,"YouTube API features are back but #HookTube is no longer useful for protecting your data from Google or unblocking videos due to the implementation of a standard YT embed (after legal threats). Was a good run, on to other things.",0,0,0,0,,,,,,,,,,
5351,0,"The double standard hypocrisy is deafening and this desperate attempt and overreach  proves it is nothing but a political witch hunt. He can't fire Mueller, it would hit Trump hard politically but he can go after Rosenstein.",0,0,0,0,,,,,,,,,,
14676,15,The Pennsylvania Grand Jury was only the beginning. The news in last couple of hours is that NY is likely to launch a Grand Jury investigation of its own into the Church activities in that state related to cover ups of abuse. https://www.youtube.com/watch?v=8Dp0nO4CcME,0,0,0,0,,,,,,,,,,
18718,5,Only what's done for Christ will last! ,0,0,0,0,,,,,,,,,,
4024,5,"Putin: ""For, we can bring up Mr. Browder, in this particular case. Business associates of Mr. Browder have earned over $1.5 billion in Russia and never paid any taxes in Russia or the USA and yet the money escaped the country. They were transferred to the United States. They sent [a] huge amount of money, $400 million as a contribution to the campaign of HRC",0,0,0,0,,,,,,,,,,
1382,2,And why shouldn't it? For what reason are white nations responsible for feeding an entire continent?  A continent on which their kind are routinely slaughtered in a variety of horrible ways,0,0,0,0,,,,,,,,,,
6570,4,"18K signatures and counting: in the name of justice and a free press, sign + spread the petition for Trump to pardon Julian Assange https://www.infowars.com/petition/  #Wikileaks",0,0,0,0,,,,,,,,,,
1125,5,"This country was founded by white colonists, who built this land out of nothingness, who tamed the land and tilled the soil, creating a new civilization on this continent.  There is no melting pot if you are of the same race.",0,0,0,0,,,,,,,,,,
13456,13,"Matthew 16:2 He answered and said unto them, When it is evening, ye say, It will be fair weather: for the sky is red. 3 And in the morning, It will be foul weather to day: for the sky is red and lowring. O ye hypocrites, ye can discern the face of the sky; but can ye not discern the signs of the times?",0,0,0,0,,,,,,,,,,
9242,1,RT @BBCMonitoring:  ,0,0,0,0,,,,,,,,,,
7695,11,"I've watched this Jackson Landers guy devolve from an employed ""journalist"" into just another deranged Left-Wing stalker. Here he is offering his ""facial expression analysis"" of people he tracks outside a courthouse. ",0,0,0,0,,,,,,,,,,
24657,4,Hi @Wgbradbury post something...you'll get more followers!,0,0,0,0,,,,,,,,,,
7887,17,An original song I wrote a couple of months ago.   Andrew Moniz - Instant Bamalam (Jazz/Funk) [Original Song]  https://www.youtube.com/watch?v=4AvVgCqgBPI  #music #jazz #guitar,0,0,0,0,,,,,,,,,,
8026,5,"So the Categories will become Groups (sniff I hoped for ""Tribes""), and allow for organic growth of the ""category""? ",0,0,0,0,,,,,,,,,,
5661,8,"On to things I'd rather be 'identified' by... Ask me about my *creative* agenda! :D 1. Get through this weekend's comic con 2. Repack & organize any unsold merch 3. ? (taking suggestions in poll - I don't have as much published as the other authors, but also 1/2 done w/ portal fantasy comic) 4. Launch superhero novel (prob spring) 5. Make more merch & repeat",0,0,0,0,,,,,,,,,,
13378,12,3D Optical Street Art by Nikolaj Arndt #StreetArt #Murals #3D,0,0,0,0,,,,,,,,,,
402,17,@DaveRubin‍ was on FoxNews again last night!,0,0,0,0,,,,,,,,,,
125,12,National Socialist Korea...............Blood and Soil. ,0,0,0,0,,,,,,,,,,
11086,12,I am beginning to think being straight is misconduct  ,0,0,0,0,,,,,,,,,,
11623,11,antifa wishes they get the same image as you get and it pisses them off 2 i have noting in common with them yet this makes you and them crazy mad. and I GIVES ME WOOD.,0,0,0,1,,,,,,,,,,
27120,4,The world is a better & safer place now that McCain is enjoying his eternity in Hades.   Now if Satan could just call Ruth Bader Ginsberg home...,0,0,0,0,,,,,,,,,,
2637,0,If I lived in the UK. That would be my house that they were coming to.,0,0,0,0,,,,,,,,,,
5106,3,Direct Hard Money Lenders New York: https://alphafunding.com #Hard_Money_lenders_NJ #Direct_Hard_Money_Lenders_PA #Fix_and_Flip_Lenders_New_Jersey #Direct_Hard_Money_Lenders_NY #Fix_and_Flip_Lenders_New_York #Hard_Money_lenders_NY #Hard_Money_lenders_PA #Fix_and_Flip_Lenders_NJ,0,0,0,0,,,,,,,,,,
7866,17,Been awhile since I've been on gab.  How have yinz been?,0,0,0,0,,,,,,,,,,
1581,7, We need Trump Tube. 📺  ,0,0,0,0,,,,,,,,,,
23192,3,Don't forget what you swore an oath to do #WRAY. Are you a champion for MAGA?,0,0,0,0,,,,,,,,,,
19715,1,"The Anglin/Sargon debate is a mess. You've got to have a neutral moderator that enforces some rules like time allotments, changes of subject, and not bringing people on to ambush your guests.",0,0,0,0,,,,,,,,,,
14666,11,No it was a different Russian who basically stole 100k.,0,0,0,0,,,,,,,,,,
10162,11,I prefer the biblical formula in Gen. 2:7:  ,0,0,0,0,,,,,,,,,,
11642,3,"If these are your senators, let them know how you feel about this! #BuildTheWall http://www.breitbart.com/big-government/2018/06/19/the-list-here-are-the-republican-senators-demanding-trump-end-all-border-enforcement/",0,0,0,0,,,,,,,,,,
8671,6,"Nice, this song works too - https://www.youtube.com/watch?v=IoyvvEWHodk",0,0,0,0,,,,,,,,,,
22931,9,"#Coffee, yes. #Espresso, even better #NotCoffee. what?",0,0,0,0,,,,,,,,,,
11349,11,I personally was disturbed by a whole lot more than a couple of cuss words. Though if Trump said them it would be the NYT headline.,0,0,0,0,,,,,,,,,,
4878,13,Gun Control = People Control,0,0,0,0,,,,,,,,,,
3368,11,If they fear him then it's likely for a reason.,0,0,0,0,,,,,,,,,,
21983,0,"Strangely enough, ""Ringworld"" and ""The Mote in God's Eye"" are the only two works I've read by these authors. I preferred TMiGE. I'm planning on reading some of Niven's earlier works in his Known Space milieu +I want to read more Pournelle (this, after seeing a fairly lengthy interview by him a while back). Anything you would recommend for either author?",0,0,0,0,,,,,,,,,,
11640,12,"I do not know in which country you reside, so I cannot make an assessment of its regulatory structure regarding the Internet and, more specifically, net neutrality. That aside, the plural of ""anecdote"" is not ""data"".",0,0,0,0,,,,,,,,,,
16087,6,God's grace is heavily upon the few that can see any of this.  ,0,0,0,0,,,,,,,,,,
4305,0,Does it count?  ,0,0,0,0,,,,,,,,,,
3846,15,Neil Armstrong Movie Starring Canadian Ryan Gosling Doesn’t Feature planting of American Flag on Moon Surface #BoycottFirstMan https://www.breitbart.com/big-hollywood/2018/08/30...,0,0,0,0,,,,,,,,,,
2563,15,"I don't know about y'all, but when I see something racist I just move right along. It doesn't affect me in the least. I don't get why others seem to get all riled up.",0,0,0,0,,,,,,,,,,
18946,8,"Another 5-star for my #scifi techno-thriller... 'Fun read! The writing was efficient and engaging, and the story kept me turning the page. I am excited to read the next book in the series and peel back another layer of the hidden truth...'  #GabBookClub #GabWriter #CLFA https://amzn.to/2ugIJbE",0,0,0,0,,,,,,,,,,
4522,13,Awesome article by @RepublicStandard https://republicstandard.com/9-things-alt-right-me...,0,0,0,0,,,,,,,,,,
12551,17,Was the NY Times story about Trump’s desire to fire Mueller purposefully leaked to take heat off the FBI? (VIDEO) https://truepundit.com/https-www-theblaze-com-news...,0,0,0,0,,,,,,,,,,
21841,11,"Now to figure out what Buffett is doing that would affect pedophile ring, globalism, or USA...",0,0,0,0,,,,,,,,,,
26300,12,"Remember back when the gun grabbers were always like “gun control works, just look at Sweden.” ",0,0,0,0,,,,,,,,,,
483,0,The are actors and live in a make believe world!,0,0,0,0,,,,,,,,,,
11344,3,America needs Withdraw from the racist U.N.!,0,0,0,0,,,,,,,,,,
15111,12,Names: ,0,0,0,0,,,,,,,,,,
21187,0,Tell the government to make Amazon pay their fair share: https://38dgs.org.uk/AmazonTwitter,0,0,0,0,,,,,,,,,,
25139,13,"Apple's future is Android's past.    Translation: you think the press is biased? Look at their coverage on Android, as opposed to Apple.",0,0,0,0,,,,,,,,,,
25110,0,"FCC Broadband Availability Data Derided As Inaccurate, 'Shameful'. ",0,0,0,0,,,,,,,,,,
5302,4,@TommyRobinson was a GENUINE political prisoner https://www.whaleoil.co.nz/2018/08/whaleoil-video-...,0,0,0,0,,,,,,,,,,
8748,13,https://www.dailywire.com/news/26091/people-will-g... Timberrrr!!!,0,0,0,0,,,,,,,,,,
13064,13,"The petro-dollar has maintained it's position through sheer force and collusion The petro-yuan will supercede it through meticulous planning, partnership and the exodus of all the economically disenfranchised http://www.thedailyeconomist.com/2017/12/yuan-deno...",0,0,0,0,,,,,,,,,,
784,5,The blind leading the blind. #AndyStanley ,0,0,0,0,,,,,,,,,,
7583,3,Not from the same fucking  Earth i’m On,0,0,0,0,,,,,,,,,,
9739,17,"Maybe, .... someone in the USA should study Mexican immigration law. There are some parts that should be implemented and enforced on the American side too.",0,0,0,0,,,,,,,,,,
27010,5,You got that wrong Murderer Leave Syria and Iraq Alone. You can't have the Golan Heights murdering thief,0,0,0,0,,,,,,,,,,
21186,12,only 3% volunteered to fight? ,0,0,0,0,,,,,,,,,,
24320,3,I wrote a reply to this and it didn't show up anywhere. I wonder why.,0,0,0,0,,,,,,,,,,
19032,0,"Possum quotes, “One on the left, she could feed a whole gator farm”",0,0,0,0,,,,,,,,,,
22578,17,"If Merkel was actively trying to destroy Europe, she couldn't do better.",0,0,0,0,,,,,,,,,,
23172,8,That is UNFAIR!! You have used the combined brain power of mulitple rocks!!! 𝐎𝐍𝐄 𝐖𝐎𝐔𝐋𝐃 𝐇𝐀𝐕𝐄 𝐁𝐄𝐄𝐍 𝐄𝐍𝐎𝐔𝐆𝐇,0,0,0,0,,,,,,,,,,
10461,0,A very sincere pumpkin patch. Lookin for Linus and Lucy...,0,0,0,0,,,,,,,,,,
4157,7,California Counties go counter-revolutionary. Good for them. http://www.latimes.com/local/california/la-me-anti-sanctuary-movement-in-oc-20180327-story.html,0,0,0,0,,,,,,,,,,
21403,8,"Well everyone, I have done it! Gab has given me so many opportunities I never thought I would have. So to thank them for this, I am using my 1,000th post to tell you that I have taken the plunge and I have gone PRO. It will mean that I will be posting one premium post everyday whilst also Gabbing publicly. Things are changing for the better and I hope you will join me.",0,0,0,0,,,,,,,,,,
18855,17,#WWG1WGA #QAnon #TheGreatAwakening #WhiteSquall,0,0,0,0,,,,,,,,,,
18503,7,#Facebook knows so much about you they can make you believe they’re listening to your personal conversations: #DELETE #FACEBOOK ,0,0,0,0,,,,,,,,,,
22243,10,"In 2004, Sandy Berger, former National Security adviser to President Clinton, stole documents from the National Archives, and cut them up with scissors in order to hide one of Clinton's many messes. His punishment? He lost his Security Clearance for 3 years. President George W. Bush had the power to lift Berger's Security Clearance forever. But he did not. One more demerit for Dubya!",0,0,0,0,,,,,,,,,,
6803,17,"SaveTube doesn't appear to have a gab.ai, so I'll just paste it. They did a HT review:  http://savetube.org/2017/09/hooktube-review-hooktu...   Added autoplay=0 support re: criticism #3",0,0,0,0,,,,,,,,,,
8029,13,All together now 🎤🎼...the Cherokee are after me!,0,0,0,0,,,,,,,,,,
17229,2,"First #BarbaraBush dies, then #Trump ends the #Korean War, now #CrookedClinton gets indicted at long last?!? ",0,0,0,0,,,,,,,,,,
13020,1,Vote for Salvini and The Northern League. Make Italy Great Again.,0,0,0,0,,,,,,,,,,
4274,12,"Why would America want skilled white immigrants when we can have hordes of immigrants with no marketable skills, guaranteed to be a financial burden on US taxpayers for the rest of their lives?  #FreeShitArmy ",1,1,0,1,0.0,1.0,0.0,0.0,0.0,0.0,0.0,0.0,0.0,0.0
4746,13,"against the Constitution,if the charges are invalid, our Constitution has the means to duly charge and remove a sitting President, but the matter of using an existant public bureau to engage in vendetta ought to have the party supporting that endeavor disbanded--that is unconstitutional- ",0,0,0,0,,,,,,,,,,
16554,2,"In his efforts to cover the Deep State's dirty fingerprints ALL OVER OUR CONSTITUTIONAL RIGHTS Mueller is on an a dangerous, uncontrolled fishing expedition!",0,0,0,0,,,,,,,,,,
10572,1,((((((((((#FBI Files Document Communism in Valerie Jarrett’s Family))))))))))))  http://jwatch.us/CMpGX9 via @JudicialWatch,0,0,0,0,,,,,,,,,,
21199,10,"Linda Sarsour Praised Siraj Wahhaj, WTC Bombing Co-Conspirator and Father of New Mexico Sicko  https://theralphretort.com/linda-sarsour-praised-s...",0,0,0,0,,,,,,,,,,
2017,17,Who do you think they will blame for  2020 loss? #NeverTiredOfWinning,0,0,0,0,,,,,,,,,,
10930,2,I checked out these guys .com aaaaand...they are kinda weird. All mixed up Bible verses and Cherokee Indian slander...uuuuh. Kinda nutty. Certainly not mainstream black voters. But to each his own.,0,0,0,0,,,,,,,,,,
18695,13,So when are this year's fake news awards? I can't wait!,0,0,0,0,,,,,,,,,,
12830,13,He made all food clean. There's no commandant on diet besides gluttony.,0,0,0,0,,,,,,,,,,
8423,11,you limes did it to your self  we be the same as soon as we give the government our guns,0,0,0,0,,,,,,,,,,
2702,9,#releasethememo,0,0,0,0,,,,,,,,,,
7060,6,"A guy orders a cup of black coffee. She: How would you like it, cream inside or outside? He: Black coffee, plz. She: Then, outside.",0,0,0,0,,,,,,,,,,
26994,12,"That's funny, because young women have said the same thing to me about men and marriage and adapting to the environment. Its like both of you are whispering the same thing in my two different ears, both at the same time.",0,0,0,0,,,,,,,,,,
27375,12,@KamalaHarris When can we expect to hear from Keith Ellison’s accuser too? https://kek.gg/u/Nnhq,0,0,0,0,,,,,,,,,,
2471,11,shouldn't those things be orange?,0,0,0,0,,,,,,,,,,
5837,3,Ha!  Well at least that's a Plan.  And the Chinese need a college where they can learn to hate America too.  ,0,0,0,0,,,,,,,,,,
23570,17,All federal agencies are illegally run. It's only purpose is to circumvent congress and practice administrative law. It also is used to redistribute wealth. All horrible for economies and freedom.,0,0,0,0,,,,,,,,,,
18540,11,Not to mention total control over what content is published.,0,0,0,0,,,,,,,,,,
7406,2,Dinesh D'Sousa on His Film Death of a Nation,0,0,0,0,,,,,,,,,,
4964,9,"Why is it only folks on the right that R always being played, but the left seems to think they are impenetrable? Why is everyone ignorant 2 the truth except those that agree with radical left ideology?  Why is it that the left demands everyone justify their acceptance of bigotry but somehow they are exempt from owning up to theirs? #ThursdayThoughts Kanye West",1,1,0,0,0.0,0.0,0.0,0.0,1.0,0.0,0.0,0.0,0.0,1.0
1326,7,"Yeah, like I said. Strawmen is all you have. Never said I was better than the middle class. I said you are the one who wants to appeal to the middle class. Honestly go watch some game of thrones, then you can relate to the middle class. I care about the working men who don't know how they are going to protect their children when whites become the minority in 10 years.",0,0,0,0,,,,,,,,,,
27423,2,oh but i cant do nothing and i like a guy who has sucess on the ladies so what can i do,0,0,0,0,,,,,,,,,,
21094,11,"lol, who is this @soco cuck? Only has 120 posts, is he an employee?",0,0,0,1,,,,,,,,,,
16011,3,"Father: https://en.wikipedia.org/wiki/University_of_Maryland,_College_Park  ",0,0,0,0,,,,,,,,,,
18261,1,Some guys get too deep into their mommy fantasies.,0,0,0,1,,,,,,,,,,
3736,6,They just don't give up... they did say Trump would be reelected in the landslide if he wasn't arrested....  http://freebeacon.com/politics/msnbc-guest-predicts-trump-re-elected-landslide-isnt-removed-office/,0,0,0,0,,,,,,,,,,
11700,13,Until now!,0,0,0,0,,,,,,,,,,
15800,2,Bald fella on the right looks familiar  .. ,0,0,0,0,,,,,,,,,,
8148,7,You may be waiting some time...,0,0,0,0,,,,,,,,,,
25840,12,It should study the history of Fidel's gun control...methods.,0,0,0,0,,,,,,,,,,
24384,7,COME ON #AMERICA 1800CHARITYCARS.ORG IN NEED OF A RIDE OR TO HELP ? DONATE ! $$$ 100%DEDUCTIBLE LET ME KNOW HOW IT MAKES YOU FEEL OK ?   #HELP ME FIGHT #EVIL 3  #GIANTS OF GOO-FAT-TINY-   #MAGA 76INYOURFACE2THE10THPOWER https://pew.tube/user/intheendgodwins69/BisNxz8  FINALLY https://hooktube.com/c4dBqVvvNw0  share GOD bless you ALL ! PLEASE #SUBSCRIBE,0,0,0,0,,,,,,,,,,
14158,2,The World's First Working Projector Smartwatch Turns Your Arm Into a Big Touchscreen. ,0,0,0,0,,,,,,,,,,
4249,12,(1/2) ,0,0,0,0,,,,,,,,,,
12750,7,"@jaydafransen Thanks for the follow, Jayda!",0,0,0,0,,,,,,,,,,
5241,7,The Armenian people just outted  a dictator with peaceful mass protests/matches. Not a single bullet fired. This is news! ,0,0,0,0,,,,,,,,,,
3108,17,I managed to get a pre-order of Kid Goku Figuarts. The Universe is in order again,0,0,0,0,,,,,,,,,,
6579,5,Let the truth be known!,0,0,0,0,,,,,,,,,,
18150,0,He was a Muslim brotherhood propagandist and the house of saud doesn’t play,0,0,0,0,,,,,,,,,,
6718,12,"okay had to stop reading it because my personal revelations of God conflict with his personal doubts-turned-beliefs.  Just so you know, Mary IS the Queen of Heaven and YES 'she HAS visited the earth', if you could call it a 'visit'.   ",0,0,0,0,,,,,,,,,,
16593,3,https://www.youtube.com/watch?v=cc9ovvth3sY ,0,0,0,0,,,,,,,,,,
22903,8,#wwg1wga #britishfight https://youtu.be/KB_ZPlyrhRY,0,0,0,0,,,,,,,,,,
22172,7,Cell phones don't make us inhuman; they enslave us. ,0,0,0,0,,,,,,,,,,
5048,7,Don't Call Us We'll Call You - Sugarloaf ,0,0,0,0,,,,,,,,,,
18747,15,"If the Catholic Church won't or can't police itself from the inside, perhaps it's time to use the RICO statute to police it from the outside. https://bayourenaissanceman.blogspot.com/2018/08/p...  #Catholic #Scandal #Pedophile #Priests #Bishops",0,0,0,0,,,,,,,,,,
15239,7,Bring the light! The world needs it,0,0,0,0,,,,,,,,,,
2909,13,"So, is Gab experiencing massive growth now that twitter is confirmed shadow banning?",0,0,0,0,,,,,,,,,,
19264,10,#Biden,0,0,0,0,,,,,,,,,,
25542,1,HALLELUJAH!!!,0,0,0,0,,,,,,,,,,
7362,11,True that.  ,0,0,0,0,,,,,,,,,,
3288,11,Trump-Tied Lobbyist Almost Killed Trying To Solve Seth Rich’s Death ,0,0,0,0,,,,,,,,,,
16239,5,At least the pig is useful and can be made into bacon.,0,0,0,0,,,,,,,,,,
7968,9,"Work, Getting Ready for Christmas, Finally seeing results from GOPe (shockingly enough!) has this Trump Bunny exhausted! Now let's take that $21B from aid to UN down voters and start building that wall! #MAGA #Trump   http://www.tehcute.com/pics/201204/bunny-falls-asl...",0,0,0,0,,,,,,,,,,
7961,9,‘Ray Bucknell!!! 🎉🏀 https://www.ncaa.com/game/basketball-men/d1/2018/0...,0,0,0,0,,,,,,,,,,
7454,8,"To my surprise, the most obvious 'a comet could hit the Bay Area' option was NOT one of the 5 ways Samsung wins this competition  https://www.cnet.com/news/5-ways-samsung-galaxy-ho...",0,0,0,0,,,,,,,,,,
6053,12,"Hhhmmmmm.....Swastikas are everywhere, all over the ancient world.",0,0,0,0,,,,,,,,,,
4097,11,"This is not the mentality of a few, as the land expropriation issue heats up in Hermanus ",0,0,0,0,,,,,,,,,,
18130,8,Dutch News reports on Attempted assassin of Geert Wilders Credit Vlad Tepesblog https://youtu.be/2JCqFN_JRh8,0,0,0,0,,,,,,,,,,
5909,9,72 Seconds at twitter (likely a hacker) predicted Franken multiple women and says Q will return 12/3. #Qanon,0,0,0,0,,,,,,,,,,
17972,10,Starbucks stopped using plastic straws and is now selling flavored straws wrapped in...plastic!,0,0,0,0,,,,,,,,,,
10142,6,Gomert is pushing to release EVERYTHING the FBI gave the FISA courts. Let us make our own INFORMED decision!!,0,0,0,0,,,,,,,,,,
23064,10,The Wizard of Quaid lol Support this guys movies for sure y'all. #Trump #Hollywood #Actors #Maga #GabFam Randy Quaid -- CNN Is Working Frantically To Find Their 'Source'! https://youtu.be/mIPgRyNygU0,0,0,0,0,,,,,,,,,,
19666,9,"You are right. But the fact that somehow the founders were these Pan-European advocates can be argued against. See Franklin's warnings about the influx of German immigrant and the loss of Anglo-Saxon identity for evidence. Also, the 1924 immigration restrictions to S. Europeans was aimed at maintaining the Anglo=Saxon character of the USA.",0,0,0,0,,,,,,,,,,
24008,5,"One thing is certain, it takes a special kind of stupid to kick your majoriry income base in the balls while smiling to their face.  ",0,0,0,0,,,,,,,,,,
2700,13,The public school system should be rebuilt from the ground up.    http://youtu.be/eeEWPbTad_Q,0,0,0,0,,,,,,,,,,
14075,1,"Well, for at least 25 days out of every month, eh Lumpy. ",0,0,0,0,,,,,,,,,,
12309,11,Conflicting Reports on What Rosenstein Told Trump https://www.nationalreview.com/corner/rod-rostenstein-president-trump-robert-mueller-michael-cohen-investigations/,0,0,0,0,,,,,,,,,,
24370,13,What does Robert A Heinlein have to do with Stormy Daniels? http://orionscoldfire.com/index.php/2018/03/28/bac... #sff  #GabWriters,0,0,0,0,,,,,,,,,,
7742,0,Dr. Hovind -vs- 3 University Professors - Creation Debate #DrainTheSwamp #RSBN #MAGA https://www.youtube.com/watch?v=PqHgrUu4ZWg,0,0,0,0,,,,,,,,,,
21878,0,i think i have seen those legs before in another pic...hrmmmmmmm,0,0,0,0,,,,,,,,,,
18949,8,"'An amazingly good coming of age story, complete with an alternate historical backstory, an evil cabal, interesting characters and an engrossing narrative.' Now on sale for only $0.99/£0.99 #scifi US - https://amzn.to/2NveuVD  UK - https://amzn.to/2NzYkdY",0,0,0,0,,,,,,,,,,
15420,11,To see that put a smile on my face.and they got feel some indepndence.the children see mom or dad working they would do the same when they grow up.they needed that push.,0,0,0,0,,,,,,,,,,
18579,9,"The Atlantic published an item describing supermarket self-checkout fraud, what I call 'scanlifting,' in enough detail to qualify as a tutorial. Self-checkout machines are now gone from some stores I visit, and scanlifting may be why. #scanlifting https://www.theatlantic.com/magazine/archive/2018/...",0,0,0,0,,,,,,,,,,
11479,12,"Lionel Nation - DETAILS: How Susan Rice Made $50 MILLION Working For The Government On A $172,000 Salary https://t.co/EzQoXqiCYN",0,0,0,0,,,,,,,,,,
27498,17,Livestream of Trump baby is up - now I'm just waiting for someone to cut the rope https://www.youtube.com/watch?v=10x49T4oAzY,0,0,0,0,,,,,,,,,,
15834,7,Time to sight them in and stock up on ammo ,0,0,0,0,,,,,,,,,,
21750,10,"If he was not a man of his word, there is nothing else you can do. He did this to himself.",0,0,0,0,,,,,,,,,,
20460,5,Lmaoooooo why is this a top 10 all time great poast on the gab tho,0,0,0,0,,,,,,,,,,
15506,12,Very glad to see your posts and find a Patriot like you to follow. @martinmac,0,0,0,0,,,,,,,,,,
18707,4,I got my trash out before my neighbors. They must think I moved.,0,0,0,0,,,,,,,,,,
23959,2,This man is an insurgent and needs to be arrested for treason. He's an American citizen working to overthrow the Constitution of the United States and replace it with his own happy crap. He stated as much in his book. ,0,0,0,0,,,,,,,,,,
10808,11,"https://rickwells.us/brennan-trump-encouraging-violence/    “Stop blaming others. Look in the mirror. Your inflammatory rhetoric, insults, lies, & encouragement of physical violence are disgraceful,” Brennan wrote on Twitter in response to President Trump’s tweet in which he linked false reporting to increasing levels of anger among Americans. “Clean up your act….try to act Presidential. The American people deserve much better. BTW, your critics will not be intimidated into silence.”  ",0,0,0,0,,,,,,,,,,
13442,13,"The claim in court was that many black children preferred white dolls due to harmful effects of segregation, but the study actually showed that black children preferred white dolls even more in integrated schools.",0,0,0,0,,,,,,,,,,
26453,5,"perhaps if the Christians would recognize what the Hindus know--that is that Islam was never intended to be a religion, the Hindus would recognize the Christian presents no threat- ",0,0,0,0,,,,,,,,,,
5373,7,TIL Castle Stairs always go clockwise (bottom to top) to give the owner an advantage in a sword fight ,0,0,0,0,,,,,,,,,,
18196,11,The cultural genocide waged against the southern people continues onward by the SPLC and other leftist terror groups. ,0,0,0,0,,,,,,,,,,
7671,6,People seem to be enjoying it anyway.,0,0,0,0,,,,,,,,,,
24790,8,Feinberg's total lack of self-awareness renders him unfit to hold any position of influence anywhere in America.,0,0,0,0,,,,,,,,,,
3485,9,100% agree,0,0,0,0,,,,,,,,,,
10423,13,LISTEN: I'm the new co-host on @EDLmedia at 1PM Pacific Time. http://www.blogtalkradio.com/the-english-defence-l...,0,0,0,0,,,,,,,,,,
11472,7,Around 145 years ago the Book of Enoch was removed from the bible. Other books as well. The Catholic Church decided to remove and pick and choose what went in the bible and what was left out.  The dead sea scrolls found and after being deciphered enlightened a lot of people. Most don't know anything about the book left out. I would suggest you please listen to them.,0,0,0,0,,,,,,,,,,
13466,5,"I'll be watching closely, tomorrow is Armed Forces day in Egypt... ",0,0,0,0,,,,,,,,,,
5498,13,How can common sense gun laws not make any sense? https://www.firearmspolicy.org/when_gun_laws_victi...,0,0,0,0,,,,,,,,,,
10073,6,"When is the right going to be angry enough to take to the streets themselves as the left does all the time. Where is the @POTUS support crowds blocking the streets. Oh wait, don't bother. #MSM wouldn't cover it anyway.",0,0,0,0,,,,,,,,,,
22309,14,The legal tangle around the Trans-Mountain pipeline approval process https://quotulatiousness.ca/blog/2018/09/01/the-le...,0,0,0,0,,,,,,,,,,
12350,13,JUST IN: Increasing confidence in a major hurricane in Gulf in 2-3 days. Most likely to make landfall in  Florida as a category 2 hurricane and will continue its path to Georgia. We’ll be monitoring this closely. ,0,0,0,0,,,,,,,,,,
3053,8,More Hollyweirdness #FollowtheWhiteRabbit https://www.breitbart.com/big-hollywood/2018/07/26...,0,0,0,0,,,,,,,,,,
17958,10,"WOW, perfection. And as an update to my previous post, seeing this I now for sure will be using this -- instead of just that single static image** showing #Wikipedia #Hypocrisy, I for sure want to re-tweet this VIDEO showing how #WhiteRights are the only 'flavor' of [ #TribePride #TribeLivesMatter #TribeRights #ItsOkToBeTribe ] that aren't allowed or don't matter on the dying blue bird. #Censo...",0,0,0,0,,,,,,,,,,
7233,3,I said to myself jokingly... who's gonna arrest the FBI? ,0,0,0,0,,,,,,,,,,
1354,7,is our chat room dead because i cant see it anymore,0,0,0,0,,,,,,,,,,
27533,5,Alex Jones Live 8/13/18 - Banned Worldwide - D.O.A. - David Knight Owen Shroyer Alex Jones  https://youtu.be/4Vxw4UrJPN8,0,0,0,0,,,,,,,,,,
12843,13,"yes, they definitely do. Do it our way or go to Hell. Once a friend took me to her church with her parents, unbeknownst to my dad. When they dropped me off, I told my dad. He had words with the parents and told me to not let it happen again. ",0,0,0,0,,,,,,,,,,
1210,0,Liddle' Adam Schiff really stepped in it this time  😄 ,0,0,0,0,,,,,,,,,,
13522,3,"I would consider those type cases ""selfish"" motives, and in-denial.",0,0,0,0,,,,,,,,,,
8734,17,"New video, would be awesome if you gave it a watch  https://www.youtube.com/watch?v=9HSEIbevgCI",0,0,0,0,,,,,,,,,,
8653,3,"Dear goodness...it’s  out today txt messages about Oboma being briefed, this in True treason",0,0,0,0,,,,,,,,,,
3674,2,"TRANSLATION - WE MUST BRAINWASH THE GOYIM EARLY TO MAKE IT STICK IN THEIR MINDS SO THE TRUTH BECOMES HARDER TO BELIEVE. These kikes know exactly how to keep the lie going, get them while they are young with indoctrination that is state enforced. FUCK ISRAEL AND THEIR HOLOHOAX",1,0,1,1,0.0,0.0,0.0,0.0,1.0,1.0,0.0,0.0,1.0,0.0
7869,9,Merry Christmas to all of yinz.,0,0,0,0,,,,,,,,,,
15608,7,"California wet dream:  Rip it's star from our flag.  Attach thousands of boats to the coastline, wrench it from the mainland, tow it out to sea, and sink it with a all aboard.  #Gab #GabFam #SpeakFreely #Chat #Americans",0,0,0,0,,,,,,,,,,
25312,9,Goddamnit! I was kind of interested in checking that one out. I liked The Punisher in Daredevil.,0,0,0,0,,,,,,,,,,
18307,9,Is there a service where I can pay LTC/ETH to get questions answered?,0,0,0,0,,,,,,,,,,
20680,2,The polls are always 100% accurate.  That's why Felonia Von Pansuit lives in the whitehouse. Not,0,0,0,0,,,,,,,,,,
5031,11,"Non Jews are not really human, but are animals in the form of humans, so Jews won't have to be served by animals. ",1,1,0,0,1.0,1.0,0.0,0.0,0.0,0.0,0.0,0.0,1.0,0.0
2564,8,"This is a GoFundMe people should support, not to POS Strozk https://ijr.com/2018/08/1118736-navy-veteran-sex-o...",0,0,0,0,,,,,,,,,,
26484,2,If Roseanne gets the sack then so should Samantha Bee http://www.abc.net.au/news/2018-06-01/samantha-bee-apologises-for-calling-ivanka-trump-feckless/9823554,0,0,0,0,,,,,,,,,,
9271,1,Sometimes you don't need to say much.,0,0,0,0,,,,,,,,,,
13898,4,Apple pulled the Q app from the App Store?  Does that mean it will disappear from my phone?  Does that mean Apple has reported me into the Cabal for having it? #QAnon @NeonRevolt,0,0,0,0,,,,,,,,,,
20627,11,In all seriousness hope for his soul he’s in heaven .,0,0,0,0,,,,,,,,,,
21933,1,Very sad news. I have spent a lot of $$ on them in the past... ,0,0,0,0,,,,,,,,,,
18135,10,UK Insane Population Growth / SWEDEN Integration Madness  https://youtu.be/Zwtlyh4-1yQ,0,0,0,0,,,,,,,,,,
26632,16,Lol. Thanks. You must have said something to upset her. 🧡,0,0,0,0,,,,,,,,,,
23640,13,"A friend brought me this baby #prayingmantis, after she (the mantis) walked up to her at a storage facility.  Here she is (again, the mantis) photobombing her own photo.  Her favorite part of her nice new digs? The dang wire I used to close up a too-large hole.  Never mind all this pretty fake forestry, nah, I'm good here on this bread tie.   Spoiled bug.  XD.",0,0,0,0,,,,,,,,,,
19419,2,"A rose blooms its fullest when it’s kept well pruned. A defining part of who you are is composed of what you’ve been willing to let go. Cut away the outdated & old, & compost it into fuel 4 new roots. Make room for the good things still waiting to come in to your life to bloom.",0,0,0,0,,,,,,,,,,
13085,17,Taxation is theft.,0,0,0,0,,,,,,,,,,
23376,2,We know Obama has already lawyered up. Rumors has it Schiff is on suicide watch.🤔🤔 ,0,0,0,0,,,,,,,,,,
1822,0,"Totally agree. I have had lots of kittehs over my life, most were smart, some were stupid, but all were wonderful companions regardless.",0,0,0,0,,,,,,,,,,
11,7,easy 1st year comments.. nothing a simpleton can't engage in.. gabbers are not a pack of intellectuals.. they are easily smashed with critical thought. .and as soon as you destroy their logic. they go all SJW Rage on you..it's hilarious,0,0,0,0,,,,,,,,,,
3030,17,Ricky Vaughn is deleted. F,0,0,0,0,,,,,,,,,,
17880,12,I'll give you a hint.... .America. ,0,0,0,0,,,,,,,,,,
25235,9,#Brexit #TheresaMay,0,0,0,0,,,,,,,,,,
24652,8,Bonus stream! Playing some more Brain Lord https://www.twitch.tv/lazy_brain_games,0,0,0,0,,,,,,,,,,
17794,11,Maybe another way worth researching  A period of 1 second is equal to 1 Hertz frequency. Period is the inverse of frequency: 1 Hz = 1 cps. 1 Cycle per Day: A period of 1 day is equal to 1/86400 Hertz frequency. ,0,0,0,0,,,,,,,,,,
27511,7,"The member of the House GOP 'Bro Caucus' is likely to win another term, despite being under indictment. https://kek.gg/u/35Hzx",0,0,0,0,,,,,,,,,,
17720,12,"8:10. ""I AM"" made it but a message of hope, and an assurance to your hearts: (in any case) there is no help except from ""I AM"": and ""I AM"" is Exalted in Power, Wise.",0,0,0,0,,,,,,,,,,
24274,3,"this was put together by chan, soon the #GreatAwakening https://media.8ch.net/file_store/249c315652f95d3632f8bc69614ccfc53a1faec09704e38e1d3a2f965a34094d.jpg",0,0,0,0,,,,,,,,,,
4563,11,Don't even need a gun with this one...just a big magnet,0,0,0,0,,,,,,,,,,
24413,9,"Great quote from - you won't believe it: “No wonder fake news resonates so much with Trump fans — because so much of it is fake,” [It’s] just nonsense meant to keep you perpetually offended with an endless stream of controversies that aren’t controversial, and outrages that aren’t outrageous — because places like the Huffington Post and Buzzfeed and Salon — they make their money...",0,0,0,0,,,,,,,,,,
15142,5,🙈 ...🌟#NSFW 🔞,0,0,0,0,,,,,,,,,,
19903,9,I knew that pose looked familiar ....,0,0,0,0,,,,,,,,,,
27536,13,"What can, or does, pass for currency in your community?",0,0,0,0,,,,,,,,,,
17698,7,"Justin Walker calls out criminal bankers and talks about need for national credit, and the public ignorance that allows the scam (creating money out of nothing as debt) to continue. https://www.bitchute.com/video/QfyG3W4APYMq/",0,0,0,0,,,,,,,,,,
3092,11,Muslim family knocks out Dutch police officer in large fight ,0,0,0,0,,,,,,,,,,
16669,3,Superwoman: Hail dear Little Hitler says that with a lightning bolt in the middle of his forehead Schutzstaffel Cat could fight a war in 1984. He's not a regular cat but a Superior cat,0,0,0,0,,,,,,,,,,
2049,13,I strongly support a massive increase of Planned Parenthood abortion clinics in southern border states and coastal cities.,0,0,0,0,,,,,,,,,,
9599,10,"Half of the judiciary are abusing their powers trying to stop #Brexit. The other half, it seems, are stealing our money. How is it possible not to have utter contempt for our current crop of judges? https://www.thesun.co.uk/news/6642702/three-immigr...",0,0,0,0,,,,,,,,,,
16818,11,"In Portland, Abolish ICE Propaganda is No Longer on the Menu  https://immigrationreform.com/2018/09/13/in-portland-abolish-ice-propaganda-is-no-longer-on-the-menu/",0,0,0,0,,,,,,,,,,
27295,13,6 June 2018 - SGT REPORT IS BACK Fighting For Kids w/ Craig 'Sawman' Sawyer  -  https://youtu.be/utkVobEmb44,0,0,0,0,,,,,,,,,,
25912,6,They are waiting for their handlers to tell them what to say.,0,0,0,0,,,,,,,,,,
21259,6,Taqqiyah: the revered (and reprehensible) practice of deception employed by the descendants of the greatest imposter in human history. ,0,0,0,0,,,,,,,,,,
22487,12,Oh my the twisted apologetics of the Third Reich masturbators: Nazism was FASCIST. They were allies with Mussolini and company--the individual SERVED THE NAZI STATE.,0,0,0,0,,,,,,,,,,
8508,11,"""I used to walk into a room full of people, insecure and wondering whether they liked me. Now I look around the room, and wonder whether I like them."" ",0,0,0,0,,,,,,,,,,
22490,11,US tax dollars spent to corrupt a nation’s judicial system! ,0,0,0,0,,,,,,,,,,
17179,6,"Well, I bet she reckons: ""Whatever he is, he's got much less melanin"" :)",0,0,0,0,,,,,,,,,,
9030,16,Como é bom ver bandido tomar no C.U.: ,0,0,0,0,,,,,,,,,,
10145,5,From Fox News Headlines 24/7 on #SiriusXM 115:  Investigators say they haven't figured out a motive for the security breach and crash of a car loaded with propane tanks at Travis AFB.,0,0,0,0,,,,,,,,,,
25340,0,Zukul Trader Testimonial-- Legit Trading Possibility or Significant Rip-off? Discover ...: https://hotmlmcompanies.com/zukul-trader-review/,0,0,0,0,,,,,,,,,,
15826,7,I'm disgusted with her nonsense. We just lived through 8 years of creating the most racial divide in this country and she is doing everything she can to keep it up. ,0,0,0,0,,,,,,,,,,
21442,12,sounds pretty good to me,0,0,0,0,,,,,,,,,,
21823,10,All liberals are a plague but White liberals are a special kinda plague,1,1,0,0,0.0,1.0,0.0,0.0,1.0,0.0,0.0,0.0,1.0,0.0
15389,2,"Yeah, I watch old war films too. It's amazing really what a person can see on it. I'm not much into war myself. My family has suffered through enough of it. The technology that all the sudden appears is interesting though.",0,0,0,0,,,,,,,,,,
22024,11,"Hound of hell, a little too close ",0,0,0,0,,,,,,,,,,
3985,11,Industrial Engineer? Here are 2 well rated resume services that will do a quality job. - http://www.occupational-resumes.com/Industrial-Engineer-Resume-Services-and-Writers.php #industrial_engineer_resume,0,0,0,0,,,,,,,,,,
20596,0,I trust Computer Corner where I always go for a cleaning.  I was waiting for my annual cleaning because of this Q stuff. I figured junk would get on it cookies etc. because of Q.  I'm shutting down and getting that cleaning TODAY,0,0,0,0,,,,,,,,,,
6614,12,Some improvements to the hula girl and her turtle friend. This demo is shaping up! Sketchbook: http://montrose.is/sketching/201804110132.html  #wip #hula #lcdgame,0,0,0,0,,,,,,,,,,
11945,5,"Well, Occam's Razor tells us that it was because Anglin developed a drug habit in Thailand, got too lazy to handle his business, and outsourced everything to DS' very own Court Jew. ",0,0,0,0,,,,,,,,,,
7530,13,@PeoriaPeepers,0,0,0,0,,,,,,,,,,
4271,12,"14th Amd federal citizens with State birth certificates, SSNs, licenses, bank accounts, insurance policies, mere legal title to possession & use of property are not individually sovereign, nor do they have true liberty because they are no longer keeping the Common Law, but are contracted into civil law: admiralty & ucc",0,0,0,0,,,,,,,,,,
22755,3,"OK, I admit that the info I got on that was a long time ago on a different WN site. If you have knowledge of a website I can look up, it will be helpful to educating my old ass.",0,0,0,0,,,,,,,,,,
17160,10,Why It’s Time For Trump To Fire Mueller Now https://www.newswars.com/why-its-time-for-trump-to... #AgendaOfEvil,0,0,0,0,,,,,,,,,,
19611,0,Dr Duke & Eric Striker Why the Jewish Deep State Viciously Hates Donald Trump & US FED Court Rules “The Jewish Race” is now a Title 7 Protected Race! https://kek.gg/u/T5T2 https://kek.gg/u/f8GS,0,0,0,0,,,,,,,,,,
10001,8,You're WIRED❗️ Did Omarosa break the law by secretly tapingher firing in White House Situation Room? #fboLoud #tcot #maga#TrumpTrain #tpot#AmericaFirst #Patriot#TrumpsArmy #Trump2020fboLoud⦁comhttps://usat.ly/2MkYrNn,0,0,0,0,,,,,,,,,,
18039,4,I blame Kaiser Wilhelm II. What a cuck.,0,0,0,0,,,,,,,,,,
14563,8,"FutureDanger Daily Top 10 Headlines: Sunday, August 26th, 2018 — Steemit https://steemit.com/news/@futuredanger/futuredange...",0,0,0,0,,,,,,,,,,
24379,3,Illegal immigrants cited in theft of 39 million Social Security numbers this recent report by The Immigration Reform Law Institute  draws attention to a move by former President Barack Obama to stop sending “no match” letters to employers notifying them numbers used by employees on the wage forms do not match their identity. ,0,0,0,0,,,,,,,,,,
23895,11,Trump on abuse crisis: ‘Sad’ to watch because I respect Catholic Church ‘so much’ https://kek.gg/u/VTV3,0,0,0,0,,,,,,,,,,
7988,11,Nothing sucks more than suck people. May sucks. ,0,0,0,0,,,,,,,,,,
20771,3,"Just like niggers & kikes to hold up White peoples beheaded heads to make a vile statement of hate toward us, when will we get sick of the BS & start to take back what is rightfully ours, our invitations, our lands, our freedoms, and most importantly, our dignity from these low life good for nothing fools? I'm sick of these 3rd world idiots taking advantage of us.",1,1,0,1,0.0,1.0,0.0,0.0,0.0,1.0,0.0,0.0,1.0,0.0
26208,11,it is a violation of the terms of service to create multiple accounts with overlapping uses (ie create secondary accounts to manipulate scores via voting) ,0,0,0,0,,,,,,,,,,
9539,8,The Guardian had Bearing's video about Owen Jones and communism removed from YouTube. Find it here on @bitchute : #BritFam https://www.bitchute.com/video/ws2M2ywthgw/,0,0,0,0,,,,,,,,,,
26562,6,Joe Biden calls Trump supporters “the dregs of society”:  https://www.dailywire.com/news/35931/joe-biden-calls-trump-supporters-dregs-society-joseph-curl  ,0,0,0,0,,,,,,,,,,
7693,12,Early one morning MP's will raid their offices and homes. next stop Guantanamo!,0,0,0,0,,,,,,,,,,
3921,11,"What's that fucking thing on Jamu Greens head?  Ohh yeah, it's her hair! 😁",0,0,0,1,,,,,,,,,,
13697,10,"no, some people do behave like animals and its funny how certain groups or races so to speak have a really distinct way of behaving that is indeed more primitive or advanced than others, although its not something we use a lot to talk about people, being racist is calling black people monkeys, not relating them to something that has been used as a slur 4 centuries",1,1,0,0,0.0,1.0,0.0,0.0,0.0,0.0,0.0,0.0,0.0,0.0
3961,7,"Then the man says, ""I'd like a second opinion"" the doctor said ""OK, I can see your ass crack too"".",0,0,0,0,,,,,,,,,,
978,13,"Our prayers absolutely help the president and his family. Personally, I recommend this book: https://www.amazon.com/Deliverance-Prayers-Fr-Chad... The author, Fr. Chad Ripperger, is quickly becoming a household name (not unlike Fr. Amorth). But you don't need new formulations. St. Michael's prayer is incredibly powerful, and as St. Padre Pio said, 'the Rosary is the weapon.'",0,0,0,0,,,,,,,,,,
14365,11,Fuck these jews put them all oit of America they are fucking retards https://www.facebook.com/1697946330475772/posts/2218735741730159/,1,1,0,0,1.0,1.0,0.0,0.0,0.0,0.0,0.0,0.0,1.0,0.0
13333,16,"as i read that short list, in my mind, i see them stepping out of a tiny car",0,0,0,0,,,,,,,,,,
244,17,@RealAlexJones‍  @JayDyer‍  and @voxday‍ are right about Jordan Peterson.Time to clean not our rooms but our minds and souls folks.,0,0,0,0,,,,,,,,,,
6982,10,USA maga USA maga,0,0,0,0,,,,,,,,,,
4549,11,Texas turning Blue......... ,1,1,0,0,0.0,0.0,0.0,0.0,0.0,1.0,0.0,0.0,0.0,1.0
11402,2,GM RD you have a great day to !!,0,0,0,0,,,,,,,,,,
22689,12,"Those who want to live, let them fight...",0,0,0,0,,,,,,,,,,
16686,11,His sacrifice made him appreciate his country!,0,0,0,0,,,,,,,,,,
15490,4,https://steempeak.com/fiction/@cheah/the-green-bli... Not even a wounded eye will stop an STS operator. THE GREEN BLISS Part 2 is up! #Steemit #SingLit #Horror #Cyberpunk #FreeFic #SteemPulp,0,0,0,0,,,,,,,,,,
24007,2,"Violent, deranged, liberal finally points his gun in the right direction…",0,0,0,0,,,,,,,,,,
575,11,"I'm currently rereading ""Midnight's Children"", and it's mostly rather good. Anything by V S Naipaul is generally very good too.",0,0,0,0,,,,,,,,,,
26477,0,Putin remains a destabilizer. @realDonaldTrump will send a very clear message: New Sherrif. https://kek.gg/u/FCfb,0,0,0,0,,,,,,,,,,
4766,6,"March 6, posts showed up for me at 5 am.  Now they are gone.  I posted some links on my page this morning.",0,0,0,0,,,,,,,,,,
1762,12,Motel 6 being sued for doing the Lord's work. ,0,0,0,0,,,,,,,,,,
7139,13,#Reconquest Episode 107: Battle Fatigue and Fighting the Lost Cause https://reconquest.net/2017/12/16/episode-107-batt... … … via @Brother_Andre only @veritasradionet  #CrusadeChannel #CatholicGab #radio,0,0,0,0,,,,,,,,,,
24364,11,"Obama indebted America as much as all Presidents before him with welfare & other throw-away money programs; no infrastructures, diminished military, etc.",0,0,0,0,,,,,,,,,,
22939,0,Eat Healthy Live longer :),0,0,0,0,,,,,,,,,,
14271,12,iHeart searches are getting more accurate.,0,0,0,0,,,,,,,,,,
13883,9,"'He would not sell his subjects to the butcher. And yet it had been with no thought of anyone's gain but his own that he had seized the kingdom originally. Thus subtly does the instinct of sovereign responsibility enter even a red-handed plunderer' The Scarlet Citadel, Robert E Howard.",0,0,0,0,,,,,,,,,,
25772,3,"Come on, Kim.  You know damn well that when you're making an omelette, you have to break a few [dozen] eggs...  There is nothing to see here.  Move along, Citizen.",0,0,0,0,,,,,,,,,,
13262,12,"I was a HUGE supporter of Sessions.  He has been a HUGE disappointment to me so far.  Frankly, the biggest one too.  I hope you are right...",0,0,0,0,,,,,,,,,,
11898,10,Sean Hannity just said Senator Ted 'Chappaquiddick' Kennedy on national tv. 🤣🤣🤣,0,0,0,0,,,,,,,,,,
17471,12,"@Cantwell (2) Einstein's main achievements were the State of Israel and Nuclear Bombs, and 'Relativity' which philosophically leads to 'Relativism'.  Now Jews have gained the chutzpah to admit that the German Philipp Lenard were right to call Einstein's science 'Jewish', but say it's positive; cf. ‘Einstein’s Jewish Science,’ by (((Steven Gimbel)))",0,0,0,0,,,,,,,,,,
7036,9,"Happy Father’s Day, Gents. Keep Strong!",0,0,0,0,,,,,,,,,,
4867,17,"The Left and the squishy RINOs can't understand why us Trumpsters don't care about Stormy Daniels - We've long ago learned that ALL politicians are flawed. So what? What policies, actions and laws does said politician endorse? That's more important.",0,0,0,0,,,,,,,,,,
10523,3,Peter Strzok:,0,0,0,0,,,,,,,,,,
23428,11,Do you mind coming over to my place and hitting me over the head with an baseball bat? I'm hoping when I wake up it will be better.,0,0,0,0,,,,,,,,,,
13176,12,How School Makes Kids Dumb https://youtu.be/uLSv17iE_4Q,0,0,0,0,,,,,,,,,,
25419,5,"""I just didn’t fancy my country ending up as the smallest, most westerly province of a European superstate [aka #USE] governed, as my colleague Charles Moore put it, by some twerp from #Luxembourg."" ",0,0,0,0,,,,,,,,,,
13342,13,"Sobald ich Anzeichen von Nazi-Tourette wahrnehme, höre ich schon gar nicht mehr hin.",0,0,0,0,,,,,,,,,,
12994,11,"Lol, you have a problem with my free speech that I think whites shouldn't racemix with blacks? You're a shit father that you'd disgrace your ancestors and allow your daughter to marry a nigger.  ",1,1,0,1,0.0,1.0,0.0,0.0,0.0,0.0,0.0,0.0,1.0,0.0
7691,5,"When you create a racket where you make the rules, they don't apply to you and you can change them whenever you wish you will never loose.  THAT needs to change.  For Big Tech AND the Government.",0,0,0,0,,,,,,,,,,
8432,12,48 Parliamentary Petitions related to the freeing of Tommy Robinson rejected from being enacted page 03,0,0,0,0,,,,,,,,,,
6379,9,I'm confused about all the doxing. Why?,0,0,0,0,,,,,,,,,,
24535,1,Why was Hamas created in the first place? Who are you? What does it matter?,0,0,0,0,,,,,,,,,,
10203,4,"#StarPorn Tonight's Sky: September, 2018 https://wp.me/p1IUdy-fhh @kimcheetwo",0,0,0,0,,,,,,,,,,
5816,0,GEORGE SOROS PULLS OUT OF SAN DIEGO’S DISTRICT ATTORNEY RACE,0,0,0,0,,,,,,,,,,
19147,4,SADIQ KHAN BALLOON NOW FLYING OVER LONDON! Trump has been avenged! Watch live: https://www.youtube.com/watch?v=I3blm-Q889s,0,0,0,0,,,,,,,,,,
17008,9,"There are a few tards on gab to joust with but not big names to humiliate with facts. Headlines are about 75% as good as twatter. Think the rumoured dec purge will put gab on front foot. Need big names to laugh at like silly Allen, Flabbot and chucky umbongo",0,0,0,0,,,,,,,,,,
23768,9,"Hey, if we spread this around in mass, do you think we could convince #Liberals to partake? I'm in!!",0,0,0,0,,,,,,,,,,
18088,12,@Fred_Cathy_Ret Gotcha Fred & Cathy👍​👍​ Have great day #MAGA 🇺🇸​🇺🇸​,0,0,0,0,,,,,,,,,,
15734,12,A few lads heading out to the weeding ,0,0,0,0,,,,,,,,,,
23090,8,Infowars (((live stream)))here on Gab ! Because there's a war on for your mind....Just go to videos.. #FreeAlexJones #StoptheBias www.infowars.com/show,0,0,0,0,,,,,,,,,,
24985,13,Calls Grow for Arrest of Asshat Gloria Allred Over Forged Document – Including Accuser’s Stepson! http://www.thegatewaypundit.com/2017/11/calls-grow... #MAGA #PresidentTrump #Trump #DrainTheSwamp #News #SpeakFreely #GabFam,0,0,0,0,,,,,,,,,,
24348,7,If you're white and like Niggers you've got serious fucking mental issues.,1,1,0,0,0.0,1.0,0.0,0.0,0.0,0.0,0.0,0.0,1.0,0.0
7006,13,Ha! Ha! RUSSIAN COMEDIANS PUNK ADAM SCHIFF OVER TRUMP RUSSIA COLLUSION... Audio starts at 4:02.... https://youtu.be/OAICWndMJV4?t=4m2s and article at https://gellerreport.com/2018/02/schiff-spoofed-trump.html/,0,0,0,0,,,,,,,,,,
18480,2,"They make fun of you, but it just makes people search you, just to see how ""crazy"" you are Alex. Yet, then they hear some truth and think, ""well, he might be crazy, but what he is saying is true."" #MAGA Don't Be #Brainwashed ",0,0,0,0,,,,,,,,,,
20208,9,Heinlein understood humanity. It would be entertaining to see his take on  the SJW & CJW. Neither accepts deviation from creed,0,0,0,0,,,,,,,,,,
15295,11,Congrats Hunter. Stable families are in integral part of ethnonationalism.   ,0,0,0,0,,,,,,,,,,
1649,0,As long as they have statues of Vladimir Lenin remaining in every city and town in Russia nothing much will change. They have to get rid of that Soviet mentality that is still hounding Russia. Otherwise it will never become strong.,0,0,0,0,,,,,,,,,,
828,13,Blackpillers must repent now!,0,0,0,0,,,,,,,,,,
19988,13,GAB not being shut down by QAnon but net will be paused archive all off line,0,0,0,0,,,,,,,,,,
26765,7,"Sen. Lindsey Graham Fires Off Midnight Tweet: ""Kavanaugh Nomination is Still on Track - Stay Tuned!"" https://www.thegatewaypundit.com/2018/09/sen-lindsey-graham-fires-off-midnight-tweet-kavanaugh-nomination-is-still-on-track-stay-tuned/",0,0,0,0,,,,,,,,,,
6368,17,"Someone made a #GraphicNovel about my ancestor, #ScipioAfricanus.    I will be buying this.    #AncientRome #Hannibal #PunicWars   http://shop.smiletitans.com/product/in-search-of-h...",0,0,0,0,,,,,,,,,,
16801,3,Susan I am glad to see someone on here who us willing to discuss Marijuana.  It seems to be a taboo topic with conservatives and no one seems willing to talk about it. As a hard core libertarian I can tell you I believe that the government has no business telling me what to put in body.  ,0,0,0,0,,,,,,,,,,
14230,12,Hollywood is a shit hole.,0,0,0,0,,,,,,,,,,
16994,1,"LOL  you made me think of Sam Kinison... ""What's it gonna be in a thousand years?  SAND!!   Move where the food is!""",0,0,0,0,,,,,,,,,,
18218,2,How much planning do you do before you ride?,0,0,0,0,,,,,,,,,,
11023,3,Where are all the activists?  ,0,0,0,0,,,,,,,,,,
11726,2,California efforts vs. Trump costing state taxpayers millions: report,0,0,0,0,,,,,,,,,,
12822,0,Good Morning 3 You have a wonderful Friday love! Look forward to the vote!!!,0,0,0,0,,,,,,,,,,
6306,7,I've been down-voting their entire hashtag and none of them stick. I go back after and the number is back to zero and the down arrow isn't highlighted. Been sending troll tweets and they don't post to the tag. Sounds like..... Twitter.,0,0,0,0,,,,,,,,,,
16369,12,h/t Ben Masters at FB ,0,0,0,0,,,,,,,,,,
6814,8,Cleaned hard all last week. Partied hard all weekend. Resting as much as I can today because stuff needs to get done this week.,0,0,0,0,,,,,,,,,,
1259,12,"@a I think Gab's gotten to the point where the ""load more"" button can be automatic, people are finding their interests here, so pressing the button is a bit of a chore, don't know if that's doable or a pro feature",0,0,0,0,,,,,,,,,,
19842,9,It has to be silly consider how scary it is gonna appear to go down,0,0,0,0,,,,,,,,,,
13351,2,"#QuantumRadio New Twist on Communicating in difficult environs such as indoors, urban canyons, underwater, underground; Uses very low frequency #VLF digitally modulated magnetic signals; Entirely new field combines quantum physics & lowfreq magnetic radio https://buff.ly/2GKLLtl",0,0,0,0,,,,,,,,,,
8272,11,A handful of books you wrote,0,0,0,0,,,,,,,,,,
120,10,"Today is a great day to be a Pennsylvanian because today it's day to be remembered. For the struggles it has brought on itself to the prosperous days it has seen and to the greatness it has made what to be american. it may be the state to be remembered as the swing state when come to elections,to the football rivalry and the beginning of america but there is more to pennsylvania than those things....",0,0,0,0,,,,,,,,,,
7873,12,"They shout Toxic Masculinity, but refuse to admit that same ""toxic masculinity"" built civilization and defended it against the barbarians.",0,0,0,0,,,,,,,,,,
15583,2,"I work there, don't vote for those bastards and, unless Irexit, won't vote for any of the gits, btw, I have property interests throughout",0,0,0,0,,,,,,,,,,
4875,11,"to write an article calling us all far right xenophobic Islamophobic racists yet again , the entire establishment from national and local govnt, to police, to media are aligned against us , all complicit in the cover up of whats going on in OUR Nation",1,1,0,0,1.0,1.0,0.0,0.0,0.0,0.0,0.0,0.0,0.0,1.0
17484,10,"Huh...#Pseudocon. I kinda like it. Sounds like it could either be a not-quite-Conservative, or some variant of a Decepticon. https://townhall.com/columnists/kurtschlichter/201...",0,0,0,0,,,,,,,,,,
4415,4,"Went out to the container gardening this morning to pick banana peppers. We picked 46 of them, including the smaller colored ones. I want color in those pickled banana peppers!The rest of the banana peppers left on plants (they are loaded, but small right now) will be saved to make stuff banana pepper soup! This is the soup recipe: https://www.annsentitledlife.com/recipes/stuffed-b......",0,0,0,0,,,,,,,,,,
20384,12,Click on the live link for the latest and greatest...,0,0,0,0,,,,,,,,,,
25323,9,"Cool, I like alienating this dumb asshole, ha ha",0,0,0,0,,,,,,,,,,
6672,10,"A source is a sourceof coarse, of coarseunless of coarse it's a truthful sourceand if the source is a truthful sourceit's not from CNN. https://hooktube.com/watch?v=Mg8oyvjFGbw  #MAGA #TAOTD #PresidentTrump",0,0,0,0,,,,,,,,,,
9796,3,"just post his face and find out where he lives, then others will sort him out",0,0,0,0,,,,,,,,,,
7463,11,Understanding the difference is a good start. #HermitLove,0,0,0,0,,,,,,,,,,
14884,3,"Boardwalk, Atlantic City, N.J. 1895",0,0,0,0,,,,,,,,,,
18403,11,"Was was about to buy that from Resistance, than they got shut down and haven't seen it since.",0,0,0,0,,,,,,,,,,
9093,12,"Matthew 7:1-3 King James Version (KJV) 7 Judge not, that ye be not judged.  2 For with what judgment ye judge, ye shall be judged: and with what measure ye mete, it shall be measured to you again.  3 And why beholdest thou the mote that is in thy brother's eye, but considerest not the beam that is in thine own eye?",0,0,0,0,,,,,,,,,,
22544,13,So I have a love for 80s and 90s cartoons and Saturday morning nostalgia .  WHAT THE FUCK DID I JUST FIND?!?  https://www.youtube.com/watch?v=Bq9ryQxmF84,0,0,0,0,,,,,,,,,,
3601,8,"Knowing what we know now, aren't those movies & TV shows where federal agents, journalists and politicians trying to do their jobs legitimately and proper seem so ridiculous now?  You never realized that was all propaganda to make you think that's how they might act until you take enough red pills.",0,0,0,0,,,,,,,,,,
21050,2,this creeping evil has now started to reveal it's self,0,0,0,0,,,,,,,,,,
20761,12,After that then it's easy to take care of the animals any way you see fit.,0,0,0,0,,,,,,,,,,
7695,7,"I've watched this Jackson Landers guy devolve from an employed ""journalist"" into just another deranged Left-Wing stalker. Here he is offering his ""facial expression analysis"" of people he tracks outside a courthouse. ",0,0,0,1,,,,,,,,,,
16543,3,"QNTKKA#9658   ; - )   If you join Discord, add me with that ID.   ; - )",0,0,0,0,,,,,,,,,,
17927,0,"""Yes, in fact, we need men. The argument that men are unnecessary as leaders, as providers, as protectors, as fathers is false.""   Damn straight!",0,0,0,0,,,,,,,,,,
22414,3,Abraham Lincoln Republican Party : https://www.youtube.com/watch?v=kL4VrWdmSG0,0,0,0,0,,,,,,,,,,
18782,12,"""Hagen Grell Interview mit US Republikaner Steve King""",0,0,0,0,,,,,,,,,,
23966,14,#Hummingbirds https://hooktube.com/watch?v=4sDetQmmuJE,0,0,0,0,,,,,,,,,,
24941,10,Why was the altar in Deuteronomy 27 built on Mt Ebal (the curses) instead of Mt Gerizim (the blessings)? (It might not be why you think.) http://www.americantorah.com/2010/08/28/mount-ebal...,0,0,0,0,,,,,,,,,,
10462,6,I have a sweet citrus taste with 0 calories. Your criteria for opinion is bad.,0,0,0,0,,,,,,,,,,
4936,17,"When you no longer have influence to sell, you sell T-shirts. #CrookedHillary Truth in advertising.",0,0,0,0,,,,,,,,,,
10701,2,Divus Maximus Invictus Flavius Cincinnatus Trumpus Presidentis! ,0,0,0,0,,,,,,,,,,
17184,0,"Excellent news, He's Putin the glamour back in To F1 again ..",0,0,0,0,,,,,,,,,,
16095,1,Go fuck yourself faggot. ,1,0,1,1,1.0,0.0,0.0,0.0,1.0,0.0,0.0,0.0,1.0,0.0
6664,10,"PomoNews: (LIVE STREAM) PRESIDENT TRUMP RALLY FROM CHARLESTON, WEST VIRGINIA https://buff.ly/2DgQsbI #MAGA #KeepAmericaGreat!",0,0,0,0,,,,,,,,,,
609,8,Holler at ya boi/girls@bogdutts @HeHeSillyComics @h8ku  @VeyGraphics @Umberman Was hard to whittle it down to a few haha,0,0,0,0,,,,,,,,,,
21697,5,It's been long enough I think.  Don't wait.  MAKE them do it today.,0,0,0,0,,,,,,,,,,
951,13,You my dear are an exception.,0,0,0,0,,,,,,,,,,
19165,12,So be a tv sheep and stare at dumb movies/shows all day?,0,0,0,0,,,,,,,,,,
9414,8,The last one was forced to resign by the NWO. He's still alive.,0,0,0,0,,,,,,,,,,
18315,17,I may start doing a genetics related biotech company of the day. I need to do some research for long term investments.,0,0,0,0,,,,,,,,,,
24662,10,"https://m.youtube.com/watch?v=rjpXAJ3hEBo Captain KIRK Mocks Alexandria Ocasio Cortez' Embarassing Interview on PBS' the 'Firing Line.' Margaret Hoover's calling out of Ocasio-Cortez’s Factually Challenged Position On Israel Is Embarrassing, and makes one wonder 'how can someone know so little about a topic and yet be so passionate about it?'",0,0,0,0,,,,,,,,,,
23344,12,"TRUMP-KIM SUMMIT – ANOTHER RESULT OF MAGA, AMERICA FIRST POLICIES",0,0,0,0,,,,,,,,,,
25435,2,Well maybe she'll  pull in the Hollywood crowd. ,0,0,0,0,,,,,,,,,,
5271,8,Remember when there was no Internet?,0,0,0,0,,,,,,,,,,
15512,11,This is the sort of thing that could give Republicans a super majority. https://kek.gg/u/vJ9t,0,0,0,0,,,,,,,,,,
319,11,Rodent Guys gopher extermination service for gopher control Claremont protects homes from the - http://losangelesgopher.com/gopher-control-claremont/,0,0,0,0,,,,,,,,,,
22701,9,FA & FO,0,0,0,0,,,,,,,,,,
14631,6,"Relax, you two are safe....",0,0,0,0,,,,,,,,,,
5706,2,"12. who spoke Aramaic, not Hebrew. The new rulers, the Cohens and Levites would invent their own religion using the large body of chronices and oral histories they had at their disposal, and the even mixed in elements of the ""monotheistic"" Zoroastrian religion of their own rulers, the Persian crown. They then imposed this new made-up religion on their",0,0,0,0,,,,,,,,,,
20278,4,Great interview w. Trump. https://youtu.be/UmPcmh8hnY4,0,0,0,0,,,,,,,,,,
962,1,*1. Boiling the milk. Place the two pots inside each other and pour the milk in the inner pot.  make sure you put water in the bottom (outer) pot if you stack pots with no water you run the risk of screwing up your pots (especially if they are aluminum) ,0,0,0,0,,,,,,,,,,
11650,0,See how long it takes Hovis to join them.,0,0,0,0,,,,,,,,,,
13773,14,Well... at least a “man” was still first. By the time all of this makes it to Globalist textbooks in the future it will be a female astronaut who went to the moon just to abort her baby there because she wanted to do it first... before using her size A bra to sling the spacecraft back.,1,1,0,0,0.0,0.0,0.0,1.0,0.0,0.0,0.0,0.0,1.0,0.0
9753,11,"I feel.sorry for women who can't have children and get pets instead, because people think they are a problem in western society too..",0,0,0,0,,,,,,,,,,
27510,1,"http://www.papermag.com/ariana-grande-spirited-away-2600457240.html The pop star's latest ink features Chihiro, One of the most beloved anime films of all time, Spirited Away shows Chihiro's journey through a supernatural world in an attempt to find her parents, who were transformed into pigs.",0,0,0,0,,,,,,,,,,
2471,7,shouldn't those things be orange?,0,0,0,0,,,,,,,,,,
19911,10,"If it's racism & sexism behind my voting, why would I back Tim Scott, Col. Alan West, Nikki Haley & Mia Love over Biden, Durban, Kasich, Flake or McCain?",0,0,0,0,,,,,,,,,,
3041,1,Throw me in for a fiver.... ;),0,0,0,0,,,,,,,,,,
9190,7,"Gee, sci-fi stories that have this sort of focus tend to always backfire with the “test” group having many become bezkers or showing no empathy to murdering those that threaten their existence...",0,0,0,0,,,,,,,,,,
24118,12,Can't be in San Francisco. Why? Hasn't got shit all over him.,0,0,0,0,,,,,,,,,,
2443,8,"Jack Dorsey just turned off the QFD ban on Twitter, ahead of his Congressional hearing next week Seems like he feels vulnerable Now would be a good time for a campaign contacting people in Congress...",0,0,0,0,,,,,,,,,,
8488,9,To Whomst it may concern!    There exists a Nacho Recipe Generator  http://www.seriouseats.com/nacho-recipe-generator    You're eternally welcome.,0,0,0,0,,,,,,,,,,
19634,13,#nowsmoking @thecrownedheads Four Kicks Maduro Corona Gorda now at Wabash Cigar Store. In all four sizes. @migsch1980,0,0,0,0,,,,,,,,,,
20409,12,Saul Alinsky's 13 Rules for Radicals Listed: ,0,0,0,0,,,,,,,,,,
19719,17,"'In WW2, the West kept defending its own freedom and defended it for itself. As for us [Russians] and as for Eastern Europe, it buried us in an even more absolute and hopeless slavery.' Aleksandr Solzhenitsyn - Gulag Archipelago",0,0,0,0,,,,,,,,,,
3517,3,#TorahLifeMinistries #PaulNison #MessianicJudaism #Christianity ,0,0,0,0,,,,,,,,,,
26562,11,Joe Biden calls Trump supporters “the dregs of society”:  https://www.dailywire.com/news/35931/joe-biden-calls-trump-supporters-dregs-society-joseph-curl  ,0,0,0,0,,,,,,,,,,
12554,9,"LIKE A BOSS=> In Davos, Trump Asked if He Will Be Received Well, Responds, 'I Already Am. Look' (VIDEO) http://www.thegatewaypundit.com/2018/01/like-boss-...",0,0,0,0,,,,,,,,,,
13079,13,I'm pleasantly surprised it took THIS long :-O http://www.breitbart.com/tech/2018/04/13/conservat...,0,0,0,0,,,,,,,,,,
3680,11,you truly are a half wit maybe even less than half ,0,0,0,0,,,,,,,,,,
17117,12,Nothing would suprise me at this point. The level of antagonism is way off the meter. Be aware and be safe Patriots all.,0,0,0,0,,,,,,,,,,
27042,11,Hahaha-Google has messed up to much&will be shut down one way or the other-the Boston globe knows this and will use its influence to get majority of the spoils to go to e.u. power grab of internet,0,0,0,0,,,,,,,,,,
3218,9,Gab Writers https://gab.ai/groups/1d29ee03-4b77-43eb-841c-43ab...,0,0,0,0,,,,,,,,,,
11873,13,@support‍ how come my android app always says 'unauthorized please try again' whenever i open it?,0,0,0,0,,,,,,,,,,
26619,3,Human trafficking in South Africa Was hillary part of it?,0,0,0,0,,,,,,,,,,
2225,8,Resigned from my job today.  Had enough of the 3 hour daily commute. I had better start job hunting...,0,0,0,0,,,,,,,,,,
6490,11,"Dang, now that's an award-winning movie script.",0,0,0,0,,,,,,,,,,
12637,5,“Shouldn’t be a rush into hearing...” #MeTooHucksters are going to hold the United States Senate hostage to their shenanigans? Now do Republicans understand how crucial these midterms are?  https://kek.gg/u/m8BJ,0,0,0,0,,,,,,,,,,
7502,6,"That age i was stretching turkey and goose necks,used a stick i stood on,i was strong enough to break their necks without a stick.",0,0,0,0,,,,,,,,,,
11054,11,"Your omtting the Christian reformation, now go over to twitter and say the same about Islam",0,0,0,0,,,,,,,,,,
3322,13,#Texas Senator #TedCruz Chairs Subcommittee on the #USA #Constitution and THREATS to our #ReligiousLiberty!! #CruzCrew #TRUSTed #CruzMissle #KeepCruzin ,0,0,0,0,,,,,,,,,,
14466,17,"I cannot wait for  Spring and the return, however brief, of the Peonies!",0,0,0,0,,,,,,,,,,
19946,8,Now joining the Christopher James Show LIVE! Come hang out with us here: https://youtu.be/xqSzdYZf8v4,0,0,0,0,,,,,,,,,,
22688,1,"I've seen this meme before - the photo is circa early 1980's, possibly Eastern Europe Che died in the 1960's",0,0,0,0,,,,,,,,,,
16965,11,"When I was on the Midway CVA-41 ""Ready Power For Peace"" was on the side of the island! So when this happens it will have liberal fecal matter everywhere because there are no brains to actually explode",0,0,0,0,,,,,,,,,,
4667,9,"In breaking news, Hillary Clinton is still a cold, heartless cunt.",0,0,0,1,,,,,,,,,,
25072,6,"Ok dude. Go read Mein Kampf. Go read Hitlers revolution. Don't tell me you have, you clearly have not. ",0,0,0,0,,,,,,,,,,
10512,2,G2293 in Strong's this phrase is used only by Jesus to have courage: - be of good cheer (comfort).  ,0,0,0,0,,,,,,,,,,
27506,2,The World's #1 Humor Site ,0,0,0,0,,,,,,,,,,
15106,3,"no, he got on his pedal bike and raced 3 miles across town with his student newspaper camera",0,0,0,0,,,,,,,,,,
12784,11,"Hi Adolf. Suicide prevention efforts are a scam. Governments drive suicide in sectors of society. #21Fathers commit suicide weekly in Australia, because of the Family Court system. 22 Vets suicide per day in America. The number of WorkCover suicides is high but unknown. Then there's gambling, drug addiction etc, all orchestrated by sick fucks in power.",0,0,0,1,,,,,,,,,,
13872,11,#China's Xi says internet control key to stability:  https://www.yahoo.com/news/chinas-xi-says-internet-control-key-stability-110428337.html,0,0,0,0,,,,,,,,,,
11791,9,#BTC #Doug https://www.wsj.com/articles/mention-bitcoin-one-m...,0,0,0,0,,,,,,,,,,
20299,0,Comey's as bad as David Camera Hogg,0,0,0,0,,,,,,,,,,
474,7,#QAnon #Qmap I didn't know Australia was taking in refugee criminals from the USA?,0,0,0,0,,,,,,,,,,
19204,3,LIES OF THE SOROS-BACKED IMMIGRATION LOBBY,0,0,0,0,,,,,,,,,,
13840,6,We haven't met. Do you have an older sister??? lol,0,0,0,0,,,,,,,,,,
9895,2,Glad to have you back!,0,0,0,0,,,,,,,,,,
23127,11,RT @VAWAISEXPIRING: The Coming Implosion After Diversity’s Victory - Minding The Campus https://kek.gg/u/Ck68,0,0,0,0,,,,,,,,,,
21003,1,"1st - I never said ""ALL"" - I said those connected to a particular community that has voiced a specific intent to act against whites.  Attempting to dismiss their existence or their message by extending it to ""ALL"" hardly avoids their contempt for white society.  They exist and their influence is real.  Ignatiev taught at Harvard for 20 years.",0,0,0,0,,,,,,,,,,
27210,5,"What amendment gives the right of the NSA to spy on citizens without a warrant?  How about the clause where it allows us to engage in endless undeclared wars in Vietnam and now ME?  What part of the constitution created the NSA, CIA, DIA, FBI, Dept of education etc etc?",0,0,0,0,,,,,,,,,,
18580,17,"Half of American soil is snow-covered right now, after snow fell in all 50 states, including Florida. That's more snow-covered ground than we've seen in ten years. (Thanks to Sarah Hoyt for the link.) https://nypost.com/2018/01/18/half-of-us-soil-cove...",0,0,0,0,,,,,,,,,,
27623,0,https://bit.ly/2pA4FfF ,0,0,0,0,,,,,,,,,,
15090,5,I'll always admit when I'm wrong. I learned that years ago. Nobody likes an ignorant asshole.,0,0,0,0,,,,,,,,,,
9156,3,My my how much fortunes can change when you take your eye off what's important.,0,0,0,0,,,,,,,,,,
6956,13,"Kentucky State Rep. Dan Johnson commits suicide after sexual assault accusations emerge, officials say    'The woman said she reported the incident but Louisville police closed the case without charges. '   http://archive.is/W2wb4",0,0,0,0,,,,,,,,,,
23687,1,"Thank you. Yes, 250 years ongoing  Kurdish Genocide must end immediately. ",0,0,0,0,,,,,,,,,,
8855,17,Just adding to our collective 'hive' mind... (thanks to SerialBrain2) https://www.reddit.com/r/CBTS_Stream/comments/82qk... #CBTS #QANON #QMAP 'Build the MAP. MAP provides the KEY. KEY spreads the TRUTH. TRUTH shines LIGHT. LIGHT saves HUMANITY. Future proves past. Trust the plan.' Q,0,0,0,0,,,,,,,,,,
21429,11,It is obvious. When governments don't like the vote they change the voters. ,0,0,0,0,,,,,,,,,,
17575,1,"The time we spend on this earth is but an eye-blink compared to eternity. Even if a person lives beyond 100, it’s still not significant compared to forever. Once we have taken our last breath here, our forever is set. It can be totally wonderful, or it can be totally devastating. The choice is entirely up to you. God will not force you to accept Him or His Son",0,0,0,0,,,,,,,,,,
16484,17,Idiot Neil deGrasse Tyson forgets and wanders after his dog on the beach....,0,0,0,0,,,,,,,,,,
22895,17,We already have one. The question is when do we take it back?,0,0,0,0,,,,,,,,,,
27085,9,#ReligionOfPeaceMoment #ReligionOfPeace #Islam #Muhammad #Palestine #Jews #JihadWatch #NothingToSeeHere,0,0,0,0,,,,,,,,,,
12483,15,@a What's up with all the foreign language comments getting so many views? Something stinks here.,0,0,0,0,,,,,,,,,,
23064,8,The Wizard of Quaid lol Support this guys movies for sure y'all. #Trump #Hollywood #Actors #Maga #GabFam Randy Quaid -- CNN Is Working Frantically To Find Their 'Source'! https://youtu.be/mIPgRyNygU0,0,0,0,0,,,,,,,,,,
21112,0,Have you considered joining the Mens Issues Group and posting there as well?,0,0,0,0,,,,,,,,,,
11330,5,POTUS LIVE AT CPAC ,0,0,0,0,,,,,,,,,,
24902,17,#GabFam -- My Photo: https://www.viewbug.com/photo/71268804 -- Lightning is beautiful. This was a handheld capture; no tripod. #Photography,0,0,0,0,,,,,,,,,,
21372,11,I'd only add two things under freedom of speech something about protecting against the sjw lynch mobs which don't rely on a government and something about a separation of ideology and state,0,0,0,0,,,,,,,,,,
7015,2,"Watch ""Everyone who is waiting on RV is being played, big time! RV is NOT happening, it's impossible."" on YouTube",0,0,0,0,,,,,,,,,,
4777,5,Not every scandal out there is real. Some of them are enemy ops. ,0,0,0,0,,,,,,,,,,
21516,6,Too dumb to jump off?,0,0,0,0,,,,,,,,,,
5820,3," one of the strangest artifacts of the ’90s, and its singular author, John Perry Barlow. Perhaps more than any other, it’s his philosophy — which melded countercultural utopianism, a rancher’s skepticism toward government and a futurist’s faith in the virtual world — that shaped the industry.",0,0,0,0,,,,,,,,,,
3177,16,Any suggestions for making it better ya fucking leaf?,0,0,0,0,,,,,,,,,,
21862,0,HAHAHA ! Bravo ! Well done !,0,0,0,0,,,,,,,,,,
20340,13,Strange how they are so similar  https://youtu.be/Z-ZX5V4Qft4,0,0,0,0,,,,,,,,,,
4387,17,"Can't get off of toilet. Have sleeping cat on lap. Pls send halp. (Watching a kitty whose owner is displaced by the lava.  Kitty is stressed & has lost most of its fur.  Kitty is confined to the bathroom due to not being housetrained, and has been hiding behind the toilet for 3 days.  Now it's decided it's safe, & has been purring + sleeping for the last hour.)",0,0,0,0,,,,,,,,,,
22620,6,This is a great example of how the MSM twist the truth to fit their narrative/agenda...,0,0,0,0,,,,,,,,,,
7203,12,"Really? I mean good for you..but where have you been.. not even all those years, but just since Harvey was exposed? Just a suggestion..        ",0,0,0,0,,,,,,,,,,
7801,0,RT Variety    Barr will be a guest on Thursday’s edition of 'Hannity' https://bit.ly/2AavOO8   https://twitter.com/Variety/status/1021998733687513088,0,0,0,0,,,,,,,,,,
17811,3,"They will meet there maker, that will be a short conversation.",0,0,0,0,,,,,,,,,,
14977,7,"This meme good sir, is too true.",0,0,0,0,,,,,,,,,,
15633,7,The irony of a pro-trans magazine using one of the gender colour stereotypes as its name.,0,0,0,0,,,,,,,,,,
18555,4,#Caturday,0,0,0,0,,,,,,,,,,
9138,12,"HAHA! Trump Puts Obama to SHAME Again, Shatters 14-Year Record https://www.youtube.com/watch?v=v8NWfZKVlVM",0,0,0,0,,,,,,,,,,
19805,5,"I thought it was a scam to be honest, but checked and they are actually registered.  The secrecy is odd though, and now this ...",0,0,0,0,,,,,,,,,,
25699,11,"Flash floods hit Paris, intense hailstorm leaves serious crop loss, France ",0,0,0,0,,,,,,,,,,
4862,11,MSM SILENCE sounds like sympathy for EVIL,0,0,0,0,,,,,,,,,,
8855,9,Just adding to our collective 'hive' mind... (thanks to SerialBrain2) https://www.reddit.com/r/CBTS_Stream/comments/82qk... #CBTS #QANON #QMAP 'Build the MAP. MAP provides the KEY. KEY spreads the TRUTH. TRUTH shines LIGHT. LIGHT saves HUMANITY. Future proves past. Trust the plan.' Q,0,0,0,0,,,,,,,,,,
3374,12,oh..i have a 3 bed 1 bath house in orlando i may be renting out in the spring..i only check if a renter is  wanted by the law or a sex offender and then their last landlord reference...i am not a company so i can advertise i do not rent to anyone not white,0,0,0,0,,,,,,,,,,
21274,0,"Stop watching now, why wait. Last one for me was 91 after the MLK nigger bullshit with the Nigger Felon League and Arizona. Fuck em, black greasy bastards. ",1,1,0,1,0.0,1.0,0.0,0.0,0.0,0.0,0.0,0.0,1.0,0.0
24153,3,I wonder what the SEC thinks of this... http://www.breitbart.com/tech/2018/03/20/report-mark-zuckerberg-saved-tens-of-millions-of-dollars-by-selling-facebook-stock-before-crash/?utm_source=newsletter&utm_medium=email&utm_term=daily&utm_content=links&utm_campaign=20180320,0,0,0,0,,,,,,,,,,
14716,6,"Michael Caputo Discusses His Three-Hour Questioning by Corrupt Legal ""Small Group"" Clinton Representatives... https://theconservativetreehouse.com/2018/05/02/michael-caputo-discusses-his-three-hour-questioning-by-corrupt-legal-small-group-clinton-representatives/ via @thelastrefuge2",0,0,0,0,,,,,,,,,,
17647,7,#Communism : not even once ,0,0,0,0,,,,,,,,,,
4776,11,"Yes, if you can't stay the fuck out of europe with your jewry and beekeeper suits, you have to die.  we've learned that the survival of the goy is mutually exclusive to the survival of hasbara jews and their sunni muslim lapdogs.   I'm all about shia iran taking over israel though",1,1,0,1,1.0,1.0,0.0,0.0,0.0,1.0,0.0,0.0,1.0,0.0
17459,8,I suggest we start with her or it or xir or something.,0,0,0,0,,,,,,,,,,
19075,11,"Pastor Aaron Thompson of Sure Foundation Baptist Church in Vancouver, WA announces a new documentary in the works titled, ""Upon the Circle"" which defends the round earth and debunks the flat earth.",0,0,0,0,,,,,,,,,,
20642,0,"Though I have been seeing a lot of these memes recently, I had to look up “NPC” (non-playing character, which I assume is a gaming reference). We’ve been needing a good descriptor for these hive-mind people. I think it’s perfect!",0,0,0,0,,,,,,,,,,
7243,9,"For visitors to Wellington, NZ, this statue epitomizes the fact that this city is windy as hell. It's called Solace in the Wind, and it's awesome.",0,0,0,0,,,,,,,,,,
9251,11,"Armchair programmers never understand the underlying technical requirements on implementing new features without having the core infrastructure properly laid out and in place... most believe it's just magic, and I've been there done that.",0,0,0,0,,,,,,,,,,
9385,11,https://teespring.com/get-celtic-cross#pid=2&cid=2122&sid=front   #celtic cross #tshrit #oneofakind #usa #us #worldwide #irish #scottish  ,0,0,0,0,,,,,,,,,,
26297,12,"@ScrewLeftWingers, ""Black Lamb and Grey Falcon""",0,0,0,0,,,,,,,,,,
2921,1,"Andrew Torba, Gone-Postal done Right.",0,0,0,0,,,,,,,,,,
581,5,"Alkaline diet, hemp oil and discipline.",0,0,0,0,,,,,,,,,,
25761,0,East St. Louis is a lovely place.... haha,0,0,0,0,,,,,,,,,,
3329,12,"No matter if truth, partial truth or LARP.  One thing is for damn sure with #Qanon , we have learned a great deal of information, how intel system's really work including mass data collection & analysis plus top levels of govt & military. Many #Qpatriots would also like to see certain righteous men win the war over treacherous & evil scum who lord it over all of us.",0,0,0,0,,,,,,,,,,
4383,11,Stoneman Douglas student refutes Scot Peterson's story during massacre http://bit.ly/2xMfX7f,0,0,0,0,,,,,,,,,,
6249,13,Have fun http://verenoflood.nu/171-cartoons-26-05-2018/  Cartoons,0,0,0,0,,,,,,,,,,
13014,9,#BostonTeaParty https://www.liverpoolecho.co.uk/news/liverpool-new...,0,0,0,0,,,,,,,,,,
13538,6,"""When we peel back the human skin, we find a shrieking troupe of monkeys, each wanting to be important by tearing down someone else."" http://www.amerika.org/politics/how-the-herd-will-use-indirect-means-to-censor-dissent/",0,0,0,0,,,,,,,,,,
16236,5,#Gab #GabFam #WeThePeople #GreatAwakening #MAGA #TheStorm ,0,0,0,0,,,,,,,,,,
19282,11,"https://pendulum.online/ is a very unique project.   Rather than being one organization or one person with one point of view, it brings together very disparate views on the true right.  True intellectual diversity. ",0,0,0,0,,,,,,,,,,
1170,17,Just found this: @GrantJKidney has an incredible manifesto for the #LoneRight on his website. It outlines simple ideas for more representative government programs and colonization of space. Worth two reads.   Watching this mind on the move...   http://grantjkidney.com/manifesto/,0,0,0,0,,,,,,,,,,
13084,8,The U.S. should end all foreign aid.,0,0,0,0,,,,,,,,,,
3884,12,Palestinians complain Israel not allowing tires into Gaza … after Palestinians created toxic cloud of burning tires https://goo.gl/k196sr,0,0,0,0,,,,,,,,,,
20670,12,good morning gabbers can i get a morning SIEG HEIL! ,0,0,0,0,,,,,,,,,,
5681,3,Leaked photos from Starbucks sensitivity training,0,0,0,0,,,,,,,,,,
26222,3,Hungry Nomad is one of the city’s favorite catering brands and we have loyal fans across the - http://hungrynomadtruck.com/talk-los-angeles-food-truck-catering-party/ #best_food_trucks_in_Los_Angeles #Festival_themed_foods #Food_Truck_For_Rent #Best_food_truck_los_angeles,0,0,0,0,,,,,,,,,,
17772,0,Help me with this!!👇👇👇 ,0,0,0,0,,,,,,,,,,
15085,7,"From Newsweek = Raided by FBI, still thinks we should trust them",0,0,0,0,,,,,,,,,,
1073,5,those are euphemistically called “yoga pants”,0,0,0,0,,,,,,,,,,
1440,7,"""BRING OUT YOUR DEAD""  - Why John Cleese Is Abandoning Britain  https://www.zerohedge.com/news/2018-07-11/im-so-disappointed-country-why-john-cleese-abandoning-britain",0,0,0,0,,,,,,,,,,
16215,13,"50 mil seguidores a mais podem significar mais de 100 mil votos extras para Bolsonaro. Ou talvez mais, bem mais. #Bolsonaro17 #Bolsonaro2018",0,0,0,0,,,,,,,,,,
24922,11,No. Get rid of them ALL. ,0,0,0,0,,,,,,,,,,
4276,2,"It's OK, I just found out - 'He's a literal civic nationalist who says white identity doesn't exist'. What a pathetic cuck! He's got a weak, cucky voice too - African jizz coated larynx.",1,1,0,1,0.0,0.0,0.0,0.0,0.0,0.0,1.0,0.0,0.0,0.0
11560,8,"#FridayFeeling #BenGarrison #cartoon #FakeNewsMedia Missing the Target- The #DeepState propaganda machine— formerly known as the ‘Mainstream Media,’ continues to throw darts of hysteria at the President in the hopes that one of them will hit the target. https://grrrgraphics.com/fake-news-missing-the-tar...",0,0,0,0,,,,,,,,,,
26617,7,ATTENTION For One Person in Denver Metro Area: ,0,0,0,0,,,,,,,,,,
24647,10,"Playing some more Brain Lord, will most likely beat the game since I'm close to the end! https://www.twitch.tv/lazy_brain_games",0,0,0,0,,,,,,,,,,
24671,1,Just one more organization to throw on the trash heap!,0,0,0,0,,,,,,,,,,
18044,11,@SaraCarterDC @POTUS @seanhannity @dbongino @LionelNation @GreggJarrett @IvankaTrump @HagmannPI @TomFitton @DonaldJTrumpJr @LouDobbs @CitizensIReport @WayneDupreeShow @RepMattGaetz @Thomas1774Paine @RealJamesWoods @JacobAWohl @JaySekulow @Lrihendry @ASavageNation @marklevinshow ,0,0,0,0,,,,,,,,,,
6995,0,Got a problem with a leftist?,0,0,0,0,,,,,,,,,,
13702,12,Home remodeling show personality accused of molesting girl ,0,0,0,0,,,,,,,,,,
17112,12,http://www.king5.com/votenow  ,0,0,0,0,,,,,,,,,,
10624,11,Jailed: East London teen who promoted terrorism online and downloaded bomb-making manuals ,0,0,0,0,,,,,,,,,,
24069,11,Is this another painting by their fav artist ?,0,0,0,0,,,,,,,,,,
13864,8,"Check to see if any HALAL butchers, caterers or takeaways are near you Spread the word & share far and wide https://halalhmc.org/outlets/",0,0,0,0,,,,,,,,,,
24371,17,The ZMan has an interesting post about vampire zombies and the Alt-Right. http://orionscoldfire.com/index.php/2018/03/27/the... #sff  #GabWriters,0,0,0,0,,,,,,,,,,
25673,12,Sounds like something only someone who lost all their money would say,0,0,0,0,,,,,,,,,,
13226,1,RT @BBCWorld:  ,0,0,0,0,,,,,,,,,,
27284,9,By far some of the funniest and cringiest live streams ever on the internet. Asian Andy has balls of steel.  https://m.youtube.com/watch?v=6_Y-lQ6VI98,0,0,0,0,,,,,,,,,,
10986,11,https://kek.gg/u/Ft7b  ,0,0,0,0,,,,,,,,,,
13212,12,** ATTENTION PATRIOTS *** ,0,0,0,0,,,,,,,,,,
24498,13,#METALMONDAY #metal   https://www.youtube.com/watch?v=wz7LOlSBMhQ,0,0,0,0,,,,,,,,,,
20470,5,"Was GAB established for the freedom of speech of 500,000 voices or just 1?",0,0,0,0,,,,,,,,,,
15133,0,That movie even made George Takai look like a badass.,0,0,0,0,,,,,,,,,,
20984,14,Shine on you crazy diamond.,0,0,0,0,,,,,,,,,,
16049,8,Telegram just rewrote its user agreement to hand over some data to governments. https://tsarizm.com/news/2018/08/29/telegram-is-no...,0,0,0,0,,,,,,,,,,
9064,2,"Public Schools need to quit trying to ""indoctrinate"", and get back to EDUCATING our young. OR get the hell out of the way, and the PARENTS will educate their young!!! Public schools have FORGOTTEN that every student has the FREEDOM OF SPEECH. What about the ""Tolerance"" that schools are supposed to be promoting... Where is that, in regards to the Tee!!! I'm waiting.",0,0,0,0,,,,,,,,,,
18877,6,I remember when twitter was dead like this...Every cunt was saying.. Facebook...,0,0,0,0,,,,,,,,,,
1318,4,McSalley Arizona has done it again other commie running for Senate. Damn,0,0,0,1,,,,,,,,,,
13285,13,"I'm British, I was born with bantz.",0,0,0,0,,,,,,,,,,
8415,4,"This weekend is your last chance to get Stories in the Stars: What our ancestors were trying to tell us at the reduced price on Amazon of £10.67/$14.00. On Monday, it goes up to full price.",0,0,0,0,,,,,,,,,,
7661,10,Active shooter reported at Texas border town shopping mall; police warn people to stay away #News https://breaking.iavian.net/article/187839,0,0,0,0,,,,,,,,,,
13870,6,Clear Eyes ,0,0,0,0,,,,,,,,,,
11748,12,"A 7.92mm bullet is not a .308, no matter who slaps a label on it. I don't recommend trying to fire a 7.92mm projectile down a .308 Winchester rifle barrel. The projectile size, not the cartridge designation, is what matters. .312 inch is not .308 inch no matter what measuring device is employed.",0,0,0,0,,,,,,,,,,
15845,8,A bit of Fleetwood Mac https://www.youtube.com/watch?v=P160_odTwyY,0,0,0,0,,,,,,,,,,
19295,7,It was a  reference to my herd of goats.,0,0,0,0,,,,,,,,,,
4218,8,"The future seems pretty bleak, huh?",0,0,0,0,,,,,,,,,,
15163,3,"Former New York City Correction Department Investigator Sentenced to 10 Years in Prison for Transporting, Receiving and Possessing Child Pornography https://www.justice.gov/opa/pr/former-new-york-city-correction-department-investigator-sentenced-10-years-prison",0,0,0,0,,,,,,,,,,
16802,12,"The Europeans Saxons,vikings,celts,normans,goths,,vandals,romans,franks and many other European tribes need to come back to life, and reclaim there country, and culture before we no longer have a history or country we can call home.",0,0,0,0,,,,,,,,,,
23536,11,Sad that derangement syndrome should ruin a funeral.,0,0,0,0,,,,,,,,,,
21642,13,did something big happen with gab that I missed? I think I gained more followers today than I have in the last year put together...,0,0,0,0,,,,,,,,,,
18506,2,Hi FAR. Well done for keeping up the pressure on your MP and Tory HQ. Unfortunately I've not seen anything more on the ucampaign app from either Sheila or Dix. I do still keep regularly checking the site and have re-posted the link to GAB for them on several occasions. I do hope we don't lose them. ,0,0,0,0,,,,,,,,,,
2430,10,"@Sidephase : I may have been gone, but you were never forgotten. XD",0,0,0,0,,,,,,,,,,
4409,7,"@VA94 Thank you sir for your service! Fellow South Carolina girl here!! Welcome to #Gabfam where you may #speakfreely without persecution! Followed, hope you'll follow with me!",0,0,0,0,,,,,,,,,,
12338,7,Trump: I have the right to pardon myself http://thehill.com/homenews/administration/390516-trump-i-have-the-right-to-pardon-myself,0,0,0,1,,,,,,,,,,
6518,10,I love the smell of Monrovia in the morning. It smells like success.,0,0,0,0,,,,,,,,,,
27064,9,He said there can be 'social benefits' of legalizing possession of child porn http://www.breitbart.com/tech/2017/11/14/ethereum-...,0,0,0,0,,,,,,,,,,
19462,0,I don't have my phone number on there.,0,0,0,0,,,,,,,,,,
868,2,'Foreign Policy by Viral Video': Tucker Carlson Speaks Out Against Push For War In Syria http://www.informationliberation.com/?id=58235,0,0,0,0,,,,,,,,,,
15487,10,https://steempeak.com/fiction/@cheah/the-green-bli... It was supposed to be a surveillance mission. Until cyborgs raided the target. THE GREEN BLISS Part 6 is up! #Steemit #SteemPulp #PulpRev #Cyberpunk #Horror #SFF #SingLit,0,0,0,0,,,,,,,,,,
10176,12,WOW! In latest episode of 'Louise Mensch UNHINGED' she attacks the Tea Party and you'll never guess WHY https://t.co/4G5ESIYW5V,0,0,0,0,,,,,,,,,,
11158,9,Rewatching Flags of Our Fathers & Letters from Iwo Jima after 10 years. Such a good perspective.,0,0,0,0,,,,,,,,,,
9054,11,No reply.  Probably had to go home for supper!  Playtime is over.,0,0,0,0,,,,,,,,,,
12119,3,"Another grave to piss upon.  With so many, bladder will require replenishment.",0,0,0,0,,,,,,,,,,
1659,17,"Gotta' go get some stuff ready to load into our vehicle for our Georgia trip. A man may work from sun to sun but a woman's work is never done. Unless she has him wrapped around her little finger, then he does that, too!  Bwahahahahahaha! Bye, GAB Fam! Have a great weekend!",0,0,0,0,,,,,,,,,,
24016,2,"My guess would be lack of adequate repair and inspection times. Aircraft techs are pushed to the limit, profit margins are slim. Rushing an airframe into service is the norm.",0,0,0,0,,,,,,,,,,
21364,9,"Gary Lineker is a TWAT and  Mark Zuckerberg is a CUNT.    Phew, quite liberating to get that off my chest, in an echo chamber.",0,0,0,1,,,,,,,,,,
24710,13,Yeah Ricky wasn't a fed,0,0,0,0,,,,,,,,,,
142,10,I'm streaming a new game on Twitch that I've been waiting for a very long while--Graveyard Keeper. http://twitch.tv/stillgray,0,0,0,0,,,,,,,,,,
9915,4,"And when people give me shit for being on Gab, like 'OMG there are so many racists there', I'm like, yeah, and there aren't a shit ton on Twitter?  At least on Gab I'm in charge of my own feed by my own rules, not some bullshit shadow algorithm.  I censor what I cannot brook.  That's my choice, not Jacks. https://gab.ai/a/posts/15062088",0,0,0,1,,,,,,,,,,
16050,10,"Cruz won't be defeated in November. But he'd have an easy confirmation - The loyal would vote for Trump's picks, and the Senate Swampizens would vote to get him out of their hair.",0,0,0,0,,,,,,,,,,
25860,3,"https://www.thegatewaypundit.com/2018/10/jaw-dropping-thousands-line-up-in-cold-for-president-trump-rally-in-missoula-montana-photos-and-video/ ‘JAW-DROPPING’: THOUSANDS LINE UP IN COLD for President Trump Rally in Missoula, Montana – Photos and Video 👍",0,0,0,0,,,,,,,,,,
14711,3,The Pleasure is all Mine ! Glad you Like them ! Wish you a Very Good Morning too :),0,0,0,0,,,,,,,,,,
12108,7,"I appreciate you taking the time to post this, my son is doing a project on the topic and I'm sure he'll be pleased to see it.: http://shop.abigbuttandasmile.com/sex-toy-guide/dillio-vibrating-mini-sex-ball",0,0,0,0,,,,,,,,,,
18618,9,"Did you know Jim Beam is owned by a Japanese Company? Here are all their brands: https://www.suntory.com/brands/index.html Balcones, Jack Daniel's, you're my drink now. #BoycottJimBeam #BuyAmerican #BuyLocal",0,0,0,0,,,,,,,,,,
7399,11,So pretty. I am contemplating getting a kitty to play with Coco. ,0,0,0,0,,,,,,,,,,
305,11,"MS-13, also called Mara Salvatrucha, is believed to have been founded as a neighborhood street gang in Los Angeles in the mid-1980s by immigrants fleeing a civil war in El Salvador. The gang grew after some members were deported to El Salvador, helping turn that country into one of the most violent places in the world.  So America deporting criminal immigrants from El Salvador who had fled civil war in El Salvador back to El Salvador helped El Salvador becoming violent?",0,0,0,0,,,,,,,,,,
14545,13,Been busy. MAGAing the hell outta life. Stop hyperventilating. https://www.defenseone.com/ideas/2017/01/how-many-...,0,0,0,0,,,,,,,,,,
27417,1,AMAZING Donald Trump Biography Video Played at the RNC ,0,0,0,0,,,,,,,,,,
6993,11,usually but right now its sunny and cloudy.,0,0,0,0,,,,,,,,,,
5050,12,Just some #GenderEquality memes I found funny (Part-1),0,0,0,0,,,,,,,,,,
26515,6,Were you expecting striptease going on in the corner?,0,0,0,0,,,,,,,,,,
9197,0,Love revolution: the real force for Mideast change https://nypost.com/2018/02/18/love-revolution-the-real-force-for-mideast-change/,0,0,0,0,,,,,,,,,,
27359,11,"I'm doing my job, genius.",0,0,0,0,,,,,,,,,,
8409,12,Shock Video! — #TEXAS #DEM BETO O’ROURKE Tells Black Man: ‘We Need Illegal Labor for Cotton Gin!’ ,0,0,0,0,,,,,,,,,,
21173,13,Day 105.9. Laurel Everly’s EEO Agencies - Senior Executive Service. ,0,0,0,0,,,,,,,,,,
1532,12,"Spread it fr, spread it wide. THIS is the reality of islam: https://gellerreport.com/2018/09/muslims-knock-out.html/?utm_source=dlvr.it&utm_medium=twitter",0,0,0,0,,,,,,,,,,
3572,9,Live scanner feed of YouTube shooting  37 reported so far for triage  http://www.bbscanner.com/listen.php?id=152,0,0,0,0,,,,,,,,,,
23064,15,The Wizard of Quaid lol Support this guys movies for sure y'all. #Trump #Hollywood #Actors #Maga #GabFam Randy Quaid -- CNN Is Working Frantically To Find Their 'Source'! https://youtu.be/mIPgRyNygU0,0,0,0,0,,,,,,,,,,
22277,6,"By now, anyone who doesn't understand that the press is a business and as such, all mainstream press editors would pimp their own children if it meant an extra dollar, is either mentally retarded or a liberal. Actually, the 2 are synonymous.",1,1,0,0,0.0,0.0,0.0,0.0,0.0,0.0,1.0,1.0,1.0,0.0
4066,5,DFW Stormers would like to thank all of our 1488 followers...Hail Victory!,0,0,0,0,,,,,,,,,,
1958,1,"Here's today's 1st song, it's the late Laura Branigan with her friend ""Gloria""",0,0,0,0,,,,,,,,,,
21132,7,"Absolute,, had I thought of it, should have used remote temp sensor - like used for smoker.  Then alarm. Then app on phone,,, Help Me Help Me @!  ",0,0,0,0,,,,,,,,,,
10998,16,"Rotted meat puppet on a stick says: Think not that I am come to destroy the law, or the prophets: I am not come to destroy, but to fulfil. -Matthew 5:17 What is The Law?  Leviticus , abrahamic cults Book of Total War, genocide, slavery, sex slavery for women and children, Global Theocracy to sandcan djinn jehovah.  Yes, all this peace and love for #Europe!",0,0,0,0,,,,,,,,,,
15514,1,A Muslim has been shot with a starting pistol; met police say it's definitely race related....,0,0,0,0,,,,,,,,,,
9422,11,aaron cat jump car - YouTube https://www.youtube.com/watch?time_continue=1&v=EZgFh9xtljE,0,0,0,0,,,,,,,,,,
3220,11,Maybe your browser is just retarded.,0,0,0,1,,,,,,,,,,
21117,7,Leading Japanese Scientist calls global warming a hoax https://www.iceagenow.info/leading-japanese-scientist-calls-global-warming-a-hoax/,0,0,0,0,,,,,,,,,,
18434,1,They are a stunning breed and she is a beauty. ,0,0,0,0,,,,,,,,,,
4651,11,Thank You Jill ! we really appreciate your kind words. :-),0,0,0,0,,,,,,,,,,
19845,17,Every day it looks more and more like my anti-aging enchantment works~,0,0,0,0,,,,,,,,,,
13137,6,If I go down to London again it will be with a...,0,0,0,0,,,,,,,,,,
9825,11,"Furthermore from what I see just basedbased on your online personality, you are well on your way. ✊🏻😎👍🏻",0,0,0,0,,,,,,,,,,
19211,7,"Northeast Baltimore, a mostly residential area that was 90% white in the late 80s/early 90s but is a little more racially integrated now (closer to 50% black).  Nothing really dangerous around here. The shopping center I always talk about was in Southwest Baltimore about 3-4 miles E. of Catonsville.",0,0,0,0,,,,,,,,,,
4779,0,So the kikes and sand monkeys get a special buzzword just for themselves all while they are working together to subvert and destroy us. Obviously 'islamophobia' and anti-semitism are necessary. ,1,1,0,1,1.0,0.0,0.0,0.0,0.0,0.0,0.0,0.0,1.0,0.0
16003,12,Blog Post: Microsoft Buying Github - The Elephant In The Room  ,0,0,0,0,,,,,,,,,,
13032,4,Woman invites 20+ of her tinder matches to battle for her affections hunger games style in broad daylight https://nypost.com/2018/08/20/woman-dupes-dozens-o...,0,0,0,0,,,,,,,,,,
9810,12,"Pallets of money being shipped to Iran, secret deals to allow 2500 Iranians into the U.S.. secret deals to use the banking system to convert funds..",0,0,0,0,,,,,,,,,,
6301,9,"To be an 'American' or not to be an 'American', that is one question",0,0,0,0,,,,,,,,,,
25345,11,"IMO, if they are moralistic programmers they would probably have some rules for virtual realities with virtual sentient life forms.",0,0,0,0,,,,,,,,,,
18120,0,"“We're going to win so much. You're going to get tired of winning. You’re going to say, ‘Please Mr. President, I have a headache. Please, don't win so much.' And I'm going to say, ‘No, we have to Make America Great Again.’"" ----- 45th President Of The United States Of America Donald J. Trump",0,0,0,0,,,,,,,,,,
400,9,'The Almighty Resistance' in ALL ITS GLORY.FUCK. YOUR. RESISTANCE.,0,0,0,0,,,,,,,,,,
11702,9,Awww muffin why don' you get off your ass  and actually contribute something to society instead of bitching and moaning about what the 'govt' should be giving you. Oh and one more thing..... fuck off,0,0,0,1,,,,,,,,,,
7578,9,"Amazing that when there is a shooting progressives immediately call for 'sensible' gun control.  Problem isn't the guns, it is the breakdown of the value system that cultivated controlled behavior. In many places I'd be called an NRA whore because of this comment and vilified/threatened.",0,0,0,0,,,,,,,,,,
16811,10,"They will never care about the unemployment rate or tax cuts. Sorry, Republicans!  Now please focus on the people who vote for you.",0,0,0,0,,,,,,,,,,
20392,0,The challenge is not to be a quitter. To have focus. To be a man. Perhaps you should move to where you come from. Israel? Poland? Russia?,0,0,0,0,,,,,,,,,,
6496,11,She doth protest too hopefully.,0,0,0,0,,,,,,,,,,
837,17,Reminder that Slavoj Zizek is the most powerful man in the world.  Nobody talks about this!,0,0,0,0,,,,,,,,,,
19040,7,Ok thanks we'll take a look,0,0,0,0,,,,,,,,,,
16603,17,https://www.youtube.com/watch?v=FJmOSisXFdY The information on Mueller and Rosenstein should be all over the news. This has got to be heard and stopped!!!!,0,0,0,0,,,,,,,,,,
14434,14,Watched this exciting competition before bed then dreamed I was repping 1 arm pull ups. Took a couple hours this morning to realize it wasn't real. Time to hit the gym. https://youtu.be/rvwzddEOSDk,0,0,0,0,,,,,,,,,,
15975,12,I definitely have to side with @Empress on this one. I want to find someone that values themselves and won't cast pearls before swine. That is a mindset that is most attractive to me.,0,0,0,0,,,,,,,,,,
17594,12,"Unless you're literally an Anarchist, it's not a matter of IF the government regulates activities, but HOW.   The government was regulating healthcare long before the Unaffordable Care Act. ",0,0,0,0,,,,,,,,,,
4215,10,Tried a new stream format last night and it went pretty well! This might become a weekly thing. https://youtu.be/x47WArVK4DI?t=2m44s,0,0,0,0,,,,,,,,,,
12201,17,Welcome to Clown🤡 World🌏 episode 1520972346,0,0,0,0,,,,,,,,,,
25325,10,#Comicsgate  https://photoncomics.com/comicsgate/,0,0,0,0,,,,,,,,,,
10454,4,Welcome to #GabFam.   Here you can #SpeakFreely. @Soullight,0,0,0,0,,,,,,,,,,
18015,3,"No one gives a fuck about Pagans.  The issue is the alliance between race-traitor Christians, and our Enemies, the Jews.",1,1,0,0,1.0,1.0,0.0,0.0,0.0,1.0,0.0,0.0,0.0,1.0
22234,3,They're all idiots. It's like their handlers are in a competition to see who can make their subject say the most outrageous things - think Manchurian Candidate ,0,0,0,0,,,,,,,,,,
13204,5,"No payroll taxes, business LOVES illegals.",0,0,0,0,,,,,,,,,,
22887,5,Nice.,0,0,0,0,,,,,,,,,,
23485,8,The most feared book in America? Release October 15th. Written by M. Todd Henderson.,0,0,0,0,,,,,,,,,,
9869,13,6/08/2018 -- Deep Earthquakes + Volcanic activity -- Spreading activity across whole planet ,0,0,0,0,,,,,,,,,,
5855,11,Here is the facts who kill enegie east and they did same to BC http://sortonslespoubelles.com/?s=Pipeline ,0,0,0,0,,,,,,,,,,
19379,2,"This is exactly what i think. I think little #Little is a counter-agent, only planted to unmask conservatives to the tech people, and Democrats and agencies. Definitely.",0,0,0,0,,,,,,,,,,
24080,6,"When you're a grand kid that loves to climb, you become the queen of all you survey.",0,0,0,0,,,,,,,,,,
23868,12,Thanks Mr.Trump I don't like creepy uncle Joe.,0,0,0,0,,,,,,,,,,
5404,13,"True, since I sent Hogg my copy of Seej",0,0,0,0,,,,,,,,,,
24282,11,I say help them. They want to get to the next country. I say we are even more altruistic and help them to the next world! ,0,0,0,0,,,,,,,,,,
7138,13,"What a conversion story of Mark in Oregon, heard on Mike Church @TheKingDude Show @VeritasRadioNet #CrusadeChannel   and you weren't listening  #TuneIn #NowPlaying #CatholicGab #Radio http://streaming.radio.co/s4e4074c3a/low",0,0,0,0,,,,,,,,,,
3046,8,Brilliant! - The #Qanon song. Make this go viral! #GreatAwakening #FollowtheWhiteRabbit #WWG1WGA https://youtu.be/OAtIwwdBkjE,0,0,0,0,,,,,,,,,,
5480,5,"Use REAL #BACON BITS as a personal weapon. (they believe if it touches them, they go straight to hell) Keep some in the car for convenience ",0,0,0,1,,,,,,,,,,
1051,4,I heard that.,0,0,0,0,,,,,,,,,,
10530,12,Planned Parenthood should not GET ONE TAX DOLLAR!!,0,0,0,0,,,,,,,,,,
549,11,She needs to be fuct by a box of 12 gauge tbh.,0,0,0,1,,,,,,,,,,
25360,13,"bored out of my mind, so enjoy this Ice T meme",0,0,0,0,,,,,,,,,,
20893,10,"Penllyn‍ @mjrodksu‍ @Sidephase‍ @RaviCrux‍ @DeadMessenger @John77 @FrLemmen‍ @Sidephase  @sine_injuria Talk about being a LUZER  #ThomasMix follows Trump specifically to insult him, insults that PRESIDENT Trump will NEVER see. That is too pathetic for words! #VeroBeachCrybully!",0,0,0,0,,,,,,,,,,
6315,9,You can go to their page and mute them and have the account unfollow you.,0,0,0,0,,,,,,,,,,
25246,4,Pentagon and CIA benefiting from war on #Afghanistan. Military-Industrial-Complex too. Yanks paying for it with taxes. Trump clueless. #News #Geopolitics #Russia #Iran #Drugs #Taliban https://www.zerohedge.com/news/2018-08-27/why-us-i...,0,0,0,0,,,,,,,,,,
3712,17,"Save the bees. There are over 20,000 species in the world and 95% of them are solitary. #GabGardeners",0,0,0,0,,,,,,,,,,
19184,0,"http://www.dietfoodprograms.com/nutrisystem-success-diet/ - With the weight that is turbo13 system from Nutrisystem, you move right in to  the fast lane and",0,0,0,0,,,,,,,,,,
13204,2,"No payroll taxes, business LOVES illegals.",0,0,0,0,,,,,,,,,,
24096,2,I don’t need to buy at Waitrose no more. Can’t these people look down their pants to see what they’ve got? I’m done with this shit,0,0,0,1,,,,,,,,,,
22876,13,@MurdochMurdoch could you pass this on to Dr. Murdoch? I believe it will help with his.... 'scientific research',0,0,0,0,,,,,,,,,,
8551,17,"@gfunktfrc    You can have firearms in the UK. Most folk just don't know that. Sure it's much stricter but I have 2 gun shops within 4 miles from me.    I have 2 bolt action and 1 semi used for tactical comp. Provided you have a use, you can have a range of calibres to suit.",0,0,0,0,,,,,,,,,,
7581,11,NO COINCIDENCE: S.C. CRASH ANOTHER DEEP STATE FF ATTACK? ,0,0,0,0,,,,,,,,,,
1891,3,When I visit Downtown Chicago and take the Metra Train out I have apps on my cellphone to watch the WiFi names.  It's very cool!,0,0,0,0,,,,,,,,,,
10052,2,"I share a lot of your values, & like many who do, I don't call myself alt right; I'm a nationalist, & not civic. I'd always thought 'alt right' is an umbrella term tho, where many are really alt lite, which itself is largely classical liberal or civic nationalist. There are a lot of 'infiltrators' trying to sow discord, w/ some success. I don't like infighting.",0,0,0,0,,,,,,,,,,
12877,16,Der Engländer sagt zwar „correlation is not causation“ aber mein Alkohol und Drogenkonsum steigt equivalent zu besagten Tendenzen!,0,0,0,0,,,,,,,,,,
24390,2,"EWWWW...can you just imagine that? 90*, humidity in the 80% range, sweat dripping off your body, she's on the rag and wants to sit on yer face",0,0,0,0,,,,,,,,,,
16340,6,"I would've loved to see the further adventures of Otto and Miller in the never-filmed Repo Man sequel -- ""Repo Man Returns"" ;-)",0,0,0,0,,,,,,,,,,
6924,11,"#Iran 's #Rouhani rampanting up tensions with the #USA. Call the #PresidentTrump #WhiteHouse the, ""most spiteful Administration in 40 years."" And that he seeks, ""Regime Change,"" in #Iran. Share to stand with #PresidentTrump!! #Trump2020!! #MAGA!! #KAG!!",0,0,0,0,,,,,,,,,,
2789,9,Will Twitter Suspend Parkland student and gun-control activist David Hogg for posting names and private emails of Arby’s executives in response to the company’s affiliation with Laura Ingram?  http://www.infowars.com/will-twitter-suspend-david...,0,0,0,0,,,,,,,,,,
11130,17,PayPal Grovels To Patent Office In Desperate Bid To Keep Up With Cryptocurrency https://d.tube/v/dollarvigilante/bcng20x3,0,0,0,0,,,,,,,,,,
6337,13,"So: this new #GabTV is looking pretty good. Glad to see it getting worked on and improved. I might just have to consider Gab as a streaming platform for my @RechtsPraat‍ podcast. Thanks @a, @u and the rest of the team working on GabTV.",0,0,0,0,,,,,,,,,,
5498,9,How can common sense gun laws not make any sense? https://www.firearmspolicy.org/when_gun_laws_victi...,0,0,0,0,,,,,,,,,,
26550,3,life is a loop,0,0,0,0,,,,,,,,,,
10514,11,It was novichok so it's Russia.,0,0,0,0,,,,,,,,,,
4345,3,Don lemon is getting all sweaty and excited about the possibility.,0,0,0,0,,,,,,,,,,
1360,12,Is this what taking acid in the 60s looked like?,0,0,0,0,,,,,,,,,,
11102,11,The #TrumpKimSummit Summed Up Perfectly ,0,0,0,0,,,,,,,,,,
5199,3,Technology is magic double-distilled and it actually works,0,0,0,0,,,,,,,,,,
24835,10,Whew close one good thing these posts are gone now.....,0,0,0,0,,,,,,,,,,
5068,4,MAGA! Glad you are here.     @Smokinhart488,0,0,0,0,,,,,,,,,,
9713,13,"Boy, there is no way to make this headline NOT sound creepy... ",0,0,0,0,,,,,,,,,,
27035,2,J A I L - O,0,0,0,0,,,,,,,,,,
24890,1,Isaiah 31:1 ,0,0,0,0,,,,,,,,,,
3838,3,@microchip Q is gay.  - the anti Q,0,0,0,0,,,,,,,,,,
16318,5,"What's funny is that by banning plastic straws, Starbucks will use MORE plastic.  https://reason.com/blog/2018/07/12/starbucks-straw-ban-will-see-the-company",0,0,0,0,,,,,,,,,,
8148,11,You may be waiting some time...,0,0,0,0,,,,,,,,,,
8188,11,That's an amazing cat...and it can play stairway to heaven!!!,0,0,0,0,,,,,,,,,,
17788,2,Birmingham has received 10s of thousands of French sunni salafists because they also banned the burka. It really does work.  http://www.westmonster.com/french-salafists-moving-to-birmingham/,0,0,0,0,,,,,,,,,,
2094,12,Is your heater not launching and also possibly making an amusing seem like it is aiming to start - http://tobinair.com/draft-inducer-motor-furnace/ #draft_induced_motor,0,0,0,0,,,,,,,,,,
22800,8,I find it unbelievable that McSally won over Kelli Ward. what the hell is wrong with AZ. they want another John McCain?,0,0,0,0,,,,,,,,,,
6872,11,So what do You think of Joseph Smith?,0,0,0,0,,,,,,,,,,
6106,8,#FlourideStare,0,0,0,0,,,,,,,,,,
7759,12,We are pleased to have you here Old Man and I say that with utmost respect.,0,0,0,0,,,,,,,,,,
398,12,Who the hell are you?,0,0,0,0,,,,,,,,,,
7703,11,Where to purchase diva compartment? ,0,0,0,0,,,,,,,,,,
17274,12,@REALDONALDTRUMP @POTUS #QAnon #ReleaseTheIGReport,0,0,0,0,,,,,,,,,,
14895,7,2007 Nuke plant in Syria ,0,0,0,0,,,,,,,,,,
25347,11,"Claire, is your post anti the free speech gathering, or are you just showing us what the opposition says? ",0,0,0,0,,,,,,,,,,
17811,6,"They will meet there maker, that will be a short conversation.",0,0,0,0,,,,,,,,,,
23907,12,"Nothing they could have possibly accomplished by having ""normie friendly optics"" could have been as constructuve as the unity they destroyed by insisting on said optics. ",0,0,0,0,,,,,,,,,,
26443,12,Here's the tool I'm using  ,0,0,0,0,,,,,,,,,,
3692,6,"Too much stupidity coming from you. The glare is blinding me. Look for ways to think, not for excuses to avoid thinking.",0,0,0,0,,,,,,,,,,
8922,8,The more l see of this abomination the more l am getting radicalised against it all. Big Time. Feel the anger comIng up. THIS IS SO BLOODY EVIL AND WRONG.,0,0,0,0,,,,,,,,,,
9297,2,Yeah it always seems to rain right after you cut grass,0,0,0,0,,,,,,,,,,
8381,0,"Right on, very cool pic.",0,0,0,0,,,,,,,,,,
14652,6,"http://hjent44.cafe24.com: It is the most famous karaoke site in Ho Chi Minh, Vietnam.",0,0,0,0,,,,,,,,,,
8630,6,イース8,0,0,0,0,,,,,,,,,,
11053,3,"I have a suggestion: music bands, companies,retailers etc. Let's get all outta Youtube. ",0,0,0,0,,,,,,,,,,
21381,12,I'm originally from Pittsburgh. I recently spent a month down there with family. The neighborhood I grew up in was unrecognizable.,0,0,0,0,,,,,,,,,,
15089,11,NEW Q post coming fast people!,0,0,0,0,,,,,,,,,,
7139,9,#Reconquest Episode 107: Battle Fatigue and Fighting the Lost Cause https://reconquest.net/2017/12/16/episode-107-batt... … … via @Brother_Andre only @veritasradionet  #CrusadeChannel #CatholicGab #radio,0,0,0,0,,,,,,,,,,
7459,8,"My guess is this money will fund a charity to reduce his overall tax burden. Hey, I'd do it if *I* had that kind of money, too. https://www.geekwire.com/2018/satya-nadella-offloa...",0,0,0,0,,,,,,,,,,
413,5,"What happens when it gets to Canada eh? Who owns the Australian Mining Co? Answers: Treason, China.",0,0,0,0,,,,,,,,,,
17484,8,"Huh...#Pseudocon. I kinda like it. Sounds like it could either be a not-quite-Conservative, or some variant of a Decepticon. https://townhall.com/columnists/kurtschlichter/201...",0,0,0,0,,,,,,,,,,
7588,11,"My Youtube channel was shoa'd, too. ",0,0,0,0,,,,,,,,,,
5776,8,Meet Holt The Dolt attacked Infowars,0,0,0,0,,,,,,,,,,
19575,12,"I know I should not be surprised but Facebook is really getting creepy. Not the people, the application.",0,0,0,0,,,,,,,,,,
21461,11,"I have-a da eegee button ona my dek.  North Korea's Kim says 'open to dialogue' with South Korea, will only use nukes if threatened  https://kek.gg/u/s2Mr",0,0,0,0,,,,,,,,,,
12081,6,@ are you ever planning on making gab functional on an iPad?,0,0,0,0,,,,,,,,,,
8509,16,Because we haven't shot them all?,0,0,0,0,,,,,,,,,,
15086,7,#MessianicJudaism,0,0,0,0,,,,,,,,,,
11496,11,"For instance, there's a whole field of scholarship within political science devoted to understanding how institutions and bureaucracy generate culture in order to function.  This culture mediates the edicts handed down from above.  There's a famous quote of a Spanish governor who told the king 'I obey, but I do not comply.'",0,0,0,0,,,,,,,,,,
16553,12,Our faith has been hijacked!,0,0,0,0,,,,,,,,,,
82,1,What Soros and his ilk want to do to Russia's traditional values.  Sadly they successfully executed this plan here in America.,0,0,0,0,,,,,,,,,,
10790,11,"I have always felt the ""Dark to Light"" comment deals with Dec 21 Executive Order being the darkest day of the year. The lightest day of the year is only 6 days away; June 21. FWIW",0,0,0,0,,,,,,,,,,
1350,11,The UK establishment closed ranks over the Janner affair. ,0,0,0,0,,,,,,,,,,
10923,6,Streaming with David Seel talking about Natural Rights.  Twitch- https://www.twitch.tv/timothy_reds11288_rathell  YouTube- https://www.youtube.com/channel/UCKatLrardPn4_jnrTMXAlxg  Mixer- https://mixer.com/Reds11288,0,0,0,0,,,,,,,,,,
1692,11,"""..the cast of fraggle rock"" ...hahaha",0,0,0,0,,,,,,,,,,
11053,6,"I have a suggestion: music bands, companies,retailers etc. Let's get all outta Youtube. ",0,0,0,0,,,,,,,,,,
14265,7,We live in cyclical existence samsara. 360° in a circle 365 days in a year. It's as plain as day which is 1 rotation of the planet. ,0,0,0,0,,,,,,,,,,
27226,7,Socialist sh*tholes will be Socialist sh*tholes.  http://www.thegatewaypundit.com/2018/01/horror-starving-people-socialist-shthole-venezuela-attack-kill-cow-field-eat-video/,1,1,0,0,0.0,0.0,0.0,0.0,1.0,0.0,1.0,0.0,0.0,1.0
11289,0,"Again, I take it you have no answer. Ahh well, it was worth a try. ",0,0,0,0,,,,,,,,,,
10379,11,Submarine capital of the world  Connecticut,0,0,0,0,,,,,,,,,,
8044,11,Props2👩‍🌾 👨‍🌾but w/o taxpyr💸=loss. >2x energy in4energy out. Near-sustainable w/soybean oil biodiesel (B20)⛽️tho. Acid test is E15 pwrd 🚜2breakeven w/o subsidy: i.e. eating their own cooking. Transitory4*fair* trade w/o #tariff IMO https://www.zerohedge.com/news/2018-10-21/trumps-ethanol-boondoggle-exposed,0,0,0,0,,,,,,,,,,
25206,9,A tip for the adulterous assholes out there.Don't leave your illicit emails open on the family computer.That's all.   #passiveaggressive,0,0,0,0,,,,,,,,,,
14380,11,I heard it's raining red pills on gab,0,0,0,0,,,,,,,,,,
11846,0,Seems to me the muslims will be slaughtering you street shitters right afterward too! LOL BYE BYE DOT HEAD,1,1,0,1,1.0,0.0,0.0,0.0,0.0,0.0,0.0,0.0,0.0,1.0
20492,11,"Hello people, been a while ",0,0,0,1,,,,,,,,,,
14883,7,"So ""they"" are already switching to bombs, but I thought bombs were illegal.",0,0,0,0,,,,,,,,,,
21102,5,This is a keeper. - https://youtu.be/wB5A8gd13Q4,0,0,0,0,,,,,,,,,,
12912,7,Keep up the good work - http://www.marketingxtreme.net/traffic-n-bitcoin-review/ #marketing #Advertising #news #Traffic_N_Bitcoin_reviews,0,0,0,0,,,,,,,,,,
3238,9,Registrar search update. Response from Gandi.net. Are they converging? Weasel words.,0,0,0,0,,,,,,,,,,
3859,13,"EU, UK, Russia, & China Join Together To Dodge US Sanctions On Iran",0,0,0,0,,,,,,,,,,
8390,12,I did. It was awesome! :),0,0,0,0,,,,,,,,,,
8381,1,"Right on, very cool pic.",0,0,0,0,,,,,,,,,,
11322,7,"Voters Sick of Antifa Chaos, ""Resistance"": In Blue State Oregon, Dem Governor Kate Brown Could Well Lose to Republican Contender | BCN ",0,0,0,0,,,,,,,,,,
18697,7,UNCLE JOE AT IT AGAIN... ,0,0,0,0,,,,,,,,,,
17602,7,What's wrong with this picture???,0,0,0,0,,,,,,,,,,
3489,13,Not a huge @NewtGingrich Fan but he's spot on here.,0,0,0,0,,,,,,,,,,
21086,12,"Alterna Comics, Antarctic Press, and other independents. ",0,0,0,0,,,,,,,,,,
2558,11,"In other words, he was just a faggot because it’s fashionable and now he’s off to do something else for attention",0,0,0,1,,,,,,,,,,
13428,9,"Trump around 👑   Trump around 👑   Trump up, Trump up   And thump down 🦅",0,0,0,0,,,,,,,,,,
5145,11,EVERY WORD MEANS LESS THAN THE LAST.  THEY HAVE BROKEN ALL TRUST WITH THE PEOPLE AND AS SUCH DESERVE WHATEVER THEY GOT COMING.  SOON,0,0,0,0,,,,,,,,,,
3006,7,You Will Be Completely Controlled ,0,0,0,0,,,,,,,,,,
16161,12,who is this guy ? ,0,0,0,0,,,,,,,,,,
12967,6,But the libs keep pushing the narrstive that illegals pay taxes? What taxes with fake stolen docs? They get more in services that they would even pay 😡,0,0,0,0,,,,,,,,,,
27607,11,Hmmm I know many Christians that would disagree.,0,0,0,0,,,,,,,,,,
13020,7,Vote for Salvini and The Northern League. Make Italy Great Again.,0,0,0,0,,,,,,,,,,
1924,4,"no wait, it IS an L",0,0,0,0,,,,,,,,,,
14100,7,i still dont know WHO he is.,0,0,0,0,,,,,,,,,,
7299,6,"In most states, people convicted of a felony cannot vote, in some states, a pending felony charge disqualifies them. No photo ID, no problem, they vote Democrat.",0,0,0,0,,,,,,,,,,
24859,0,Extraordinary claims require extraordinary evidence. ,0,0,0,0,,,,,,,,,,
10086,5,"It's a pity and tragedy that Matt Heimbach f*cked up the way he did. Totally uncalled for. The man was very articulate, at ease with the media, and not afraid to take it to streets. People with that combination, at least in the pro-White ranks, don't come around every day.",0,0,0,0,,,,,,,,,,
12495,9,Exceptional American authors leads 30 figures in the publishing world to call to revoke American authors from being able to apply for this award. It's not a #meritocracy. #amwriting #writerslife #discrimination https://www.theguardian.com/books/2018/feb/02/publ...,0,0,0,0,,,,,,,,,,
2270,4,I wish it was December already.  I'm ready for Smash Ultimate.,0,0,0,0,,,,,,,,,,
2104,13,Is this for real or a joke?,0,0,0,0,,,,,,,,,,
20152,12,"Blazing Saddles, Enter The Dragon, not too many:-)",0,0,0,0,,,,,,,,,,
27018,7,#TorahLifeMinistries #PaulNison #MessianicJudaism #Christianity ,0,0,0,0,,,,,,,,,,
8258,17,@CanaBear‍ @amethystbear9‍ @BEARatron‍ @Katrina505‍ @owenbenjamin‍ we need to be careful guys,0,0,0,0,,,,,,,,,,
1875,2,"Whenever a person of Color or other, is shot / killed by Police,  we must ALWAYS take the person's criminal record into considering and not allow ourselves to be manipulated by #MSM and the out of control protesters who have a malicious agenda.  ",0,0,0,0,,,,,,,,,,
20912,13,Happy place,0,0,0,0,,,,,,,,,,
21651,17,Oh Lord in your mercy can we please have #Hillary and #Biden both running for the #Democrat nomination in 2020.  I’m going to Mass now.  #MAGA #politics #2020,0,0,0,0,,,,,,,,,,
19408,10,"The LORD came, and stood, and called as at other times, 'Samuel. Samuel.' Then Samuel said, 'Speak; for your servant hears.' 1 Sam 3:10 NHEB #Prayer",0,0,0,0,,,,,,,,,,
6938,10,"@NeonRevolt  hey, Neon - just in case no one has let you know,when i get your notifications of a new post on yoursite, it doesn't work, right away...the site seems tobe 'unavailable' --- don't know what that actuallymeans, but i figured you would want to know. tx for your time - can't wait to read your latest!!  ;) btw - apologies if you're already aware... https://www.neonrevolt.com/...",0,0,0,0,,,,,,,,,,
5098,5,"AMERICA wants a free trade deal with Global Britain, a “focussed” Theresa May has declared as she showcased her “bold and optimistic” Brexit vision in New York. But Mrs May’s government also warned of problems if Jeremy Corbyn becomes PM",0,0,0,0,,,,,,,,,,
23798,11,Fucking A.  Just learned some shit here a GAB.  RISE !!!,0,0,0,1,,,,,,,,,,
7366,13,"Where are you on the political spectrum, Patrick?  Are you left, right, middle, liberal, conservative....?",0,0,0,0,,,,,,,,,,
24294,4,Another #Steampunk,0,0,0,0,,,,,,,,,,
15690,10,"Keep playing, Grim.",0,0,0,0,,,,,,,,,,
1237,17,YouTube Terminates Feeding The Homeless #FixYouTubeAppeals https://youtu.be/6dwfomBecKQ,0,0,0,0,,,,,,,,,,
1365,0,https://en.wikipedia.org/wiki/North_American_television_frequencies  ,0,0,0,0,,,,,,,,,,
25860,6,"https://www.thegatewaypundit.com/2018/10/jaw-dropping-thousands-line-up-in-cold-for-president-trump-rally-in-missoula-montana-photos-and-video/ ‘JAW-DROPPING’: THOUSANDS LINE UP IN COLD for President Trump Rally in Missoula, Montana – Photos and Video 👍",0,0,0,0,,,,,,,,,,
2678,6,"You've got a knack for putting things real earthy, so ANYONE can understand it!",0,0,0,0,,,,,,,,,,
22844,17,#DinduNuffin    It's the quiet ones you have to look out for   http://madworldnews.com/pennsylvania-thug-lone-whi...,0,0,0,0,,,,,,,,,,
20621,11,https://www.youtube.com/watch?v=ndnz_la8fMU - Follow These Steps to Greater Fitness #insanity_asylum_day_1 #fitness_review #insanity_asylum_review #insanity_the_asylum,0,0,0,0,,,,,,,,,,
13374,6,"Jealous, bigotry and stupidity is their state of mind. Leave them alone, they be lost. ",0,0,0,0,,,,,,,,,,
18610,9,"For my friends who carry (and those who don't) please build one of these for your house and car. Adult/Child CPR kit not shown as I keep it in the glove box, not behind the seat. This one was about $50. House one about $80. You could save a life, maybe your own.#gunsofGab #gun #gun#SaveALife",0,0,0,0,,,,,,,,,,
5852,8,#Apple #SteveJobs https://www.macrumors.com/2018/08/24/this-day-in-2...,0,0,0,0,,,,,,,,,,
14692,8,Foreign Aid https://youtu.be/-pINMHYLWDc  #GabFam #Gab #BritFam #UK,0,0,0,0,,,,,,,,,,
2435,3,"The proliferation of unemployable leftists, outrageous tuition costs and the student loan debt crisis are all direct consequences of federal student loan programs, which should be ended ASAP.  ",0,0,0,0,,,,,,,,,,
4968,9,My husband @mike03 and I are seriously considering moving over here to gab from twitter.  Luckily we both got our gab accounts shortly after they launched. It's good to be back.  I hope it will be a long stay.,0,0,0,0,,,,,,,,,,
21694,7,Where do you find them all?,0,0,0,0,,,,,,,,,,
1725,3,BBC TV Licensing™ contractor Crapita’s BBC approved door to door bullying: soft fascism and the BBC’s expectation of unthinking compliance at its worst.,0,0,0,0,,,,,,,,,,
15807,7,"April Showers Bring May Flowers, Is It Happening? - Episode 1570b https://youtu.be/eVfM_hpFL2c #USA #UK #EU #SouthAfrica #France #Italy #Germany #Australia #Russia #India #Brazil #Newzealand #China #GreatAwakening #WeThePeople #MAGA #QAnon #Anon #Q #BOOM #PatriotsFight #MakeItRain #WWG1WGA #NowComesThePain #DeepState #Illuminati",0,0,0,0,,,,,,,,,,
8394,12,"Former FBI director James Comey in Miami May 2, at Arsht Center - https://southfloridanews11.com/former-fbi-director-james-comey-in-miami-may-2-at-arsht-center/",0,0,0,0,,,,,,,,,,
26736,11,"No,just hanging out talking to mainly friends and family. Worst thing she ever posted was calling someone an idiot for what they posted. So now when she gets the spam ban I her post a can of spam pic.",0,0,0,0,,,,,,,,,,
24981,13,All the talk about Russia 'meddling' in the election is laughable when we consider how our own media tries so desperately to manipulate the opinions of America voters.,0,0,0,0,,,,,,,,,,
9598,2,Now there is a disadvange to marrying a divorced man paying child support to another women. Because in some States. The women's income is included. To increase the child support to the exe-wife. Hence a negative.,0,0,0,0,,,,,,,,,,
18424,12,Lipps Inc - Funky Town   https://youtu.be/RcVuyiMUt9k,0,0,0,0,,,,,,,,,,
16051,8,Vox Day explains the thinking behind their new Alt-Hero comic series 'Who is Q?' GREAT #RedPill handout to the right audiences. https://www.bitchute.com/video/K7rD3OxzWNHj/  Written by the same guy who invented the Batman villain Bane. And there's movie interest already!,0,0,0,0,,,,,,,,,,
23154,5,Tonight's Texas Tech-TCU game could be one step toward some BIG 12 CHAOS  https://kek.gg/u/3Nn6,0,0,0,0,,,,,,,,,,
4736,10,"Notice the hyperbolic language surrounding the #Jacksonville shooting incident. Of all the gaming events that occur nationwide every year, how many of these have had a shooting incident in the last 10 years? A couple?",0,0,0,0,,,,,,,,,,
16713,13,Send me a picture first.,0,0,0,0,,,,,,,,,,
13247,8,"This guy is running a Twitter poll on #Brexit. Come on all, tick the 'leave' box so he gets the same result he did on Facebook! #BritFam https://twitter.com/jackwdart/status/1026098263588...",0,0,0,0,,,,,,,,,,
2483,11,Kanye West to Visit Donald Trump at the White House  https://www.breitbart.com/big-government/2018/10/09/report-kanye-west-to-visit-donald-trump-at-the-white-house/,0,0,0,0,,,,,,,,,,
12936,12,"Despite constantly getting kicked off domains, the dailystormer continues to increase in traffic. This is indicative of how much momentum this movement possesses",0,0,0,0,,,,,,,,,,
15620,10,"Sandwich Tern, off Hodbarrow, Cumbria https://flic.kr/p/28BD6bu #Photography #MyPhoto",0,0,0,0,,,,,,,,,,
21521,15,Great work Jason Kessler with UTR2. @TheMadDimension,0,0,0,0,,,,,,,,,,
25401,11,"ASK YOURSELF A SERIOUS QUESTION... BITCHCOIN WAS TRADING AT $11 IN 2011... AND HIT A PEAK OF $19,000 LAST MONTH... SO $1,716 RETURN ON EACH BITCHCOIN... ARE YOU TELLING ME... THAT WALL STREET MISSED OUT ON THIS MOST PROFITABLE FINANCIAL OPPORTUNITY... THERE'S YOUR ANSWER...",0,0,0,1,,,,,,,,,,
13997,7,"Liberty Hangout... give this gal a ""subscribe""... ",0,0,0,0,,,,,,,,,,
3510,10,R.I.P Gemma Roberts #1400,0,0,0,0,,,,,,,,,,
3656,12,"take a long running start buddy, that's the only way your getting her through that door!",0,0,0,0,,,,,,,,,,
7978,13,http://boards.4chan.org/pol/thread/177323080    here is the best Trudeau thread I've ever seen.    @gae,0,0,0,0,,,,,,,,,,
26641,6,"Thanks for the follow back my brother in Christ and this ultimate fight against good vs. evil.  They're going down either by us if it's God's will or by Jesus return, whatever works! God bless you.",0,0,0,0,,,,,,,,,,
67,3,It goes all the way back to the land of Sumer. The true history they try to cover-up or just ignore. A lot of half truths through history texts blur our ancestrial past.,0,0,0,0,,,,,,,,,,
7867,13,Merry Christmas to @Wifewithapurpose and all the amazing #trad women of the world,0,0,0,0,,,,,,,,,,
1103,12,There are two sets of brothers and 5 Mohammeds in that list. ,0,0,0,0,,,,,,,,,,
7950,13,@support    I notice the Profile and Live Topics links are backwards in the app. Try tapping on each and see what happens :),0,0,0,0,,,,,,,,,,
19249,13,"That's soo funny, I never had anything like that happen in any of my classes!",0,0,0,0,,,,,,,,,,
2153,12,What Rizoli is on there too now? Or just a guest?,0,0,0,0,,,,,,,,,,
23427,3,I hope she has time ti campaign for more democrats ;-) //Hillary Clinton Viewed as 'Kiss of Death' for Democratic Candidates | Breitbart https://www.breitbart.com/politics/2018/10/13/hillary-clinton-viewed-as-kiss-of-death-for-democratic-candidates/,0,0,0,0,,,,,,,,,,
6525,0,The bottom photo really makes me want to vacation in Paris.,0,0,0,0,,,,,,,,,,
23445,9,"So basically, the 'MUH RUSSIA' conspiracy theory was a fake all along, which at the same time is not a surprise. http://www.washingtonexaminer.com/house-intel-memo...",0,0,0,0,,,,,,,,,,
15617,4,"I don't get to have many real adventures, so I hope my interpretation of 'Adventure Photography' as 'Photos taken while outdoors' is OK. Please tell me if I post too much or the wrong things.",0,0,0,0,,,,,,,,,,
5213,13,How many of the people currently losing their shit over the President firing his AIDS advisory council were equally bothered by California decriminalizing knowingly spreading the disease?,0,0,0,0,,,,,,,,,,
11081,3,"Yep tons of it, still do. The MSM will rarely tell the truth. Also common sense, fiberglass and aluminum planes don't break steel and concrete, jet fuel don't melt steel  either and buildings don't drop at free fall co's something hits them and  catches fire, if that were true demo guys would just light a fire and watch it drop.",0,0,0,0,,,,,,,,,,
5910,9,Anon in WH says Q is a legit insider: https://boards.4chan.org/pol/thread/151285365#p151...  Says storm is slowly rolling in. Says Flynn ratted but not on Trump. Guesses 4-6 weeks until hammer drops on Uranium One. #qanon,0,0,0,0,,,,,,,,,,
9022,2,"@crowtherv In your attachment to Judaism, you are double-minded.",0,0,0,0,,,,,,,,,,
832,17,Tfw no Stalinist gf to talk about kulaks with.,0,0,0,0,,,,,,,,,,
20567,11,"Cool, so you're in USA That bow over here is about £800 that c. $1000 UK always seems to get ripped off on stuff Enjoy",0,0,0,0,,,,,,,,,,
8204,9,"Something I don't get.Person: 'We should open borders!' Me: 'Okay, so borders should not exist anywhere?' P: 'Yes, absolutely!'M: 'Great. that means I can move to Africa with full rights and buy land?'P: 'Hold on now, you can't just go into another country and take their land!'M: ???",0,0,0,0,,,,,,,,,,
22137,9,"Goodbye, Freddy. http://money.cnn.com/2018/03/01/news/companies/kro...  #Boycott #NRA #2A",0,0,0,0,,,,,,,,,,
292,13,"Ahead of PA's Tuesday GOP Primary: Exclusive — @BarlettaForSen @RepLouBarletta : ‘@SenBobCasey Has Rejected, Resisted, and Obstructed Our President at Every Step’",0,0,0,0,,,,,,,,,,
18626,0,"If you want to counter them, I'd suggest to point out the fact that they're not lolbertarians and their belief that the state is a necessary evil to ensure that we can have >muh rights and then argue that the resettlement of these people is a necessary evil too. They still can't wrap their heads around this concept, but we have to keep pushing them on that.",0,0,0,0,,,,,,,,,,
14465,17,Dear friends brought this over to celebrate that’s it’s been one year since we have a new (and vastly improved) President!,0,0,0,0,,,,,,,,,,
14858,0,"What if he is, and what if he isn't?",0,0,0,0,,,,,,,,,,
1724,13,"MAYBE, possibly, there MIGHT be an OUTSIDE CHANCE that someone COULD?  Get criminal charges?  In WaSHITington, DC?  I seriously DOUBT IT! ",0,0,0,0,,,,,,,,,,
21734,17,Gianluca - Tomorrow - Malta - 2013 https://youtu.be/VK4TvZeL6c0  #Eurovision,0,0,0,0,,,,,,,,,,
12393,2,It's as sacred as the Holy Grail thanks!! Might mean nothing to you but here in the Great White North it gives us hope that winter is finally coming to an end!!!  ,0,0,0,0,,,,,,,,,,
24298,4,You are going down......,0,0,0,0,,,,,,,,,,
2726,0,You can be sure UK won't be shipping halal beef to China. ,0,0,0,0,,,,,,,,,,
17899,11,UBERMENSCHEIT: HEALTH PROTOCOLS ,0,0,0,0,,,,,,,,,,
17720,2,"8:10. ""I AM"" made it but a message of hope, and an assurance to your hearts: (in any case) there is no help except from ""I AM"": and ""I AM"" is Exalted in Power, Wise.",0,0,0,0,,,,,,,,,,
26676,7,You sound no different than the bitch who did this post. God bless America. You can get away with that.,0,0,0,1,,,,,,,,,,
15386,3,RT @KimStrassel:  ,0,0,0,0,,,,,,,,,,
21370,0,Are you ready for your next job interview with a robot?,0,0,0,0,,,,,,,,,,
24933,2,RT @davidharsanyi:  ,0,0,0,0,,,,,,,,,,
11070,13,look at this Leaf supremacist asshole over here...,0,0,0,0,,,,,,,,,,
20278,15,Great interview w. Trump. https://youtu.be/UmPcmh8hnY4,0,0,0,0,,,,,,,,,,
6704,11,#Connect-Singles.com  reviewed - Reasons Why Connect-Singles.com Is A Scammy Fraud Watch This Review!! https://www.bitchute.com/video/mnHlXRSQ42mS/ #BitChute,0,0,0,0,,,,,,,,,,
6943,8,"from @TomWoods'  e-newsletter, today:  yay, #GabFam!! 🐸💚",0,0,0,0,,,,,,,,,,
10084,7,Yup...that's one of the COMMON gab subjects,0,0,0,0,,,,,,,,,,
23040,9,tony hawk's naked prison skater 2,0,0,0,0,,,,,,,,,,
16478,13,Facebook's pivot away from news. A cynic might think that it is a way of sucking the air from possibility of a Trump second term.    More direct methods are too dangerous to Facebook.,0,0,0,0,,,,,,,,,,
5117,12,And 12% do not have a brain !,0,0,0,0,,,,,,,,,,
22270,12,@RonPaul: 'President' Pompeo? Neocons Nix Trump/Rouhani Meeting https://youtu.be/O26mhF1ulbE,0,0,0,0,,,,,,,,,,
27572,11,uguyz I haven't spun out from vertigo for about 9 hours straight. if this doctor cured me in one treatment I'm gonna go to her office and jump out of a cake and kiss her.,0,0,0,0,,,,,,,,,,
16774,2,That fucking pisses me off,0,0,0,1,,,,,,,,,,
17170,6,We had a jew family... for a while.,0,0,0,0,,,,,,,,,,
18443,7,"Can't agree with this one, we already have plenty of land that's been cleared and uncleared land tends to be poor soil anyway. The environmental protection laws in NSW are practically non existent. land clearing is more likely to lead to salinity problems and erosion. it's usually the worst farmers that complain the most.",0,0,0,0,,,,,,,,,,
131,11,If you listen to #SonniesCorner or #DidSheSayThat my opinions don't surprise you. I've been repeating these thoughts before it was cool,0,0,0,0,,,,,,,,,,
3514,10,Perfect! 👏🏾👏🏾,0,0,0,0,,,,,,,,,,
11598,11,Lol. That's actually not a bad strategy. We'll force the normies and cucks to wake up. ,0,0,0,1,,,,,,,,,,
6465,7,Trump slashing the number of rapefugees allowed to come into the US  https://www.infowars.com/us-to-slash-refugee-admission-by-33/,0,0,0,0,,,,,,,,,,
3879,11,Like the way you think.,0,0,0,0,,,,,,,,,,
664,17,The Gab Gaming Group is still up on Steam! Feel free to join us!  https://steamcommunity.com/groups/gabgaming,0,0,0,0,,,,,,,,,,
10349,13,I like the Visual Studio Code icon as orange...    fight me.,0,0,0,0,,,,,,,,,,
13418,17,The Mother of all online SJW's   https://www.wired.com/2002/12/aussie-can-sue-over-...,0,0,0,0,,,,,,,,,,
8744,17,"GG Britain, With Pettibone and Southern, you've lost truth, with Dankula, you've lost your mind, with T.May you've lost your freedom.",0,0,0,0,,,,,,,,,,
9657,12,This makes me very happy. Its a twofer: cut down on illegals and save money in our budget!,0,0,0,0,,,,,,,,,,
9868,13,Psst ,0,0,0,0,,,,,,,,,,
7140,13,Acai Ivory Bicone Rosary https://www.mikechurch.com/shop/product/acai-ivory... … #CatholicGab,0,0,0,0,,,,,,,,,,
4573,3,"...if she said yes, would you have done it anyway? ",0,0,0,0,,,,,,,,,,
2072,5,Call? I don't use twitter so I just laughed. I did reply to the sending email account that they weren't fooling anyone,0,0,0,0,,,,,,,,,,
24893,13,"Cell phones are making people Stupid. Just sayin'. no, I do Not own one.",0,0,0,0,,,,,,,,,,
1570,1,AURORA - It Happened Quiet https://youtu.be/JJWAprvGrVE,0,0,0,0,,,,,,,,,,
25215,8,"Get this: Asia Argento DIDN’T rape a 16 year old boy and blames Anthony Bourdain for paying the kid $380,000 to keep his mouth shut over something that didn’t happen... Some people ask how far will someone go when pushed into a corner. Here’s your answer.",0,0,0,0,,,,,,,,,,
6106,4,#FlourideStare,0,0,0,0,,,,,,,,,,
570,5,"HAHAHAHA, wtf??! Literally everything is an evil Jewish plot. This is what happens when you step out of your safe space.....you say shit that makes you look like an idiot.",0,0,0,1,,,,,,,,,,
2864,9,"Brendan O'Neill hits the jackpot as always. Harassing people in the street or in their homes is, and should be, a crime. But treating that crime differently because of the victims' religion is even worse. http://www.spiked-online.com/newsite/article/is-it...",0,0,0,0,,,,,,,,,,
3790,7,What kind of twisted sicko person is this?!  Daffuh!!!!!!,0,0,0,1,,,,,,,,,,
23723,12,Have you tried telling all this to AQ? You should. See what they say.,0,0,0,0,,,,,,,,,,
14805,5,Maverick,0,0,0,1,,,,,,,,,,
8936,13,How bad does the FBI have to get before we clean it out?,0,0,0,0,,,,,,,,,,
20723,1,"An explanation of ""Net Neutrality"" for the non-techie by Saul Montes-Bradley ",0,0,0,0,,,,,,,,,,
4251,11,Is he too stupid to see what a hypocrite he is? ,0,0,0,0,,,,,,,,,,
24371,9,The ZMan has an interesting post about vampire zombies and the Alt-Right. http://orionscoldfire.com/index.php/2018/03/27/the... #sff  #GabWriters,0,0,0,0,,,,,,,,,,
24832,6,"Excellent comparison which spells out exactly what's happening under NPC noses. Ironically before ""racism"" became the bogeyman, ""capitalism"" was, but since (((they))) weren't successful indoctrinating the sheeple against capitalism, they had to find something new.",0,0,0,0,,,,,,,,,,
15255,11,"Better late than never, welcome",0,0,0,0,,,,,,,,,,
11735,3,I added a video to a @YouTube playlist http://youtu.be/zwuLs0mm2wY?a  What a Hero!,0,0,0,0,,,,,,,,,,
5201,12,They have a Democrat Psychotherapist FFS!?  *sigh* Of course they do. ,0,0,0,0,,,,,,,,,,
15579,6,"Missouri Audit Finds Thousands of Dead People, Inmates Using Food Stamps http://www.breitbart.com/big-government/2018/06/06/missouri-audit-finds-thousands-dead-people-inmates-using-food-stamps/",0,0,0,0,,,,,,,,,,
22422,11,"@RedGypsy‍ Brian brought up that according to the Supreme Court, nudism images are not porn and it was women he was into, and that the women photos could have been misidentified as children if the college age women look young enough to appear like a teen but is of legal age. They never confirmed any CP on his computer, just ""files of interest"" but nothing solid.",0,0,0,0,,,,,,,,,,
15678,6,"Get your priorities straight you dimwits, investigate the lying skank Ford!!  ",1,1,0,0,0.0,0.0,0.0,0.0,1.0,0.0,0.0,0.0,1.0,0.0
6810,12,Chris Farley has a message.........,0,0,0,0,,,,,,,,,,
22083,6,This is Disgusting to say the least.,0,0,0,0,,,,,,,,,,
4320,17,"I actually think these moves by goolag and crapple will backfire.   Telling people what to buy, consume etc.   It's never worked out well...   There will always be dissent.",0,0,0,0,,,,,,,,,,
3131,1,http://www.commercialkitchenpartshq.com/product-category/southbend/: Good way to spend time surfing the web!,0,0,0,0,,,,,,,,,,
6094,0,My new eBook Chris Carson Investigates-The Art of Street Photography is now available on Amazon. Chock full of interesting facts and pictures intended to inspire. #streetphotography #streetphoto #photography #photooftheday #PhotographyIsArt #photo  http://amzn.to/2rqXz0u,0,0,0,0,,,,,,,,,,
2109,1,September is Preparedness Month - Get Prepared for emergencies - ,0,0,0,0,,,,,,,,,,
604,4,current mood,0,0,0,0,,,,,,,,,,
21953,7,"You posted a video of her. I didn't say anything about what the sites are doing or not doing. if you post a retard like Haven, we're not going to get past square one to have a discussion about the issue. She's not a serious person. Watch her other videos. They're awful.",0,0,0,0,,,,,,,,,,
8401,0,"when people refuse to accept the authority of police and refuse to go quietly and resist,they get what they get.",0,0,0,0,,,,,,,,,,
12977,12,"I’m not sure if this is a place to post this, but I need genuine advice. A friend got super involved with SJWs and now they’re suddenly claiming they’re trans, something they never even hinted at before. I don’t know what to do because I have a feeling they’re doing it to fit in. ",0,0,0,0,,,,,,,,,,
20170,5,Dashboards were metal nd the airbag was mom or dad's arm holding me back for hard stops.,0,0,0,0,,,,,,,,,,
1079,12,"Not all Americans live under God's law (as is their right), but ALL Americans live under Man's law. Specifically The Constitution of the United States. If you feel that you can not adhere to those laws then feel free to find the country that lives under God's law, and only God's law, and move there. ",0,0,0,0,,,,,,,,,,
16601,9,https://www.youtube.com/watch?v=NR2p3z8FDYk #KochBrothers #Mueller #CA revolt and much more...,0,0,0,0,,,,,,,,,,
5384,7,Announcing the NEXT #WhoWouldWin Show: ,0,0,0,0,,,,,,,,,,
5936,17,"Good God, Trump is being SAVAGE on social media today.  Just beautiful.",0,0,0,0,,,,,,,,,,
22596,10,welcome friends,0,0,0,0,,,,,,,,,,
8691,13,If you start a poll about if the pineapple should be allowed on the pizza... ,0,0,0,0,,,,,,,,,,
236,13,‪Former Polish PM: ‘Of Course Poles Took Part in Holocaust’ https://www.algemeiner.com/2018/02/07/former-polish-pm-of-course-poles-took-part-in-holocaust//‬,0,0,0,0,,,,,,,,,,
4789,12,Hopefully soon. The cost of him alive costs taxpayers millions of dollars a year.,0,0,0,0,,,,,,,,,,
22973,0,#GodSpeed & Thank you for your Service!,0,0,0,0,,,,,,,,,,
