,Unnamed: 0,ID,Text,Hate_pos,Hate_neg,Hate_pos_LLM,Hate_neg_LLM,Reasoning_LLM,Raw_output_LLM,Hate_pos_diff
14,14,125,National Socialist Korea...............Blood and Soil. ,0.0,1.0,0.7,0.3,"The post references 'National Socialist Korea' and 'Blood and Soil,' which are terms associated with Nazi ideology. 'Blood and Soil' is a Nazi slogan that emphasizes ethnic purity and nationalism. The use of these terms suggests an endorsement of ideologies that are widely considered hate speech due to their historical context of racial superiority and discrimination. This post likely falls under the category of 'Assaults on Human Dignity' as it implicitly supports ideologies that demean or degrade individuals based on race or ethnicity. However, the post does not explicitly call for violence or use vulgar language, which might lead to some disagreement among annotators. Therefore, there is a moderate level of disagreement, but a majority would likely classify it as hate speech.","The post 'National Socialist Korea...............Blood and Soil.' uses terms that are heavily associated with Nazi ideology. 'Blood and Soil' is a slogan that was used by the Nazis to promote ideas of ethnic purity and nationalism. The reference to 'National Socialist' also aligns with Nazi beliefs. These terms are likely to be interpreted as promoting hate speech, particularly in the context of 'Assaults on Human Dignity,' as they suggest support for ideologies that demean or degrade individuals based on race or ethnicity. However, the post does not explicitly call for violence or use vulgar language, which might lead to some annotators not classifying it as hate speech. Therefore, there is a moderate level of disagreement, but a majority would likely classify it as hate speech.",0.7
18,18,226,#JimCarrey is an #Illuminati fraud.. supposedly going 'zen'.. this dipshit is more vocal on politics than ALL #Church Establishment whorehouses combined. ,0.0,1.0,0.6,0.4,"The post uses derogatory language such as 'dipshit' and 'whorehouses,' which could be considered vulgar and offensive. It also targets Jim Carrey, suggesting he is a fraud and part of the Illuminati, which could be seen as an assault on his dignity. However, it does not explicitly call for violence. The language and accusations may lead to some disagreement among annotators, but the offensive language and personal attack suggest a moderate likelihood of being classified as hate speech.","The post contains offensive language and personal attacks, which may lead to a moderate level of disagreement among annotators. The use of terms like 'dipshit' and 'whorehouses' contributes to the vulgarity aspect, while the accusation of being an 'Illuminati fraud' could be seen as an assault on dignity. However, there is no explicit call for violence. Therefore, the prediction is that 60% of annotators might classify it as hate speech, while 40% might not.",0.6
55,55,935,"MAJOR article is coming at DARK TRIAD MAN®. 'What do we do now that civil war is coming?' There is an answer, and we are going to share it. @Cernovich  The Democrats cannot stop their spiral. #CapitalGazette events will not end. #Antifa cannot help themselves. I told you. #2024",0.0,1.0,0.7,0.3,"The post suggests an impending civil war and implies that there is a plan to address it, which could be interpreted as a call for violence or preparation for conflict. The mention of specific groups like Democrats and Antifa in a negative context may also be seen as demeaning or degrading. The use of hashtags related to violent events (#CapitalGazette) adds to the potential for the post to be seen as inciting violence or promoting a hostile environment. However, the language is somewhat indirect, which might lead to some disagreement among annotators.","The post suggests an impending civil war and implies that there is a plan to address it, which could be interpreted as a call for violence or preparation for conflict. The mention of specific groups like Democrats and Antifa in a negative context may also be seen as demeaning or degrading. The use of hashtags related to violent events (#CapitalGazette) adds to the potential for the post to be seen as inciting violence or promoting a hostile environment. However, the language is somewhat indirect, which might lead to some disagreement among annotators.",0.7
56,56,937,"#CapitalGazette makes #journalists wail over political violence. They picked a side in the cultural war and we all know it. To raise a white flag of neutrality and then attack is called 'perfidy', a war crime. War criminals get shot. Should have thought it through before picking sides.",0.0,1.0,0.7,0.3,"The post contains language that could be interpreted as a call for violence, as it mentions 'war criminals get shot' in the context of journalists being accused of 'perfidy,' a war crime. This could be seen as an incitement to violence against journalists. Additionally, the post uses charged language related to a 'cultural war,' which may be seen as demeaning or degrading to those it targets. The language is provocative and could be interpreted as threatening, leading to a higher likelihood of being classified as hate speech by annotators. However, the post does not contain explicit vulgarity or offensive language, which might lead some annotators to classify it as not hate speech, resulting in some disagreement.","The post uses language that suggests violence against journalists, referring to them as 'war criminals' who 'get shot.' This can be interpreted as a call for violence, which is a key aspect of hate speech. The mention of a 'cultural war' and the accusation of 'perfidy' further adds to the aggressive tone, potentially demeaning journalists. While the post does not use explicit vulgar or offensive language, the implications of violence and the charged political context make it likely that a significant portion of annotators would classify it as hate speech. However, the lack of explicit slurs or profanity might lead some to see it as not hate speech, resulting in some level of disagreement among annotators.",0.7
79,79,1328,100 ISIS Terrorists Caught in Guatemala as Migrant Caravan of Military-Aged Males Marches to U.S. https://www.thegatewaypundit.com/2018/10/100-isis-terrorists-caught-in-guatemala-as-migrant-caravan-of-military-aged-males-marches-to-u-s/ via @gatewaypundit,0.0,1.0,0.6,0.4,"The post makes a claim about ISIS terrorists being caught in Guatemala and associates them with a migrant caravan heading to the U.S. This could be seen as an assault on human dignity by implying that migrants, particularly those of military age, are potential terrorists. The language used may contribute to fear-mongering and xenophobia, which are often associated with hate speech. However, the post does not explicitly call for violence or use vulgar language, which might lead to some disagreement among annotators about whether it constitutes hate speech.","The post claims that 100 ISIS terrorists were caught in Guatemala and links them to a migrant caravan heading to the U.S. This could be interpreted as an assault on human dignity by suggesting that migrants are potential terrorists, which may incite fear and prejudice. The post does not contain explicit calls for violence or vulgar language, but the implication of associating migrants with terrorism could be seen as promoting hate speech. Therefore, there might be some disagreement among annotators, but a significant portion may classify it as hate speech due to the negative portrayal of migrants.",0.6
91,91,1557,And what is l ft of Fox after Disney buys most of it is still owned by someone who owes his  allegiance ultimately to a country not the US.  Rubbery Murdoch the archetypal Neocon of course he puts filth on.,0.0,1.0,0.6,0.4,"The post contains elements that could be interpreted as hate speech, particularly in the context of 'assaults on human dignity.' The phrase 'owes his allegiance ultimately to a country not the US' could be seen as a derogatory insinuation about the loyalty of an individual based on their nationality or ethnicity, which may be perceived as demeaning. Additionally, the term 'filth' could be considered offensive language. However, the post does not explicitly call for violence or use overtly vulgar language, which might lead to some disagreement among annotators about its classification as hate speech.","The post makes a potentially derogatory statement about an individual's allegiance to a country other than the US, which could be interpreted as an assault on human dignity, particularly if it implies a negative stereotype or bias based on nationality or ethnicity. The use of the term 'filth' could be seen as offensive language, although it is not explicitly vulgar. There is no direct call for violence. Given these factors, there might be some disagreement among annotators, but a significant portion may still classify it as hate speech due to the implications of the language used.",0.6
120,120,2079,Israel should be taken to (((International Criminal Court))) over Gaza massacre: Turkish FM ,0.0,1.0,0.6,0.4,"The post uses triple parentheses around 'International Criminal Court,' which is often used as an anti-Semitic dog whistle to imply Jewish control or influence. This can be seen as an assault on human dignity by demeaning a group based on ethnicity or religion. The post also accuses Israel of a 'massacre,' which could be interpreted as a call for accountability or justice, but the language used may be seen as inflammatory. Given these elements, there is likely to be some disagreement among annotators, but a significant portion may classify it as hate speech due to the use of anti-Semitic symbols and language.","The post contains elements that could be interpreted as hate speech, particularly the use of triple parentheses, which is a known anti-Semitic symbol. This suggests an assault on human dignity by implying Jewish control or influence. The accusation of a 'massacre' could be seen as inflammatory, although it may also be interpreted as a call for justice. The combination of these elements suggests a moderate level of disagreement among annotators, with a tendency towards classifying it as hate speech.",0.6
126,126,2144,"I actually doubt this, and here's why: TDS needs Eric Striker for shekels. The only show worth listening to behind the paywall is Strike and Mike, and everyone knows it.   Jazz and Jesse fucking blows, and an extra episode of TDS isn't worth it for a lot of people. I'm sure they would love to get rid of him though, but they can't.",0.0,1.0,0.7,0.3,"The post contains potentially offensive language and references that could be interpreted as anti-Semitic, such as the use of 'shekels,' which is often used in a derogatory manner to imply Jewish greed. This could be seen as an assault on human dignity based on ethnicity. However, the post does not explicitly call for violence or use vulgar language, which might lead to some disagreement among annotators. The context of the post and the specific references may not be clear to all readers, leading to a moderate level of disagreement.","The post contains potentially offensive language and references that could be interpreted as anti-Semitic, such as the use of 'shekels,' which is often used in a derogatory manner to imply Jewish greed. This could be seen as an assault on human dignity based on ethnicity. However, the post does not explicitly call for violence or use vulgar language, which might lead to some disagreement among annotators. The context of the post and the specific references may not be clear to all readers, leading to a moderate level of disagreement. Therefore, I predict that 70% of annotators might classify this as hate speech, while 30% might not.",0.7
129,129,2183,You worship the descendants of the Pharisees because they are in world power. Nice going.,0.0,1.0,0.6,0.4,"The post makes a derogatory reference to 'the descendants of the Pharisees,' which can be interpreted as a veiled reference to Jewish people, given the historical context of the Pharisees in Jewish history. This could be seen as an assault on human dignity by demeaning a group based on religious or ethnic background. The language used suggests a conspiracy theory about world power, which is a common anti-Semitic trope. However, the post does not explicitly call for violence or use vulgar language, which might lead to some disagreement among annotators about its classification as hate speech. Therefore, there is likely to be some level of disagreement, but a majority might still classify it as hate speech due to the implied derogatory and conspiratorial content.","The post contains language that could be interpreted as anti-Semitic, as it references 'the descendants of the Pharisees' in a negative context related to world power. This aligns with common anti-Semitic tropes about Jewish people controlling global affairs. While the post does not explicitly call for violence or use vulgar language, it does assault human dignity by potentially demeaning a religious or ethnic group. Given the historical and cultural context, this post is likely to be seen as hate speech by a significant portion of annotators, though some may not see it as explicit enough to warrant that label. Therefore, I predict a moderate level of disagreement, with a higher percentage classifying it as hate speech.",0.6
139,139,2341,"I like the X22 Report too! The Deep State is in retreat all over the world, and the Parkland, FL false flag attack will soon fade away. Trump's loyal special forces troops are taking out the traitors and CIA criminals.",0.0,1.0,0.6,0.4,"The post references a 'false flag attack' regarding the Parkland, FL incident, which can be seen as an assault on human dignity by denying the reality of a tragic event. It also mentions 'taking out traitors and CIA criminals,' which could be interpreted as a call for violence against certain groups. The language used is not overtly vulgar, but the content is conspiratorial and potentially harmful. Given these elements, there is likely to be some disagreement among annotators, but a significant portion may classify it as hate speech due to the implications of violence and denial of real events.","The post contains elements that could be interpreted as hate speech, particularly in the context of conspiracy theories and implied violence. The mention of a 'false flag attack' in relation to the Parkland shooting can be seen as an assault on human dignity, as it denies the reality of a tragic event and disrespects the victims and their families. Additionally, the phrase 'taking out the traitors and CIA criminals' could be interpreted as a call for violence against certain groups, which aligns with the 'calls for violence' aspect of hate speech.

While the language is not overtly vulgar or offensive, the content is conspiratorial and potentially harmful. The post's interpretation may vary among annotators, with some viewing it as a harmful conspiracy theory that borders on hate speech, while others may see it as merely expressing a controversial opinion. This could lead to a moderate level of disagreement among annotators.

Given these considerations, I predict that a significant portion of annotators might classify this post as hate speech due to its implications of violence and denial of real events, while others may not see it as crossing the threshold into hate speech. Therefore, the estimated percentages are [0.6, 0.4].",0.6
154,154,2445,"Pseudonymous intersectionalkin Benjanun Sriduangkaew gets dragged into the light again For reference since 2003 she persistently sent death/rape/mutiliation threats to people online, discovered social justice and started justifying her actions with it, SJWs enabling her https://twitter.com/cathyyoung63/status/1030708725...",0.0,1.0,0.6,0.4,"The post accuses an individual of sending death, rape, and mutilation threats, which could be seen as a call for violence or at least an endorsement of violent behavior. It also mentions the use of social justice as a justification for these actions, which could be interpreted as an assault on human dignity by trivializing serious threats. The language used is accusatory and could be seen as offensive. However, the post is reporting on alleged behavior rather than directly inciting violence or using vulgar language itself, which may lead to some disagreement among annotators.","The post discusses an individual accused of sending serious threats online and suggests that these actions are being justified by social justice rhetoric. This could be seen as an indirect call for violence or an assault on human dignity, as it trivializes the severity of the threats. The post does not use vulgar language directly but discusses offensive behavior. Annotators may disagree on whether the post itself constitutes hate speech, leading to a moderate level of disagreement.",0.6
183,183,2924,#NotSendingTheirBest,0.0,1.0,0.6,0.4,"The hashtag '#NotSendingTheirBest' is often associated with derogatory comments about immigrants, particularly from certain countries, suggesting that they are not the best representatives of their countries. This can be seen as an assault on human dignity, as it generalizes and demeans a group of people based on nationality or ethnicity. However, the post itself is not explicit in its language, which may lead to some disagreement among annotators about whether it constitutes hate speech. The lack of explicit offensive language or direct calls for violence suggests that some annotators might not classify it as hate speech, leading to moderate disagreement.","The hashtag '#NotSendingTheirBest' is often associated with derogatory comments about immigrants, particularly from certain countries, suggesting that they are not the best representatives of their countries. This can be seen as an assault on human dignity, as it generalizes and demeans a group of people based on nationality or ethnicity. However, the post itself is not explicit in its language, which may lead to some disagreement among annotators about whether it constitutes hate speech. The lack of explicit offensive language or direct calls for violence suggests that some annotators might not classify it as hate speech, leading to moderate disagreement.",0.6
196,196,2996,"Former asshat AG Eric Holder: When Republicans Go Low, ""We Kick Them""",0.0,1.0,0.6,0.4,"The post uses offensive language ('asshat') to describe a public figure, which may be considered vulgar or offensive. Additionally, the phrase 'We Kick Them' could be interpreted as a metaphorical call for violence or aggression against a political group, which may be seen as inciting hostility. However, the context suggests it might be a rhetorical statement rather than a literal call for violence, leading to potential disagreement among annotators.","The post contains elements that could be interpreted as hate speech, particularly in terms of vulgarity and a potential call for violence. The use of the term 'asshat' is derogatory and offensive, which may lead some annotators to classify it as hate speech. The phrase 'We Kick Them' could be seen as a metaphorical call for violence or aggression, which might be interpreted as inciting hostility against a political group. However, given the context of political rhetoric, some annotators might view it as a non-literal expression of political opposition rather than a genuine call for violence. This ambiguity could result in a moderate level of disagreement among annotators, with some seeing it as hate speech and others not.",0.6
235,235,3302,"GERMANY: MUSLIM refugee murdered his 2-year-old daughter by cutting her throat and nearly beheading her, 'in order to punish his wife' http://www.dailymail.co.uk/news/article-5581881/Man-34-practically-beheaded-two-year-old-daughter-punish-wife.html",0.0,1.0,0.6,0.4,"The post reports on a violent crime committed by a Muslim refugee, which could be interpreted as an assault on human dignity by associating a heinous act with a specific religious group. The language used in the post could be seen as inflammatory and potentially inciting negative sentiments towards Muslims. However, the post primarily reports on a news event, which might lead some annotators to classify it as not hate speech. The potential for high disagreement arises from the context and the way the information is presented, which could be seen as either a factual report or as a means to incite hatred against a group.","The post describes a violent crime committed by a Muslim refugee, which could be perceived as an assault on human dignity by associating a heinous act with a specific religious group. The language used in the post could be seen as inflammatory and potentially inciting negative sentiments towards Muslims. However, the post primarily reports on a news event, which might lead some annotators to classify it as not hate speech. The potential for high disagreement arises from the context and the way the information is presented, which could be seen as either a factual report or as a means to incite hatred against a group.",0.6
240,240,3340,Ah yes the eternal slut. The death of nations,0.0,1.0,0.7,0.3,"The post uses the term 'eternal slut,' which is a derogatory and demeaning term that can be seen as an assault on human dignity, particularly towards women. The phrase 'the death of nations' is vague but could imply a negative stereotype or blame placed on women, which may be interpreted as hate speech by some annotators. The language is offensive and vulgar, contributing to the likelihood of it being classified as hate speech. However, the lack of explicit calls for violence or direct targeting of a specific group may lead to some disagreement among annotators.","The post contains offensive language and a derogatory term ('eternal slut') that can be interpreted as demeaning towards women, which falls under the category of assaults on human dignity. The phrase 'the death of nations' is ambiguous but could imply a harmful stereotype or blame, which may be seen as hate speech by some annotators. The vulgarity and offensive nature of the language contribute to the likelihood of it being classified as hate speech. However, the absence of explicit calls for violence or direct targeting of a specific group may lead to some annotators not classifying it as hate speech, resulting in moderate disagreement.",0.7
256,256,3605,#Trump saying he doesn't trust our intelligence agencies:  TREASON TREASON TREASON  Even though we've seen their texts and emails and know these intelligence agencies are all guilty of treason themselves. HRC selling Uranium to Russia:  ALL GOOD This is why nobody takes these retards seriously. #POTUS calling out the CIA/FBI is patriotic if anything.,0.0,1.0,0.6,0.4,"The post contains offensive language, specifically the use of the term 'retards,' which is considered a slur and demeaning to individuals with intellectual disabilities. This aspect of vulgarity and offensive language may lead some annotators to classify it as hate speech. However, the post does not explicitly call for violence or directly assault human dignity based on protected characteristics, which may lead to some disagreement among annotators. The political context and the use of charged language may also contribute to varying interpretations.","The post uses offensive language ('retards') which is considered derogatory and demeaning. This could be seen as an assault on human dignity, albeit not directly targeting a protected characteristic like race or gender. The post does not call for violence, but it does engage in political commentary that could be polarizing. The use of the term 'treason' and the criticism of intelligence agencies might be seen as strong political opinion rather than hate speech. Given the offensive language and the potential for different interpretations of the political content, there is likely to be some disagreement among annotators, but a significant portion may still classify it as hate speech due to the derogatory term used.",0.6
266,266,3688,He is a professor that is literally just teaching classical Western intellectual culture via #youtube; never really understood the opposition!?! Likely #Libtarded / #Antiwestern trolls ,1.0,0.0,0.4,0.6,"The post uses the term 'Libtarded,' which is a derogatory term combining 'liberal' and 'retarded,' potentially demeaning individuals based on political beliefs. This could be seen as an assault on human dignity. However, the post does not contain explicit calls for violence or vulgar language beyond the derogatory term. The context of the post suggests a political disagreement, which may lead to some annotators viewing it as hate speech due to the offensive term, while others may see it as a political opinion. This results in moderate disagreement among annotators.","The post contains a derogatory term 'Libtarded,' which is offensive and could be interpreted as demeaning to individuals with liberal political views. This aspect may lead some annotators to classify it as hate speech due to the assault on human dignity. However, the post does not explicitly call for violence or use vulgar language beyond this term. The context suggests a political disagreement, which might be interpreted differently by annotators. Therefore, there is likely moderate disagreement, with some annotators viewing it as hate speech and others not.",0.6
274,274,3813,"If the Left think politicians' children are ""fair game"", why doesn't the Left think the children of terrorists are ""fair game""?  We know the Left think that Israeli children are fair game. ",0.0,1.0,0.6,0.4,"The post contains language that could be interpreted as demeaning or degrading towards certain groups, particularly by suggesting that the 'Left' considers certain children as 'fair game'. This could be seen as an assault on human dignity, as it implies a lack of value for the lives of children based on political or national affiliations. Additionally, the post could be seen as inciting negative sentiments towards the 'Left' and potentially towards Israeli children, which may be interpreted as a call for violence or at least a justification of harm. The language used is provocative and could be seen as offensive, leading to a higher likelihood of being classified as hate speech by some annotators. However, the post does not explicitly call for violence or use vulgar language, which might lead to some annotators not classifying it as hate speech, resulting in moderate disagreement.","The post suggests that the 'Left' considers certain children as 'fair game', which can be interpreted as demeaning or degrading towards certain groups. This could be seen as an assault on human dignity, as it implies a lack of value for the lives of children based on political or national affiliations. Additionally, the post could be seen as inciting negative sentiments towards the 'Left' and potentially towards Israeli children, which may be interpreted as a call for violence or at least a justification of harm. The language used is provocative and could be seen as offensive, leading to a higher likelihood of being classified as hate speech by some annotators. However, the post does not explicitly call for violence or use vulgar language, which might lead to some annotators not classifying it as hate speech, resulting in moderate disagreement.",0.6
313,313,4359,We are trying very hard to keep a straightface but we had to add this news. An animal rights advocate wants to place a roadside memorial in Maine to remember thousands of lobsters killed in a highway wreck Weird that they didn't say a damn thing about muzzie s torturing and killing all those animals a few days ago. http://www.dailymail.co.uk/news/article-6115919/PE......,0.0,1.0,0.6,0.4,"The post contains potentially offensive language with the use of the term 'muzzies,' which is a derogatory term for Muslims. This could be seen as an assault on human dignity based on religion. The post also contrasts the concern for animal rights with a lack of concern for alleged actions by Muslims, which could be interpreted as demeaning. However, it does not contain explicit calls for violence. The use of offensive language and the context may lead to some annotators classifying it as hate speech, but the lack of explicit violence or severe demeaning content might lead others to classify it as not hate speech. This results in a moderate level of disagreement among annotators.","The post uses a derogatory term 'muzzies' to refer to Muslims, which can be considered an assault on human dignity based on religion. This term is offensive and demeaning, which aligns with the aspect of vulgarity and offensive language. However, the post does not explicitly call for violence or contain severe demeaning content that is overtly hateful. The context of contrasting animal rights with alleged actions by Muslims might be seen as demeaning, but it is not explicit. Therefore, there is likely to be some disagreement among annotators, with a moderate percentage classifying it as hate speech due to the offensive language, while others may not see it as severe enough to be classified as such. This results in a prediction of [0.6, 0.4] for hate speech vs. not hate speech.",0.6
314,314,4367,Why is he concerned he let the fucking things in.,0.0,1.0,0.6,0.4,"The post contains vulgar language ('fucking things') which could be interpreted as offensive. However, without additional context, it's unclear if this language is directed at a specific group or individual, or if it constitutes an assault on human dignity. The lack of context makes it difficult to determine if the post is a call for violence or if it targets a protected characteristic. This ambiguity could lead to a moderate level of disagreement among annotators, with some viewing it as hate speech due to the offensive language, while others may not see it as such without more context.","The post uses vulgar language ('fucking things'), which may be considered offensive. However, the lack of context makes it difficult to determine if this is directed at a specific group or individual, or if it constitutes an assault on human dignity. The post does not appear to contain a call for violence. The ambiguity in the target of the language and the lack of context could lead to disagreement among annotators, with some viewing it as hate speech due to the offensive language, while others may not see it as such without more context.",0.6
328,328,4594,Watch some Leftist nut will attack someone wearing a Free Speech hat and call THEM Nazi,0.0,1.0,0.6,0.4,"The post suggests that a 'Leftist nut' would attack someone for wearing a 'Free Speech' hat, implying that leftists are intolerant and prone to violence. This can be seen as an assault on human dignity by stereotyping a political group as violent. However, it does not explicitly call for violence or use vulgar language. The post's interpretation may vary, leading to some disagreement among annotators.","The post implies that leftists are intolerant and prone to violence, which can be seen as a stereotype or an assault on human dignity. However, it does not explicitly call for violence or use vulgar language. The interpretation of this post may vary, leading to some disagreement among annotators.",0.6
332,332,4642,A gay 9 year old is like a vegan cat - we all know who's really making the choices.,1.0,0.0,0.4,0.6,"The post makes a comparison between a 'gay 9 year old' and a 'vegan cat,' implying that a child cannot make their own decisions about their sexual orientation, similar to how a cat cannot choose its diet. This could be interpreted as an assault on human dignity by suggesting that a child's self-identification is invalid or controlled by others. However, it does not contain explicit vulgarity or calls for violence. The post's interpretation may vary, leading to some disagreement among annotators.","The post makes a comparison between a 'gay 9 year old' and a 'vegan cat,' implying that a child cannot make their own decisions about their sexual orientation, similar to how a cat cannot choose its diet. This could be interpreted as an assault on human dignity by suggesting that a child's self-identification is invalid or controlled by others. However, it does not contain explicit vulgarity or calls for violence. The post's interpretation may vary, leading to some disagreement among annotators.",0.6
334,334,4645,"Croatia is doing it right“Ten days ago they took all our money.... More than €1,000. They ripped up my passport, and then started beating us with batons. You risk your life in the hills. You don’t sleep. Maybe you die. OK, the police catch you and send you back, that would be normal. But why do they beat us? Why do they humiliate us?” https://www.theguardian.com/world/2018/aug/15/refu......",0.0,1.0,0.6,0.4,"The post describes a situation where refugees are allegedly being mistreated by Croatian authorities, including being beaten and humiliated. This could be interpreted as an assault on human dignity, as it involves degrading treatment of individuals based on their status as refugees. The post does not explicitly call for violence or use vulgar language, but the description of violence by authorities could be seen as endorsing or normalizing such behavior. The context of the post, which includes a link to a news article, suggests it is reporting on an issue rather than promoting hate speech, but the content could still be seen as controversial or inflammatory, leading to some disagreement among annotators.","The post describes alleged mistreatment of refugees by Croatian authorities, including physical violence and humiliation. This could be seen as an assault on human dignity, as it involves degrading treatment of individuals based on their status as refugees. The post does not explicitly call for violence or use vulgar language, but the description of violence by authorities could be interpreted as endorsing or normalizing such behavior. The context of the post, which includes a link to a news article, suggests it is reporting on an issue rather than promoting hate speech, but the content could still be seen as controversial or inflammatory, leading to some disagreement among annotators. Therefore, I predict a moderate level of disagreement, with approximately 60% of annotators classifying it as hate speech and 40% not.",0.6
335,335,4669,"Payment to the Muslim President for his efforts to help build the caliphate, innundate the US with migrants, radical Islam8st extremist.",0.0,1.0,0.7,0.3,"The post contains language that could be interpreted as demeaning or degrading towards Muslims, suggesting a conspiracy involving a 'Muslim President' and the building of a caliphate. This could be seen as an assault on human dignity based on religion. Additionally, the use of terms like 'radical Islam8st extremist' could be considered offensive. However, there is no explicit call for violence. The post's content is likely to lead to some disagreement among annotators due to its political nature and the potential for different interpretations of its intent and severity.","The post suggests a conspiracy involving a 'Muslim President' and the building of a caliphate, which could be interpreted as demeaning towards Muslims. It uses terms like 'radical Islam8st extremist,' which could be seen as offensive. There is no explicit call for violence, but the post's content may lead to disagreement among annotators due to its political nature and potential for different interpretations.",0.7
341,341,4715,"They're pretty open about what they do to European civilizations but some of you choose to pretend like it's some sort of mystery.  Our forefathers had the balls to kick them out when they undermined their society & currency. And now they've created hate speech laws with the help of the ADL so you can't speak out. Cool, we learned nothing.",0.0,1.0,0.7,0.3,"The post contains elements that could be interpreted as hate speech, particularly in the context of 'assaults on human dignity' and 'vulgarity and/or offensive language.' It refers to 'what they do to European civilizations' and 'kicking them out,' which could be seen as demeaning or degrading to certain groups. The mention of 'hate speech laws' and the ADL suggests a conspiracy theory angle, which might not be directly hate speech but can be interpreted as such by some annotators. The language is somewhat ambiguous and could lead to different interpretations, resulting in moderate disagreement among annotators.","The post suggests that certain groups are undermining European civilizations and implies that historical actions of expulsion were justified. It also criticizes hate speech laws, suggesting they are a tool to suppress speaking out against these groups. This can be seen as an assault on human dignity, as it targets specific groups and implies they are a threat to society. The language used is not overtly vulgar but carries an offensive undertone that could be interpreted as hate speech. Given the context and the potential for different interpretations, there is likely moderate disagreement among annotators, with a higher percentage classifying it as hate speech.",0.7
342,342,4717,The goyim can't know about this... let's just call it a conspiracy theory but let's put 80 year olds in prison for disputing the official Holocaust story,0.0,1.0,0.7,0.3,"The post contains language that could be interpreted as anti-Semitic, particularly with the use of the term 'goyim' and the suggestion of a conspiracy theory regarding the Holocaust. This could be seen as an assault on human dignity, as it appears to trivialize or deny the Holocaust, which is a sensitive and significant historical event. The post may also imply a call for action against those who dispute the Holocaust narrative, although it is not explicit. The language used is likely to lead to disagreement among annotators, as some may see it as hate speech while others may view it as a controversial opinion or satire.","The post uses the term 'goyim,' which is often used in a derogatory context to refer to non-Jews, and suggests a conspiracy theory about the Holocaust. This can be seen as an assault on human dignity, as it trivializes a significant historical atrocity and could be interpreted as Holocaust denial. The post does not explicitly call for violence, but the language used is provocative and could be seen as offensive. Given the sensitive nature of the topic and the potential for different interpretations, there is likely to be a high level of disagreement among annotators. Some may view it as hate speech due to the anti-Semitic undertones, while others may see it as a controversial opinion or satire. Therefore, I predict that 70% of annotators would classify it as hate speech, while 30% would not.",0.7
362,362,4938,Except that these animals are younger and better looking!,0.0,1.0,0.6,0.4,"The post uses the term 'animals' to refer to people, which can be interpreted as dehumanizing and degrading, potentially falling under the category of 'Assaults on Human Dignity.' The phrase 'younger and better looking' adds ambiguity, as it could be interpreted in various ways depending on context. This ambiguity may lead to some disagreement among annotators, but the dehumanizing language suggests a higher likelihood of being classified as hate speech.","The post uses dehumanizing language by referring to people as 'animals,' which can be seen as an assault on human dignity. This type of language is often associated with hate speech, as it degrades individuals or groups. The additional comment about being 'younger and better looking' adds a layer of ambiguity, as it is unclear what the post is specifically referring to. This ambiguity might lead to some disagreement among annotators, but the use of dehumanizing language suggests that a significant portion of annotators would classify it as hate speech. Therefore, the predicted percentages are [0.6, 0.4], indicating a higher likelihood of being classified as hate speech.",0.6
395,395,5391,We wuz PIElots 'n' sheeeit https://www.youtube.com/watch?v=SVqQKF7xgTQ&t=1s,0.0,1.0,0.7,0.3,"The phrase 'We wuz PIElots 'n' sheeeit' is a play on the meme 'We wuz kings,' which is often used in a derogatory manner to mock African American claims of historical achievements. This phrase can be seen as demeaning or degrading to a racial group, thus falling under the 'Assaults on Human Dignity' aspect of hate speech. The use of this meme is likely to be interpreted as racially insensitive or offensive by many annotators, leading to a higher percentage classifying it as hate speech. However, some may not recognize the context or may interpret it as a joke, leading to some disagreement.","The post uses a phrase that is commonly associated with a meme that mocks African American historical claims. This can be seen as an assault on human dignity, as it degrades a racial group. The context and language suggest a likelihood of being classified as hate speech by a significant portion of annotators, though not all may agree due to varying interpretations of the meme's intent.",0.7
424,424,5740,"The schoolgirls are up, I'll write in the sexy captions tomorrow when I'm sober.",0.0,1.0,0.6,0.4,"The post contains a potentially concerning statement about 'schoolgirls' and 'sexy captions,' which could be interpreted as demeaning or degrading to a group based on gender and age. This could be seen as an assault on human dignity. However, the post does not explicitly call for violence or use vulgar language. The ambiguity lies in the interpretation of the intent behind the statement, which could lead to disagreement among annotators.","The post mentions 'schoolgirls' and 'sexy captions,' which could be interpreted as objectifying or sexualizing minors, potentially falling under the category of assaults on human dignity. However, the post does not contain explicit vulgarity or calls for violence. The context and intent are ambiguous, leading to potential disagreement among annotators. Therefore, a moderate percentage of annotators might classify it as hate speech due to the concerning implications, while others may not see it as such due to the lack of explicit offensive language or calls for violence.",0.6
449,449,5962,And Bill Cosby screwed the ones that were sleeping!  Wakka wakka wakka...  You know...  because Fat Albert...,0.0,1.0,0.6,0.4,"The post makes a reference to Bill Cosby, who has been accused and convicted of sexual assault, in a manner that seems to trivialize or make light of the serious nature of the accusations against him. The use of 'Wakka wakka wakka' and the reference to 'Fat Albert' (a character associated with Cosby) adds a layer of mockery or humor to the situation, which could be seen as demeaning to the victims of his actions. This could be interpreted as an assault on human dignity, as it appears to make light of sexual assault. However, the post does not contain explicit vulgarity or calls for violence, which might lead to some disagreement among annotators about its classification as hate speech.","The post references Bill Cosby and his sexual assault cases in a manner that could be seen as trivializing or mocking the victims. The phrase 'Wakka wakka wakka' and the mention of 'Fat Albert' add a humorous tone to a serious subject, which could be interpreted as demeaning to the victims. This aspect could be seen as an assault on human dignity, as it makes light of sexual assault. However, the post does not contain explicit vulgarity or calls for violence, which might lead to some disagreement among annotators about its classification as hate speech. Therefore, I predict a moderate level of disagreement, with a higher percentage of annotators likely to classify it as hate speech due to the demeaning nature of the content.",0.6
451,451,5977,"Invasion, not 'migration' https://www.breitbart.com/london/2018/07/29/watch-...",0.0,1.0,0.6,0.4,"The post uses the term 'invasion' instead of 'migration,' which can be seen as demeaning or degrading to migrants, potentially falling under the category of 'Assaults on Human Dignity.' The use of such language can be interpreted as an attempt to incite fear or hostility towards a group of people, which may lead some annotators to classify it as hate speech. However, the post does not explicitly call for violence or use vulgar language, which might lead to some disagreement among annotators. Therefore, there is likely to be moderate disagreement, with a higher percentage leaning towards classifying it as hate speech due to the dehumanizing language.","The post uses the term 'invasion' instead of 'migration,' which can be seen as demeaning or degrading to migrants, potentially falling under the category of 'Assaults on Human Dignity.' The use of such language can be interpreted as an attempt to incite fear or hostility towards a group of people, which may lead some annotators to classify it as hate speech. However, the post does not explicitly call for violence or use vulgar language, which might lead to some disagreement among annotators. Therefore, there is likely to be moderate disagreement, with a higher percentage leaning towards classifying it as hate speech due to the dehumanizing language.",0.6
458,458,6048,"I pray you are right and that this really happens, talk about an injustice to America that obammy was able to appoint thugs to our SCOTUS, I hope the whole thing blows wide open and they all come falling down!!!!!!!!",0.0,1.0,0.6,0.4,"The post contains derogatory language ('obammy') which can be interpreted as a racial slur against former President Obama, potentially demeaning his dignity based on race. The term 'thugs' is also used in a context that could be seen as demeaning. Additionally, the post expresses a desire for a negative outcome ('they all come falling down') for certain individuals, which could be interpreted as a call for harm, though not explicitly violent. The language and context may lead to some disagreement among annotators, but the presence of potentially offensive language and implied harm suggests a moderate likelihood of being classified as hate speech.","The post uses derogatory language ('obammy') which can be interpreted as a racial slur against former President Obama, potentially demeaning his dignity based on race. The term 'thugs' is also used in a context that could be seen as demeaning. Additionally, the post expresses a desire for a negative outcome ('they all come falling down') for certain individuals, which could be interpreted as a call for harm, though not explicitly violent. The language and context may lead to some disagreement among annotators, but the presence of potentially offensive language and implied harm suggests a moderate likelihood of being classified as hate speech.",0.6
501,501,6536,Roll in that box....park it right there....and let her just tip over into it. No need for emergency 1st responders.,0.0,1.0,0.6,0.4,"The post suggests a scenario where someone is left to fall into a box without the need for emergency responders, which could be interpreted as a callous disregard for human safety or well-being. This could be seen as an assault on human dignity, as it implies that the person does not deserve help or care. However, the post does not explicitly call for violence or use vulgar language, which may lead to some disagreement among annotators about its classification as hate speech.","The post suggests a scenario where someone is left to fall into a box without the need for emergency responders, which could be interpreted as a callous disregard for human safety or well-being. This could be seen as an assault on human dignity, as it implies that the person does not deserve help or care. However, the post does not explicitly call for violence or use vulgar language, which may lead to some disagreement among annotators about its classification as hate speech. Therefore, I predict a moderate level of disagreement with percentages of [0.6, 0.4] for hate speech vs. not hate speech.",0.6
513,513,6675,PomoNews: ENEMY OF THE PEOPLE: DOXX THE MANAFORT JURORS! https://buff.ly/2IU5wPJ #FakeNews #CNN #buzzfeed #politico #EnemyOfThePeople,0.0,1.0,0.6,0.4,"The post contains a call to action to 'doxx' the Manafort jurors, which can be interpreted as a call for harassment or intimidation, potentially inciting harm. This falls under the 'Calls for Violence' aspect of hate speech. The use of terms like 'ENEMY OF THE PEOPLE' also suggests a demeaning or degrading tone towards certain groups, in this case, the media or jurors. However, the post does not contain vulgarity or offensive language. The call to 'doxx' is a significant factor that could lead to a higher percentage of annotators classifying it as hate speech, but there may still be some disagreement due to the lack of explicit vulgarity or direct threats.","The post 'PomoNews: ENEMY OF THE PEOPLE: DOXX THE MANAFORT JURORS! https://buff.ly/2IU5wPJ #FakeNews #CNN #buzzfeed #politico #EnemyOfThePeople' suggests a call to action to 'doxx' the Manafort jurors, which can be interpreted as a call for harassment or intimidation, potentially inciting harm. This falls under the 'Calls for Violence' aspect of hate speech. The use of terms like 'ENEMY OF THE PEOPLE' also suggests a demeaning or degrading tone towards certain groups, in this case, the media or jurors. However, the post does not contain vulgarity or offensive language. The call to 'doxx' is a significant factor that could lead to a higher percentage of annotators classifying it as hate speech, but there may still be some disagreement due to the lack of explicit vulgarity or direct threats.",0.6
529,529,6912,http://floridafamily.org/issues.php Take Action Against Islam and Leftists,0.0,1.0,0.7,0.3,"The post's call to 'Take Action Against Islam and Leftists' suggests a potential assault on human dignity by targeting a religious group and a political ideology. The language used could be interpreted as inciting action against these groups, which may be perceived as a call for violence or discrimination. The post's content is likely to be seen as hate speech by a significant portion of annotators due to its explicit targeting of specific groups, leading to a low level of disagreement among annotators.","The post's call to 'Take Action Against Islam and Leftists' suggests a potential assault on human dignity by targeting a religious group and a political ideology. The language used could be interpreted as inciting action against these groups, which may be perceived as a call for violence or discrimination. The post's content is likely to be seen as hate speech by a significant portion of annotators due to its explicit targeting of specific groups, leading to a low level of disagreement among annotators.",0.7
580,580,7599,"What can we learn from the story of South Africa? First World nations can only exist and be maintained under a First World people. Now you know the story of South Africa. It's founding, creation and subsequent fall from grace. Demographics are destiny. THE END.",0.0,1.0,0.7,0.3,"The post suggests that the decline of South Africa is due to demographic changes, implying that only certain 'First World people' can maintain a 'First World nation.' This can be interpreted as an assault on human dignity, as it degrades groups based on race or ethnicity. The phrase 'demographics are destiny' is often used in contexts that suggest racial superiority or inferiority. While the post does not explicitly call for violence or use vulgar language, its implications about race and national success are likely to be seen as hate speech by a significant portion of annotators. However, some may interpret it as a commentary on socio-economic factors rather than race, leading to some disagreement.","The post implies that the decline of South Africa is due to demographic changes, suggesting that only certain 'First World people' can maintain a 'First World nation.' This can be interpreted as an assault on human dignity, as it degrades groups based on race or ethnicity. The phrase 'demographics are destiny' is often used in contexts that suggest racial superiority or inferiority. While the post does not explicitly call for violence or use vulgar language, its implications about race and national success are likely to be seen as hate speech by a significant portion of annotators. However, some may interpret it as a commentary on socio-economic factors rather than race, leading to some disagreement.",0.7
624,624,8192,"could get the pay fax to work, I tried many times, and I checked my statement and it was never charged so I assume the fax never faxed.  I consider myself an American ,Christian, Patriot among other things, I hope all is going well for you and remember because of their doctrine of what they believe never trust a muslim, Thomas Jefferson was right to call the muslims",0.0,1.0,0.7,0.3,"The post contains a statement that explicitly expresses distrust towards Muslims, which can be considered an assault on human dignity based on religion. This type of language is likely to be interpreted as hate speech by a significant portion of annotators. However, the post does not contain calls for violence or vulgar language, which might lead some annotators to classify it as not hate speech. The reference to Thomas Jefferson adds a historical context that might influence interpretations, but the clear expression of religious bias suggests a higher likelihood of being labeled as hate speech.","The post contains a statement that explicitly expresses distrust towards Muslims, which can be considered an assault on human dignity based on religion. This type of language is likely to be interpreted as hate speech by a significant portion of annotators. However, the post does not contain calls for violence or vulgar language, which might lead some annotators to classify it as not hate speech. The reference to Thomas Jefferson adds a historical context that might influence interpretations, but the clear expression of religious bias suggests a higher likelihood of being labeled as hate speech.",0.7
641,641,8353,Obama's DAVID AXELROD as Campaign Manager of MUSLIM Candidate for President of Nigeria.  Campaign strategy = Christian President Johnathan Goodlucke could not protect people of Nigeria from TERRORISM & BOKO HARAM.  The Obamas knew people of Nigeria were suffering - under  BOKO HARAM  Hillary Clinton as SOS refused to place BOKO HARAM on TERRORIST WATCH LIST,0.0,1.0,0.6,0.4,"The post contains elements that could be interpreted as hate speech, particularly in its framing of a 'Muslim Candidate' and the implication of a campaign strategy that exploits religious tensions. It also mentions Boko Haram, a terrorist group, in a way that could be seen as inciting fear or prejudice against Muslims. However, the post does not explicitly call for violence or use vulgar language, which might lead to some disagreement among annotators. The focus on political figures and their actions might also be seen as a critique rather than hate speech, leading to a moderate level of disagreement.","The post discusses political figures and their actions in relation to Nigeria's issues with terrorism and Boko Haram. It highlights religious and political tensions by mentioning a 'Muslim Candidate' and criticizing the actions of Obama and Hillary Clinton. While it does not contain explicit calls for violence or vulgar language, it could be seen as demeaning or inciting prejudice against Muslims by associating them with terrorism. This could lead to a moderate level of disagreement among annotators, as some may view it as a political critique rather than hate speech.",0.6
652,652,8497,"Oops, got suspended on twitter for suggesting adults sexually attracted to babies should get offed",0.0,1.0,0.6,0.4,"The post suggests violence against a specific group of people, which falls under the 'Calls for Violence' aspect of hate speech. While many might agree with the sentiment due to the nature of the group being targeted (adults sexually attracted to babies), the explicit suggestion of violence ('should get offed') is likely to be considered hate speech by a significant portion of annotators. However, some annotators might not classify it as hate speech due to the moral repugnance of the targeted group, leading to some disagreement.","The post explicitly suggests violence against a group of people, which is a clear indicator of hate speech under the 'Calls for Violence' category. However, the group being targeted (adults sexually attracted to babies) is widely condemned, which might lead some annotators to not classify it as hate speech. This results in a moderate level of disagreement among annotators.",0.6
668,668,8705,"Him and his 'great society, and 'affirmative  action' are a dark stain on the U.S. ",0.0,1.0,0.6,0.4,"The post refers to 'great society' and 'affirmative action' as a 'dark stain' on the U.S., which can be interpreted as an assault on human dignity, particularly targeting policies aimed at addressing racial inequality. The language used is derogatory towards these initiatives, which are often associated with racial justice and equality. This could lead to a significant portion of annotators viewing it as hate speech. However, the post does not explicitly call for violence or use vulgar language, which might lead some annotators to classify it as not hate speech. The disagreement arises from the interpretation of the phrase 'dark stain' and its implications.","The post criticizes 'great society' and 'affirmative action,' referring to them as a 'dark stain' on the U.S. This language can be seen as demeaning towards policies that are designed to promote racial equality, which may be interpreted as an assault on human dignity. However, the post does not contain explicit calls for violence or use vulgar language, which might lead to some annotators not classifying it as hate speech. The disagreement likely stems from differing views on whether the criticism of these policies constitutes hate speech.",0.6
709,709,9059,someone with a twitter account send this photo to the judge that kangaroo courted Tommy Robinson to 13 months. If the judge is smart he will know what this painting represents. ,0.0,1.0,0.6,0.4,"The post suggests sending a photo to a judge who sentenced Tommy Robinson, implying a threat or intimidation. The reference to 'kangaroo courted' indicates a belief in an unfair trial, and the mention of a painting that the judge should understand could imply a veiled threat. This can be seen as an assault on human dignity and potentially a call for violence, depending on the nature of the painting. The ambiguity of the painting's meaning and the context of the threat may lead to some disagreement among annotators, but the post leans towards being classified as hate speech due to its threatening undertone.","The post implies a threat or intimidation towards a judge by suggesting that a photo should be sent to them, with the expectation that the judge will understand its significance. The use of the term 'kangaroo courted' suggests a belief in an unfair trial, and the reference to a painting that the judge should recognize could imply a veiled threat. This can be interpreted as an assault on human dignity and potentially a call for violence, depending on the nature of the painting. The ambiguity of the painting's meaning and the context of the threat may lead to some disagreement among annotators, but the post leans towards being classified as hate speech due to its threatening undertone.",0.6
737,737,9537,"Just imagine if this was the other way around. Just imagine making a video being all chirpy and happy, celebrating how a capital city of a black country is now majority white. Imagine the weight of the outrage you'd be subjected to. But this? Nah. This is fine. Apparently. https://www.youtube.com/watch?v=irSXUB0LYdI",0.0,1.0,0.6,0.4,"The post implies a racial double standard by suggesting that celebrating demographic changes in a capital city is acceptable only when it involves a majority black population. This could be interpreted as an assault on human dignity by implying that demographic changes involving white populations are not celebrated or are viewed negatively. The post does not explicitly call for violence or use vulgar language, but the underlying racial implications may lead to disagreement among annotators about whether it constitutes hate speech. The ambiguity in the post's intent and the potential for different interpretations based on subjective views about racial issues suggest a moderate level of disagreement among annotators.","The post suggests a racial double standard by implying that celebrating demographic changes in a capital city is acceptable only when it involves a majority black population. This could be interpreted as an assault on human dignity by implying that demographic changes involving white populations are not celebrated or are viewed negatively. The post does not explicitly call for violence or use vulgar language, but the underlying racial implications may lead to disagreement among annotators about whether it constitutes hate speech. The ambiguity in the post's intent and the potential for different interpretations based on subjective views about racial issues suggest a moderate level of disagreement among annotators.",0.6
771,771,9737,"it shows how weak the democrats are to have to rely on a child to do their heavy lifting. they send a kid out to do combat, how is that different than Hamas with their child soldiers?",0.0,1.0,0.6,0.4,"The post compares the Democratic party to Hamas, a group known for using child soldiers, which could be seen as an assault on human dignity by equating a political party with a terrorist organization. This comparison may be interpreted as demeaning or degrading. However, it does not explicitly call for violence or use vulgar language. The analogy used could lead to some disagreement among annotators, but the post's intent to demean is relatively clear, suggesting a moderate level of agreement that it constitutes hate speech.","The post makes a comparison between the Democratic party and Hamas, suggesting that both use children for their purposes. This could be interpreted as an assault on human dignity, as it equates a political party with a terrorist organization known for using child soldiers. The post does not contain explicit calls for violence or use vulgar language, but the analogy could be seen as demeaning or degrading. Given the nature of the comparison, there might be some disagreement among annotators, but the post's intent to demean is relatively clear, leading to a moderate level of agreement that it constitutes hate speech.",0.6
783,783,9926,"Amen brother, this is why some of the new grassroots ideas coming from the left trying to normalize pedophilia. They are testing the waters.",0.0,1.0,0.6,0.4,"The post suggests that there are efforts to normalize pedophilia, which is a highly sensitive and controversial topic. It implies a negative view of certain 'grassroots ideas' from the left, potentially demeaning them by associating them with pedophilia. This could be seen as an assault on human dignity by implying malicious intent. However, it does not explicitly call for violence or use vulgar language. The interpretation of this post as hate speech may vary, leading to some disagreement among annotators.","The post suggests that certain ideas from the left are attempting to normalize pedophilia, which is a highly charged and sensitive accusation. This could be interpreted as an assault on human dignity by associating a political group with a criminal and morally reprehensible act. However, the post does not explicitly call for violence or use vulgar language. The interpretation of this post as hate speech may vary, leading to some disagreement among annotators. Therefore, I predict a moderate level of disagreement with a slight majority classifying it as hate speech.",0.6
785,785,9938,"🌻 DEFEND 🌻 EUROPA 🌻  A nation consists of its blood & soil: An ethnically homogeneous people & the soil they cultivate, the domain that provides shelter, refuge & nourishment from the soil where their ancestors lie buried.",0.0,1.0,0.7,0.3,"The post uses language that aligns with ethnonationalist ideologies, emphasizing 'blood and soil,' which historically has been associated with exclusionary and supremacist views. This can be seen as an assault on human dignity by promoting the idea of ethnic homogeneity as a national ideal. The post does not explicitly call for violence or use vulgar language, but the underlying message may be interpreted as promoting exclusion based on ethnicity, which is a key aspect of hate speech. Given the historical context and the potential for different interpretations, there might be some disagreement among annotators, but the post is likely to be seen as hate speech by a majority due to its ideological implications.","The post emphasizes the concept of 'blood and soil,' which is a phrase historically associated with ethnonationalist and supremacist ideologies. This language suggests an exclusionary view of nationhood based on ethnic homogeneity, which can be interpreted as an assault on human dignity by promoting the idea that only certain ethnic groups belong to a nation. While the post does not explicitly call for violence or use vulgar language, the underlying message may be seen as promoting exclusion based on ethnicity, which is a key aspect of hate speech. Given the historical context and the potential for different interpretations, there might be some disagreement among annotators, but the post is likely to be seen as hate speech by a majority due to its ideological implications.",0.7
820,820,10246,Rest from work? These rats having done any real work since 1945.,0.0,1.0,0.7,0.3,"The post uses derogatory language ('rats') which can be interpreted as demeaning or degrading, potentially targeting a specific group. The reference to 'since 1945' could imply a historical context, possibly alluding to a group associated with World War II, which may be interpreted as anti-Semitic or targeting another group affected by the war. This makes the post likely to be seen as an assault on human dignity. However, the lack of explicit context or direct mention of a specific group may lead to some disagreement among annotators.","The post uses derogatory language ('rats') which can be interpreted as demeaning or degrading, potentially targeting a specific group. The reference to 'since 1945' could imply a historical context, possibly alluding to a group associated with World War II, which may be interpreted as anti-Semitic or targeting another group affected by the war. This makes the post likely to be seen as an assault on human dignity. However, the lack of explicit context or direct mention of a specific group may lead to some disagreement among annotators. Therefore, I predict a higher percentage of annotators classifying it as hate speech, but with some disagreement: [0.7, 0.3].",0.7
837,837,10589,I'm sure mercy will convince them not to genocide us.,0.0,1.0,0.6,0.4,"The post contains a sarcastic tone suggesting that mercy will not prevent a genocide, which can be interpreted as a call for violence or a warning of violence against a group. The use of the term 'genocide' is severe and can be seen as demeaning or degrading, potentially falling under the category of assaults on human dignity. However, the post does not explicitly call for violence or use vulgar language, leading to some ambiguity in interpretation. This could result in a moderate level of disagreement among annotators.","The post's sarcastic tone and reference to genocide suggest a potential call for violence or a warning of violence against a group. The severity of the term 'genocide' can be seen as demeaning or degrading, potentially falling under assaults on human dignity. However, the lack of explicit calls for violence or vulgar language introduces some ambiguity, leading to moderate disagreement among annotators.",0.6
873,873,11026,"reading a bit of what this person had to say for defense, one might glean from it and say that he's a bit of a crazy tranny. https://bbc.in/2ADedyv",0.0,1.0,0.6,0.4,"The post uses the term 'crazy tranny,' which is a derogatory slur against transgender individuals. This language can be considered an assault on human dignity as it demeans a group based on gender identity. The use of such a slur is likely to be interpreted as hate speech by a significant portion of annotators. However, the post does not contain calls for violence or explicit vulgarity beyond the slur, which may lead to some annotators not classifying it as hate speech. This results in a moderate level of disagreement among annotators.","The post contains a derogatory term 'tranny,' which is considered a slur against transgender individuals. This falls under the category of assaults on human dignity as it targets a group based on gender identity. The use of such language is likely to be seen as hate speech by many annotators. However, the post does not explicitly call for violence or use additional vulgar language, which might lead some annotators to classify it as not hate speech. Therefore, there is a moderate level of disagreement expected among annotators.",0.6
874,874,11032,"I'm so triggered. As an Asian, I will not stand by that privileged white woman saying that an Asian country has so utterly failed that any one in it will 'most likely get killed'. She's basically saying that Asians don't know how to run a country and provide common security to the people in it. #whitematriarchy",0.0,1.0,0.6,0.4,"The post expresses strong disapproval of a statement made by a 'privileged white woman' about an Asian country, which is perceived as demeaning to Asians. This could be seen as an assault on human dignity, as it suggests racial superiority or incompetence. The use of the hashtag #whitematriarchy also implies a critique of racial and gender power dynamics. However, the post does not contain calls for violence or vulgar language, which might lead to some disagreement among annotators about whether it constitutes hate speech.","The post criticizes a statement perceived as racially insensitive, suggesting that it demeans Asians by implying they cannot run a country effectively. This could be seen as an assault on human dignity, a key aspect of hate speech. The hashtag #whitematriarchy adds a layer of critique on racial and gender power dynamics. However, the absence of calls for violence or vulgar language might lead to some annotators not classifying it as hate speech, resulting in moderate disagreement.",0.6
880,880,11066,Shit down his throat. I'll put my gifted IQ against his lucky-to-get-through college IQ any day.,0.0,1.0,0.7,0.3,"The post contains vulgar and offensive language ('Shit down his throat') which could be interpreted as a metaphorical call for violence or an expression of extreme disdain. The use of profanity and the aggressive tone may lead some annotators to classify it as hate speech, particularly if they perceive it as a threat or demeaning statement. However, the lack of specific targeting based on protected characteristics might lead others to see it as merely offensive rather than hate speech. This results in a moderate level of disagreement among annotators.","The post uses vulgar language and an aggressive tone, which could be seen as offensive and potentially inciting violence metaphorically. The phrase 'Shit down his throat' is particularly aggressive and could be interpreted as a violent expression, though it lacks specificity in targeting a protected group. The mention of 'gifted IQ' versus 'lucky-to-get-through college IQ' introduces a personal attack based on perceived intelligence, which may not directly fall under hate speech but contributes to the overall offensive nature of the post. Given these factors, there is likely to be some disagreement among annotators, with a higher percentage classifying it as hate speech due to the offensive and aggressive language.",0.7
903,903,11369,Indeed. Which proves not all are bad. True followers of only quran. Not Talmudic wahhabism. Most young are following crypto jew Saudi wahhabism. Thanks.👍🏻,0.0,1.0,0.6,0.4,"The post contains language that could be interpreted as demeaning or degrading towards certain religious groups, specifically by contrasting 'true followers of only quran' with 'Talmudic wahhabism' and 'crypto jew Saudi wahhabism.' This language could be seen as an assault on human dignity by implying negative connotations about certain religious practices or groups. The use of 'crypto jew' could be perceived as a slur or offensive language. However, the post does not explicitly call for violence. The ambiguity in the language and the potential for different interpretations based on cultural or religious context may lead to some disagreement among annotators, but the presence of potentially offensive language suggests a moderate likelihood of being classified as hate speech.","The post contrasts 'true followers of only quran' with 'Talmudic wahhabism' and 'crypto jew Saudi wahhabism,' which could be interpreted as demeaning or degrading towards certain religious groups. The term 'crypto jew' could be seen as a slur or offensive language. While there is no explicit call for violence, the language used could be seen as an assault on human dignity. The ambiguity and potential for different interpretations may lead to some disagreement among annotators, but the presence of potentially offensive language suggests a moderate likelihood of being classified as hate speech.",0.6
907,907,11411,And now there will be a »Soros University« in Vienna/Austria. Let that sink in. The Left is out for joy. The must be a #ReconquistaAustriaca or we are lost!,0.0,1.0,0.6,0.4,"The post mentions 'Soros University' in a context that suggests opposition to it, which may imply an anti-Semitic undertone given the common conspiracy theories surrounding George Soros. The hashtag #ReconquistaAustriaca suggests a call to action to reclaim Austria, which could be interpreted as a nationalist or exclusionary sentiment. However, the post does not explicitly call for violence or use vulgar language, leading to some ambiguity in interpretation. This results in a moderate level of disagreement among annotators, with a slight majority likely to classify it as hate speech due to the potential for demeaning or degrading implications.","The post references 'Soros University' in a way that could be interpreted as anti-Semitic, given the common conspiracy theories about George Soros. The use of the hashtag #ReconquistaAustriaca suggests a nationalist sentiment, which could be seen as exclusionary or demeaning to certain groups. However, the post does not explicitly call for violence or use offensive language, leading to some ambiguity. This results in a moderate level of disagreement among annotators, with a slight majority likely to classify it as hate speech.",0.6
912,912,11460,"In case Warden doesn't post this link, I will. Read the Whole Thing http://ace.mu.nu/archives/376689.php  Been saying for decades that Civil War 2.0 will happen prior to 2025. I see nothing to change my mind, or even question the math any more. It's coming. Be ready.",0.0,1.0,0.6,0.4,"The post suggests the inevitability of a civil war, which can be interpreted as a call for violence or at least an acceptance of violent conflict. This could be seen as inciting or encouraging violence, which is a key aspect of hate speech. However, the post does not explicitly call for violence or use offensive language, which might lead to some disagreement among annotators. The prediction of civil war could be seen as a political opinion rather than a direct incitement, leading to some annotators not classifying it as hate speech.","The post suggests the inevitability of a civil war, which can be interpreted as a call for violence or at least an acceptance of violent conflict. This could be seen as inciting or encouraging violence, which is a key aspect of hate speech. However, the post does not explicitly call for violence or use offensive language, which might lead to some disagreement among annotators. The prediction of civil war could be seen as a political opinion rather than a direct incitement, leading to some annotators not classifying it as hate speech. Therefore, I predict a moderate level of disagreement with percentages of [0.6, 0.4] for hate speech vs. not hate speech.",0.6
937,937,11662,OBVIOUS. FAKE. STAGED. False Flag Terrorism.  And now the media needs armed guards to protect themselves against us crazy civilians? All tax-paid for??,0.0,1.0,0.6,0.4,"The post suggests that media claims of needing protection are exaggerated or fabricated, which could be interpreted as undermining the seriousness of threats against journalists. It uses terms like 'False Flag Terrorism' which can be associated with conspiracy theories. The phrase 'us crazy civilians' could be seen as sarcastic, potentially minimizing the threat of violence. However, it does not explicitly call for violence or use vulgar language, leading to some ambiguity in interpretation.","The post contains elements that could be interpreted as undermining the seriousness of threats against journalists, which might be seen as an assault on human dignity. The use of 'False Flag Terrorism' suggests a conspiracy theory angle, which can be polarizing. The phrase 'us crazy civilians' is sarcastic and could be seen as minimizing the threat of violence, but it does not explicitly call for violence or use vulgar language. This leads to some ambiguity in interpretation, resulting in a moderate level of disagreement among annotators.",0.6
947,947,11749,"Just give the word, boss. How many goy lives and limbs do you need this time?",0.0,1.0,0.7,0.3,"The post uses the term 'goy,' which is often used in a derogatory manner towards non-Jewish people. This can be seen as an assault on human dignity based on religious or ethnic lines. The phrase 'how many lives and limbs do you need this time?' could be interpreted as a call for violence or at least a reference to violence, adding to the potential for it to be classified as hate speech. The language is somewhat ambiguous, but the use of 'goy' and the context of violence suggest a higher likelihood of being classified as hate speech.","The post contains language that can be interpreted as demeaning towards non-Jewish people, using the term 'goy' in a potentially derogatory context. Additionally, the mention of 'lives and limbs' implies a violent context, which could be seen as a call for violence or at least a reference to it. Given these elements, there is a significant likelihood that annotators would classify this as hate speech, though some may not due to the ambiguity of the context. Therefore, the prediction is that 70% of annotators would classify it as hate speech, while 30% would not.",0.7
952,952,11811,"It always works out this way!😂 @metrouk are no different! Butthurt leftist snowflakes trying desperately to trigger conservatives, get owned by their own childish memes!👌😁🇺🇸",1.0,0.0,0.4,0.6,"The post uses derogatory language such as 'butthurt leftist snowflakes' which could be seen as demeaning to a group based on political beliefs. However, it does not explicitly attack human dignity based on protected characteristics like race or gender, nor does it call for violence. The use of 'owned' and 'childish memes' suggests a mocking tone, but it is more likely to be interpreted as political banter rather than hate speech. The language is somewhat offensive but not overtly hateful, leading to potential disagreement among annotators.","The post contains language that could be considered offensive or derogatory towards a political group ('leftist snowflakes'), but it does not explicitly demean individuals based on protected characteristics such as race, gender, or religion. It does not call for violence, and while it uses mocking language, it is more likely to be interpreted as political banter. The use of emojis and phrases like 'get owned' suggests a tone of ridicule rather than hate. Therefore, there might be some disagreement among annotators, with a slight majority likely classifying it as not hate speech.",0.6
960,960,11881,Loads of those sort of places here in England. Also we have lost free speech and have sharia courts due to feeble minded liberals.,1.0,0.0,0.4,0.6,"The post makes a claim about the loss of free speech and the presence of sharia courts in England, attributing these to 'feeble minded liberals.' This could be seen as an assault on human dignity by implying that liberals are responsible for negative societal changes. However, it does not explicitly call for violence or use vulgar language. The post's interpretation may vary based on one's views on political and cultural issues, leading to moderate disagreement among annotators.","The post criticizes liberals and suggests that their actions have led to negative consequences in England, such as the loss of free speech and the presence of sharia courts. This could be interpreted as an attack on a political group, which may be seen as demeaning. However, it lacks explicit calls for violence or vulgar language, making it less clear-cut as hate speech. The context and political views of annotators may influence their interpretation, resulting in moderate disagreement.",0.6
962,962,11887,"Me, when very young, in the car with my Mother, not in the very best neighborhood, waiting for my Father, as a black walks by, yelled as loud as my little voice could 'Mom! You know that stuff won't was off?!?!'",0.0,1.0,0.7,0.3,"The post contains a racially insensitive remark made by the speaker as a child, which could be interpreted as demeaning or degrading towards black individuals. This falls under the 'Assaults on Human Dignity' aspect of hate speech. The post does not contain calls for violence or vulgar language, but the racial undertone is likely to lead to a higher percentage of annotators classifying it as hate speech. However, since the speaker is recounting a childhood memory, some annotators might not view it as hate speech, leading to some disagreement.","The post recounts a childhood memory where the speaker made a racially insensitive comment about a black person. This comment can be seen as demeaning or degrading, which aligns with the 'Assaults on Human Dignity' aspect of hate speech. While the post does not explicitly call for violence or use vulgar language, the racial undertone is significant enough to likely result in a higher percentage of annotators classifying it as hate speech. However, the context of the speaker being a child at the time might lead some annotators to view it as less severe, resulting in some disagreement. Therefore, I predict the percentages of annotators who classify the post as hate speech vs. not hate speech to be [0.7, 0.3].",0.7
978,978,11989,"No, Mollie 'I hate white people' Tibbetts symbolizes Flyover Country because her heart was bigger than her brain and she acquiesced in policies that eventually led to her death.",0.0,1.0,0.7,0.3,"The post contains elements that could be interpreted as hate speech, particularly in the way it references Mollie Tibbetts. The phrase 'I hate white people' is a direct assault on human dignity, suggesting racial animosity. Additionally, the post implies that her death was a result of her own political beliefs, which could be seen as demeaning or degrading. The language used is provocative and could be seen as offensive, leading to a higher likelihood of annotators classifying it as hate speech. However, the post does not explicitly call for violence, which might lead some annotators to classify it as not hate speech. Overall, the post is likely to result in some disagreement among annotators, but the presence of racial and offensive language suggests a higher percentage of hate speech classification.","The post contains elements that could be interpreted as hate speech, particularly in the way it references Mollie Tibbetts. The phrase 'I hate white people' is a direct assault on human dignity, suggesting racial animosity. Additionally, the post implies that her death was a result of her own political beliefs, which could be seen as demeaning or degrading. The language used is provocative and could be seen as offensive, leading to a higher likelihood of annotators classifying it as hate speech. However, the post does not explicitly call for violence, which might lead some annotators to classify it as not hate speech. Overall, the post is likely to result in some disagreement among annotators, but the presence of racial and offensive language suggests a higher percentage of hate speech classification.",0.7
997,997,12185,Good riddance Hanoi John!  Stang lays out just some of McCain’s bloody legacy. The man never met a group of people he didn’t want to bomb. The McCain Feingold Act was a Constitutional abomination and his blind hatred for Trump seemed to be a mixture of jealousy and fear that his Deep State buddies were about to be exposed. And don’t forget to look up McCain’s “Tokyo Rose” recordings...,0.0,1.0,0.6,0.4,"The post contains derogatory language towards John McCain, referring to him as 'Hanoi John' and accusing him of having a 'bloody legacy' and 'blind hatred for Trump.' This could be seen as an assault on human dignity, particularly given McCain's status as a public figure and war veteran. The post also implies negative actions and intentions, such as wanting to bomb groups of people and being involved with the 'Deep State.' However, it does not explicitly call for violence or use vulgar language. The post's interpretation may vary, leading to some disagreement among annotators.","The post uses derogatory language towards John McCain, referring to him as 'Hanoi John' and accusing him of having a 'bloody legacy' and 'blind hatred for Trump.' This could be interpreted as an assault on human dignity, especially given McCain's status as a public figure and war veteran. The post also implies negative actions and intentions, such as wanting to bomb groups of people and being involved with the 'Deep State.' However, it does not explicitly call for violence or use vulgar language. The interpretation of the post may vary, leading to some disagreement among annotators.",0.6
1007,1007,12297,"Nothing needs to be done. If he survives his eventual and certain cultural enrichment, then he'll see things our way.",0.0,1.0,0.7,0.3,"The post uses the phrase 'cultural enrichment' in a sarcastic or euphemistic manner, which is often used in a derogatory context to imply negative consequences associated with multiculturalism or immigration. This can be seen as an assault on human dignity, as it degrades individuals or groups based on cultural or ethnic backgrounds. The phrase 'eventual and certain' suggests a negative outcome, which could be interpreted as a veiled threat or wish for harm, although it does not explicitly call for violence. The language is ambiguous and relies on context, leading to potential disagreement among annotators.","The post contains language that can be interpreted as demeaning or degrading towards certain cultural or ethnic groups, particularly with the use of 'cultural enrichment' in a sarcastic manner. This suggests an assault on human dignity. However, it does not explicitly call for violence or use vulgar language. The ambiguity and reliance on context may lead to high disagreement among annotators, but the derogatory undertone suggests a higher likelihood of being classified as hate speech.",0.7
1025,1025,12453,"YOU WERE WARNED THAT THEY WOULD COME FOR YOU NEXT.  The Alt-Right warned you. We told you exactly what would happen.  YOU DIDN’T LISTEN. You didn’t want to be called “racist.” Now it will be even harder for you to fight back, because you’ve already made it clear that your issue is not *all* censorship of lawful speech, but merely the *degree* of censorship.",0.0,1.0,0.6,0.4,"The post contains elements that could be interpreted as hate speech, particularly in its alignment with the Alt-Right, which is often associated with racist ideologies. The use of capital letters and the phrase 'they would come for you next' could be seen as inciting fear or suggesting a threat, which may be interpreted as a call for action or violence. However, the post does not explicitly demean any specific group or use vulgar language, which might lead to some annotators not classifying it as hate speech. This results in a moderate level of disagreement among annotators.","The post aligns itself with the Alt-Right, a group often associated with racist and extremist ideologies, which may lead some annotators to classify it as hate speech. The language used ('YOU WERE WARNED', 'YOU DIDN’T LISTEN') is aggressive and could be interpreted as inciting fear or suggesting a threat, which might be seen as a call for action or violence. However, the post does not explicitly demean any specific group or use vulgar language, which might lead to some annotators not classifying it as hate speech. This results in a moderate level of disagreement among annotators, with a prediction of [0.6, 0.4] for hate speech vs. not hate speech.",0.6
1031,1031,12482,"I rate Facebook's trustworthiness at -100. Seriously, people, STOP supporting your enemies. This is not a game. They really want you dead and gone.  http://thehill.com/policy/technology/402829-facebo...",0.0,1.0,0.6,0.4,"The post contains a strong negative sentiment towards Facebook, suggesting that it is an 'enemy' and implying that it wants people 'dead and gone.' This could be interpreted as a call for violence or an assault on human dignity, as it dehumanizes the entity and suggests a threat to life. However, the post does not explicitly call for violence or use vulgar language, which may lead to some disagreement among annotators. The ambiguity in the language and the lack of direct offensive language or explicit calls for violence may result in moderate disagreement among annotators.","The post expresses a strong distrust and animosity towards Facebook, suggesting that it is an enemy and implying that it wants people 'dead and gone.' This language could be interpreted as dehumanizing and threatening, which aligns with aspects of hate speech such as assaults on human dignity. However, the post does not explicitly call for violence or use vulgar language, which may lead to some disagreement among annotators. The ambiguity in the language and the lack of direct offensive language or explicit calls for violence may result in moderate disagreement among annotators. Therefore, I predict that 60% of annotators might classify this as hate speech, while 40% might not.",0.6
1041,1041,12579,Remember when Hillary Clinton’s Campaign was so sure that she would become President that they assassinated Supreme Court Justice Antonin Scalia so that she would be guaranteed a SCOTUS pick in her first term?,0.0,1.0,0.6,0.4,"The post suggests a conspiracy theory involving the assassination of a Supreme Court Justice, which can be seen as a call for violence or an endorsement of violent actions. This aspect may lead some annotators to classify it as hate speech. However, the post does not directly assault human dignity or use vulgar language, which might lead others to see it as not hate speech. The ambiguity and conspiracy nature of the content could result in moderate disagreement among annotators.","The post implies a conspiracy theory that involves a serious accusation of assassination, which can be interpreted as promoting or endorsing violence. This aspect aligns with the 'Calls for Violence' category of hate speech. However, it does not directly demean or degrade individuals based on protected characteristics, nor does it use vulgar or offensive language. The conspiracy theory nature of the post may lead to varying interpretations, resulting in moderate disagreement among annotators. Therefore, the predicted percentages are [0.6, 0.4].",0.6
1049,1049,12746,"When it comes to entertainment, wether it’s sports or Hollywood, we are the organ grinders and you are our monkeys.  If you don’t perform for us and stop entertaining us, we can always find another monkey.",0.0,1.0,0.6,0.4,"The post uses a metaphor that compares entertainers to 'monkeys,' which can be interpreted as demeaning and degrading, particularly if the entertainers belong to racial or ethnic groups historically subjected to such dehumanizing language. This aspect of the post could be seen as an assault on human dignity. However, the post does not explicitly call for violence or use vulgar language, which might lead to some disagreement among annotators. The metaphor's interpretation could vary, leading to a moderate level of disagreement.","The post uses a metaphor that compares entertainers to 'monkeys,' which can be interpreted as demeaning and degrading, particularly if the entertainers belong to racial or ethnic groups historically subjected to such dehumanizing language. This aspect of the post could be seen as an assault on human dignity. However, the post does not explicitly call for violence or use vulgar language, which might lead to some disagreement among annotators. The metaphor's interpretation could vary, leading to a moderate level of disagreement.",0.6
1059,1059,12965,Remember all those times the DailyStormer promoted Atomwaffen Division and even James Mason? ,0.0,1.0,0.6,0.4,"The post references the Daily Stormer and Atomwaffen Division, both of which are associated with extremist and hate groups. The mention of promoting these groups suggests an endorsement or at least a recognition of their ideologies, which are often linked to hate speech, particularly assaults on human dignity and calls for violence. However, the post itself does not explicitly use offensive language or directly incite violence, leading to some ambiguity. This could result in a moderate level of disagreement among annotators, as some may view the post as indirectly promoting hate speech, while others may see it as merely stating a fact without endorsement.","The post references the Daily Stormer and Atomwaffen Division, both of which are associated with extremist and hate groups. The mention of promoting these groups suggests an endorsement or at least a recognition of their ideologies, which are often linked to hate speech, particularly assaults on human dignity and calls for violence. However, the post itself does not explicitly use offensive language or directly incite violence, leading to some ambiguity. This could result in a moderate level of disagreement among annotators, as some may view the post as indirectly promoting hate speech, while others may see it as merely stating a fact without endorsement. Therefore, the predicted percentages of annotators who classify the post as hate speech vs. not hate speech are [0.6, 0.4].",0.6
1098,1098,13566,"Yep, just long enough to let her brainwash other women & then POW, she's nothing but a memory. ",0.0,1.0,0.6,0.4,"The post contains language that could be interpreted as a call for violence, specifically the use of 'POW' in the context of making someone 'nothing but a memory.' This suggests a violent end to the person being discussed. The post also implies a negative view towards women, potentially demeaning them by suggesting they are being 'brainwashed.' However, the language is somewhat ambiguous and could be interpreted in different ways, leading to a moderate level of disagreement among annotators.","The post uses the phrase 'POW, she's nothing but a memory,' which can be interpreted as a call for violence or harm against a woman. The context suggests a negative view towards women, implying they are being 'brainwashed.' The language is somewhat ambiguous, leading to potential disagreement among annotators about whether it constitutes hate speech. Therefore, the prediction is that 60% of annotators might classify it as hate speech due to the violent implication, while 40% might not see it as such due to the ambiguity.",0.6
1152,1152,14343,"They don't want anyone countering their anti-white narrative, they don't want anyone calling out the people who push it, so they shut as many people down as possible. They say it's for 'Hate Speech' but they're the hateful ones forcing us to conform to their idea of the future",0.0,1.0,0.7,0.3,"The post contains elements that could be interpreted as hate speech, particularly in its reference to an 'anti-white narrative' and the suggestion that 'they' are the 'hateful ones.' This language could be seen as demeaning or degrading to certain groups, potentially falling under the category of 'Assaults on Human Dignity.' However, the post does not explicitly call for violence or use vulgar language, which might lead to some disagreement among annotators. The post's content is somewhat ambiguous and could be interpreted differently depending on one's perspective on racial and social issues, leading to a moderate level of disagreement among annotators.","The post suggests that there is an 'anti-white narrative' and accuses others of being 'hateful' for allegedly suppressing dissenting views. This could be seen as an assault on human dignity, as it implies a victimization of a racial group and accuses others of malicious intent. However, it does not explicitly call for violence or use vulgar language. The post's interpretation may vary based on the reader's perspective on racial issues, leading to a moderate level of disagreement among annotators. Therefore, I predict that 70% of annotators might classify it as hate speech, while 30% might not.",0.7
1153,1153,14345,Just think about how sick it is that they want no opposition whatsoever to the mass replacement-level immigration going on in western countries. They are prepared to totally wipe people from the internet to achieve it. This is not a game...,0.0,1.0,0.6,0.4,"The post discusses 'mass replacement-level immigration' and suggests a conspiracy to 'wipe people from the internet' to achieve this. The language used can be interpreted as demeaning or degrading towards immigrants, suggesting a threat to the existing population, which aligns with the 'Assaults on Human Dignity' aspect of hate speech. However, it does not explicitly call for violence or use vulgar language. The post's content is likely to be interpreted differently based on subjective views about immigration and free speech, leading to a moderate level of disagreement among annotators.","The post discusses the topic of immigration in a way that suggests a conspiracy and a threat to the existing population, which can be seen as demeaning or degrading towards immigrants. This aligns with the 'Assaults on Human Dignity' aspect of hate speech. However, it does not explicitly call for violence or use vulgar language. The language used is somewhat ambiguous and can be interpreted differently based on subjective views about immigration and free speech, leading to a moderate level of disagreement among annotators. Therefore, the predicted percentages of annotators who classify the post as hate speech vs. not hate speech are [0.6, 0.4].",0.6
1157,1157,14426,"lol @JohnGritt‍, Afterall, we're the true Aryans.",0.0,1.0,0.7,0.3,"The post makes a reference to 'Aryans,' which is historically associated with Nazi ideology and white supremacy. This can be seen as an assault on human dignity, as it implies racial superiority. The use of 'lol' suggests a casual or joking tone, which might lead to some disagreement among annotators about the seriousness of the statement. However, the reference to 'true Aryans' is likely to be interpreted by many as hate speech due to its historical connotations.","The post contains a reference to 'Aryans,' which is historically associated with Nazi ideology and white supremacy. This can be seen as an assault on human dignity, as it implies racial superiority. The use of 'lol' suggests a casual or joking tone, which might lead to some disagreement among annotators about the seriousness of the statement. However, the reference to 'true Aryans' is likely to be interpreted by many as hate speech due to its historical connotations. Therefore, I predict a higher percentage of annotators would classify this as hate speech, but there may still be some disagreement, leading to a prediction of [0.7, 0.3].",0.7
1178,1178,14610,"Police in Londistan,  Formally known as London",0.0,1.0,0.7,0.3,"The post uses the term 'Londistan,' which is a derogatory term often used to imply that London has been overtaken by Muslim influence, suggesting an assault on human dignity based on religion and ethnicity. This term is likely to be interpreted as hate speech by a significant portion of annotators due to its demeaning nature. However, the post does not explicitly call for violence or use vulgar language, which might lead some annotators to classify it as not hate speech. The term's derogatory nature and the context of its use contribute to a moderate level of disagreement among annotators.","The post uses the term 'Londistan,' which is a derogatory term often used to imply that London has been overtaken by Muslim influence, suggesting an assault on human dignity based on religion and ethnicity. This term is likely to be interpreted as hate speech by a significant portion of annotators due to its demeaning nature. However, the post does not explicitly call for violence or use vulgar language, which might lead some annotators to classify it as not hate speech. The term's derogatory nature and the context of its use contribute to a moderate level of disagreement among annotators.",0.7
1202,1202,14917,Wrong. http://loganswarning.com/2009/12/15/islam-101-lying-is-permissible/ Get some new talking points. You are just a dime a dozen liar for Allah.,0.0,1.0,0.6,0.4,"The post contains a link to a website that appears to be critical of Islam, and the language used ('dime a dozen liar for Allah') suggests a derogatory tone towards Muslims. This could be interpreted as an assault on human dignity based on religion. However, the post does not explicitly call for violence or use vulgar language, which might lead to some disagreement among annotators about whether it constitutes hate speech. The ambiguity in the severity of the language and the context of the linked content could result in moderate disagreement among annotators.","The post criticizes someone as a 'dime a dozen liar for Allah,' which implies a negative stereotype about Muslims. This could be seen as demeaning or degrading based on religion, fitting the 'Assaults on Human Dignity' aspect of hate speech. However, it does not contain explicit calls for violence or use vulgar language. The context of the linked content might influence interpretations, but the post itself leans towards being considered hate speech due to its derogatory nature. Therefore, I predict a moderate level of annotator disagreement, with a higher percentage classifying it as hate speech.",0.6
1242,1242,15426,"Where and who is “Amalek” (the people the Jews are commanded to wipe out) today? This Rabbi tells us, it’s Germany, or more specifically, Germanic Europeans pose a threat. And, this has indeed shown to be the case in history. https://zionistreport.com/2018/01/video-rabbi-germans-biggest-threat/",0.0,1.0,0.7,0.3,"The post references a religious commandment to 'wipe out' a group of people, which can be interpreted as a call for violence against Germanic Europeans. This aspect of the post is likely to be seen as hate speech by many annotators. Additionally, the post suggests that a specific ethnic group poses a threat, which could be seen as an assault on human dignity. The context of the post, referencing a Rabbi's statement, may add to the complexity, but the potential for inciting violence and targeting a specific ethnic group is likely to lead to a higher percentage of annotators classifying it as hate speech.","The post discusses a religious commandment to 'wipe out' a group of people, specifically targeting Germanic Europeans. This can be interpreted as a call for violence and an assault on human dignity, as it targets a specific ethnic group. The context of the post, referencing a Rabbi's statement, may add some complexity, but the potential for inciting violence and targeting a specific ethnic group is likely to lead to a higher percentage of annotators classifying it as hate speech. Therefore, I predict a higher percentage of annotators would classify this post as hate speech, with some disagreement due to the religious and historical context.",0.7
1294,1294,16037,NOT students!  in their 20's....Crisis ACTORS  being paid by Soros to divide  & stir up trouble !   Hogg thinks this is a Career !!!  ,0.0,1.0,0.7,0.3,"The post accuses individuals of being 'crisis actors' paid by George Soros, a common conspiracy theory often used to delegitimize protestors and activists. This can be seen as an assault on human dignity, as it implies deceit and manipulation for nefarious purposes. The mention of Soros, a Jewish philanthropist, is frequently associated with anti-Semitic tropes, which may contribute to the perception of hate speech. The post does not explicitly call for violence or use vulgar language, but the conspiracy theory aspect and potential anti-Semitic undertones could lead to a higher percentage of annotators classifying it as hate speech. However, the lack of explicit offensive language or direct calls for violence might lead some annotators to classify it as not hate speech, resulting in moderate disagreement.","The post accuses individuals of being 'crisis actors' paid by Soros, which is a common conspiracy theory often used to delegitimize protestors and activists. This can be seen as an assault on human dignity, as it implies deceit and manipulation for nefarious purposes. The mention of Soros, a Jewish philanthropist, is frequently associated with anti-Semitic tropes, which may contribute to the perception of hate speech. The post does not explicitly call for violence or use vulgar language, but the conspiracy theory aspect and potential anti-Semitic undertones could lead to a higher percentage of annotators classifying it as hate speech. However, the lack of explicit offensive language or direct calls for violence might lead some annotators to classify it as not hate speech, resulting in moderate disagreement.",0.7
1351,1351,16808,"Unfortunately, they aren’t the “natural conservatives” many people think they are. Voter data clearly shows that the vast majority of non whites vote to the left in the US, just as they do in their home countries. Once we become the minority, a Republican will never win another national election again.",0.0,1.0,0.6,0.4,"The post suggests that non-white individuals are not 'natural conservatives' and implies a threat to the political power of Republicans due to demographic changes. This can be seen as an assault on human dignity by generalizing and demeaning non-white individuals based on their voting patterns. The post does not explicitly call for violence or use vulgar language, but the underlying message about demographic change and political power could be interpreted as racially charged, leading to some annotators viewing it as hate speech. However, the lack of explicit offensive language or direct incitement to violence may lead to some disagreement among annotators.","The post discusses the voting patterns of non-white individuals in the US and implies a threat to Republican political power due to demographic changes. This can be interpreted as an assault on human dignity by generalizing and demeaning non-white individuals based on their voting patterns. The post does not explicitly call for violence or use vulgar language, but the underlying message about demographic change and political power could be interpreted as racially charged. This may lead to some annotators viewing it as hate speech, while others may not see it as such due to the lack of explicit offensive language or direct incitement to violence. Therefore, there is likely to be some disagreement among annotators, but not extremely high.",0.6
1383,1383,17177,"msm is owned by soreass and the global elite.  We will never hear anything of value on msm.  Don't buy their papers, don't subscribe to their news on the internet, don't pay for their channels if given a choice.  Let the liberals keep drinking the koolaid.  Imagine the lefts surprise when they go to vote in november and they don't recognize any of the candidates because they have all been imprisoned or are awaiting tribunal/execution?",0.0,1.0,0.6,0.4,"The post contains elements that could be interpreted as hate speech, particularly in its use of derogatory language towards liberals and its suggestion of imprisonment or execution of political opponents. This could be seen as an assault on human dignity and a call for violence, albeit indirectly. The language is provocative and could be interpreted as inciting hostility against a particular political group. However, the post does not explicitly call for violence or use vulgar language, which might lead to some disagreement among annotators. Therefore, there is likely to be moderate disagreement, with a slight majority classifying it as hate speech.","The post suggests that mainstream media (msm) is controlled by a group referred to as ""soreass and the global elite,"" which could be interpreted as a derogatory reference to George Soros and a conspiracy theory about elite control. It advises against consuming mainstream media and uses the phrase ""let the liberals keep drinking the koolaid,"" which is a derogatory statement implying that liberals are blindly following false information. The post further imagines a scenario where liberal candidates are imprisoned or executed, which could be interpreted as a call for violence or dehumanization of political opponents. While the post does not use explicit vulgar language, its content could be seen as promoting hostility and division, particularly against liberals. This could lead to a moderate level of disagreement among annotators, with some viewing it as hate speech due to its demeaning language and implied threats, while others may see it as political hyperbole.",0.6
1392,1392,17250,Too bad Kahn cannot be at the end of a rope. ,0.0,1.0,0.7,0.3,"The post 'Too bad Kahn cannot be at the end of a rope' suggests a call for violence, as it implies a wish for someone to be hanged. This is a serious and explicit suggestion of harm, which is a clear indicator of hate speech. The post does not contain vulgarity or offensive language, but the implied call for violence is significant. Given the clarity of the violent suggestion, there is likely to be low disagreement among annotators about this being classified as hate speech.","The post 'Too bad Kahn cannot be at the end of a rope' suggests a call for violence, as it implies a wish for someone to be hanged. This is a serious and explicit suggestion of harm, which is a clear indicator of hate speech. The post does not contain vulgarity or offensive language, but the implied call for violence is significant. Given the clarity of the violent suggestion, there is likely to be low disagreement among annotators about this being classified as hate speech. Therefore, I predict that a higher percentage of annotators would classify this as hate speech, around 70%, while 30% might not see it as such due to the lack of explicit offensive language or context about who 'Kahn' is.",0.7
1404,1404,17374,THE REAL bill clinton  EVIL father & THIS LOAD DIDN'T END UP IN MONICA'S MOUTH,0.0,1.0,0.7,0.3,"The post contains vulgar and offensive language, particularly in the phrase 'THIS LOAD DIDN'T END UP IN MONICA'S MOUTH,' which is a crude reference to a past scandal involving Bill Clinton and Monica Lewinsky. This language is likely to be considered demeaning and degrading, particularly towards Monica Lewinsky. The post does not explicitly call for violence, but the use of the term 'EVIL' in all caps could be interpreted as an assault on human dignity, particularly towards Bill Clinton. The vulgarity and offensive nature of the language are likely to lead to a higher percentage of annotators classifying this as hate speech, though there may be some disagreement due to the lack of explicit calls for violence or direct assaults on protected characteristics.","The post uses vulgar and offensive language, particularly in the phrase 'THIS LOAD DIDN'T END UP IN MONICA'S MOUTH,' which is a crude reference to a past scandal involving Bill Clinton and Monica Lewinsky. This language is likely to be considered demeaning and degrading, particularly towards Monica Lewinsky. The post does not explicitly call for violence, but the use of the term 'EVIL' in all caps could be interpreted as an assault on human dignity, particularly towards Bill Clinton. The vulgarity and offensive nature of the language are likely to lead to a higher percentage of annotators classifying this as hate speech, though there may be some disagreement due to the lack of explicit calls for violence or direct assaults on protected characteristics.",0.7
1411,1411,17431,"Why youtube suppresses videos that defends human rights and logically exposes the ultimate most powerful racism on earth, Zionist Israel & Globalism. Thought they opposed ""Racism"". Why would they hide its 95% rating, not comment,, even see its numbers???  https://kek.gg/u/qkcm",0.0,1.0,0.6,0.4,"The post accuses YouTube of suppressing content that defends human rights and exposes 'the ultimate most powerful racism on earth,' specifically targeting 'Zionist Israel & Globalism.' This language can be interpreted as an assault on human dignity, as it targets a specific group (Zionists) and associates them with globalism in a negative context. The post does not explicitly call for violence, but the language used could be seen as offensive or inflammatory, particularly in its broad accusations. The ambiguity in the post's intent and the potential for it to be interpreted as anti-Semitic may lead to a moderate level of disagreement among annotators.","The post accuses YouTube of suppressing videos that defend human rights and expose what it calls 'the ultimate most powerful racism on earth,' specifically targeting 'Zionist Israel & Globalism.' This language can be interpreted as an assault on human dignity, as it targets a specific group (Zionists) and associates them with globalism in a negative context. While the post does not explicitly call for violence, the language used could be seen as offensive or inflammatory, particularly in its broad accusations. The ambiguity in the post's intent and the potential for it to be interpreted as anti-Semitic may lead to a moderate level of disagreement among annotators. Therefore, I predict that 60% of annotators might classify this post as hate speech, while 40% might not.",0.6
1414,1414,17456,"This is the kind of racist POS that makes me wanna jump through the TV, and ....  http://insider.foxnews.com/2018/06/13/ms-13-gang-reportedly-terrorizing-maryland-school-tucker-carlson-clashes-ex-dnc-official",0.0,1.0,0.6,0.4,"The post expresses a strong emotional reaction to a perceived racist individual, using the term 'racist POS' which is vulgar and offensive. The phrase 'makes me wanna jump through the TV' could be interpreted as a metaphorical expression of frustration or anger, but it could also be seen as a call for violence, depending on the reader's interpretation. The link to a news article about MS-13 gang activity may provide context, but without further details, the post's language and tone suggest a moderate level of disagreement among annotators. Some may view it as hate speech due to the offensive language and potential incitement, while others may see it as a non-literal expression of anger.","The post contains vulgar and offensive language ('racist POS') and expresses a desire to 'jump through the TV,' which could be interpreted as a metaphorical expression of anger or frustration. However, it could also be seen as a call for violence, depending on the reader's interpretation. The context of the post, linking to a news article about MS-13 gang activity, may influence how it is perceived. Given the strong language and potential for different interpretations, there is likely to be moderate disagreement among annotators. Some may classify it as hate speech due to the offensive language and perceived incitement, while others may view it as a non-literal expression of anger. Therefore, the predicted percentages are [0.6, 0.4].",0.6
1422,1422,17544,#TuesdayThoughts  Knock Knock Who's there?  Not John McCain.https://www.bitchute.com/video/adPoJqG8AFPw/,0.0,1.0,0.6,0.4,"The post makes a joke about the late John McCain, which could be seen as offensive or disrespectful to some, particularly those who respected or admired him. This could be interpreted as an assault on human dignity, as it makes light of a deceased individual. However, it does not contain explicit calls for violence or vulgar language. The humor may be seen as distasteful, leading to some annotators classifying it as hate speech, while others may see it as a harmless joke, resulting in moderate disagreement.","The post uses a ""knock knock"" joke format to reference the late John McCain, which can be seen as disrespectful or offensive to some individuals, particularly those who respected or admired him. This could be interpreted as an assault on human dignity, as it makes light of a deceased individual. However, it does not contain explicit calls for violence or vulgar language. The humor may be seen as distasteful, leading to some annotators classifying it as hate speech, while others may see it as a harmless joke. This results in moderate disagreement among annotators.",0.6
1433,1433,17573,President needs to unseal this POS's records. We will never have another black president when this happens.,0.0,1.0,0.7,0.3,"The post contains elements that could be interpreted as hate speech, particularly in the aspect of 'Assaults on Human Dignity.' The phrase 'this POS's records' is derogatory and could be seen as demeaning, especially when linked to the statement about never having another black president. This implies a racial undertone that could be interpreted as demeaning to individuals based on race. However, the post does not explicitly call for violence or use vulgar language, which might lead to some disagreement among annotators. The racial implication is likely to lead to a moderate level of agreement that this constitutes hate speech, but not unanimously.","The post suggests that the actions of a black president (referred to derogatorily as 'POS') will prevent future black presidents, which implies a negative stereotype or generalization based on race. This can be seen as an assault on human dignity, as it degrades individuals based on race. The language used is derogatory, but it does not explicitly call for violence or use vulgar language. The racial undertone is likely to lead to a moderate level of agreement among annotators that this constitutes hate speech, but there may be some disagreement due to the lack of explicit calls for violence or vulgarity.",0.7
1444,1444,17849,"Unfortunately, the German woman and her family will likely still support mass immigration https://www.express.co.uk/news/world/937049/germany-news-Burgwedel-stabbing-syrian-asylum-seeker-refugee-migrant #ShakesHead #Unbelievable",0.0,1.0,0.6,0.4,"The post implies a negative sentiment towards mass immigration and links it to a specific incident involving a Syrian asylum seeker. The use of hashtags like #ShakesHead and #Unbelievable suggests disapproval and possibly a derogatory stance towards the German woman's support for immigration. This could be interpreted as an assault on human dignity, as it generalizes and potentially stigmatizes a group based on the actions of an individual. However, it does not explicitly call for violence or use vulgar language, which might lead to some disagreement among annotators about whether it constitutes hate speech.","The post expresses a negative sentiment towards mass immigration, particularly in the context of a specific incident involving a Syrian asylum seeker. The language used, such as ""#ShakesHead"" and ""#Unbelievable,"" suggests disapproval and possibly a derogatory stance towards the German woman's support for immigration. This could be interpreted as an assault on human dignity, as it generalizes and potentially stigmatizes a group based on the actions of an individual. However, it does not explicitly call for violence or use vulgar language, which might lead to some disagreement among annotators about whether it constitutes hate speech. Therefore, I predict a moderate level of disagreement, with approximately 60% of annotators classifying it as hate speech and 40% not classifying it as such.",0.6
1459,1459,17958,"WOW, perfection. And as an update to my previous post, seeing this I now for sure will be using this -- instead of just that single static image** showing #Wikipedia #Hypocrisy, I for sure want to re-tweet this VIDEO showing how #WhiteRights are the only 'flavor' of [ #TribePride #TribeLivesMatter #TribeRights #ItsOkToBeTribe ] that aren't allowed or don't matter on the dying blue bird. #Censo...",0.0,1.0,0.6,0.4,"The post discusses the perceived hypocrisy of Wikipedia and social media platforms in relation to 'White Rights' and uses hashtags that mimic those associated with racial justice movements. The use of terms like '#WhiteRights' and the implication that these rights are not allowed or don't matter could be interpreted as an assault on human dignity, as it suggests a narrative of victimhood for a group that is not typically marginalized. This could lead to disagreement among annotators, as some may see it as a legitimate critique of censorship, while others may view it as promoting a supremacist ideology. The language is not overtly vulgar or violent, but the context and implications could be seen as offensive or demeaning, leading to a moderate level of disagreement.","The post discusses the perceived hypocrisy of Wikipedia and social media platforms in relation to 'White Rights' and uses hashtags that mimic those associated with racial justice movements. The use of terms like '#WhiteRights' and the implication that these rights are not allowed or don't matter could be interpreted as an assault on human dignity, as it suggests a narrative of victimhood for a group that is not typically marginalized. This could lead to disagreement among annotators, as some may see it as a legitimate critique of censorship, while others may view it as promoting a supremacist ideology. The language is not overtly vulgar or violent, but the context and implications could be seen as offensive or demeaning, leading to a moderate level of disagreement.",0.6
1461,1461,17982,Why isn't this worthless prick in Jail yet???,0.0,1.0,0.6,0.4,"The post contains offensive language ('worthless prick') which could be seen as vulgarity and offensive language. However, it does not explicitly demean a group based on protected characteristics or call for violence. The ambiguity lies in the lack of context about who the post is directed at, which could influence whether it is seen as hate speech. This could lead to some disagreement among annotators.","The post uses offensive language ('worthless prick'), which may be considered vulgar and offensive. However, it does not clearly assault human dignity based on protected characteristics or call for violence. The lack of context about the target of the post could lead to varying interpretations, resulting in some disagreement among annotators.",0.6
1474,1474,18223,KEEP YOUR HATRED OFF THIS SITE FASCHIST TROLL KRUTON!,0.0,1.0,0.6,0.4,"The post contains offensive language directed at an individual, calling them a 'FASCHIST TROLL KRUTON.' This could be seen as an assault on human dignity, as it uses derogatory language to demean someone. However, it does not contain calls for violence or vulgarity beyond the name-calling. The term 'FASCHIST' could be interpreted as a serious accusation, leading to some annotators viewing it as hate speech. The disagreement may arise from the interpretation of the severity of the language used.","The post uses derogatory language, calling someone a 'FASCHIST TROLL KRUTON,' which could be interpreted as an assault on human dignity. However, it does not explicitly call for violence or use vulgar language beyond the name-calling. The term 'FASCHIST' is a strong accusation and could lead to some annotators viewing it as hate speech, while others may see it as merely offensive or trolling behavior. This results in a moderate level of disagreement among annotators.",0.6
1481,1481,18258,Tommy Robinson got banned from twatter for saying islam condones murder. But it’s okay for a muslim to say it.,0.0,1.0,0.6,0.4,"The post suggests a double standard in how speech is moderated on social media platforms, specifically targeting Muslims and Islam. It implies that Muslims are allowed to make statements about murder, while others are not, which could be interpreted as an assault on human dignity by suggesting that Islam inherently condones violence. This could be seen as demeaning to Muslims. The post does not explicitly call for violence, but it does contain offensive language by implying a negative stereotype about a religious group. The content is likely to lead to some disagreement among annotators, as interpretations may vary based on views about freedom of speech and the context of the statements made by the individuals involved.","The post suggests a double standard in how speech is moderated on social media platforms, specifically targeting Muslims and Islam. It implies that Muslims are allowed to make statements about murder, while others are not, which could be interpreted as an assault on human dignity by suggesting that Islam inherently condones violence. This could be seen as demeaning to Muslims. The post does not explicitly call for violence, but it does contain offensive language by implying a negative stereotype about a religious group. The content is likely to lead to some disagreement among annotators, as interpretations may vary based on views about freedom of speech and the context of the statements made by the individuals involved.",0.6
1499,1499,18432,"man, that guys head nearly exploded when you said holohoax wasn't real. see him shaking and teeth grinding lol. ",0.0,1.0,0.7,0.3,"The post refers to the Holocaust as a 'holohoax,' which is a term used by Holocaust deniers to suggest that the Holocaust did not happen. This is an assault on human dignity as it denies the historical suffering and genocide of millions of people. The post also mocks someone for their reaction to this denial, which could be seen as offensive. While it does not explicitly call for violence, the denial and mockery of a historical atrocity can be deeply hurtful and offensive, leading to a higher likelihood of being classified as hate speech by annotators. However, the lack of explicit calls for violence or use of vulgar language might lead some annotators to classify it as not hate speech, resulting in some disagreement.","The post uses the term 'holohoax,' which is a derogatory term used by Holocaust deniers to claim that the Holocaust did not happen. This is an assault on human dignity as it denies the historical suffering and genocide of millions of people. The post also mocks someone for their reaction to this denial, which could be seen as offensive. While it does not explicitly call for violence, the denial and mockery of a historical atrocity can be deeply hurtful and offensive, leading to a higher likelihood of being classified as hate speech by annotators. However, the lack of explicit calls for violence or use of vulgar language might lead some annotators to classify it as not hate speech, resulting in some disagreement.",0.7
1521,1521,18652,"Since we're told not to speak ill of the dead, I'll just put one positive thing about McCain out there. HE'S DEAD!",0.0,1.0,0.6,0.4,"The post expresses a negative sentiment towards a deceased individual, John McCain, by sarcastically stating a 'positive' aspect of his death. While it does not directly assault human dignity based on protected characteristics, it does show a lack of respect for the deceased, which some may find offensive. The post does not contain calls for violence or vulgar language, but the disrespectful tone could lead to disagreement among annotators about whether it constitutes hate speech. The ambiguity in interpreting the severity of the disrespect may result in moderate disagreement.","The post expresses a negative sentiment towards a deceased individual, John McCain, by sarcastically stating a 'positive' aspect of his death. While it does not directly assault human dignity based on protected characteristics, it does show a lack of respect for the deceased, which some may find offensive. The post does not contain calls for violence or vulgar language, but the disrespectful tone could lead to disagreement among annotators about whether it constitutes hate speech. The ambiguity in interpreting the severity of the disrespect may result in moderate disagreement.",0.6
1559,1559,19029,Hey @Mr_Bond mind if I mirror Supa Nazi on my Pewtube? ,0.0,1.0,0.7,0.3,"The post references 'Supa Nazi,' which could be interpreted as promoting or endorsing Nazi ideology, a form of hate speech that assaults human dignity based on race and ethnicity. The use of 'Pewtube' suggests a platform for sharing content, potentially spreading such ideology. The ambiguity lies in whether the user is genuinely endorsing this content or merely referencing it. However, the association with Nazi terminology is likely to lead to a higher percentage of annotators classifying it as hate speech.","The post contains a reference to 'Supa Nazi,' which is likely to be interpreted as promoting or endorsing Nazi ideology. This falls under the category of assaults on human dignity, as Nazi ideology is inherently based on racial and ethnic superiority and discrimination. The mention of 'Pewtube' suggests an intention to share or distribute this content, which could further propagate hate speech. While the post does not explicitly call for violence or use vulgar language, the association with Nazi terminology is significant enough to cause concern. Given the potential for different interpretations (e.g., satire vs. genuine endorsement), there may be some disagreement among annotators, but the likelihood of it being classified as hate speech is relatively high.",0.7
1564,1564,19089,Has your kind paid up your kind OVER DRAFT WAR CRIMES REVENUE NATIONAL DEBT YET!? Can you comprehend law?,0.0,1.0,0.7,0.3,"The post uses the phrase 'your kind,' which can be interpreted as a derogatory reference to a particular group, potentially demeaning or degrading them based on race, ethnicity, or nationality. This aligns with the 'Assaults on Human Dignity' aspect of hate speech. The language is accusatory and confrontational, which may lead to a higher percentage of annotators viewing it as hate speech. However, the lack of explicit offensive language or direct calls for violence might lead some annotators to classify it as not hate speech, resulting in some disagreement.","The post uses the phrase 'your kind,' which can be interpreted as a derogatory reference to a particular group, potentially demeaning or degrading them based on race, ethnicity, or nationality. This aligns with the 'Assaults on Human Dignity' aspect of hate speech. The language is accusatory and confrontational, which may lead to a higher percentage of annotators viewing it as hate speech. However, the lack of explicit offensive language or direct calls for violence might lead some annotators to classify it as not hate speech, resulting in some disagreement.",0.7
1576,1576,19191,https://www.youtube.com/watch?v=5nlkAA5wp38&feature=youtu.be #auspol #AusFam @ANV @mark_luke‍ Exposing Jewish Terrorist #Mossad attack on Australian soil with links to pedophiles @TwoDadsAndMe who fabricated the #IllRideWithYou hashtag even #Obama Jumped on. This is big guys!!!!!! #MAGA #pizzagate #pedogate #pizzagayte! LIVE IN 10,0.0,1.0,0.7,0.3,"The post contains several elements that could be interpreted as hate speech. It mentions 'Jewish Terrorist #Mossad,' which could be seen as an assault on human dignity by targeting a specific religious group with accusations of terrorism. The use of hashtags like #pizzagate and #pedogate, which are associated with conspiracy theories, adds to the inflammatory nature of the post. The language used is provocative and could be seen as inciting fear or hatred against certain groups. However, the post does not explicitly call for violence, and the offensive language is more implicit than explicit. Given these factors, there is likely to be some disagreement among annotators, but a majority may classify it as hate speech due to the targeting of a specific group and the use of conspiracy-laden language.","The post makes several inflammatory claims, particularly targeting Jewish people by associating them with terrorism and pedophilia. This could be seen as an assault on human dignity, as it degrades a religious group with serious accusations. The use of conspiracy theory hashtags like #pizzagate and #pedogate further adds to the post's potential to be classified as hate speech. While there is no direct call for violence, the language is provocative and could incite fear or hatred. The post's content is likely to lead to some disagreement among annotators, but a significant portion may view it as hate speech due to its targeting of a specific group and the use of conspiracy theories. Therefore, the predicted percentages are [0.7, 0.3].",0.7
1587,1587,19233,"This is scary. This isn't some rando on twitter, these are the famous ones that can make it happen. Combine that with ANTIFA releasing a list of ICE Agents, it's about to get bloody. Expect school shootings.",0.0,1.0,0.7,0.3,"The post suggests a potential for violence by mentioning ANTIFA releasing a list of ICE Agents and predicting that 'it's about to get bloody' and 'expect school shootings.' This could be interpreted as a call for violence or an incitement to violence, which is a key aspect of hate speech. However, the post does not directly call for violence or use vulgar or offensive language, which might lead to some disagreement among annotators. The context of ANTIFA and ICE is politically charged, which could also influence interpretations. Therefore, there is likely to be some disagreement, but a majority might still classify it as hate speech due to the implications of violence.","The post implies a potential for violence by mentioning ANTIFA releasing a list of ICE Agents and predicting that 'it's about to get bloody' and 'expect school shootings.' This could be interpreted as a call for violence or an incitement to violence, which is a key aspect of hate speech. However, the post does not directly call for violence or use vulgar or offensive language, which might lead to some disagreement among annotators. The context of ANTIFA and ICE is politically charged, which could also influence interpretations. Therefore, there is likely to be some disagreement, but a majority might still classify it as hate speech due to the implications of violence.",0.7
1597,1597,19325,"From 1997 to 2007, there were an estimated 21 452 BABIES between 0 and 4 yro that DIED of AIDS. Yet the Government told them to eat beetroot during the Mbeki Presidency. Fortunately the next President Zuma could shower HIV off of him after sex. @alternative_right @ANV @arquatrix @seamrog @KMGVictoria @TomKawszynski",0.0,1.0,0.6,0.4,"The post references a serious issue regarding the AIDS epidemic and criticizes the South African government's response during the presidencies of Mbeki and Zuma. It uses sarcasm and potentially offensive language to highlight perceived inadequacies in handling the crisis. The mention of 'showering HIV off' is a reference to a controversial statement by former President Zuma, which could be seen as demeaning or offensive. However, the post does not explicitly call for violence or use vulgar language. The sarcastic tone and the sensitive nature of the topic may lead to some disagreement among annotators about whether it constitutes hate speech, but it is likely to be seen as offensive by a significant portion of them.","The post discusses the AIDS epidemic in South Africa and criticizes the government's response during the presidencies of Mbeki and Zuma. It uses sarcasm and potentially offensive language to highlight perceived inadequacies in handling the crisis. The mention of 'showering HIV off' is a reference to a controversial statement by former President Zuma, which could be seen as demeaning or offensive. However, the post does not explicitly call for violence or use vulgar language. The sarcastic tone and the sensitive nature of the topic may lead to some disagreement among annotators about whether it constitutes hate speech, but it is likely to be seen as offensive by a significant portion of them.",0.6
1602,1602,19349,Hey folks make sure you tell your local comic shop to fill your subscription box with AIDS this week. https://www.newsarama.com/41609-oni-dreams-up-drea...,0.0,1.0,0.6,0.4,"The post uses the term 'AIDS' in a context that is likely intended to be humorous or sarcastic, but it can be interpreted as offensive or in poor taste. The use of 'AIDS' in this manner could be seen as trivializing a serious disease, which may be considered demeaning or degrading to those affected by it. However, the post does not explicitly target a specific group or individual, nor does it call for violence. The ambiguity in the intent and the potential for offense may lead to a moderate level of disagreement among annotators.","The post uses the term 'AIDS' in a context that is likely intended to be humorous or sarcastic, but it can be interpreted as offensive or in poor taste. The use of 'AIDS' in this manner could be seen as trivializing a serious disease, which may be considered demeaning or degrading to those affected by it. However, the post does not explicitly target a specific group or individual, nor does it call for violence. The ambiguity in the intent and the potential for offense may lead to a moderate level of disagreement among annotators.",0.6
1610,1610,19514,New podcast by @MatthewWHeimbach and TWP  https://therightstuff.biz/2018/01/02/action-episode-1/  Also check out Weev's Race Ghost  http://weev.net/,0.0,1.0,0.6,0.4,"The post promotes content by individuals and groups known for their association with white supremacist ideologies. Matthew Heimbach and the Traditionalist Worker Party (TWP) have been linked to hate speech and extremist views. The mention of 'Weev,' a known figure in the alt-right community, further suggests the potential for hate speech content. However, the post itself does not contain explicit hate speech, leading to potential disagreement among annotators. Some may view the promotion of such content as an endorsement of hate speech, while others may see it as merely sharing information.","The post mentions a podcast by Matthew Heimbach and the Traditionalist Worker Party (TWP), as well as content by 'Weev.' Both Heimbach and Weev are associated with white supremacist and extremist ideologies. The post itself does not contain explicit hate speech, but it promotes content from individuals known for such views. This could lead to disagreement among annotators, as some may interpret the promotion as an endorsement of hate speech, while others may not see the post itself as hate speech. Therefore, the prediction is that 60% of annotators might classify it as hate speech due to the associations, while 40% might not.",0.6
1614,1614,19674,">Over 5,000 recorded cases of FGM and no convictions  dont waste your time worrying about what they do to each other",0.0,1.0,0.6,0.4,"The post discusses the issue of female genital mutilation (FGM) and the lack of convictions, which is a serious human rights concern. The phrase 'don't waste your time worrying about what they do to each other' could be interpreted as dismissive or indifferent to the suffering of individuals affected by FGM, potentially demeaning their dignity. This aspect may lead some annotators to classify it as hate speech due to the perceived insensitivity towards a vulnerable group. However, the post does not explicitly call for violence or use vulgar language, which might lead others to classify it as not hate speech. The ambiguity in the tone and intent of the message could result in moderate disagreement among annotators.","The post mentions a serious issue, female genital mutilation (FGM), and highlights the lack of convictions despite numerous recorded cases. The statement 'don't waste your time worrying about what they do to each other' can be seen as dismissive or indifferent to the plight of those affected by FGM, which could be interpreted as demeaning to the dignity of the individuals involved. This aspect might lead some annotators to classify it as hate speech due to the perceived insensitivity towards a vulnerable group. However, the post does not explicitly call for violence or use vulgar language, which might lead others to classify it as not hate speech. The ambiguity in the tone and intent of the message could result in moderate disagreement among annotators.",0.6
1618,1618,19791,"Mollie died so Dems could have a extra voter and so a GOP member could save $3,600. The ruling class elites hates our guts http://fashthenation.com/2018/08/gop-official-empl...",0.0,1.0,0.7,0.3,"The post suggests that a person's death was used for political gain, which can be seen as an assault on human dignity. It implies that Democrats would exploit a death for votes and that a GOP member would prioritize money over life, which could be interpreted as demeaning. The phrase 'ruling class elites hates our guts' adds a layer of hostility. However, it does not explicitly call for violence or use vulgar language, leading to some potential disagreement among annotators.","The post implies that a tragic event (Mollie's death) was used for political gain by Democrats and for financial gain by a GOP member. This can be seen as an assault on human dignity, as it suggests that political and financial interests are prioritized over human life. The statement 'ruling class elites hates our guts' adds a layer of hostility and resentment towards a group of people. While the post does not explicitly call for violence or use vulgar language, the implications and tone may lead some annotators to classify it as hate speech, resulting in a moderate level of disagreement.",0.7
1648,1648,20188,"100% correct. Not many years ago, they would have been hung.",0.0,1.0,0.7,0.3,"The post suggests that certain individuals or groups would have been subjected to hanging in the past, which can be interpreted as a call for violence or a reference to past violence. This can be seen as an assault on human dignity, as it implies that such actions were justified or should be repeated. The language is not overtly vulgar, but the implication of violence is strong. Due to the potential for different interpretations of the severity of this statement, there may be some disagreement among annotators, but the suggestion of violence is likely to lead to a higher percentage classifying it as hate speech.","The post implies that certain individuals or groups would have been subjected to hanging in the past, which can be interpreted as a call for violence or a reference to past violence. This can be seen as an assault on human dignity, as it implies that such actions were justified or should be repeated. The language is not overtly vulgar, but the implication of violence is strong. Due to the potential for different interpretations of the severity of this statement, there may be some disagreement among annotators, but the suggestion of violence is likely to lead to a higher percentage classifying it as hate speech.",0.7
1649,1649,20217,"'New Mexico – The FBI on Friday announced that it has arrested all five of the New Mexico compound suspects, just days after multiple charges were dropped against those involved. The suspects were charged with violating federal firearms and conspiracy laws.' ...the Judge and Prosecutor are the ones that need Dropping... #Treason #TrapDoorNeckStretch https://theconservativetreehouse.com/201...",0.0,1.0,0.6,0.4,"The post discusses the arrest of suspects and criticizes the judge and prosecutor, suggesting they need 'Dropping' and using the hashtag #TrapDoorNeckStretch, which implies a call for execution or violence. This can be interpreted as a call for violence against legal officials, which is a serious aspect of hate speech. However, the context of the post being about legal proceedings and the use of hashtags may lead to some disagreement among annotators about the severity and intent of the language used.","The post contains language that suggests a call for violence against legal officials, which is a serious aspect of hate speech. The use of the phrase 'need Dropping' and the hashtag #TrapDoorNeckStretch implies a call for execution or violence, which can be interpreted as inciting harm. However, the context of the post being about legal proceedings and the use of hashtags may lead to some disagreement among annotators about the severity and intent of the language used. Therefore, there is likely to be moderate disagreement among annotators, with some viewing it as hate speech due to the call for violence, while others may see it as hyperbolic or not serious. This results in an estimated distribution of [0.6, 0.4] for hate speech vs. not hate speech.",0.6
1662,1662,20403,https://www.liveleak.com/view?i=b5e_1517681415 ,0.0,1.0,0.6,0.4,"The post's content is not directly available, but given the source (LiveLeak), it is likely to contain controversial or potentially offensive material. LiveLeak is known for hosting graphic content, which may include elements that could be interpreted as hate speech, such as demeaning language or calls for violence. Without specific content, it's challenging to assess the exact nature of the post, but the platform's reputation suggests a higher likelihood of hate speech elements, leading to potential disagreement among annotators.","The post is hosted on LiveLeak, a platform known for controversial and graphic content. Without direct access to the post's content, it's difficult to provide a precise analysis. However, LiveLeak's reputation suggests that the post may contain elements that could be interpreted as hate speech, such as demeaning language or calls for violence. This could lead to a moderate level of disagreement among annotators, as interpretations of hate speech can vary based on context and individual perspectives.",0.6
1688,1688,20859,Little did the Patriots realize that the left loves the smell of poop in the morning.. smells like queerdom!,0.0,1.0,0.7,0.3,"The post contains offensive language and derogatory terms, specifically the use of 'queerdom,' which can be seen as demeaning to the LGBTQ+ community. This falls under the 'Assaults on Human Dignity' aspect of hate speech. The use of 'smells like poop' is vulgar and offensive, adding to the negative tone. However, it does not explicitly call for violence. The language is clear in its derogatory intent, suggesting a low level of disagreement among annotators about its classification as hate speech.","The post uses derogatory language towards the LGBTQ+ community, specifically with the term 'queerdom,' which can be interpreted as demeaning and degrading. This aligns with the 'Assaults on Human Dignity' aspect of hate speech. Additionally, the phrase 'smells like poop' is vulgar and offensive, contributing to the post's negative tone. While the post does not explicitly call for violence, the use of offensive language and derogatory terms suggests that a significant portion of annotators would classify it as hate speech. The language is relatively clear in its derogatory intent, which would likely lead to a lower level of disagreement among annotators.",0.7
1702,1702,21066,"RT @JamesHasson20: “F*ck the police,” “no USA at all,” the mostly peaceful anti-hate protestors chanted as they threw smoke bombs at cops and broke journalists’ equipment.",0.0,1.0,0.7,0.3,"The post describes a protest where participants are chanting 'F*ck the police' and 'no USA at all,' which can be seen as assaults on human dignity and potentially inciting violence against law enforcement. The use of vulgar language and the description of aggressive actions like throwing smoke bombs and breaking equipment further contribute to the perception of hate speech. However, the context of a protest and the use of the term 'mostly peaceful' may lead to some disagreement among annotators about the severity of the hate speech, but overall, the elements present suggest a higher likelihood of being classified as hate speech.","The post contains elements that could be interpreted as hate speech, particularly in the context of a protest. The phrases 'F*ck the police' and 'no USA at all' can be seen as demeaning or degrading towards law enforcement and the country, which may fall under assaults on human dignity. Additionally, the actions described, such as throwing smoke bombs and breaking equipment, suggest a call for violence or at least aggressive behavior. The use of vulgar language ('F*ck') also contributes to the perception of hate speech. However, the context of a protest and the description of the protestors as 'mostly peaceful' might lead to some annotators viewing the post as less severe. Overall, the post is likely to be classified as hate speech by a majority of annotators, but there may be some disagreement due to the protest context and the 'mostly peaceful' descriptor.",0.7
1705,1705,21093,"""This is how they get you."" - Andrew Anglin  https://dailystormer.name/cody-wilson-arrested-in-taiwan-to-be-extradited-to-texas-to-face-fake-jailbait-charges/",0.0,1.0,0.6,0.4,"The post references Andrew Anglin, a known figure associated with hate speech, and links to the Daily Stormer, a website known for promoting hate speech. The phrase 'This is how they get you' could imply a conspiracy or victimization narrative, which is often used in hate speech contexts. However, the post itself is vague and does not explicitly contain assaults on human dignity, calls for violence, or vulgar language. The ambiguity and context of the source may lead to some disagreement among annotators, but the association with known hate speech elements suggests a higher likelihood of being classified as hate speech.","The post references Andrew Anglin, a known figure associated with hate speech, and links to the Daily Stormer, a website known for promoting hate speech. The phrase 'This is how they get you' could imply a conspiracy or victimization narrative, which is often used in hate speech contexts. However, the post itself is vague and does not explicitly contain assaults on human dignity, calls for violence, or vulgar language. The ambiguity and context of the source may lead to some disagreement among annotators, but the association with known hate speech elements suggests a higher likelihood of being classified as hate speech.",0.6
1711,1711,21200,"#Killstream: Mike Enoch & McNabb Live, Eric Clanton Probation Disgrace, + Terror Camp Discovered https://youtu.be/o6ut9KSHNpU LIVE TONIGHT at 11PM EST",0.0,1.0,0.6,0.4,"The post promotes a live stream featuring Mike Enoch, a known figure associated with white nationalist views, which may lead to perceptions of hate speech. The hashtag #Killstream and the mention of 'Terror Camp' could be interpreted as inciting or glorifying violence, contributing to the perception of hate speech. However, the post itself does not contain explicit calls for violence or vulgar language, leading to potential disagreement among annotators.","The post mentions a live stream featuring controversial figures and topics, which may be perceived as promoting hate speech due to the association with known white nationalist figures and the use of provocative language. However, the post does not explicitly contain hate speech elements such as direct assaults on human dignity or explicit calls for violence, leading to potential disagreement among annotators.",0.6
1715,1715,21231,"NWO/DeepState/CIA/MSM/Libtards/Progressives/Dems/Rhinos are adamantly against arming teachers cus ""False Flags"" at schools get the greatest reaction/public sympathy for their anti-gun, anti-American, anti-2nd amendment, anti-Free Speech, fascist agenda, and there aren't many other ""Soft Targets"" that will generate the desired effect.",0.0,1.0,0.6,0.4,"The post uses derogatory terms like 'Libtards' and 'Rhinos' which can be considered offensive language. It also suggests a conspiracy theory involving various groups and implies that these groups have a 'fascist agenda.' While it does not directly call for violence, it discusses arming teachers in a context that could be interpreted as promoting a controversial stance on gun rights. The language and tone may lead to disagreement among annotators, as some may view it as hate speech due to the offensive language and conspiracy theory, while others may see it as a political opinion.","The post contains offensive language ('Libtards') and promotes a conspiracy theory involving multiple groups, suggesting they have a 'fascist agenda.' It discusses arming teachers, which is a controversial topic. The language and tone may lead to disagreement among annotators, as some may view it as hate speech due to the offensive language and conspiracy theory, while others may see it as a political opinion. Therefore, there is likely to be some disagreement, but not extremely high, as the post does not directly call for violence or explicitly demean a specific group based on protected characteristics.",0.6
1742,1742,21521,Great work Jason Kessler with UTR2. @TheMadDimension,0.0,1.0,0.6,0.4,"The post references Jason Kessler, who is known for organizing the Unite the Right rally, which was associated with white supremacist groups and resulted in violence. The mention of 'UTR2' likely refers to a follow-up event. This context suggests that the post could be seen as supportive of hate speech-related activities, particularly those involving racial or ethnic hostility. However, the post itself does not contain explicit hate speech, vulgarity, or direct calls for violence, leading to potential disagreement among annotators. Some may view it as an endorsement of hate speech due to the context, while others may not see it as hate speech based solely on the text.","The post mentions Jason Kessler and UTR2, which are associated with the Unite the Right rally, known for its connections to white supremacist groups and violence. The post itself does not contain explicit hate speech, vulgarity, or direct calls for violence, but the context may lead some annotators to classify it as hate speech due to its potential endorsement of such activities. This could result in moderate disagreement among annotators.",0.6
1750,1750,21698,What a Cuck no wonder the UK is a 1984 police state with idiots like this! 😂 https://twitter.com/MatthewStadlen/status/1012840631344029697,0.0,1.0,0.6,0.4,"The post uses the term 'Cuck,' which is often used as a derogatory term to insult someone's masculinity or political stance. This can be seen as an assault on human dignity, particularly if it targets individuals based on perceived weakness or political beliefs. The post also includes a mocking tone with the use of '😂,' which may contribute to its offensive nature. However, it does not explicitly call for violence or use vulgar language beyond the derogatory term. The context of the link and the reference to the UK as a '1984 police state' may also influence interpretations, but the primary issue is the use of 'Cuck.' This could lead to some disagreement among annotators, but the derogatory nature of the term suggests a moderate likelihood of being classified as hate speech.","The post uses the term 'Cuck,' which is often used as a derogatory term to insult someone's masculinity or political stance. This can be seen as an assault on human dignity, particularly if it targets individuals based on perceived weakness or political beliefs. The post also includes a mocking tone with the use of '😂,' which may contribute to its offensive nature. However, it does not explicitly call for violence or use vulgar language beyond the derogatory term. The context of the link and the reference to the UK as a '1984 police state' may also influence interpretations, but the primary issue is the use of 'Cuck.' This could lead to some disagreement among annotators, but the derogatory nature of the term suggests a moderate likelihood of being classified as hate speech.",0.6
1753,1753,21753,"Will ((they)) after (potentially) setting the stage with ""devices"" sent 2 the Dems/CNN, now ""False Flag"" the caravan for political optics? To create carnage & blood of innocents live on CNN, to blame on opposition prior to mid terms? Do you REALLY think ((they're)) above doing such things?",0.0,1.0,0.7,0.3,"The post uses coded language with the use of double parentheses around 'they,' which is often associated with anti-Semitic conspiracy theories. It suggests a false flag operation, implying that a group (potentially Jewish people, given the context) would orchestrate violence for political gain. This can be seen as an assault on human dignity by promoting harmful stereotypes and conspiracy theories. The post does not explicitly call for violence but implies a scenario where violence could be orchestrated. The language is not overtly vulgar, but the insinuations are offensive. Due to the use of coded language and conspiracy theory elements, there may be some disagreement among annotators, but the post leans towards being classified as hate speech.","The post uses coded language with the use of double parentheses around 'they,' which is often associated with anti-Semitic conspiracy theories. It suggests a false flag operation, implying that a group (potentially Jewish people, given the context) would orchestrate violence for political gain. This can be seen as an assault on human dignity by promoting harmful stereotypes and conspiracy theories. The post does not explicitly call for violence but implies a scenario where violence could be orchestrated. The language is not overtly vulgar, but the insinuations are offensive. Due to the use of coded language and conspiracy theory elements, there may be some disagreement among annotators, but the post leans towards being classified as hate speech.",0.7
1764,1764,21836,Does he legitimately have a chance? Waters gets elected by the ignorant masses who vote her skin color. Can Navarro really make inroads against that?,0.0,1.0,0.6,0.4,"The post suggests that Maxine Waters is elected solely based on her skin color, which can be interpreted as an assault on human dignity by implying that voters are ignorant and racially motivated. This could be seen as demeaning to both Waters and her constituents. However, the post does not contain explicit calls for violence or vulgar language. The focus on race and the implication of ignorance may lead to some annotators viewing it as hate speech, while others may see it as a political opinion, leading to moderate disagreement.","The post implies that Maxine Waters is elected due to her skin color, which can be seen as demeaning and degrading to both her and her voters. This falls under the aspect of 'Assaults on Human Dignity.' There are no explicit calls for violence or use of vulgar language. The interpretation of the post as hate speech may vary, with some seeing it as a racial insult and others as a political critique, leading to moderate disagreement among annotators.",0.6
1769,1769,21909,"It's one of the finest Pepe's in my collection (all stolen). Here's another of my top shelf Pepe's. (And very cool, with an on-trend, nostalgic VHS effect.) I present, #WhiteGenocide Pepe. Share them widely!",0.0,1.0,0.7,0.3,"The post references 'Pepe,' a meme that has been associated with various internet cultures, including some that have been linked to hate speech. The use of '#WhiteGenocide' is particularly concerning as it is a term often used in white supremacist contexts to promote a false narrative of racial threat. This aspect could be seen as an assault on human dignity by promoting a harmful ideology. The post's language and context suggest a likelihood of being interpreted as hate speech by a significant portion of annotators, though some may not see it as such due to the meme's broader cultural usage.","The post involves the use of a meme ('Pepe') that has been co-opted by certain hate groups, and the hashtag '#WhiteGenocide' is a term frequently used in white supremacist rhetoric. This suggests an assault on human dignity by promoting a harmful and false narrative. While the post may be seen as humorous or satirical by some, the use of such language and imagery is likely to be interpreted as hate speech by a significant portion of annotators. Therefore, there is a moderate level of disagreement, but a majority may classify it as hate speech due to the context and terminology used.",0.7
1855,1855,22877,@Murdoch_Murdoch_Archive This article about MM is exactly 1488 words. https://metaright.org/2018/06/23/evolutionism-the-...,0.0,1.0,0.6,0.4,"The post references '1488,' a number that is often associated with white supremacist and neo-Nazi ideology. The number '14' refers to the '14 Words' slogan, and '88' is a numerical code for 'Heil Hitler' (H being the 8th letter of the alphabet). This reference can be seen as an assault on human dignity, as it is linked to hate speech and extremist ideologies. However, the post itself does not contain explicit vulgarity or calls for violence, which may lead to some disagreement among annotators about its classification as hate speech.","The post references '1488,' a number that is often associated with white supremacist and neo-Nazi ideology. The number '14' refers to the '14 Words' slogan, and '88' is a numerical code for 'Heil Hitler' (H being the 8th letter of the alphabet). This reference can be seen as an assault on human dignity, as it is linked to hate speech and extremist ideologies. However, the post itself does not contain explicit vulgarity or calls for violence, which may lead to some disagreement among annotators about its classification as hate speech. Therefore, I predict a moderate level of disagreement, with a higher percentage of annotators likely to classify it as hate speech due to the coded language, resulting in percentages of [0.6, 0.4].",0.6
1856,1856,22878,@MurdochMurdoch This article is exactly 1488 words. You'll love it! https://metaright.org/2018/06/23/evolutionism-the-...,0.0,1.0,0.6,0.4,"The post references '1488,' a number that is often associated with white supremacist ideology. '14' refers to the '14 words' slogan, and '88' is a numerical code for 'Heil Hitler' (H being the 8th letter of the alphabet). This suggests an assault on human dignity by promoting or referencing white supremacist ideas. However, the post itself does not contain explicit vulgarity or calls for violence, which may lead to some disagreement among annotators about its classification as hate speech.","The post references '1488,' a number that is often associated with white supremacist ideology. '14' refers to the '14 words' slogan, and '88' is a numerical code for 'Heil Hitler' (H being the 8th letter of the alphabet). This suggests an assault on human dignity by promoting or referencing white supremacist ideas. However, the post itself does not contain explicit vulgarity or calls for violence, which may lead to some disagreement among annotators about its classification as hate speech.",0.6
1897,1897,23278,What they do is claim its free market principles to justify censorship. That satisfies conservatives because they think along those retard lines. Also right now it is mostly effecting the hard right so they don't give a shit but they are already whining hard about censorship because they know the chickens are coming home to roost soon.,0.0,1.0,0.6,0.4,"The post uses offensive language, specifically the term 'retard,' which is considered a slur and demeaning to individuals with intellectual disabilities. This falls under the aspect of vulgarity and offensive language. Additionally, the post discusses censorship in a way that could be interpreted as demeaning to conservatives, suggesting they think in a 'retard' way, which could be seen as an assault on human dignity. However, it does not explicitly call for violence or incite harm. The language and context may lead to some disagreement among annotators, but the use of a slur and the demeaning tone suggest a moderate likelihood of being classified as hate speech.","The post contains offensive language, specifically the use of the term 'retard,' which is considered a slur and demeaning to individuals with intellectual disabilities. This aspect falls under vulgarity and offensive language. Additionally, the post discusses censorship in a way that could be interpreted as demeaning to conservatives, suggesting they think in a 'retard' way, which could be seen as an assault on human dignity. However, it does not explicitly call for violence or incite harm. The language and context may lead to some disagreement among annotators, but the use of a slur and the demeaning tone suggest a moderate likelihood of being classified as hate speech.",0.6
1900,1900,23297,"Britain’s lack of intelligence departments have failed again, EU security is a fallacy, you and your children are not safe, U.K. open doors until 2023, with rights to stay, the Invasion comtines",0.0,1.0,0.6,0.4,"The post suggests a failure of intelligence and security in the UK and EU, implying that citizens are unsafe due to open immigration policies. The use of the term 'Invasion' to describe immigration can be seen as demeaning to immigrants, potentially falling under 'Assaults on Human Dignity.' However, it does not explicitly call for violence or use vulgar language. The interpretation of this post as hate speech may vary, leading to some disagreement among annotators.","The post criticizes the UK's and EU's security measures and immigration policies, using the term 'Invasion' to describe immigration. This language can be interpreted as demeaning to immigrants, suggesting an 'Assault on Human Dignity.' However, it does not explicitly incite violence or use offensive language. The interpretation of this post as hate speech may vary, leading to some disagreement among annotators.",0.6
1946,1946,24007,"Violent, deranged, liberal finally points his gun in the right direction…",0.0,1.0,0.7,0.3,"The post contains a call for violence by suggesting that a 'violent, deranged, liberal' should point a gun in a 'right direction,' which implies harm or violence towards a target. This aspect of the post is likely to be interpreted as hate speech by a significant portion of annotators. However, the post does not explicitly mention a specific group or individual as the target, which might lead to some disagreement among annotators about the severity of the hate speech. The language used is offensive and suggests violence, which contributes to a higher likelihood of being classified as hate speech.","The post suggests violence by implying that a 'violent, deranged, liberal' should point a gun in a 'right direction.' This can be interpreted as a call for violence, which is a key aspect of hate speech. The post does not explicitly target a specific group or individual, which might lead to some disagreement among annotators about the severity of the hate speech. However, the offensive language and suggestion of violence are likely to result in a higher percentage of annotators classifying it as hate speech.",0.7
1958,1958,24135,Arrest and deport now No DACA.      http://www.thegatewaypundit.com/2018/01/illegal-aliens-storm-gop-senators-office-screaming-fck-conservative-video/,0.0,1.0,0.6,0.4,"The post calls for the arrest and deportation of individuals, which can be seen as a call for action against a specific group (DACA recipients). The language used is direct and could be interpreted as demeaning towards undocumented immigrants. The link provided suggests a context of confrontation and possibly offensive language ('screaming f*ck conservative'), which may contribute to perceptions of hate speech. However, the post does not explicitly use vulgar language itself, and the call for deportation aligns with certain political views, which may not be universally seen as hate speech. This could lead to some disagreement among annotators, but the post's content is likely to be seen as falling into the category of hate speech by a majority due to its targeting of a specific group.","The post ""Arrest and deport now No DACA."" includes a link to a video where illegal aliens are described as storming a GOP senator's office and using offensive language. The post itself calls for the arrest and deportation of DACA recipients, which can be interpreted as a call for action against a specific group based on their immigration status. This aligns with the aspect of 'Assaults on Human Dignity' as it targets a vulnerable group. The context of the linked video, which includes offensive language, may further influence perceptions of the post as hate speech. However, the post does not contain explicit vulgarity or direct calls for violence. Given these factors, there is likely to be some disagreement among annotators, but a majority may classify it as hate speech due to its targeting of a specific group and the context provided by the link.",0.6
1982,1982,24544,http://acecomments.mu.nu/?post=376798 Who perceives the typical ANTIFA as anything but an ultra-white soyboy?,0.0,1.0,0.6,0.4,"The post uses the term 'soyboy,' which is often used as a derogatory term to emasculate or insult men, particularly those perceived as liberal or progressive. This could be seen as an assault on human dignity, as it targets a group based on perceived characteristics. However, the post does not explicitly call for violence or use vulgar language. The term 'ultra-white' could be interpreted as a racial comment, but it is not overtly hateful. The ambiguity in the interpretation of 'soyboy' and the context of ANTIFA may lead to some disagreement among annotators.","The post uses the term 'soyboy,' which is often used in a derogatory manner to emasculate or insult men, particularly those perceived as liberal or progressive. This could be seen as an assault on human dignity, as it targets a group based on perceived characteristics. However, the post does not explicitly call for violence or use vulgar language. The term 'ultra-white' could be interpreted as a racial comment, but it is not overtly hateful. The ambiguity in the interpretation of 'soyboy' and the context of ANTIFA may lead to some disagreement among annotators.",0.6
1992,1992,24612,"Encouraging black women to be aborted all the way into adulthood seems brutally off-putting to me, but if they think it'll solve a lot of probs who am I to question it? I'll be the person progs want me to be in the Current Year I will #TrustBlackWomen, and so should you!",0.0,1.0,0.7,0.3,"The post contains elements that could be interpreted as demeaning or degrading towards black women, which falls under the 'Assaults on Human Dignity' aspect of hate speech. The sarcastic tone and the suggestion of abortion into adulthood are likely to be seen as offensive and potentially hateful by many annotators. However, the post's sarcastic nature and the use of hashtags like #TrustBlackWomen might lead to some disagreement among annotators about the intent and severity of the hate speech, resulting in a moderate level of disagreement.","The post uses sarcasm to discuss a sensitive topic related to race and gender, specifically targeting black women. The phrase 'encouraging black women to be aborted all the way into adulthood' is likely to be seen as offensive and degrading, which aligns with the 'Assaults on Human Dignity' aspect of hate speech. The sarcastic tone and the use of the hashtag #TrustBlackWomen could be interpreted as mocking or belittling a social movement, which may increase the perception of hate speech.

Given the post's content and tone, it is likely that a significant portion of annotators would classify it as hate speech due to its offensive nature and potential to demean a specific group. However, the sarcastic and ambiguous nature of the post might lead to some annotators interpreting it differently, resulting in a moderate level of disagreement. Therefore, I predict that approximately 70% of annotators would classify the post as hate speech, while 30% would not.",0.7
2009,2009,24764,scenario: a man is in your front yard holding the gate open. He has left 5 dogs in and 2 Garrillion more are about to enter. You have only ten bullets who do you pick as the enemy to attack and stop immediately?,0.0,1.0,0.7,0.3,"The post uses a hypothetical scenario that involves choosing a target to attack with bullets, which can be interpreted as a call for violence. The language is metaphorical, but the imagery of using bullets to stop an 'enemy' can be seen as inciting violence. The use of 'Garrillion' is likely hyperbolic and adds to the ambiguity, but the core message can be perceived as violent. This could lead to a moderate level of disagreement among annotators, as some may see it as a metaphorical or humorous scenario, while others may interpret it as promoting violence.","The post presents a hypothetical scenario involving a man letting dogs into a yard and the reader having to choose a target to attack with bullets. This scenario can be interpreted as a metaphor for a real-life situation where someone is perceived as a threat, and the use of 'bullets' suggests a violent response. The language is ambiguous and metaphorical, which could lead to different interpretations. Some annotators might see it as a metaphorical or humorous scenario, while others might interpret it as promoting violence. Therefore, there is likely to be moderate disagreement among annotators, with a higher percentage classifying it as hate speech due to the violent imagery.",0.7
2055,2055,25213,Just read John McCain is no longer seeking medical treatment for his brain cancer. Tastes so good! 😃,0.0,1.0,0.6,0.4,"The post expresses a positive sentiment about John McCain's decision to stop seeking medical treatment for his brain cancer, which can be interpreted as demeaning or degrading towards him, especially given the context of his serious illness. This could be seen as an assault on human dignity. However, it does not contain calls for violence or vulgar language. The interpretation of this post as hate speech may vary, leading to some disagreement among annotators.","The post expresses a positive sentiment about John McCain's decision to stop seeking medical treatment for his brain cancer, which can be interpreted as demeaning or degrading towards him, especially given the context of his serious illness. This could be seen as an assault on human dignity. However, it does not contain calls for violence or vulgar language. The interpretation of this post as hate speech may vary, leading to some disagreement among annotators.",0.6
2080,2080,25603,Gave him the ole 88?,0.0,1.0,0.7,0.3,"The phrase 'ole 88' is ambiguous and could be interpreted in different ways. However, the number '88' is often associated with neo-Nazi symbolism, as 'H' is the eighth letter of the alphabet, and '88' can stand for 'Heil Hitler.' This association with hate groups and ideologies could lead many annotators to classify the post as hate speech due to its potential to demean or degrade based on race or ethnicity. However, without additional context, some annotators might not recognize this symbolism or might interpret it differently, leading to some disagreement.","The post ""Gave him the ole 88?"" is likely to be interpreted with some level of disagreement among annotators. The phrase ""ole 88"" is not immediately clear in its meaning, but the number ""88"" is known to be a symbol used by neo-Nazi groups, representing ""Heil Hitler"" (as 'H' is the 8th letter of the alphabet). This could be seen as an assault on human dignity, particularly if the context involves racial or ethnic groups targeted by such ideologies. However, without explicit context or additional information, some annotators might not recognize this symbolism or might interpret the phrase in a non-hateful manner. Therefore, while a significant portion of annotators might classify this as hate speech, there is room for interpretation, leading to some disagreement.",0.7
2090,2090,25814,Establishment & Gov't riddled with kiddy fiddlers & #bbcnews are having a wankfest over #ABBA ,0.0,1.0,0.6,0.4,"The post uses vulgar and offensive language, particularly the term 'kiddy fiddlers,' which is a derogatory term for pedophiles. This could be seen as an assault on human dignity, as it trivializes a serious crime. The use of 'wankfest' is also vulgar and offensive. However, the post does not explicitly call for violence. The language and tone may lead to some disagreement among annotators, but the offensive nature of the language suggests a higher likelihood of being classified as hate speech.","The post uses offensive language and terms that could be interpreted as demeaning or degrading, particularly the term 'kiddy fiddlers,' which is a derogatory term for pedophiles. This could be seen as an assault on human dignity, as it trivializes a serious crime. The use of 'wankfest' is also vulgar and offensive. However, the post does not explicitly call for violence. The language and tone may lead to some disagreement among annotators, but the offensive nature of the language suggests a higher likelihood of being classified as hate speech.",0.6
2093,2093,25841,"Yeah, I'm pretty sure that people like Che Guevara were executing faggots on the daily in Cuba lol.",0.0,1.0,0.7,0.3,"The post contains offensive language, specifically the use of a homophobic slur ('faggots'), which falls under the category of vulgarity and offensive language. This aspect is likely to be recognized by annotators as hate speech. Additionally, the post references historical violence against a marginalized group, which could be interpreted as an assault on human dignity. However, the post does not explicitly call for violence or endorse such actions, which might lead to some disagreement among annotators. Overall, the offensive language and historical context suggest a higher likelihood of being classified as hate speech, but not unanimously.","The post uses a homophobic slur, which is a clear example of vulgarity and offensive language. This aspect alone is likely to lead many annotators to classify it as hate speech. Additionally, the post references historical violence against LGBTQ+ individuals, which could be seen as an assault on human dignity. However, it does not explicitly call for violence or endorse such actions, which might lead to some annotators not classifying it as hate speech. The use of 'lol' at the end may also be interpreted as trivializing or mocking the historical violence, adding to the perception of hate speech. Overall, the post is likely to be seen as hate speech by a majority, but not all, of annotators.",0.7
2106,2106,25993,Only because Britain refused 5 peace offers from Germany and Mr Churchill decided being a Zionist to side with world Jewery and start firebombing civilians. That's why they started to bomb us....all that death and destruction is on the hands of the British im afraid. Learn some real history...,0.0,1.0,0.7,0.3,"The post contains elements that could be interpreted as hate speech, particularly in its reference to 'world Jewery' and blaming a specific group for historical events. This can be seen as an assault on human dignity by perpetuating harmful stereotypes and conspiracy theories about Jewish people. The post also suggests a revisionist view of history that could be offensive to many. However, it does not explicitly call for violence or use vulgar language, which might lead to some disagreement among annotators. Therefore, there is likely to be moderate disagreement, but a majority may still classify it as hate speech due to the antisemitic undertones.","The post makes a historical claim that blames 'world Jewery' and a 'Zionist' Churchill for the bombing of civilians, which can be interpreted as perpetuating antisemitic stereotypes and conspiracy theories. This falls under the category of assaults on human dignity, as it targets a specific group based on religion and ethnicity. While it does not explicitly call for violence or use vulgar language, the post's content is likely to be seen as offensive and degrading to Jewish people. Given the historical and cultural sensitivity of the topic, there may be some disagreement among annotators, but the antisemitic nature of the post is likely to lead a majority to classify it as hate speech. Therefore, the predicted percentages are [0.7, 0.3].",0.7
2146,2146,26653,"Feds: 1-in-5 Illegal Aliens Crossing with Toddlers Are Criminals, a Danger http://bit.ly/2LfrYUY #RedNationRising #MAGA #KAG #BuildtheWall",0.0,1.0,0.6,0.4,"The post uses the term 'Illegal Aliens' which can be considered demeaning and degrading to individuals based on their immigration status, potentially falling under 'Assaults on Human Dignity'. The claim that these individuals are 'Criminals, a Danger' could be seen as a generalization that incites fear or hostility towards a group. The hashtags #MAGA and #BuildtheWall suggest a political stance that may influence interpretation. The post is likely to have some disagreement among annotators due to its political nature and the potential for different interpretations of the language used.","The post uses the term 'Illegal Aliens' which can be considered demeaning and degrading to individuals based on their immigration status, potentially falling under 'Assaults on Human Dignity'. The claim that these individuals are 'Criminals, a Danger' could be seen as a generalization that incites fear or hostility towards a group. The hashtags #MAGA and #BuildtheWall suggest a political stance that may influence interpretation. The post is likely to have some disagreement among annotators due to its political nature and the potential for different interpretations of the language used. Therefore, I predict the percentages of annotators who classify the post as hate speech vs. not hate speech to be [0.6, 0.4].",0.6
2151,2151,26713,How many votes does Kenya get in our election? One Barrack Hussein Obama.,0.0,1.0,0.6,0.4,"The post makes a derogatory reference to former President Barack Obama by using his middle name 'Hussein' in a context that suggests foreignness or illegitimacy, which can be interpreted as an assault on human dignity based on race or ethnicity. This type of language has been historically used to question Obama's American identity and legitimacy as a president, which can be seen as demeaning. However, the post does not contain explicit calls for violence or vulgar language, leading to some potential disagreement among annotators about its classification as hate speech.","The post references former President Barack Obama in a manner that could be interpreted as questioning his legitimacy or American identity, which has racial and ethnic undertones. The use of 'Hussein' in this context has been historically used to suggest foreignness or otherness, which can be seen as an assault on human dignity. However, the post does not explicitly call for violence or use vulgar language, which may lead to some annotators not classifying it as hate speech. Therefore, there is likely to be some disagreement among annotators, but a majority may still classify it as hate speech due to the racial and ethnic implications.",0.6
2186,2186,27212,Hateful hateful people. Supremists like this need jailing but wont be because our traitorous government protect them!,0.0,1.0,0.6,0.4,"The post uses strong language to express disdain for 'supremists' and accuses the government of protecting them. It suggests that such individuals should be jailed, which could be interpreted as a call for action against a specific group. The term 'traitorous government' adds a layer of hostility. While the post does not explicitly call for violence, it does contain elements that could be seen as demeaning or degrading towards certain groups, potentially leading to a moderate level of disagreement among annotators.","The post expresses strong negative sentiments towards 'supremists' and accuses the government of protecting them. It suggests that these individuals should be jailed, which could be interpreted as a call for action against a specific group. The use of the term 'traitorous government' adds a layer of hostility. While the post does not explicitly call for violence, it does contain elements that could be seen as demeaning or degrading towards certain groups. This could lead to a moderate level of disagreement among annotators, as some may view it as hate speech due to its aggressive tone and implications, while others may see it as a strong political opinion without crossing into hate speech.",0.6
2187,2187,27216,"Don't be ,... The Mikey Obama hide and scratch guy is the nightmare 😀",0.0,1.0,0.6,0.4,"The post refers to 'Mikey Obama,' which appears to be a derogatory reference to Michelle Obama, using a masculinized version of her name. This could be interpreted as an assault on human dignity, as it demeans an individual based on gender. The phrase 'hide and scratch guy' is ambiguous and could be interpreted in various ways, but it does not clearly call for violence or use vulgar language. The use of 'nightmare' with a smiley face adds a layer of sarcasm or mockery, which might be seen as offensive. Given the potential for different interpretations, there is likely to be some disagreement among annotators, but the post leans towards being classified as hate speech due to the derogatory reference.","The post makes a derogatory reference to Michelle Obama by using a masculinized version of her name, which can be seen as an assault on human dignity. The phrase 'hide and scratch guy' is ambiguous and does not clearly incite violence or use vulgar language. The use of 'nightmare' with a smiley face adds a layer of sarcasm or mockery, which might be seen as offensive. Given the potential for different interpretations, there is likely to be some disagreement among annotators, but the post leans towards being classified as hate speech due to the derogatory reference.",0.6
2191,2191,27266,What has all this bollox achieved - fck all because its not meant to just divide the Brits so Rothschild keeps control.  ,0.0,1.0,0.6,0.4,"The post uses offensive language ('bollox', 'fck') and suggests a conspiracy theory involving the Rothschild family, which is often associated with anti-Semitic tropes. This could be seen as an assault on human dignity by perpetuating harmful stereotypes. However, the post does not explicitly call for violence. The language and context may lead to some disagreement among annotators, but the presence of offensive language and potential anti-Semitic undertones suggest a moderate likelihood of being classified as hate speech.","The post contains offensive language and implies a conspiracy theory involving the Rothschild family, which is a common anti-Semitic trope. This could be interpreted as an assault on human dignity by perpetuating harmful stereotypes. However, it does not explicitly call for violence. The language and context may lead to some disagreement among annotators, but the presence of offensive language and potential anti-Semitic undertones suggest a moderate likelihood of being classified as hate speech.",0.6
