,Unnamed: 0,ID,Text,Hate_pos,Hate_neg,Hate_pos_LLM,Hate_neg_LLM,Reasoning_LLM,Raw_output_LLM,Hate_pos_diff
1,1,24,"Does anyone know when the Unite The Right Rally 2 begins in Washington, DC? #UTR2 #UTR",0.0,1.0,0.4,0.6,"The post inquires about the timing of the 'Unite The Right Rally 2' in Washington, DC. The original Unite The Right Rally was associated with white supremacist groups and resulted in violence, which may lead some annotators to view this post as potentially supporting or promoting hate speech. However, the post itself does not contain explicit hate speech, calls for violence, or offensive language. The ambiguity lies in the context and the associations with the rally, leading to a moderate level of disagreement among annotators.","The post asks about the timing of a rally known for its association with hate groups, which could be interpreted as support or interest in such events. However, it does not explicitly contain hate speech or calls for violence, leading to potential disagreement among annotators.",0.4
5,5,39,"The lesson the left learned from 2016 is that: No matter what, something like Trump is never allowed to happen again. Gavin and Alex Jones are gone, and it is only the beginning. They'll make sure every influential conservative is gone by 2020.",0.0,1.0,0.4,0.6,"The post discusses the removal of conservative figures and implies a political strategy to prevent similar events to Trump's election. It does not explicitly demean or degrade individuals based on protected characteristics, nor does it call for violence. However, it could be interpreted as suggesting a conspiracy or suppression of conservative voices, which might be seen as offensive or concerning to some. The language is not overtly vulgar or offensive, but the context of political suppression could lead to some disagreement among annotators about whether it constitutes hate speech.","The post discusses political strategies and the removal of conservative figures, which may be interpreted as a form of suppression or conspiracy against conservatives. While it does not contain explicit hate speech elements like demeaning language or calls for violence, the implication of targeting a political group could be seen as offensive or concerning. This could lead to some annotators viewing it as hate speech, while others may not, resulting in moderate disagreement.",0.4
17,17,212,There have been Kkazarian graveyards excavated and we know that the Khazars had Asiatic features.,0.0,1.0,0.4,0.6,"The post references 'Khazarian graveyards' and 'Asiatic features,' which could be interpreted as an attempt to demean or stereotype a group based on ethnicity. However, the post does not explicitly contain vulgarity, offensive language, or calls for violence. The historical reference to Khazars might be seen as a factual statement by some, while others might view it as a veiled ethnic stereotype or conspiracy theory, leading to potential disagreement among annotators.","The post mentions Khazarian graveyards and Asiatic features, which could be interpreted as an ethnic stereotype or a factual historical reference. The lack of explicit offensive language or calls for violence suggests that it may not be clear-cut hate speech, but the potential for ethnic stereotyping could lead to some annotators classifying it as such. This results in a moderate level of disagreement, with an estimated 40% of annotators viewing it as hate speech and 60% not.",0.4
19,19,236,‪Former Polish PM: ‘Of Course Poles Took Part in Holocaust’ https://www.algemeiner.com/2018/02/07/former-polish-pm-of-course-poles-took-part-in-holocaust//‬,0.0,1.0,0.4,0.6,"The post references a sensitive historical topic, the Holocaust, and attributes participation to a specific national group, which can be seen as an assault on human dignity. However, it is a statement made by a former Polish PM, which may be interpreted as a factual or historical claim rather than hate speech. The post does not contain vulgarity or calls for violence. The context and the source of the statement may lead to varying interpretations, resulting in moderate disagreement among annotators.","The post discusses a statement made by a former Polish Prime Minister about Polish involvement in the Holocaust. This topic is highly sensitive and can be interpreted in different ways. Some may view it as an assault on human dignity by attributing blame to a national group, while others may see it as a historical acknowledgment. The lack of vulgarity or explicit calls for violence suggests that it may not be clear-cut hate speech, leading to moderate disagreement among annotators.",0.4
23,23,341,Some granddaughter of a Rockerfeller Republican is trying to get people shot and banned on twitter. Weird shit. #gabfam #maga https://twitter.com/JackGOPFam/status/103342287778... @a @Amy @Microchip,0.0,1.0,0.4,0.6,"The post mentions someone trying to get people 'shot and banned,' which could be interpreted as a call for violence or an incitement to harm, although it is not explicit. The language is somewhat ambiguous and could be seen as metaphorical or hyperbolic, leading to potential disagreement among annotators. The use of 'Rockerfeller Republican' and hashtags like #maga may also influence interpretations based on political biases. Overall, the post's content is not overtly hateful but contains elements that could be interpreted as such, leading to moderate disagreement.","The post contains a reference to someone trying to get people 'shot and banned,' which could be interpreted as a call for violence or an incitement to harm, although it is not explicit. The language is somewhat ambiguous and could be seen as metaphorical or hyperbolic, leading to potential disagreement among annotators. The use of 'Rockerfeller Republican' and hashtags like #maga may also influence interpretations based on political biases. Overall, the post's content is not overtly hateful but contains elements that could be interpreted as such, leading to moderate disagreement.",0.4
25,25,344,I guess Charlie Warzel of Buzzfeed is ok with deep fakes (false impersonations) of Donald Trump. Be a shame if someone deep faked him. @Microchip @a @Amy  #maga #gabfab  https://twitter.com/cwarzel/status/103263909332109...,0.0,1.0,0.4,0.6,"The post suggests the use of 'deep fakes' against a specific individual, which could be interpreted as a veiled threat or encouragement of harmful behavior. This could be seen as an assault on human dignity, as it involves the potential for reputational harm through false impersonation. However, it does not explicitly call for violence or use vulgar language. The ambiguity of the intent behind 'be a shame if someone deep faked him' could lead to disagreement among annotators, as some may see it as a joke or sarcasm, while others may view it as a serious suggestion.","The post mentions the use of 'deep fakes' against a specific individual, which could be interpreted as a veiled threat or encouragement of harmful behavior. This could be seen as an assault on human dignity, as it involves the potential for reputational harm through false impersonation. However, it does not explicitly call for violence or use vulgar language. The ambiguity of the intent behind 'be a shame if someone deep faked him' could lead to disagreement among annotators, as some may see it as a joke or sarcasm, while others may view it as a serious suggestion. Therefore, there is likely to be moderate disagreement among annotators, with some classifying it as hate speech and others not.",0.4
27,27,357,"Yes, people send their kids to college for huge sums of money to get brainwashed by freaks like him. ",0.0,1.0,0.4,0.6,"The post contains language that could be interpreted as demeaning or degrading towards individuals involved in higher education, possibly implying that educators are 'freaks' who 'brainwash' students. This could be seen as an assault on human dignity, particularly if it targets a specific group of educators or students. However, the post does not explicitly call for violence or use vulgar language. The interpretation of 'freaks' and 'brainwashed' can vary, leading to some disagreement among annotators about whether it constitutes hate speech.","The post uses derogatory language ('freaks') to describe educators and implies that they 'brainwash' students, which could be seen as an assault on human dignity. However, it does not explicitly call for violence or use vulgar language. The interpretation of terms like 'freaks' and 'brainwashed' can vary, leading to some disagreement among annotators about whether it constitutes hate speech. Therefore, I predict a moderate level of disagreement with percentages of [0.4, 0.6].",0.4
29,29,392,The End Is Near for SPLC Hate Racket - http://americanfreepress.net/the-end-is-near-for-splc-hate-racket/,0.0,1.0,0.4,0.6,"The post refers to the Southern Poverty Law Center (SPLC) as a 'hate racket,' which could be interpreted as an assault on the organization's dignity and credibility. However, it does not explicitly demean or degrade individuals or groups based on protected characteristics, nor does it contain calls for violence or vulgar language. The term 'hate racket' is subjective and could lead to varying interpretations about whether it constitutes hate speech, resulting in moderate disagreement among annotators.","The post refers to the SPLC as a 'hate racket,' which could be seen as an attack on the organization's credibility. However, it does not explicitly target individuals or groups based on protected characteristics, nor does it incite violence or use vulgar language. The term 'hate racket' is subjective and may lead to differing interpretations about whether it constitutes hate speech, resulting in moderate disagreement among annotators.",0.4
48,48,848,Globalist. RINO. Traitor. #DescribeJohnMcCainIn3Words http://magaimg.net/img/60mh.jpg,0.0,1.0,0.4,0.6,"The post uses the hashtag #DescribeJohnMcCainIn3Words and includes terms like 'Globalist,' 'RINO' (Republican In Name Only), and 'Traitor.' These terms are often used in political discourse to criticize or demean individuals, particularly within certain political circles. While the language is derogatory, it does not explicitly call for violence or use vulgar language. The interpretation of whether this constitutes hate speech may vary, leading to some disagreement among annotators. The post is likely to be seen as offensive by some due to the negative connotations of the words used, but it may not be universally classified as hate speech.","The post uses politically charged language to describe John McCain, labeling him as a 'Globalist,' 'RINO,' and 'Traitor.' These terms are often used pejoratively in political contexts, particularly by those who disagree with McCain's political stance or actions. The use of such labels can be seen as an assault on McCain's dignity, as they are intended to demean or discredit him. However, the post does not contain explicit calls for violence or use vulgar language. The interpretation of this post as hate speech may vary among annotators, as some may view it as a strong political opinion rather than hate speech. Therefore, there is likely to be moderate disagreement among annotators, with some classifying it as hate speech due to the derogatory nature of the terms, while others may not see it as crossing the threshold into hate speech.",0.4
78,78,1318,McSalley Arizona has done it again other commie running for Senate. Damn,0.0,1.0,0.4,0.6,"The post uses derogatory language by referring to a political candidate as a 'commie,' which could be seen as an assault on human dignity by using a pejorative term. However, it does not explicitly call for violence or use vulgar language. The term 'commie' is often used in political discourse and may not be universally considered hate speech, leading to potential disagreement among annotators.","The post refers to a political candidate as a 'commie,' which is a derogatory term often used to demean individuals with leftist or socialist political views. This could be interpreted as an assault on human dignity, but it does not contain explicit calls for violence or vulgar language. The use of 'commie' might be seen as offensive by some, but it is also a term used in political rhetoric, which might not be universally classified as hate speech. This could lead to some disagreement among annotators, with a moderate percentage classifying it as hate speech due to the derogatory nature of the term, while others may not see it as crossing the threshold for hate speech.",0.4
83,83,1402,I think Brother Nathanael's been dipping into the wine lately. That's ok because he's still on point for a reformed jew. God Bless!,0.0,1.0,0.3,0.7,"The post mentions 'Brother Nathanael' and refers to him as a 'reformed jew,' which could be interpreted as a reference to his religious background. The phrase 'dipping into the wine' is likely a metaphorical expression suggesting that he might be acting unusually, but it does not contain any direct assaults on human dignity, calls for violence, or vulgar language. The post's tone seems more light-hearted or humorous rather than hateful. However, the mention of 'reformed jew' could be seen as potentially offensive or stereotyping, leading to some annotators perceiving it as hate speech. Overall, the post is likely to result in moderate disagreement among annotators due to its ambiguous nature and context-specific interpretation.","The post refers to 'Brother Nathanael' and describes him as a 'reformed jew,' which could be seen as a reference to his religious background. The phrase 'dipping into the wine' is likely a metaphorical expression suggesting that he might be acting unusually, but it does not contain any direct assaults on human dignity, calls for violence, or vulgar language. The post's tone seems more light-hearted or humorous rather than hateful. However, the mention of 'reformed jew' could be seen as potentially offensive or stereotyping, leading to some annotators perceiving it as hate speech. Overall, the post is likely to result in moderate disagreement among annotators due to its ambiguous nature and context-specific interpretation.",0.3
111,111,1922,alex jones was imprisoned in the cube by the globalists only quads can free him https://www.bitchute.com/video/khTvXOZHHvrg/,0.0,1.0,0.4,0.6,"The post references Alex Jones, a controversial figure often associated with conspiracy theories, and mentions 'globalists,' a term sometimes used in a derogatory manner. However, the post is vague and lacks direct assaults on human dignity, calls for violence, or vulgar language. The ambiguity and context-specific language may lead to varied interpretations, resulting in moderate disagreement among annotators.","The post mentions Alex Jones and 'globalists,' which can be interpreted in various ways depending on the reader's perspective. The term 'globalists' is often used in conspiracy theories and can carry negative connotations, but the post does not explicitly demean or degrade any group, nor does it call for violence or use offensive language. The reference to 'quads' freeing him is unclear and may be seen as a metaphor or part of a conspiracy narrative. Given the lack of explicit hate speech elements and the potential for different interpretations, there is likely moderate disagreement among annotators.",0.4
113,113,1945,"From what I can find out, Wicca was created in 1930 or so, and Asatru in 1970.  No one really knows how the pagan of old worshiped. Now Satanism is a whole 'nother thing!  Evil!  Evil then and evil now.",0.0,1.0,0.3,0.7,"The post discusses Wicca, Asatru, and Satanism, labeling Satanism as 'evil.' While it expresses a negative opinion about Satanism, it does not explicitly demean or degrade individuals based on protected characteristics, nor does it call for violence. The language is not overtly vulgar or offensive, though it could be seen as dismissive or prejudiced against those who identify with Satanism. This could lead to some disagreement among annotators, but it is likely to be seen as not hate speech by the majority.","The post discusses different religious beliefs, specifically Wicca, Asatru, and Satanism. It labels Satanism as 'evil,' which could be interpreted as a negative stereotype or prejudice against those who practice Satanism. However, it does not explicitly attack individuals or groups based on protected characteristics such as race, ethnicity, gender, etc. There is no call for violence or use of vulgar language. The post may be seen as expressing a personal opinion rather than hate speech, leading to some disagreement among annotators. Therefore, the predicted percentages are [0.3, 0.7].",0.3
115,115,1973,"Never Trumpers peddaling their conspiracy. Just look at the cast of characters present in the film. No Name, McMuffin, Killary... https://www.thegatewaypundit.com/2018/08/nasty-joh...",0.0,1.0,0.4,0.6,"The post uses derogatory nicknames for political figures (e.g., 'No Name', 'McMuffin', 'Killary'), which could be seen as demeaning or degrading. However, it does not explicitly call for violence or use vulgar language. The use of such nicknames may lead to some disagreement among annotators about whether it constitutes hate speech, as it could be interpreted as political criticism rather than hate speech. Therefore, there is likely to be moderate disagreement among annotators.","The post uses derogatory nicknames for political figures, which could be seen as demeaning or degrading. However, it does not explicitly call for violence or use vulgar language. The use of such nicknames may lead to some disagreement among annotators about whether it constitutes hate speech, as it could be interpreted as political criticism rather than hate speech. Therefore, there is likely to be moderate disagreement among annotators.",0.4
133,133,2267,Gab outraged by racisim with tons of racism on the site lol.,0.0,1.0,0.4,0.6,"The post appears to be a commentary on the presence of racism on a social media platform, Gab, while also pointing out the irony of outrage over racism. The post itself does not directly contain assaults on human dignity, calls for violence, or vulgarity. However, it does mention racism, which could lead to some annotators perceiving it as indirectly related to hate speech. The post's tone and context might lead to some disagreement among annotators, but it is likely to be seen as more of a critique rather than hate speech itself.","The post comments on the presence of racism on a social media platform, Gab, and highlights the irony of outrage over racism while racism is prevalent on the site. The post itself does not contain direct hate speech elements such as assaults on human dignity, calls for violence, or vulgarity. However, the mention of racism could lead to some annotators perceiving it as indirectly related to hate speech. The post's tone and context might lead to some disagreement among annotators, but it is likely to be seen as more of a critique rather than hate speech itself. Therefore, the prediction is that 40% of annotators might classify it as hate speech due to the mention of racism, while 60% might not classify it as hate speech, viewing it as a commentary or critique.",0.4
141,141,2365,"They just dont know what is going on. I didn't either, until I studied what Muslims are.",0.0,1.0,0.4,0.6,"The post makes a generalization about Muslims, which could be interpreted as demeaning or degrading, potentially falling under 'Assaults on Human Dignity.' However, the language is not overtly offensive or vulgar, and there is no call for violence. The statement is somewhat ambiguous and could be interpreted differently depending on the reader's perspective on whether it constitutes hate speech. This ambiguity may lead to a moderate level of disagreement among annotators.","The post makes a generalization about Muslims, which could be interpreted as demeaning or degrading, potentially falling under 'Assaults on Human Dignity.' However, the language is not overtly offensive or vulgar, and there is no call for violence. The statement is somewhat ambiguous and could be interpreted differently depending on the reader's perspective on whether it constitutes hate speech. This ambiguity may lead to a moderate level of disagreement among annotators.",0.4
159,159,2517,"Same shit, different day. Too bad we don`t have Hillary in power, The survivors would be covering like starving dogs in perpetual winter as the nuclear clouds drifted across the planet. ",0.0,1.0,0.4,0.6,"The post contains a hypothetical scenario that suggests a negative outcome if a specific political figure were in power. It uses metaphorical language ('starving dogs in perpetual winter') to describe the situation, which could be interpreted as offensive or demeaning. However, it does not explicitly call for violence or use vulgar language. The interpretation of this post as hate speech may vary based on political views, leading to moderate disagreement among annotators.","The post uses metaphorical language to criticize a political figure, suggesting a negative hypothetical scenario. It does not explicitly demean a group based on protected characteristics, nor does it call for violence. The language is not overtly vulgar, but the metaphor could be seen as offensive. The interpretation of this post as hate speech may vary based on political views, leading to moderate disagreement among annotators.",0.4
165,165,2563,"I don't know about y'all, but when I see something racist I just move right along. It doesn't affect me in the least. I don't get why others seem to get all riled up.",0.0,1.0,0.3,0.7,"The post expresses a personal stance on encountering racism, suggesting indifference to racist content. It does not directly assault human dignity, call for violence, or use vulgar language. However, the dismissive attitude towards racism might be seen as problematic by some, leading to a moderate level of disagreement among annotators. Some may view it as minimizing the impact of racism, while others may see it as a personal coping mechanism, resulting in a higher percentage of annotators not classifying it as hate speech.","The post does not explicitly contain hate speech elements such as assaults on human dignity, calls for violence, or vulgar language. However, it does express a dismissive attitude towards racism, which could be interpreted as problematic by some annotators. This could lead to a moderate level of disagreement, as some may view the post as minimizing the impact of racism, while others may see it as a personal coping mechanism. Therefore, the predicted percentages of annotators classifying the post as hate speech vs. not hate speech are [0.3, 0.7].",0.3
169,169,2623,"The wearing of the Hijab is not even a necessity in Islam, just as Majid Nawaz. The hijab is basically a giant virtue signal and that's it. What's she complaining about?",0.0,1.0,0.3,0.7,"The post discusses the wearing of the Hijab and suggests it is a 'virtue signal,' which could be interpreted as dismissive or demeaning towards those who choose to wear it for religious or cultural reasons. However, it does not contain explicit vulgarity, offensive language, or calls for violence. The post may be seen as an assault on human dignity by some, as it questions the necessity of a religious practice, but it is not overtly hateful. This could lead to some disagreement among annotators, but likely not high disagreement.","The post questions the necessity of wearing the Hijab in Islam and labels it as a 'virtue signal.' This could be seen as dismissive or demeaning towards those who wear it for religious or cultural reasons, potentially falling under 'assaults on human dignity.' However, it does not contain vulgarity, offensive language, or calls for violence. The post's tone may lead to some annotators viewing it as hate speech, but it is not overtly hateful, leading to a moderate level of disagreement. Therefore, the predicted percentages are [0.3, 0.7].",0.3
174,174,2716,Redemption NPR is currently broadcasting a show about how perpetrators in the #MeToo crowd can be forgiven and make their way back into society. Simple! Just convert to Roman Catholicism and enjoy the Sacrament of Reconciliation! Oh. http://josephsciambra.com/the-deep-gay-state-in-th...,0.0,1.0,0.4,0.6,"The post appears to be sarcastic and critical of the #MeToo movement and the concept of forgiveness for perpetrators. It uses religious references, which could be interpreted as offensive or demeaning to some. However, it does not explicitly call for violence or use vulgar language. The sarcasm and religious reference might lead to some disagreement among annotators about whether it constitutes hate speech, particularly in terms of demeaning individuals or groups based on their beliefs.","The post uses sarcasm and religious references to critique the idea of forgiveness for perpetrators in the #MeToo movement. While it does not explicitly demean a specific group based on protected characteristics, the tone and context might be seen as offensive to some, particularly those sensitive to religious references or the #MeToo movement. This could lead to some annotators viewing it as hate speech, while others may not, resulting in moderate disagreement.",0.4
179,179,2875,Pictures emerge of where #McCain will be spending the next forever:,0.0,1.0,0.4,0.6,"The post refers to John McCain, a public figure, and the phrase 'where McCain will be spending the next forever' could be interpreted as a reference to his death. This could be seen as disrespectful or demeaning, particularly to those who respected him, potentially falling under 'Assaults on Human Dignity.' However, it does not contain explicit calls for violence or vulgar language. The ambiguity of the phrase and its potential to be interpreted as offensive or not leads to a moderate level of disagreement among annotators.","The post refers to John McCain, a public figure, and the phrase 'where McCain will be spending the next forever' could be interpreted as a reference to his death. This could be seen as disrespectful or demeaning, particularly to those who respected him, potentially falling under 'Assaults on Human Dignity.' However, it does not contain explicit calls for violence or vulgar language. The ambiguity of the phrase and its potential to be interpreted as offensive or not leads to a moderate level of disagreement among annotators.",0.4
197,197,2998,"None of this means I am against whites claiming to be Gods' chosen. I think it is stupid, not true, and exactly what we've been told not to do, and none of it ever ends well, but if everyone is going to get in on this game, it seems stupid too, that we wouldn't say the same thing. Or that we should be allowed to.",0.0,1.0,0.4,0.6,"The post discusses the idea of different groups claiming to be 'God's chosen' and expresses a critical view of such claims. It does not explicitly demean or degrade any group, nor does it call for violence. However, it touches on a sensitive topic related to racial or ethnic superiority, which could be interpreted as offensive or problematic by some. The language is not overtly vulgar or offensive, but the subject matter could lead to differing interpretations. Therefore, there is likely to be some disagreement among annotators, but not extremely high.","The post discusses the concept of different groups claiming to be 'God's chosen' and expresses a critical view of such claims. It does not explicitly demean or degrade any group, nor does it call for violence. However, it touches on a sensitive topic related to racial or ethnic superiority, which could be interpreted as offensive or problematic by some. The language is not overtly vulgar or offensive, but the subject matter could lead to differing interpretations. Therefore, there is likely to be some disagreement among annotators, but not extremely high. The predicted percentages of annotators who classify the post as hate speech vs. not hate speech are [0.4, 0.6].",0.4
214,214,3086,I bet if Anderson would've asked Stormy how many times she had sex with Hillary those saucers would get really big! Even Anderson would enjoy it because that's how he rolls.,0.0,1.0,0.4,0.6,"The post contains a suggestive and potentially offensive insinuation about public figures, which could be interpreted as vulgar or offensive. However, it does not explicitly demean or degrade individuals based on protected characteristics, nor does it call for violence. The ambiguity lies in the interpretation of the innuendo and whether it is considered offensive enough to be classified as hate speech. This could lead to moderate disagreement among annotators.","The post makes a suggestive comment about public figures, which could be seen as offensive or vulgar. However, it does not explicitly attack or demean individuals based on race, ethnicity, gender, religion, or other protected characteristics. It also does not call for violence. The post's content is more likely to be interpreted as a crude joke rather than hate speech, leading to moderate disagreement among annotators. Therefore, the predicted percentages are [0.4, 0.6].",0.4
215,215,3092,Muslim family knocks out Dutch police officer in large fight ,0.0,1.0,0.4,0.6,"The post mentions a 'Muslim family' in the context of a violent incident, which could be interpreted as an attempt to associate a religious group with violence. This could be seen as an assault on human dignity by implying negative stereotypes about Muslims. However, the post does not explicitly call for violence or use vulgar language. The focus on the religious identity of the family involved in the incident may lead to some annotators viewing it as hate speech, while others may see it as a factual report of an event without hateful intent. This results in moderate disagreement among annotators.","The post mentions a 'Muslim family' in the context of a violent incident, which could be interpreted as an attempt to associate a religious group with violence. This could be seen as an assault on human dignity by implying negative stereotypes about Muslims. However, the post does not explicitly call for violence or use vulgar language. The focus on the religious identity of the family involved in the incident may lead to some annotators viewing it as hate speech, while others may see it as a factual report of an event without hateful intent. This results in moderate disagreement among annotators.",0.4
216,216,3132,"https://youtu.be/WHl34gFGC_4 Q Anon Predicted Bad Event After Horowitz, Huber, Jordan Criminal Findings on DOJ/FBI, Congressional Oversight Requests, Weiner Unsealed Warrant & Terrible May For Pope #SantaFeFalseFlag #QAnon #TrumpReinstatesGagOrderOnPlannedParenthood #ExecutiveOrderToSeizePropertyOfSeriousHumanRightsAbusers",0.0,1.0,0.4,0.6,"The post references a conspiracy theory (QAnon) and includes hashtags that suggest a false flag operation and political actions. While it does not directly assault human dignity or call for violence, the use of conspiracy theories and politically charged language could be seen as offensive or harmful by some. The ambiguity and context-specific nature of the content may lead to varying interpretations among annotators, resulting in moderate disagreement.","The post includes references to QAnon, a conspiracy theory, and uses hashtags like #SantaFeFalseFlag, which could be interpreted as offensive or harmful. However, it does not directly assault human dignity or call for violence. The content is ambiguous and context-specific, leading to moderate disagreement among annotators.",0.4
225,225,3212,"finally, they no longer coddle the people whom wish to cause them harm ",0.0,1.0,0.4,0.6,"The post is somewhat ambiguous and could be interpreted in different ways. It suggests a change in treatment towards a group of people who are perceived as harmful, but it does not specify who these people are or what actions are being taken against them. This could be seen as a call for justified action against a harmful group, or it could be interpreted as a more aggressive stance that could border on hate speech, depending on the context and the group being referred to. The lack of specific offensive language or direct calls for violence suggests that not all annotators would classify it as hate speech, leading to a moderate level of disagreement.","The post ""finally, they no longer coddle the people whom wish to cause them harm"" is somewhat ambiguous. It implies a change in behavior towards a group perceived as harmful, but it doesn't specify who these people are or what actions are being taken. This could be interpreted as a justified stance against a harmful group or as a more aggressive, potentially hateful sentiment, depending on the context. The lack of specific offensive language or direct calls for violence suggests that not all annotators would classify it as hate speech, leading to a moderate level of disagreement. Therefore, I predict the percentages of annotators who classify the post as hate speech vs. not hate speech to be [0.4, 0.6].",0.4
228,228,3251,Fantastic investigative work done by Corey Lynn: Connecting the dots between the global warming scam and child trafficking..Clinton connection of course. Shipwrecked on Ten Islands with Clinton's and Brandson https://coreysdigs.com/clinton-foundation/shipwrec...,0.0,1.0,0.4,0.6,"The post makes a controversial claim by linking global warming, child trafficking, and the Clinton Foundation, which could be seen as an assault on human dignity by implying criminal activity without evidence. However, it does not contain explicit calls for violence or vulgar language. The post's content is likely to be interpreted differently based on political views and beliefs about the mentioned topics, leading to a moderate level of disagreement among annotators.","The post suggests a conspiracy involving global warming, child trafficking, and the Clinton Foundation, which could be seen as an attack on the dignity of those involved by implying criminal activity without evidence. However, it does not contain explicit calls for violence or vulgar language. The post's content is likely to be interpreted differently based on political views and beliefs about the mentioned topics, leading to a moderate level of disagreement among annotators.",0.4
248,248,3492,https://amp.theguardian.com/commentisfree/2018/oct/11/tommy-robinson-photos-british-army-far-right ,0.0,1.0,0.4,0.6,"The post is a link to an article from The Guardian about Tommy Robinson and the British Army, which may involve discussions around far-right ideologies. While the post itself does not contain explicit hate speech, the topic is sensitive and could be interpreted differently by annotators. Some may view it as promoting or discussing hate speech due to the association with far-right ideologies, while others may see it as a neutral or informative post. This could lead to moderate disagreement among annotators.","The post is a link to an article from The Guardian about Tommy Robinson and the British Army, which may involve discussions around far-right ideologies. While the post itself does not contain explicit hate speech, the topic is sensitive and could be interpreted differently by annotators. Some may view it as promoting or discussing hate speech due to the association with far-right ideologies, while others may see it as a neutral or informative post. This could lead to moderate disagreement among annotators.",0.4
251,251,3532,"I actually do have an idea on a post about that... about how Dr. Frank N. Furter at least kept his activities behind closed doors and by invitation only, and had the decency to not parade it down Main Street or demand we bake it a cake.",0.0,1.0,0.4,0.6,"The post references Dr. Frank N. Furter, a character from 'The Rocky Horror Picture Show,' in a way that suggests criticism of public displays of certain behaviors or identities, possibly related to LGBTQ+ pride or rights. The language used ('parade it down Main Street' and 'demand we bake it a cake') can be interpreted as a critique of LGBTQ+ pride parades and the legal battles over services for same-sex weddings. This could be seen as demeaning to LGBTQ+ individuals, falling under 'Assaults on Human Dignity.' However, the post does not contain explicit vulgarity or calls for violence, and the reference to a fictional character adds a layer of ambiguity. This could lead to some disagreement among annotators about whether it constitutes hate speech.","The post makes a reference to Dr. Frank N. Furter, a character from 'The Rocky Horror Picture Show,' in a context that seems to critique public displays of certain behaviors or identities, potentially related to LGBTQ+ pride or rights. The phrases 'parade it down Main Street' and 'demand we bake it a cake' are often associated with criticisms of LGBTQ+ pride parades and legal issues surrounding services for same-sex weddings. This could be interpreted as demeaning to LGBTQ+ individuals, which falls under 'Assaults on Human Dignity.' However, the post does not contain explicit vulgarity or calls for violence, and the use of a fictional character adds a layer of ambiguity. This could result in some disagreement among annotators about whether it constitutes hate speech.",0.4
272,272,3786,"IF they do this, whew, lookout, all Trump supporters will take over!",0.0,1.0,0.4,0.6,"The post suggests a potential action by Trump supporters, which could be interpreted as a call for action or takeover. However, it lacks explicit language that directly incites violence or degrades a specific group. The ambiguity in the phrase 'take over' could lead to different interpretations, resulting in moderate disagreement among annotators. Some may view it as a harmless expression of political enthusiasm, while others might see it as a veiled threat or incitement.","The post contains ambiguous language that could be interpreted in multiple ways. The phrase 'take over' is not explicitly violent but could be perceived as a call to action, depending on the context and the reader's perspective. This ambiguity is likely to lead to moderate disagreement among annotators, with some viewing it as potentially threatening and others seeing it as non-threatening political rhetoric.",0.4
299,299,4189,"It has begun, the Left is moving for a coup before the midterms. Their plan is to remove Trump and crack down on any reaction from the Right, with foreign intervention if need be. I don't need to tell you where it leads you let that happen, America.",0.0,1.0,0.4,0.6,"The post suggests a conspiracy theory about a coup and foreign intervention, which could be seen as inflammatory and potentially inciting fear or unrest. However, it does not explicitly call for violence or use vulgar language. The language is charged and could be interpreted as an assault on the political dignity of the 'Left,' but it lacks direct hate speech elements. Annotators might disagree on whether this constitutes hate speech due to its political nature and the lack of explicit calls for violence or offensive language.","The post contains charged political language and suggests a conspiracy theory about a coup and foreign intervention. While it does not explicitly call for violence or use vulgar language, it could be seen as inflammatory and potentially inciting fear or unrest. The language is charged and could be interpreted as an assault on the political dignity of the 'Left,' but it lacks direct hate speech elements. Annotators might disagree on whether this constitutes hate speech due to its political nature and the lack of explicit calls for violence or offensive language. Therefore, there is likely to be some disagreement among annotators, with a moderate percentage classifying it as hate speech.",0.4
322,322,4501,"CCW News - Dumber Than Dirt: Democrat Senator Mazie Hirono Still ""Confused"" After ICE Official Explains How Immigration Law Works http://counterculturewarrior.altervista.org",0.0,1.0,0.4,0.6,"The post refers to a Democrat Senator as 'Dumber Than Dirt,' which is a derogatory and demeaning statement. This could be seen as an assault on human dignity, particularly in the political context. However, it does not contain explicit calls for violence or use vulgar language. The post's content may lead to some disagreement among annotators, as it could be interpreted as political criticism rather than hate speech, but the derogatory language suggests a moderate level of hate speech classification.","The post uses derogatory language ('Dumber Than Dirt') to describe a Democrat Senator, which can be seen as demeaning and degrading. This falls under the aspect of assaults on human dignity, particularly in a political context. However, it does not incite violence or use vulgar language. The interpretation of this post may vary, with some seeing it as political commentary and others as hate speech, leading to moderate disagreement among annotators. Therefore, the predicted percentages are [0.4, 0.6].",0.4
325,325,4538,"Rhetorical question: What is the difference between a ""hate crime"" and ""a violent act of terrorism?""",0.0,1.0,0.3,0.7,"The post poses a rhetorical question comparing 'hate crime' and 'violent act of terrorism,' which could be interpreted in various ways. It does not explicitly demean or degrade any group, nor does it call for violence. The language is not vulgar or offensive. However, the comparison might imply a minimization or misunderstanding of the severity of hate crimes, which could lead to some annotators perceiving it as problematic. The ambiguity in the intent and interpretation of the question could lead to moderate disagreement among annotators.","Rhetorical question: What is the difference between a ""hate crime"" and ""a violent act of terrorism?"" | Percentages of annotators who classify the post as hate speech vs. not hate speech: [0.3, 0.7]",0.3
349,349,4831,"This is how sick the left is. They keep trying to push this shit that the KKK is right wing, and the Nazis were conservatives. Both are 180 degrees from truth. But they can fuck up a good painting for their obscene propaganda. Pepe doesnt have blue eyes either idiots.",1.0,0.0,0.7,0.3,"The post contains offensive language and derogatory terms such as 'idiots' and 'shit,' which may be considered vulgar and offensive. It also makes a strong political statement by accusing 'the left' of spreading 'obscene propaganda,' which could be seen as an assault on human dignity by demeaning a political group. However, it does not explicitly call for violence. The post's content is likely to lead to some disagreement among annotators due to its political nature and the use of offensive language, but it is relatively clear in its intent to criticize and demean a political group, leading to a prediction of low disagreement.","The post contains offensive language and derogatory terms such as 'idiots' and 'shit,' which may be considered vulgar and offensive. It also makes a strong political statement by accusing 'the left' of spreading 'obscene propaganda,' which could be seen as an assault on human dignity by demeaning a political group. However, it does not explicitly call for violence. The post's content is likely to lead to some disagreement among annotators due to its political nature and the use of offensive language, but it is relatively clear in its intent to criticize and demean a political group, leading to a prediction of low disagreement.",0.3
388,388,5302,@TommyRobinson was a GENUINE political prisoner https://www.whaleoil.co.nz/2018/08/whaleoil-video-...,0.0,1.0,0.4,0.6,"The post refers to Tommy Robinson as a 'Genuine political prisoner,' which could be interpreted as a political statement rather than hate speech. However, Tommy Robinson is a controversial figure associated with far-right views, and mentioning him in a supportive context might be seen as endorsing those views. This could lead to some annotators perceiving it as hate speech due to the association with far-right ideologies, while others may see it as a political opinion. The post does not explicitly contain assaults on human dignity, calls for violence, or vulgar language, but the context of supporting a controversial figure could lead to disagreement among annotators.","The post mentions Tommy Robinson, a controversial figure often associated with far-right ideologies. The statement that he was a 'Genuine political prisoner' could be interpreted as a political opinion rather than hate speech. However, due to Robinson's associations, some annotators might view this as an endorsement of far-right views, which could be seen as problematic. The post does not explicitly contain assaults on human dignity, calls for violence, or vulgar language, but the context might lead to disagreement among annotators. Therefore, there is likely to be moderate disagreement, with some seeing it as hate speech and others not.",0.4
426,426,5743,The only reason Barry Soetero can say that his administration had 'no scandals that embarrass us' is because he and his administration are incapable of feeling shame.  These sociopaths aren't ashamed of them; they're proud of those scandals.,0.0,1.0,0.4,0.6,"The post refers to 'Barry Soetero,' a derogatory name used for former President Barack Obama, which may be seen as an attempt to demean him. It accuses him and his administration of being 'sociopaths' and suggests they are proud of their scandals, which could be interpreted as an assault on human dignity. However, it does not contain explicit calls for violence or vulgar language. The post's interpretation as hate speech may vary, leading to moderate disagreement among annotators.","The post uses a derogatory term for Barack Obama and accuses him and his administration of being sociopaths who are proud of their scandals. This could be seen as an assault on human dignity, but it lacks explicit calls for violence or vulgar language. The interpretation of this post as hate speech may vary, leading to moderate disagreement among annotators.",0.4
429,429,5752,"I only have one serious objection to President Trump, and that's his repeated referral to the Mueller investigation as a 'witch-hunt.' Seriously, it can't be called a witch-hunt if the witch is known, still free, and unindicted.  The free citizens of America deserve to see Hillary in orange and eating off a tin plate.",0.0,1.0,0.4,0.6,"The post contains a political opinion about the Mueller investigation and Hillary Clinton. It uses the metaphor of a 'witch-hunt' and suggests that Hillary Clinton should be indicted and imprisoned. While it does not explicitly call for violence, it does imply a desire for legal action against a political figure. The language is not overtly vulgar or offensive, but the suggestion of imprisonment could be seen as demeaning or degrading to some. This could lead to some disagreement among annotators, as interpretations may vary based on political views and perceptions of fairness in legal processes.","The post critiques President Trump's characterization of the Mueller investigation and expresses a desire to see Hillary Clinton imprisoned. It does not contain vulgar language or explicit calls for violence, but it does suggest legal action against a political figure, which could be interpreted as demeaning. Annotators may disagree on whether this constitutes hate speech, leading to moderate disagreement.",0.4
472,472,6170,This is going to come to a boiling point in Europe and it ain't gonna be pretty;,0.0,1.0,0.4,0.6,"The post is somewhat ambiguous and lacks specific context, which could lead to varying interpretations. It hints at potential conflict or unrest in Europe, which might be interpreted as a call for violence or an expression of concern about violence. However, it does not explicitly demean any group or use offensive language. The lack of specificity and context may lead to high disagreement among annotators about whether it constitutes hate speech.","The post suggests a future conflict or unrest in Europe, which could be interpreted in different ways. It does not explicitly call for violence or use offensive language, but the implication of a 'boiling point' could be seen as a warning or a threat, depending on the reader's perspective. This ambiguity is likely to result in a moderate level of disagreement among annotators.",0.4
477,477,6226,Pam Geller was suspended from Facebook for posting this. ,0.0,1.0,0.4,0.6,"The post is ambiguous as it does not provide specific content that was posted by Pam Geller, only mentioning that she was suspended from Facebook. Without knowing the exact content, it's difficult to assess whether it contained hate speech. However, given Pam Geller's history of controversial statements, some annotators might assume the post involved hate speech, while others might not. This leads to a moderate level of disagreement among annotators.","The post mentions Pam Geller's suspension from Facebook but does not provide details on the content that led to the suspension. Pam Geller is known for her controversial views, which might lead some annotators to assume the post involved hate speech, while others might not. This results in a moderate level of disagreement.",0.4
488,488,6439,Wow you’re a fucking Clown. You must be a Jew,1.0,0.0,0.7,0.3,"The post contains offensive language ('fucking Clown') and a derogatory reference to a specific group ('Jew'), which can be seen as an assault on human dignity based on religion. The use of 'Jew' in this context is likely intended as an insult, which is a common anti-Semitic trope. This makes it likely that a significant portion of annotators would classify it as hate speech. However, the lack of explicit calls for violence and the potential for some to interpret it as a personal insult rather than a broader attack on a group might lead to some disagreement.","The post uses offensive language and targets a specific group based on religion, which aligns with the 'Assaults on Human Dignity' aspect of hate speech. The use of 'Jew' in a derogatory manner is a clear indicator of anti-Semitic sentiment. While there is no explicit call for violence, the post's language is likely to be perceived as hate speech by a majority of annotators due to its demeaning nature. However, some annotators might see it as a personal attack rather than a broader hate speech, leading to some level of disagreement. Therefore, I predict that 70% of annotators would classify it as hate speech, while 30% would not.",0.3
489,489,6440,Wow I’m having a convo with someone and you jump in douche bag. Are you some highly paid coder or just a jerk off that likes to punch right.  Or maybe you’re a Jew. Never heard of you before. Mute me.,1.0,0.0,0.7,0.3,"The post contains offensive language and a derogatory reference to a Jewish person, which can be seen as an assault on human dignity. The use of 'douche bag' and 'jerk off' adds vulgarity and offensive language to the post. The mention of 'maybe you're a Jew' in a negative context suggests a potential bias or stereotype, which could be interpreted as hate speech by some annotators. However, the post does not explicitly call for violence. The ambiguity lies in whether the reference to being Jewish is intended as a slur or simply an identifier, leading to some disagreement among annotators.","The post contains elements that could be interpreted as hate speech, particularly the derogatory reference to a Jewish person, which can be seen as an assault on human dignity. The use of 'douche bag' and 'jerk off' adds vulgarity and offensive language to the post. The mention of 'maybe you're a Jew' in a negative context suggests a potential bias or stereotype, which could be interpreted as hate speech by some annotators. However, the post does not explicitly call for violence. The ambiguity lies in whether the reference to being Jewish is intended as a slur or simply an identifier, leading to some disagreement among annotators.",0.3
497,497,6510,It ain't right that a citizen has to pay for college while illegals get it free.,0.0,1.0,0.4,0.6,"The post expresses a grievance about perceived unfairness in educational opportunities between citizens and undocumented immigrants. It does not contain vulgar or offensive language, nor does it explicitly call for violence. However, it could be interpreted as an assault on human dignity by implying that 'illegals' (a derogatory term for undocumented immigrants) are undeserving of educational benefits. This could lead to some annotators viewing it as hate speech, while others may see it as a political opinion, resulting in moderate disagreement.","The post uses the term 'illegals,' which is often considered derogatory and dehumanizing, potentially falling under the category of assaults on human dignity. However, it does not contain explicit calls for violence or vulgar language. The main issue is the use of language that could be seen as demeaning to a group based on their immigration status. This could lead to a moderate level of disagreement among annotators, as some may view it as a legitimate political opinion rather than hate speech.",0.4
502,502,6551,EXCUSE ME? 🤔 DID YOU NOT UNDERSTAND WHAT I SAID ABOUT WHY I WAS DISGUSTED WITH ROSEANNE FOR KISSING GEORGE SOROS'S ASS? 🤔 I AM NOT A DEMOCRAT COMMIE YOU IDIOT!!!!! 😐 ,0.0,1.0,0.4,0.6,"The post contains strong language and insults, which may be considered offensive, but it does not clearly fall into the categories of assaults on human dignity or calls for violence. The use of 'commie' as a derogatory term could be seen as offensive, but it is not explicitly targeting a protected characteristic. The post's content is more about expressing personal disgust and political disagreement rather than hate speech. Therefore, there might be some disagreement among annotators, but it is likely to be low.","The post expresses strong political opinions and uses derogatory language, particularly the term 'commie,' which is often used pejoratively. However, it does not explicitly attack a protected group or call for violence. The language is offensive but not necessarily hate speech. Annotators might disagree on whether the tone and language constitute hate speech, but the disagreement is likely to be low. Therefore, the predicted percentages are [0.4, 0.6].",0.4
507,507,6662,"You mean you're a racist :) Sorry, you lie badly https://web.archive.org/web/20180830165242/https:/...",0.0,1.0,0.4,0.6,"The post accuses someone of being a racist, which could be interpreted as an assault on human dignity if it is unfounded or used as a slur. However, the post does not contain explicit vulgarity or offensive language, nor does it call for violence. The smiley face suggests a sarcastic or mocking tone, which might lead to different interpretations of the post's intent. This ambiguity could result in a moderate level of disagreement among annotators about whether it constitutes hate speech.","The post accuses someone of being a racist, which could be interpreted as an assault on human dignity if it is unfounded or used as a slur. However, the post does not contain explicit vulgarity or offensive language, nor does it call for violence. The smiley face suggests a sarcastic or mocking tone, which might lead to different interpretations of the post's intent. This ambiguity could result in a moderate level of disagreement among annotators about whether it constitutes hate speech. Therefore, the predicted percentages of annotators who classify the post as hate speech vs. not hate speech are [0.4, 0.6].",0.4
509,509,6665,"Any excuse? You mean you're a racist :) Sorry, you lie badly https://web.archive.org/web/20180830165242/https:/...",0.0,1.0,0.4,0.6,"The post accuses someone of being a racist, which could be interpreted as an assault on human dignity if it is unfounded or used in a derogatory manner. However, the context is not entirely clear from the post alone, and it could be a response to a legitimate instance of racism. The use of 'you lie badly' suggests a personal attack, but it does not contain vulgarity or offensive language. The ambiguity in the context and the lack of explicit hate speech elements suggest a moderate level of disagreement among annotators.","The post accuses someone of being a racist, which could be interpreted as an assault on human dignity if it is unfounded or used in a derogatory manner. However, the context is not entirely clear from the post alone, and it could be a response to a legitimate instance of racism. The use of 'you lie badly' suggests a personal attack, but it does not contain vulgarity or offensive language. The ambiguity in the context and the lack of explicit hate speech elements suggest a moderate level of disagreement among annotators.",0.4
528,528,6905,Perhaps an Internet Bill of Rights is needed to protect right-wingers from Orwellian digital lynch mobs of the Left. ,0.0,1.0,0.4,0.6,"The post suggests that right-wing individuals need protection from 'Orwellian digital lynch mobs of the Left,' which could be interpreted as an assault on human dignity by implying that left-wing groups are oppressive or unjust. However, it does not explicitly call for violence or use vulgar language. The language is somewhat charged and could be seen as offensive to some, leading to potential disagreement among annotators. The post's content is somewhat ambiguous, as it could be interpreted as a critique of perceived censorship or as an inflammatory statement against a political group.","The post discusses the need for an 'Internet Bill of Rights' to protect right-wingers from 'Orwellian digital lynch mobs of the Left.' This language could be seen as demeaning or degrading to left-wing groups, suggesting they are oppressive or unjust. However, it does not explicitly call for violence or use vulgar language. The post's content is somewhat ambiguous, as it could be interpreted as a critique of perceived censorship or as an inflammatory statement against a political group. This ambiguity may lead to disagreement among annotators, with some viewing it as hate speech and others not.",0.4
537,537,6965,"#SJW ‘s  are the natural end state of post modernist thinking. Where your value is not judged on the goodness of your deeds, but on your group identity. When race, gender, sexuality and colour are more important then #character, and quality of your argument, then your society & culture are doomed.  #wakeupamerica",0.0,1.0,0.4,0.6,"The post criticizes social justice warriors (SJWs) and post-modernist thinking, suggesting that they prioritize group identity over individual character and quality of argument. While it does not contain explicit vulgarity or calls for violence, it does imply a negative view of certain groups based on their focus on identity politics. This could be seen as an assault on human dignity by some annotators, leading to a moderate level of disagreement. The post's content is somewhat ambiguous and open to interpretation, which may result in varied opinions on whether it constitutes hate speech.","The post criticizes social justice warriors (SJWs) and post-modernist thinking, suggesting that they prioritize group identity over individual character and quality of argument. While it does not contain explicit vulgarity or calls for violence, it does imply a negative view of certain groups based on their focus on identity politics. This could be seen as an assault on human dignity by some annotators, leading to a moderate level of disagreement. The post's content is somewhat ambiguous and open to interpretation, which may result in varied opinions on whether it constitutes hate speech. Therefore, I predict that 40% of annotators might classify it as hate speech, while 60% might not.",0.4
540,540,6996,All men are savages. ,1.0,0.0,0.6,0.4,"The post 'All men are savages' makes a sweeping generalization about men, which can be seen as demeaning or degrading based on gender. This falls under the aspect of 'Assaults on Human Dignity.' However, the statement does not contain vulgarity, offensive language, or calls for violence. The generalization is likely to be interpreted as hate speech by some annotators due to its demeaning nature, but others may see it as an expression of frustration or hyperbole, leading to some disagreement.","The post 'All men are savages' makes a sweeping generalization about men, which can be seen as demeaning or degrading based on gender. This falls under the aspect of 'Assaults on Human Dignity.' However, the statement does not contain vulgarity, offensive language, or calls for violence. The generalization is likely to be interpreted as hate speech by some annotators due to its demeaning nature, but others may see it as an expression of frustration or hyperbole, leading to some disagreement.",0.4
541,541,7010,"GOP CONGRESSMEN: The FISA Abuse at the DOJ Shithole Has Hit the Fan; THEY ALL Spied on Trump, Flynn #QAnon https://truepundit.com/watch-gop-congressmen-fisa-abuse-doj-shithole-hit-fan-spied-trump-flynn-videos/",0.0,1.0,0.4,0.6,"The post uses vulgar language ('shithole') which could be considered offensive, but it is not directed at a specific individual or group based on protected characteristics. The post also discusses political topics and allegations of spying, which are contentious but not inherently hate speech. The use of the hashtag #QAnon may suggest alignment with conspiracy theories, which could influence perceptions. Overall, the post may lead to some disagreement among annotators due to the use of offensive language and the political context, but it is not a clear case of hate speech.","The post contains vulgar language ('shithole') which may be considered offensive, but it is not directed at a specific individual or group based on protected characteristics. The post discusses political topics and allegations of spying, which are contentious but not inherently hate speech. The use of the hashtag #QAnon may suggest alignment with conspiracy theories, which could influence perceptions. Overall, the post may lead to some disagreement among annotators due to the use of offensive language and the political context, but it is not a clear case of hate speech.",0.4
556,556,7205,They give way more to israel not to mention it is illegal for them to do so.,0.0,1.0,0.4,0.6,"The post makes a statement about giving aid to Israel and mentions it being illegal. It does not contain vulgarity or offensive language, nor does it explicitly call for violence. However, it could be interpreted as an assault on human dignity if perceived as targeting a specific group (Israelis or Jews) in a negative light. The post's ambiguity and potential for different interpretations could lead to moderate disagreement among annotators.","The post discusses aid to Israel and its legality. It lacks vulgarity or direct calls for violence but could be seen as targeting a group negatively, leading to moderate disagreement.",0.4
562,562,7289,The white self hating leftist mental disorder that push's people to vote for these scum bags. A few day's earlier he was boasting about how his ancestors came to the US from Italy for a better life. And we need more 3rd worlders from shit holes.,1.0,0.0,0.7,0.3,"The post contains language that could be interpreted as demeaning or degrading towards certain groups, particularly with the use of terms like 'white self hating leftist mental disorder' and '3rd worlders from shit holes.' These phrases suggest an assault on human dignity based on race or ethnicity. The post does not explicitly call for violence, but it does use vulgar and offensive language. The ambiguity in the interpretation of 'self hating' and 'scum bags' could lead to some disagreement among annotators, but the overall tone and language suggest a higher likelihood of being classified as hate speech.","The post uses derogatory language and phrases that could be seen as demeaning to certain groups, particularly with the use of 'white self hating leftist mental disorder' and '3rd worlders from shit holes.' This suggests an assault on human dignity based on race or ethnicity. While there is no explicit call for violence, the language is vulgar and offensive. The ambiguity in terms like 'self hating' and 'scum bags' might lead to some disagreement, but the overall tone and language suggest a higher likelihood of being classified as hate speech. Therefore, the predicted percentages are [0.7, 0.3].",0.3
563,563,7299,"In most states, people convicted of a felony cannot vote, in some states, a pending felony charge disqualifies them. No photo ID, no problem, they vote Democrat.",0.0,1.0,0.4,0.6,"The post suggests that individuals with felony charges or convictions, who are often disenfranchised, are associated with voting for a specific political party (Democrat) without needing a photo ID. This could be interpreted as an assault on human dignity by implying that a certain group of people (felons) are inherently aligned with a political party due to their criminal status. However, it does not explicitly call for violence or use vulgar language. The post's interpretation may vary based on political views, leading to moderate disagreement among annotators.","The post implies a stereotype about people with felony charges or convictions and their voting behavior, which could be seen as demeaning. However, it does not contain explicit hate speech elements like calls for violence or vulgar language. The interpretation of this post may vary, leading to moderate disagreement among annotators.",0.4
569,569,7402,We melted his magic mountain.  I think that was a shot.  We also caused the fail of the launch before that.  Were you watching?,0.0,1.0,0.4,0.6,"The post contains ambiguous language that could be interpreted in various ways. It does not clearly assault human dignity, call for violence, or use vulgar language. The reference to 'melting his magic mountain' and 'causing the fail of the launch' is vague and lacks context, making it difficult to determine if it is hate speech. This ambiguity is likely to lead to high disagreement among annotators.","The post's language is metaphorical and lacks clear context, which makes it difficult to categorize definitively as hate speech. The phrases used could be interpreted as metaphorical or literal, and without additional context, it's challenging to assess the intent or target of the statements. This ambiguity suggests that annotators might have varied interpretations, leading to a moderate level of disagreement.",0.4
579,579,7588,"My Youtube channel was shoa'd, too. ",0.0,1.0,0.4,0.6,"The term 'shoa'd' is a reference to the Holocaust ('Shoah' is the Hebrew term for the Holocaust) and is often used in a context that trivializes or mocks the Holocaust, which can be considered offensive and demeaning to Jewish people. This could be seen as an assault on human dignity. However, the post does not contain explicit calls for violence or vulgar language. The use of 'shoa'd' might lead to some disagreement among annotators, as it depends on the interpretation of the term's intent and context, leading to moderate disagreement.","The post uses the term 'shoa'd,' which is a reference to the Holocaust ('Shoah' is the Hebrew term for the Holocaust). This term is often used in a context that trivializes or mocks the Holocaust, which can be considered offensive and demeaning to Jewish people. This could be seen as an assault on human dignity. However, the post does not contain explicit calls for violence or vulgar language. The use of 'shoa'd' might lead to some disagreement among annotators, as it depends on the interpretation of the term's intent and context. Therefore, I predict moderate disagreement among annotators, with a slight tendency towards not classifying it as hate speech due to the lack of explicit offensive language or calls for violence. The predicted percentages are [0.4, 0.6].",0.4
581,581,7606,"In the next 20 years, Mandela's rule turns South Africa, the once crowning jewel of the African continent, into a Third World country. As of 2018, Cape Town is now experiencing a water shortage, making it the first capital city in the world to run out of water.",0.0,1.0,0.4,0.6,"The post attributes the decline of South Africa to Mandela's rule, which could be interpreted as an assault on human dignity by blaming a specific leader and, by extension, a racial group for the country's issues. However, it does not contain explicit vulgarity or calls for violence. The post's interpretation may vary based on one's views on historical and political contexts, leading to moderate disagreement among annotators.","The post discusses the impact of Mandela's rule on South Africa, suggesting a negative transformation of the country. This could be seen as an assault on human dignity by attributing blame to a specific leader and potentially a racial group. However, it lacks explicit vulgarity or calls for violence. The interpretation of this post may vary based on historical and political perspectives, leading to moderate disagreement among annotators.",0.4
597,597,7701,Goebbels’s Christian Wedding.  ,0.0,1.0,0.4,0.6,"The post references 'Goebbels's Christian Wedding,' which could be interpreted in various ways. Joseph Goebbels was a prominent Nazi figure, and mentioning him in a post could be seen as offensive or as an attempt to provoke. However, without additional context, it's unclear if the post is making a historical reference, a satirical comment, or something else entirely. The ambiguity of the post's intent and the potential for it to be interpreted as offensive or not leads to a high likelihood of disagreement among annotators.","The post 'Goebbels’s Christian Wedding' is ambiguous and lacks context. It references Joseph Goebbels, a Nazi figure, which could be seen as offensive or provocative. However, without further context, it's unclear if the post is making a historical reference, a satirical comment, or something else. This ambiguity likely results in high disagreement among annotators, with some potentially viewing it as hate speech due to the association with a Nazi figure, while others may not see it as such without additional context. Therefore, the predicted percentages of annotators classifying the post as hate speech vs. not hate speech are [0.4, 0.6].",0.4
599,599,7779,"Came across this recently. The way this pos treats this officer is disgusting. But if this degenerate needed help from the police, would he be as rude? https://twitter.com/westwood_hero/s tatus/1025486183588155394?s=21",0.0,1.0,0.4,0.6,"The post uses derogatory language ('pos', 'degenerate') to describe an individual, which could be seen as demeaning or degrading. However, it does not target a specific protected characteristic such as race, gender, or religion, which makes it less likely to be classified as hate speech by a majority. The post does not contain calls for violence or use vulgar language directed at a group based on protected characteristics. The disagreement may arise from the subjective interpretation of what constitutes demeaning language and whether it crosses the threshold into hate speech.","The post criticizes an individual's behavior towards a police officer, using derogatory terms like 'pos' (piece of shit) and 'degenerate'. While the language is offensive, it is directed at an individual's behavior rather than a group based on protected characteristics. This makes it less likely to be classified as hate speech by a majority of annotators. However, the use of derogatory language could lead to some annotators perceiving it as hate speech, resulting in moderate disagreement. The percentages reflect a likely split in opinion, with a minority viewing it as hate speech due to the offensive language, while the majority may not see it as crossing the threshold into hate speech.",0.4
601,601,7792,New Nike kneeling shoes. For those who hate America. How many other shoes are on the market? @Politacs7 #BoycottNike ,0.0,1.0,0.4,0.6,"The post criticizes Nike for its association with kneeling during the national anthem, which some interpret as unpatriotic. It uses the phrase 'for those who hate America,' which could be seen as demeaning to individuals who support the kneeling protest. However, it does not explicitly call for violence or use vulgar language. The interpretation of this post as hate speech may vary, leading to moderate disagreement among annotators.","The post criticizes Nike for its association with kneeling during the national anthem, which some interpret as unpatriotic. It uses the phrase 'for those who hate America,' which could be seen as demeaning to individuals who support the kneeling protest. However, it does not explicitly call for violence or use vulgar language. The interpretation of this post as hate speech may vary, leading to moderate disagreement among annotators.",0.4
604,604,7832,the Cabal lead Financial markets first victim on deck: ,0.0,1.0,0.4,0.6,"The post is vague and lacks explicit hate speech elements. It mentions 'Cabal' and 'Financial markets,' which could be interpreted as referencing conspiracy theories, potentially involving anti-Semitic undertones. However, without more context or explicit language, it is not clear if it directly assaults human dignity or calls for violence. The ambiguity in the language and lack of context may lead to varied interpretations among annotators.","The post mentions 'Cabal' and 'Financial markets,' which could be interpreted as referencing conspiracy theories, potentially involving anti-Semitic undertones. However, the post is vague and lacks explicit hate speech elements such as assaults on human dignity, calls for violence, or vulgarity. The ambiguity in the language and lack of context may lead to varied interpretations among annotators, resulting in a moderate level of disagreement. Therefore, the predicted percentages of annotators classifying the post as hate speech vs. not hate speech are [0.4, 0.6].",0.4
617,617,8064,"sick of #Q ""trust the plan"" - porn-hub convention",0.0,1.0,0.4,0.6,"The post uses the phrase 'sick of #Q ""trust the plan"" - porn-hub convention,' which could be interpreted in multiple ways. The use of 'porn-hub convention' might be seen as vulgar or offensive by some, but it is not directly assaulting human dignity or calling for violence. The reference to '#Q' and 'trust the plan' could relate to QAnon, a controversial topic, which might lead to different interpretations based on the reader's views on QAnon. This ambiguity and potential for different interpretations suggest a moderate level of disagreement among annotators.","The post contains a reference to '#Q' and 'trust the plan,' which are associated with QAnon, a controversial conspiracy theory. The mention of 'porn-hub convention' could be seen as vulgar or offensive, but it does not directly attack any group or individual based on protected characteristics, nor does it call for violence. The post's content is somewhat ambiguous and could be interpreted differently depending on the reader's perspective on QAnon and the use of vulgar language. This suggests a moderate level of disagreement among annotators, with some potentially viewing it as offensive or related to hate speech, while others may not.",0.4
640,640,8348,Trudeau's 'refugees' bring mayhem to hotel migrant camps  https://www.therebel.media/trudeau_s_refugees_brin...,0.0,1.0,0.4,0.6,"The post uses the term 'refugees' in quotes, which may imply skepticism or derogation towards the individuals being referred to. The phrase 'bring mayhem' suggests that the refugees are causing chaos or disorder, which could be interpreted as an assault on human dignity by attributing negative behavior to a specific group. However, the post does not contain explicit calls for violence or use vulgar language. The ambiguity in the tone and the potential for different interpretations of the term 'mayhem' could lead to some disagreement among annotators.","The post refers to 'refugees' in a way that could be seen as derogatory, suggesting they are causing 'mayhem' in hotel migrant camps. This could be interpreted as an assault on human dignity by attributing negative behavior to a specific group. However, it does not explicitly call for violence or use vulgar language. The use of quotes around 'refugees' and the term 'mayhem' could lead to varying interpretations, resulting in moderate disagreement among annotators.",0.4
643,643,8382,Tell me pro isn't recurring billing? How long was the conversation with the turd world call center to cancel?,0.0,1.0,0.4,0.6,"The post uses the term 'turd world' which is a derogatory play on 'third world,' potentially demeaning individuals from developing countries. This could be seen as an assault on human dignity based on ethnicity or nationality. However, the rest of the post is a complaint about a service, which is not inherently hate speech. The offensive term may lead to some annotators viewing it as hate speech, but others may see it as a minor offense or overlook it due to the context of a service complaint.","The post uses a derogatory term 'turd world' which is a play on 'third world,' potentially demeaning individuals from developing countries. This could be seen as an assault on human dignity based on ethnicity or nationality. However, the rest of the post is a complaint about a service, which is not inherently hate speech. The offensive term may lead to some annotators viewing it as hate speech, but others may see it as a minor offense or overlook it due to the context of a service complaint. Therefore, there is likely to be some disagreement among annotators, but not extremely high, as the post is not overtly hateful or violent.",0.4
662,662,8652,TELL ME ABOUT YUKO WE THINK SHE WAS JOHN'S HANDLER FROM A SUPER RICH ILLUMINATING JAPANESE BANKING FAMILY.DO YOU CONCUR? SHE WENT TO SEE A SATANISTS FROM WHAT WE'VE DUG UP DAYS BEFORE JOHN DIED PAID EITHER 30k IN 1980 DOLLARS WHATEVER THAT IS NOW...,0.0,1.0,0.4,0.6,"The post contains conspiracy theories involving a 'super rich illuminating Japanese banking family' and a 'satanist,' which could be interpreted as offensive or demeaning towards certain groups, particularly if it implies negative stereotypes about Japanese people or banking families. However, it does not explicitly call for violence or use vulgar language. The ambiguity and conspiracy nature of the content may lead to some disagreement among annotators about whether it constitutes hate speech, but it is likely to be seen as more of a conspiracy theory than direct hate speech.","The post discusses a conspiracy theory involving a person named Yuko, who is suggested to be a 'handler' from a wealthy Japanese banking family and allegedly involved with a 'satanist.' The language used does not directly assault human dignity, call for violence, or use vulgar language, but it does imply a negative stereotype about Japanese people and banking families, which could be seen as offensive. The post's content is ambiguous and relies on conspiracy theories, which may lead to varying interpretations among annotators. Therefore, there is likely to be some disagreement, but it is more likely to be classified as not hate speech by a majority of annotators.",0.4
678,678,8806,WATCH: President Trump Demands Action On Sanctuary Cities http://1600daily.com/2018/04/02/watch-president-trump-demands-action-sanctuary-cities/ I support President Trump. Arrest and Prosecute the mayors and city council members of sanctuary cities now! ,0.0,1.0,0.4,0.6,"The post expresses support for President Trump's stance on sanctuary cities and calls for the arrest and prosecution of mayors and city council members of these cities. This could be interpreted as a call for legal action rather than violence, but the aggressive language ('Arrest and Prosecute') might be seen as inciting action against specific individuals based on their political decisions. The post does not contain vulgarity or offensive language, nor does it directly assault human dignity based on protected characteristics. However, the political nature and the call for action against specific political figures could lead to some disagreement among annotators about whether it constitutes hate speech.","The post supports President Trump's demand for action on sanctuary cities and calls for the arrest and prosecution of mayors and city council members of these cities. This could be interpreted as a call for legal action rather than violence, but the aggressive language ('Arrest and Prosecute') might be seen as inciting action against specific individuals based on their political decisions. The post does not contain vulgarity or offensive language, nor does it directly assault human dignity based on protected characteristics. However, the political nature and the call for action against specific political figures could lead to some disagreement among annotators about whether it constitutes hate speech. Therefore, I predict a moderate level of disagreement, with percentages of annotators classifying the post as hate speech vs. not hate speech as [0.4, 0.6].",0.4
680,680,8875,Can we all just agree that when McCain is finally flushed that we never speak his name again? I am done with hearing about him. He's even more annoying in death.,0.0,1.0,0.4,0.6,"The post expresses a strong negative sentiment towards John McCain, suggesting that people should stop talking about him after his death. While it does not explicitly attack McCain based on any protected characteristic, it does use disrespectful language ('flushed') that could be seen as demeaning to his memory. However, it does not contain calls for violence or use vulgar language. The post may be interpreted differently based on personal views about respect for the deceased, leading to some disagreement among annotators.","The post expresses a strong negative sentiment towards John McCain, suggesting that people should stop talking about him after his death. While it does not explicitly attack McCain based on any protected characteristic, it does use disrespectful language ('flushed') that could be seen as demeaning to his memory. However, it does not contain calls for violence or use vulgar language. The post may be interpreted differently based on personal views about respect for the deceased, leading to some disagreement among annotators.",0.4
681,681,8877,"To all the McCain mourners. Got a great idea. Lets unseal his military records so we know exactly what a great war hero he was. Yes, the same records he sued to have sealed so he could run for office. Yes, the same records that his dad and grandad the Admirals lobbied Richard Nixon himself to have sealed so McCain could get a pardon from the court martial charges.",0.0,1.0,0.4,0.6,"The post criticizes John McCain and questions his military record, suggesting that he was not the war hero he is often portrayed as. While the post is critical and potentially offensive to McCain supporters, it does not directly assault human dignity based on protected characteristics, nor does it call for violence. The language is not overtly vulgar or offensive, though it is accusatory. The post may lead to some disagreement among annotators, as it could be seen as disrespectful or defamatory, but it does not clearly fall into the hate speech categories. Therefore, there is likely moderate disagreement, with a slight majority classifying it as not hate speech.","The post questions the integrity of John McCain's military record and suggests that there was a cover-up involving his family and political figures. It does not contain vulgar language or direct calls for violence. The post could be seen as an assault on McCain's dignity, but it does not target a group based on race, ethnicity, gender, or other protected characteristics. The post is likely to be interpreted differently based on personal views about McCain, leading to moderate disagreement among annotators. Therefore, the predicted percentages are [0.4, 0.6].",0.4
691,691,8920,"New Evidence suggests #LasVegas Shooter #StephenPaddock ran a #CIA #ChildTrafficking Ring.  The appalling LasVegas massacre was never adequately explained, and the smell of a cover up was overwhelming.. 'Alleged Las Vegas shooter, Stephen Paddock, ran a drug running and child trafficking company – making millions of dollars in the process – according to explosive new evidence that threate...",0.0,1.0,0.4,0.6,"The post makes serious allegations about a public figure, Stephen Paddock, suggesting involvement in a CIA child trafficking ring. While it does not directly assault human dignity or call for violence, it could be seen as spreading conspiracy theories that may indirectly harm groups or individuals by promoting false narratives. The language is not overtly vulgar or offensive, but the content is provocative and could be interpreted as harmful or misleading. Annotators may disagree on whether this constitutes hate speech due to the lack of direct offensive language or calls for violence, leading to moderate disagreement.","The post suggests a conspiracy theory involving Stephen Paddock and the CIA, alleging child trafficking and drug running. It does not contain direct assaults on human dignity, calls for violence, or vulgar language. However, it could be seen as harmful due to the nature of the allegations and the potential to spread misinformation. Annotators may have differing opinions on whether this constitutes hate speech, resulting in moderate disagreement.",0.4
715,715,9119,The NAACP has gone on the record wanting the total confiscation of all firearms. How will this be facilitated when they have demonized the police? ,0.0,1.0,0.4,0.6,"The post mentions the NAACP and suggests that they want the total confiscation of firearms, which could be interpreted as an assault on the organization's intentions. However, it does not explicitly demean or degrade individuals or groups based on protected characteristics. The mention of 'demonizing the police' could be seen as a critique of the NAACP's stance, but it does not directly incite violence or use vulgar language. The post may lead to some disagreement among annotators due to its political nature and the potential for different interpretations of the NAACP's intentions and the implications of 'demonizing the police.'","The post discusses the NAACP's stance on firearm confiscation and critiques their relationship with the police. It does not contain explicit hate speech elements such as demeaning language based on race or other protected characteristics, nor does it call for violence or use vulgar language. However, the political nature and the mention of 'demonizing the police' could lead to varying interpretations. Some may see it as a legitimate critique, while others might view it as an unfair characterization of the NAACP's actions. This could result in moderate disagreement among annotators.",0.4
718,718,9187,"Where are the hoards of the Pussy Marchers and Anti fascist clowns that virtue signal about Trump and come out in their thousands. And stay silent when people protest about real adversity, hardship and oppression and the Islamic fascist place are called on to quell demonstrations.     ",1.0,0.0,0.6,0.4,"The post uses derogatory language such as ""Pussy Marchers"" and ""Anti fascist clowns,"" which can be seen as demeaning to certain groups, particularly those involved in women's rights and anti-fascist movements. This falls under the aspect of 'Assaults on Human Dignity.' Additionally, the post implies a criticism of these groups for not protesting against ""real adversity,"" which could be interpreted as a form of hate speech against these activists. However, it does not explicitly call for violence or use vulgar language, which might lead to some disagreement among annotators. Therefore, there is likely to be moderate disagreement, with a higher percentage of annotators classifying it as hate speech due to the demeaning language used.","The post contains derogatory language towards certain activist groups, which can be interpreted as demeaning and degrading. This aligns with the 'Assaults on Human Dignity' aspect of hate speech. However, it does not explicitly call for violence or use vulgar language, which might lead to some annotators not classifying it as hate speech. Therefore, there is likely to be moderate disagreement among annotators, with a higher percentage classifying it as hate speech due to the demeaning language used.",0.4
721,721,9264,"I'm pretty torn about joining the NRA.  The habit of endorsing milquetoast candidates, and the bump stock issue is troubling.  However, one has to admit that a large jump in membership now would make the left lose their fucking minds.  If they don't cuck on the ""European style socialist"" remarks, they can have my membership dues.",0.0,1.0,0.4,0.6,"The post discusses joining the NRA and criticizes certain political stances, using strong language like 'cuck' and 'European style socialist.' While it contains vulgar language ('fucking minds'), it does not explicitly demean or degrade individuals or groups based on protected characteristics, nor does it call for violence. The post's content may be interpreted as politically charged rather than hate speech, leading to potential disagreement among annotators. The use of terms like 'cuck' and 'European style socialist' may be seen as offensive or derogatory by some, but not necessarily as hate speech, resulting in moderate disagreement.","The post contains elements that could be seen as offensive or politically charged, particularly in its use of terms like 'cuck' and 'European style socialist.' However, it does not explicitly attack individuals or groups based on protected characteristics, nor does it call for violence. The vulgarity present ('fucking minds') is more of an expression of frustration rather than a direct attack. Given these factors, there is likely to be moderate disagreement among annotators, with some viewing it as offensive but not necessarily hate speech. Therefore, the predicted percentages are [0.4, 0.6].",0.4
740,740,9552,"You're so Jew cucked you can't even see straight.  I said despite seeing Hellstorm you still can't find empathy.  What is your ethics code with lying and blaming it on someone else?  Please elaborate on the ""virtues"" of the Katyn Massacre cover up. ",1.0,0.0,0.7,0.3,"The post contains language that can be interpreted as demeaning or degrading towards Jewish people, which falls under the 'Assaults on Human Dignity' aspect of hate speech. The term 'Jew cucked' is offensive and derogatory, suggesting a high likelihood of being classified as hate speech by annotators. Additionally, the reference to historical events like the Katyn Massacre in a context that questions ethics and virtues may be seen as provocative or offensive. However, the post does not explicitly call for violence or use vulgar language, which might lead to some annotators not classifying it as hate speech. Overall, the post is likely to result in low disagreement among annotators, with a majority classifying it as hate speech due to its demeaning language.","The post uses the term 'Jew cucked,' which is derogatory and offensive, targeting Jewish people. This falls under the 'Assaults on Human Dignity' aspect of hate speech. The post also references historical events like the Katyn Massacre in a way that could be seen as provocative or offensive, questioning ethics and virtues. While it does not explicitly call for violence or use vulgar language, the demeaning language towards a specific group is likely to lead to a majority of annotators classifying it as hate speech. Therefore, the prediction is that 70% of annotators would classify it as hate speech, while 30% would not, resulting in low disagreement.",0.3
746,746,9599,"Half of the judiciary are abusing their powers trying to stop #Brexit. The other half, it seems, are stealing our money. How is it possible not to have utter contempt for our current crop of judges? https://www.thesun.co.uk/news/6642702/three-immigr...",0.0,1.0,0.4,0.6,"The post criticizes the judiciary, accusing them of abusing power and stealing money, which could be seen as an assault on human dignity by undermining trust in a professional group. However, it does not contain explicit calls for violence or use vulgar or offensive language. The language is strong but not overtly hateful, leading to potential disagreement among annotators about whether it constitutes hate speech.","The post expresses strong criticism of the judiciary, suggesting they are abusing power and stealing money. This could be interpreted as an assault on human dignity, as it undermines trust in a professional group. However, it does not explicitly call for violence or use vulgar language. The language is strong but not overtly hateful, which may lead to disagreement among annotators about whether it constitutes hate speech. Therefore, I predict a moderate level of disagreement, with approximately 40% of annotators classifying it as hate speech and 60% not.",0.4
749,749,9602,Re-education by any other name. How very soviet of the lovely BBC. If you are still buying a TV license you really need to fuck off. https://www.mirror.co.uk/news/lord-sugar-pass-unco...,0.0,1.0,0.4,0.6,"The post contains offensive language ('fuck off') and criticizes the BBC in a harsh manner, which could be seen as an assault on human dignity, particularly if the BBC is viewed as representing a group of people. However, it does not explicitly call for violence or use slurs. The language is strong but not necessarily hate speech, leading to potential disagreement among annotators.","The post criticizes the BBC and uses offensive language, which may be interpreted as an attack on an institution rather than a specific group of people. The use of the phrase 'fuck off' is vulgar, but it does not necessarily constitute hate speech. The post does not call for violence or use slurs, which are stronger indicators of hate speech. Therefore, there may be some disagreement among annotators, with a moderate percentage classifying it as hate speech due to the offensive language and tone, while others may not see it as hate speech.",0.4
758,758,9667,The Jacksonville shooter was a raging liberal who routinely went after Trump supporters online  If he was a Republican or Trump voter it would be headline news and the media would blame Trump for inciting violence in our society,0.0,1.0,0.4,0.6,"The post discusses a shooter and implies a political bias in media coverage, suggesting that if the shooter were a Republican, the media would react differently. It does not directly assault human dignity or call for violence, but it does contain a potentially offensive implication about media bias and political affiliations. The language is not overtly vulgar or offensive, but the context of discussing a shooter and political bias can be sensitive and lead to varied interpretations. This could result in moderate disagreement among annotators about whether it constitutes hate speech.","The post discusses a shooter and implies a political bias in media coverage, suggesting that if the shooter were a Republican, the media would react differently. It does not directly assault human dignity or call for violence, but it does contain a potentially offensive implication about media bias and political affiliations. The language is not overtly vulgar or offensive, but the context of discussing a shooter and political bias can be sensitive and lead to varied interpretations. This could result in moderate disagreement among annotators about whether it constitutes hate speech.",0.4
769,769,9731,Somebody forgot the Nürnberg trials. Military tribunals isn't the solution my friend.,0.0,1.0,0.4,0.6,"The post references the Nürnberg trials, which were military tribunals held after World War II to prosecute prominent leaders of Nazi Germany. The mention of 'military tribunals' could imply a call for similar actions, which might be interpreted as a call for violence or extreme measures against certain groups or individuals. However, the post does not explicitly demean or degrade any specific group, nor does it contain vulgar or offensive language. The ambiguity lies in the interpretation of 'military tribunals' as a solution, which could lead to disagreement among annotators about whether it constitutes hate speech.","The post references the Nürnberg trials, which were military tribunals held after World War II to prosecute prominent leaders of Nazi Germany. The mention of 'military tribunals' could imply a call for similar actions, which might be interpreted as a call for violence or extreme measures against certain groups or individuals. However, the post does not explicitly demean or degrade any specific group, nor does it contain vulgar or offensive language. The ambiguity lies in the interpretation of 'military tribunals' as a solution, which could lead to disagreement among annotators about whether it constitutes hate speech. Therefore, there is likely to be moderate disagreement among annotators, with some viewing it as a call for violence and others not interpreting it as hate speech.",0.4
776,776,9811,"So your problem is the ""numbers""...? Not that it actually happened?",0.0,1.0,0.4,0.6,"The post is ambiguous and lacks context, making it difficult to determine if it constitutes hate speech. It could be interpreted as questioning the significance of an event based on numbers, which might be seen as dismissive or offensive, but it does not explicitly assault human dignity, call for violence, or use vulgar language. The lack of context and specificity may lead to high disagreement among annotators.","The post's ambiguity and lack of context make it challenging to categorize definitively as hate speech. It could be interpreted in various ways, leading to potential disagreement among annotators. Therefore, a moderate percentage of annotators might classify it as hate speech, while others may not.",0.4
786,786,9939,The official narrative of #WW2 is a lie.  ‼️THINK‼️ Thinking is so important.,0.0,1.0,0.4,0.6,"The post suggests that the official narrative of World War II is a lie, which can be interpreted as a form of Holocaust denial or revisionism. This can be seen as an assault on human dignity, particularly for those affected by the events of World War II. However, the post does not explicitly use vulgar or offensive language, nor does it call for violence. The ambiguity lies in the interpretation of what 'official narrative' refers to and whether it directly denies or undermines historical atrocities. This could lead to some disagreement among annotators, but the suggestion of historical revisionism is likely to lead to a moderate level of agreement that it constitutes hate speech.","The post questions the official narrative of World War II, which can be interpreted as a form of Holocaust denial or revisionism. This can be seen as an assault on human dignity, particularly for those affected by the events of World War II. However, the post does not explicitly use vulgar or offensive language, nor does it call for violence. The ambiguity lies in the interpretation of what 'official narrative' refers to and whether it directly denies or undermines historical atrocities. This could lead to some disagreement among annotators, but the suggestion of historical revisionism is likely to lead to a moderate level of agreement that it constitutes hate speech.",0.4
787,787,9943,🌻 DEFEND EUROPA 🌻,0.0,1.0,0.4,0.6,"The post '🌻 DEFEND EUROPA 🌻' is quite ambiguous and lacks context. The phrase 'Defend Europa' could be interpreted in various ways, potentially as a call to protect European culture or identity, which might be seen as innocuous or as a veiled reference to anti-immigrant or nationalist sentiments, which could be considered hate speech. The use of the sunflower emoji does not provide additional clarity. Without more context, it is difficult to definitively categorize this post, leading to a likely high level of disagreement among annotators.","The post '🌻 DEFEND EUROPA 🌻' is ambiguous and lacks context. The phrase 'Defend Europa' could be interpreted in various ways, potentially as a call to protect European culture or identity, which might be seen as innocuous or as a veiled reference to anti-immigrant or nationalist sentiments, which could be considered hate speech. The use of the sunflower emoji does not provide additional clarity. Without more context, it is difficult to definitively categorize this post, leading to a likely high level of disagreement among annotators.",0.4
789,789,9945,🌻 DEFEND 🌻 EUROPA 🌻,0.0,1.0,0.4,0.6,"The post '🌻 DEFEND 🌻 EUROPA 🌻' is ambiguous and lacks context, which can lead to high disagreement among annotators. The phrase 'Defend Europa' could be interpreted in various ways, including as a call to protect European culture or identity, which some might associate with nationalist or exclusionary sentiments. However, without additional context, it does not explicitly demean, degrade, or call for violence against any group. The use of symbols like sunflowers does not inherently convey hate speech, but the phrase could be associated with certain political movements that have been criticized for xenophobic or nationalist rhetoric. Therefore, the post may be interpreted differently based on the reader's perspective and knowledge of the context, leading to a moderate level of disagreement.","The post '🌻 DEFEND 🌻 EUROPA 🌻' is quite ambiguous and lacks specific context that would clearly categorize it as hate speech or not. The phrase 'Defend Europa' could be interpreted in various ways, including as a call to protect European culture or identity, which some might associate with nationalist or exclusionary sentiments. However, without additional context, it does not explicitly demean, degrade, or call for violence against any group. The use of symbols like sunflowers does not inherently convey hate speech, but the phrase could be associated with certain political movements that have been criticized for xenophobic or nationalist rhetoric. Therefore, the post may be interpreted differently based on the reader's perspective and knowledge of the context, leading to a moderate level of disagreement among annotators.",0.4
797,797,10007,"Those people stood watching disgust me! She disgusts for getting fall down drunk, but that POS animal should have been arrested!",0.0,1.0,0.4,0.6,"The post expresses disgust towards both a person who got drunk and another person referred to as a 'POS animal' who should have been arrested. The language used is offensive, particularly the term 'POS animal,' which could be interpreted as demeaning or degrading. However, it does not explicitly target a protected characteristic such as race, ethnicity, or gender, nor does it call for violence. The post's offensive language might lead to some annotators classifying it as hate speech, but the lack of clear targeting of a protected group or incitement to violence suggests that a majority might not see it as hate speech. This results in moderate disagreement among annotators.","The post uses offensive language, particularly the term 'POS animal,' which could be seen as demeaning. However, it does not target a specific protected group or incite violence. The offensive nature of the language might lead some annotators to classify it as hate speech, but the lack of clear targeting or incitement suggests a majority might not. This results in moderate disagreement.",0.4
798,798,10021,Ahhhh..spoken by a tru clueless minimum wage earner...another ranting asshole...I’m debt free sweetheart...betting mum pays your bills...😂😂😂😂😂,0.0,1.0,0.4,0.6,"The post contains offensive language and insults directed at an individual, which could be seen as demeaning. However, it does not specifically target a protected characteristic such as race, gender, or religion, nor does it call for violence. The vulgarity and personal attack might lead to some annotators considering it as hate speech, but the lack of specific targeting of a protected group or incitement to violence suggests that a significant portion of annotators might not classify it as hate speech. This results in a moderate level of disagreement among annotators.","The post uses offensive language and insults, which could be interpreted as demeaning. However, it does not target a specific protected characteristic or incite violence. The vulgarity and personal attack might lead to some annotators considering it as hate speech, but the lack of specific targeting or incitement suggests that many might not classify it as such. This results in moderate disagreement.",0.4
799,799,10052,"I share a lot of your values, & like many who do, I don't call myself alt right; I'm a nationalist, & not civic. I'd always thought 'alt right' is an umbrella term tho, where many are really alt lite, which itself is largely classical liberal or civic nationalist. There are a lot of 'infiltrators' trying to sow discord, w/ some success. I don't like infighting.",0.0,1.0,0.3,0.7,"The post discusses political ideologies and labels, specifically mentioning 'alt right' and 'nationalist' without explicitly demeaning or degrading any group. It does not contain calls for violence or use vulgar or offensive language. The mention of 'infiltrators' and 'infighting' could be interpreted in various ways, but it lacks clear hate speech elements. The ambiguity in the terms used and the context of political discourse may lead to some disagreement among annotators, but overall, it is likely to be seen as not hate speech by the majority.","The post primarily discusses political ideologies and labels, such as 'alt right' and 'nationalist,' without explicitly demeaning or degrading any group based on protected characteristics. It does not contain calls for violence or use vulgar or offensive language. The mention of 'infiltrators' and 'infighting' could be interpreted in various ways, but it lacks clear elements of hate speech. The ambiguity in the terms used and the context of political discourse may lead to some disagreement among annotators, but overall, it is likely to be seen as not hate speech by the majority. Therefore, the predicted percentages of annotators who classify the post as hate speech vs. not hate speech are [0.3, 0.7].",0.3
805,805,10116,Only Rush Limbaugh ever talks about the damage immigration is doing to America. Why I listen to Rush over others. Only Rush speaks the truth about Islam. Why he is more valuable than the Statue of Liberty,0.0,1.0,0.4,0.6,"The post praises Rush Limbaugh for his views on immigration and Islam, which could be interpreted as demeaning or degrading to immigrants and Muslims, potentially falling under 'Assaults on Human Dignity.' However, it does not explicitly call for violence or use vulgar language. The post's content may lead to disagreement among annotators due to differing views on whether it constitutes hate speech, resulting in moderate disagreement.","The post praises Rush Limbaugh for his views on immigration and Islam, which could be interpreted as demeaning or degrading to immigrants and Muslims, potentially falling under 'Assaults on Human Dignity.' However, it does not explicitly call for violence or use vulgar language. The post's content may lead to disagreement among annotators due to differing views on whether it constitutes hate speech, resulting in moderate disagreement. Therefore, the predicted percentages of annotators who classify the post as hate speech vs. not hate speech are [0.4, 0.6].",0.4
826,826,10435,Just In: CNN REPORTER JUST CELEBRATED THE GOP TRAIN CRASH! ,0.0,1.0,0.4,0.6,"The post suggests that a CNN reporter celebrated a train crash involving the GOP, which could be interpreted as a callous or insensitive remark. However, it does not explicitly demean a group based on protected characteristics, nor does it call for violence. The offensive nature of the post is more about the perceived insensitivity rather than direct hate speech. This could lead to some disagreement among annotators, as the post's offensiveness is subjective and context-dependent.","The post implies a celebration of a tragic event, which can be seen as offensive or insensitive. However, it does not directly attack a protected group or incite violence. The interpretation of this post as hate speech may vary among annotators, leading to moderate disagreement.",0.4
830,830,10503,islamic liberation  #Feminism,0.0,1.0,0.4,0.6,"The post 'islamic liberation #Feminism' is ambiguous and could be interpreted in multiple ways. It could be seen as a positive statement supporting the liberation of women within Islamic contexts, aligning with feminist ideals. However, the juxtaposition of 'Islamic liberation' and '#Feminism' could also be interpreted as sarcastic or critical, potentially suggesting that Islamic practices are at odds with feminist values. This ambiguity could lead to high disagreement among annotators, as some may view it as a supportive statement while others may see it as a critique or even an attack on Islamic practices.","The post 'islamic liberation #Feminism' is quite ambiguous. It could be interpreted as a positive statement supporting the liberation of women within Islamic contexts, aligning with feminist ideals. However, the juxtaposition of 'Islamic liberation' and '#Feminism' could also be interpreted as sarcastic or critical, potentially suggesting that Islamic practices are at odds with feminist values. This ambiguity could lead to high disagreement among annotators, as some may view it as a supportive statement while others may see it as a critique or even an attack on Islamic practices. Therefore, the predicted percentages of annotators who classify the post as hate speech vs. not hate speech are [0.4, 0.6].",0.4
833,833,10531,Lot's of stupid people in Brazil .Socialism has raped your country...,1.0,0.0,0.6,0.4,"The post contains a derogatory statement about people in Brazil, which could be seen as an assault on human dignity. The use of the term 'raped' in a metaphorical sense to describe socialism's impact on the country is also likely to be considered offensive and vulgar. However, it does not explicitly call for violence. The language is strong and could be interpreted as hate speech by some annotators, but others might see it as a harsh political opinion, leading to some level of disagreement.","The post ""Lot's of stupid people in Brazil .Socialism has raped your country..."" contains elements that could be interpreted as hate speech. The phrase ""stupid people"" is derogatory and could be seen as demeaning to Brazilians, which touches on the aspect of assaults on human dignity. The use of the word ""raped"" in a metaphorical sense to describe the impact of socialism is likely to be considered offensive and vulgar. However, the post does not contain explicit calls for violence.

Given these factors, there is likely to be some disagreement among annotators. Some may view the post as hate speech due to its offensive language and derogatory tone, while others may interpret it as a strong political opinion rather than hate speech. Therefore, I predict a moderate level of disagreement, with approximately 60% of annotators classifying it as hate speech and 40% not classifying it as such.",0.4
848,848,10731,"Obama's natl sec advisor admits what we've long known: Obama armed jihadists in Syria! Wasn't the penalty for aidg & abetting ""assoc forces"" of al-Qaeda ""indef detention,"" per the 2010 NDAA? ",0.0,1.0,0.4,0.6,"The post accuses former President Obama of arming jihadists in Syria, which could be interpreted as a serious allegation. However, it does not directly assault human dignity, call for violence, or use vulgar language. The post is politically charged and could be seen as controversial, but it lacks explicit hate speech elements. Annotators might disagree on whether the post constitutes hate speech due to its political nature and the serious nature of the accusation, leading to moderate disagreement.","The post makes a political accusation against former President Obama, suggesting he armed jihadists in Syria. It references a legal penalty for aiding and abetting forces associated with al-Qaeda. The post does not contain vulgar language or direct calls for violence, but it does make a serious accusation that could be interpreted as inflammatory. The lack of explicit hate speech elements, such as assaults on human dignity or vulgarity, suggests that annotators might not unanimously agree on classifying it as hate speech. The political nature of the post and the serious nature of the accusation could lead to moderate disagreement among annotators.",0.4
858,858,10907,"""The impression which I often get, especially of those so-called religious reformers whose creed is grounded on ancient Germanic customs, is that they are the missionaries and protégés of those forces which do not wish to see a national revival taking place in Germany."" - Adolf Hitler, Mein Kampf, Vol. 1, Ch. 12 ",0.0,1.0,0.4,0.6,"The post quotes a passage from Adolf Hitler's 'Mein Kampf,' which is a text associated with hate speech due to its historical context and the ideologies it promotes. However, the specific quote provided does not contain explicit assaults on human dignity, calls for violence, or vulgar language. Instead, it discusses religious reformers and national revival in a manner that could be interpreted as ideological rather than directly hateful. The ambiguity arises from the historical context and the source of the quote, which may lead to varying interpretations among annotators. Some may view it as hate speech due to its association with Hitler, while others may not see the specific content of the quote as directly hateful.","The post contains a quote from Adolf Hitler's 'Mein Kampf,' which is a text historically associated with hate speech and Nazi ideology. The quote itself discusses religious reformers and national revival in Germany, which could be interpreted in various ways. It does not explicitly demean or degrade individuals or groups, nor does it call for violence or use vulgar language. However, the association with Hitler and the context of 'Mein Kampf' may lead some annotators to classify it as hate speech due to the broader implications of the text. This results in a moderate level of disagreement among annotators, as the quote itself is not overtly hateful, but its source and historical context are significant.",0.4
859,859,10927,"This cluster fuck should never even have happened - even the Ford broad didn't want this to happen.  The Left doxed her, refused to even talk about things until long after the original Kavanaugh hearings, and basically turned this into the greatest dumpster fire in living memory. ",0.0,1.0,0.4,0.6,"The post uses strong language like 'cluster fuck' and 'dumpster fire,' which could be considered vulgar or offensive, but it does not directly assault human dignity or call for violence. The post criticizes the actions of 'the Left' in a political context, which may lead to some disagreement among annotators about whether it constitutes hate speech. The language is more about expressing frustration with a political process rather than targeting a specific group with hate speech. Therefore, there might be some disagreement, but it is likely to be low.","The post contains vulgar language ('cluster fuck') and a strong negative opinion about a political event involving Kavanaugh and 'the Left.' However, it does not directly demean or degrade individuals based on protected characteristics, nor does it call for violence. The offensive language is more about expressing frustration with the situation rather than targeting a specific group with hate speech. Given the political nature of the post, there might be some disagreement among annotators, but it is likely to be low. Therefore, I predict that 40% of annotators might classify it as hate speech due to the offensive language, while 60% might not see it as hate speech, viewing it as a political opinion.",0.4
862,862,10961,"Uh, i would hope they're going to lose more than their jobs.",0.0,1.0,0.4,0.6,"The post is ambiguous and lacks context, making it difficult to determine if it constitutes hate speech. The phrase 'lose more than their jobs' could imply a call for violence or harm, but without additional context, it is not clear. This ambiguity is likely to lead to high disagreement among annotators, as interpretations may vary based on individual perceptions of the severity of the implied consequences.","The post is ambiguous and lacks context, making it difficult to determine if it constitutes hate speech. The phrase 'lose more than their jobs' could imply a call for violence or harm, but without additional context, it is not clear. This ambiguity is likely to lead to high disagreement among annotators, as interpretations may vary based on individual perceptions of the severity of the implied consequences. Therefore, the predicted percentages of annotators who classify the post as hate speech vs. not hate speech are [0.4, 0.6].",0.4
879,879,11063,Interference with elections..banking systems..foreign trade..assassination attempts...and George soros,0.0,1.0,0.4,0.6,"The post mentions interference with elections, banking systems, foreign trade, and assassination attempts, along with the name George Soros. While it does not explicitly call for violence or use vulgar language, the mention of George Soros in the context of conspiracy theories can be seen as an assault on human dignity, as Soros is often targeted in anti-Semitic narratives. However, the post is somewhat ambiguous and lacks direct hate speech elements, leading to potential disagreement among annotators.","The post references various serious topics such as election interference and assassination attempts, and mentions George Soros, a figure often associated with conspiracy theories. While the post does not explicitly call for violence or use offensive language, the context of mentioning Soros could be interpreted as aligning with anti-Semitic or conspiratorial narratives. This makes the post somewhat ambiguous, leading to a moderate level of disagreement among annotators about whether it constitutes hate speech.",0.4
881,881,11082,"I agree Jenn, especially when it comes to protecting the family and or country. Brutality can only be defeated by a strong brutality",0.0,1.0,0.4,0.6,"The post suggests that brutality should be met with brutality, which could be interpreted as a call for violence. However, it does not specify any particular group or individual as the target of this brutality, making it somewhat ambiguous. The lack of specific offensive language or direct assault on human dignity suggests that not all annotators would classify it as hate speech. Therefore, there is likely to be some disagreement among annotators, but not extremely high.","The post suggests that brutality should be met with brutality, which could be interpreted as a call for violence. However, it does not specify any particular group or individual as the target of this brutality, making it somewhat ambiguous. The lack of specific offensive language or direct assault on human dignity suggests that not all annotators would classify it as hate speech. Therefore, there is likely to be some disagreement among annotators, but not extremely high.",0.4
886,886,11162,Leaked 49-page memo documents how George Soros is behind social media censorship  http://theduran.com/leaked-49-page-memo-documents-...,0.0,1.0,0.4,0.6,"The post suggests a conspiracy involving George Soros, a figure often associated with anti-Semitic tropes. While the post itself does not explicitly contain hate speech, the context of linking Soros to social media censorship can be interpreted as playing into harmful stereotypes. This could lead to some annotators viewing it as an assault on human dignity, particularly if they perceive it as perpetuating anti-Semitic conspiracy theories. However, the post does not contain vulgarity or direct calls for violence, which may lead to a significant portion of annotators not classifying it as hate speech. The disagreement is likely due to the context and implications rather than explicit content.","The post discusses a leaked memo allegedly linking George Soros to social media censorship. While it does not contain explicit hate speech, it can be interpreted as perpetuating anti-Semitic conspiracy theories, which may be seen as an assault on human dignity. The lack of vulgarity or direct calls for violence may lead to disagreement among annotators, with some viewing it as hate speech due to its implications and others not.",0.4
906,906,11410,"U neo-nazi's and Muslims have tried for 70 years to ""kill them all"" Yet you FAILED-'cause UR fucking losers. DEAL WITH IT LOL",1.0,0.0,0.7,0.3,"The post contains offensive language and derogatory terms directed at both 'neo-nazi's' and 'Muslims,' which could be interpreted as an assault on human dignity. The phrase 'kill them all' suggests a historical context of violence, although it is framed as a failure of the groups mentioned. The use of 'fucking losers' adds vulgarity to the post. The post is likely to be seen as hate speech by a significant portion of annotators due to its offensive language and the context of violence, but some may not classify it as such due to the lack of a direct call for violence or specific target.","The post uses derogatory language and references historical violence, which can be seen as an assault on human dignity. The phrase 'kill them all' is particularly concerning, although it is used in a context of failure rather than a direct call to action. The vulgarity ('fucking losers') adds to the offensive nature of the post. Given these elements, there is likely to be a moderate level of agreement among annotators that this constitutes hate speech, but some may not see it as such due to the lack of a direct incitement to violence or specific targeting of individuals.",0.3
919,919,11527,I will fight all of you to the death if you argue the Flat Earth in front of this Ethot.,0.0,1.0,0.4,0.6,"The post contains a hyperbolic statement about fighting 'to the death,' which could be interpreted as a call for violence, but it is likely meant in a figurative or exaggerated manner. The term 'Ethot' is a derogatory term often used online, which could be seen as demeaning or degrading, but it is not explicitly targeting a protected characteristic. The post's language and context may lead to varied interpretations, resulting in moderate disagreement among annotators.","The post uses hyperbolic language that could be interpreted as a call for violence, but it is likely not meant literally. The use of the term 'Ethot' is derogatory and could be seen as offensive, but it does not clearly fall into the category of hate speech based on the aspects provided. The post's content is ambiguous enough to result in moderate disagreement among annotators.",0.4
922,922,11559,#JohnMcCain 10 Reasons Not to Mourn Him #SundayMorning #BONUS #BenGarrison #cartoon Do not weep for the #DeepstateSwamp #NoName post at https://grrrgraphics.com/ten-reasons-not-to-mourn-...,0.0,1.0,0.4,0.6,"The post references John McCain and includes hashtags like #DeepstateSwamp and #NoName, which could be interpreted as derogatory or dismissive. However, it does not explicitly demean or degrade individuals based on protected characteristics, nor does it call for violence. The language is not overtly vulgar or offensive, but the context and tone may be seen as disrespectful or politically charged, leading to potential disagreement among annotators. The post's content is likely to be interpreted differently based on political views, resulting in moderate disagreement.","The post references John McCain and includes hashtags like #DeepstateSwamp and #NoName, which could be interpreted as derogatory or dismissive. However, it does not explicitly demean or degrade individuals based on protected characteristics, nor does it call for violence. The language is not overtly vulgar or offensive, but the context and tone may be seen as disrespectful or politically charged, leading to potential disagreement among annotators. The post's content is likely to be interpreted differently based on political views, resulting in moderate disagreement.",0.4
933,933,11623,antifa wishes they get the same image as you get and it pisses them off 2 i have noting in common with them yet this makes you and them crazy mad. and I GIVES ME WOOD.,0.0,1.0,0.4,0.6,"The post contains ambiguous language and lacks clear context, which may lead to different interpretations. The phrase 'antifa wishes they get the same image as you get' is vague and could be interpreted in various ways. The mention of 'I GIVES ME WOOD' could be seen as vulgar or offensive, but it is not explicitly directed at any individual or group. There is no clear assault on human dignity or call for violence. Due to the ambiguity and potential for subjective interpretation, there is likely to be moderate disagreement among annotators.","The post is somewhat ambiguous and lacks clear context, which may lead to different interpretations. The phrase 'antifa wishes they get the same image as you get' is vague and could be interpreted in various ways. The mention of 'I GIVES ME WOOD' could be seen as vulgar or offensive, but it is not explicitly directed at any individual or group. There is no clear assault on human dignity or call for violence. Due to the ambiguity and potential for subjective interpretation, there is likely to be moderate disagreement among annotators. Therefore, the predicted percentages of annotators who classify the post as hate speech vs. not hate speech are [0.4, 0.6].",0.4
955,955,11837,Like Father Like Son: Alexander Soros Donates 650K to Democratic Committees and Campaigns https://pjmedia.com/trending/like-father-like-son-alexander-soros-donates-650k-democratic-committees-campaigns/ #Trending via @pjmedia_com,0.0,1.0,0.4,0.6,"The post mentions a donation by Alexander Soros to Democratic committees and campaigns. While the post itself does not contain explicit hate speech, the mention of 'Soros' can be contextually sensitive, as it is often associated with conspiracy theories and anti-Semitic tropes. This could lead to some annotators perceiving it as hate speech due to the potential for underlying anti-Semitic implications. However, the post does not explicitly assault human dignity, call for violence, or use vulgar language, leading to a likely low disagreement among annotators.","The post discusses a financial donation by Alexander Soros to Democratic committees and campaigns. The content itself is straightforward and does not contain explicit hate speech elements such as assaults on human dignity, calls for violence, or vulgar language. However, the mention of 'Soros' can be contextually sensitive, as it is often associated with conspiracy theories and anti-Semitic tropes. This could lead to some annotators perceiving it as hate speech due to the potential for underlying anti-Semitic implications. Despite this, the post does not explicitly engage in hate speech, leading to a likely low disagreement among annotators. Therefore, the predicted percentages of annotators who classify the post as hate speech vs. not hate speech are [0.4, 0.6].",0.4
967,967,11897,#Strzok to testify publicly this Thursday. This should be fun.  We should play a drinking game on how many times he pleads the fifth. Pathetic treasonous traitor.  #MAGA,0.0,1.0,0.4,0.6,"The post refers to a public figure, Strzok, and uses strong language such as 'pathetic treasonous traitor.' While it does not directly call for violence, it uses derogatory language that could be seen as demeaning. The use of hashtags like #MAGA suggests a political context, which might influence interpretations. The post is likely to have some disagreement among annotators due to its political nature and the use of strong language, but it does not clearly fall into the categories of hate speech such as calls for violence or assaults on human dignity based on protected characteristics.","The post refers to a public figure, Strzok, and uses strong language such as 'pathetic treasonous traitor.' While it does not directly call for violence, it uses derogatory language that could be seen as demeaning. The use of hashtags like #MAGA suggests a political context, which might influence interpretations. The post is likely to have some disagreement among annotators due to its political nature and the use of strong language, but it does not clearly fall into the categories of hate speech such as calls for violence or assaults on human dignity based on protected characteristics. Therefore, I predict a moderate level of disagreement with percentages of [0.4, 0.6].",0.4
971,971,11933,Some notes on the coup.  https://blog.jim.com/war/the-reichstag-is-on-fire/,0.0,1.0,0.4,0.6,"The post references a blog about a 'coup' and 'The Reichstag is on fire,' which could be interpreted as a metaphorical or historical reference. The language itself does not directly assault human dignity, call for violence, or use vulgarity. However, the context of the blog and the historical reference to the Reichstag fire, which is associated with Nazi Germany, could lead to varied interpretations. Some annotators might see it as an allusion to political upheaval or conspiracy theories, which could be seen as inflammatory or suggestive of hate speech, while others might view it as a political commentary without hate speech elements. This results in a moderate level of disagreement among annotators.","The post contains a link to a blog titled 'The Reichstag is on fire,' which could be interpreted in various ways. The reference to the Reichstag fire might evoke historical events related to Nazi Germany, potentially leading to different interpretations about whether the post is inciting fear or conspiracy theories. However, without explicit language that assaults human dignity, calls for violence, or uses vulgarity, the post itself is ambiguous. Annotators might disagree on whether the historical reference and the context of the blog imply hate speech, leading to moderate disagreement.",0.4
987,987,12127,"DACA Shock: Nearly 60,000 Immigrants With Arrest Records, Including Rape, Kidnapping and Murder, Permitted to Stay in the US | BCN ",0.0,1.0,0.4,0.6,"The post highlights a controversial topic regarding DACA recipients with arrest records, which could be interpreted as an assault on human dignity by implying that immigrants are inherently criminal. However, it does not explicitly call for violence or use vulgar language. The post's interpretation may vary based on the reader's views on immigration and crime, leading to moderate disagreement among annotators.","The post discusses DACA recipients with arrest records, which could be seen as demeaning to immigrants by associating them with criminal activities. This may lead some annotators to classify it as hate speech due to perceived assaults on human dignity. However, it lacks explicit calls for violence or vulgar language, which might lead others to see it as not hate speech. The topic is politically charged, which can result in varied interpretations based on personal biases, leading to moderate disagreement.",0.4
992,992,12147,Watch what happened in @RealAlexJones's broadcast: America Awakens To Big Tech Censorship And Election Med…,0.0,1.0,0.4,0.6,"The post references a broadcast by Alex Jones, a controversial figure known for conspiracy theories. The content of the broadcast is not detailed in the post, but the mention of 'Big Tech Censorship' and 'Election Meddling' suggests a political context. While the post itself does not contain direct hate speech, the association with Alex Jones may lead some annotators to view it as promoting harmful or misleading narratives. However, without explicit assaults on human dignity, calls for violence, or vulgar language, the post is likely to have mixed interpretations, leading to moderate disagreement among annotators.","The post mentions a broadcast by Alex Jones, a figure known for controversial and often conspiratorial content. The specific content of the broadcast is not detailed, but the mention of 'Big Tech Censorship' and 'Election Meddling' suggests a political context. While the post itself does not contain explicit hate speech, the association with Alex Jones may lead some annotators to view it as promoting harmful or misleading narratives. However, without explicit assaults on human dignity, calls for violence, or vulgar language, the post is likely to have mixed interpretations, leading to moderate disagreement among annotators.",0.4
1008,1008,12306,"@Heartiste‍ ICYMI - physiognomy is real from behind a walled home in an ""affluent Connecticut enclave"" ",0.0,1.0,0.4,0.6,"The post references 'physiognomy,' which is a pseudoscience historically used to justify racial and ethnic stereotypes. The mention of 'walled home' and 'affluent Connecticut enclave' could imply a critique of social or racial segregation. However, the post does not explicitly demean or degrade any group, nor does it call for violence. The language is not overtly vulgar or offensive, but the context of 'physiognomy' may lead to some annotators perceiving it as subtly promoting racial stereotypes. This results in moderate disagreement among annotators.","The post mentions 'physiognomy,' which is a controversial and pseudoscientific concept often associated with racial and ethnic stereotyping. The context of 'behind a walled home in an affluent Connecticut enclave' suggests a critique of social or racial segregation, but it is not explicit in its intent. The post does not contain vulgar or offensive language, nor does it call for violence. However, the reference to 'physiognomy' might lead some annotators to interpret it as promoting racial stereotypes, while others may see it as a neutral or satirical comment. This ambiguity could lead to moderate disagreement among annotators.",0.4
1026,1026,12454,"I have no doubt their censorship of the right-wing — through suspensions, bannings, shadowbannings, & hashtag/trend manipulation — has already cost Republicans multiple elections. In very close races, social media sentiment could easily have made the difference. Roy Moore’s supporters were heavily censored in the days before that election.",0.0,1.0,0.4,0.6,"The post discusses perceived censorship of right-wing views on social media and its potential impact on elections. It does not contain vulgar or offensive language, nor does it call for violence. However, it could be seen as an assault on human dignity if interpreted as suggesting that social media platforms are unfairly targeting a specific political group. The post's content is somewhat ambiguous and open to interpretation, leading to a moderate level of disagreement among annotators.","The post claims that social media platforms are censoring right-wing views, which allegedly affects election outcomes. It mentions specific actions like suspensions and bannings but does not use offensive language or incite violence. The focus is on the impact of perceived censorship on political outcomes, which may be seen as a critique rather than hate speech. However, the suggestion of targeted censorship could be interpreted as an assault on human dignity if viewed as an unfair treatment of a political group. This ambiguity may lead to moderate disagreement among annotators, with some seeing it as a legitimate critique and others as a form of hate speech.",0.4
1030,1030,12481,"Seth Rich's assassins are already known. Does America have enough good people in power to go after them? Until the guilty are imprisoned, America is under siege by a lawless gang of thugs. https://www.zerohedge.com/news/2018-08-21/internet...",0.0,1.0,0.4,0.6,"The post suggests a conspiracy theory regarding the murder of Seth Rich, implying that his assassins are known and that America is under threat from a 'lawless gang of thugs.' While it does not directly call for violence, it uses charged language that could be interpreted as inciting action against perceived enemies. The post does not contain vulgarity or offensive language, but the implication of a conspiracy and the call for action against 'thugs' could be seen as demeaning or degrading. This could lead to some disagreement among annotators, as interpretations may vary based on views about conspiracy theories and their potential to incite hate or violence.","The post discusses the murder of Seth Rich and implies a conspiracy theory, suggesting that his assassins are known and that America is under siege by a 'lawless gang of thugs.' This language could be interpreted as inciting action against perceived enemies, although it does not explicitly call for violence. The post does not contain vulgarity or offensive language, but the implication of a conspiracy and the call for action against 'thugs' could be seen as demeaning or degrading. Annotators may disagree on whether this constitutes hate speech, as interpretations may vary based on views about conspiracy theories and their potential to incite hate or violence. Therefore, I predict a moderate level of disagreement, with approximately 40% of annotators classifying it as hate speech and 60% not classifying it as such.",0.4
1038,1038,12571,#Linguistic Predictive #Algorithms has been going wild for the past 4 weeks. It appears that the #SHTF in #USA & 2nd civil war is being heavily instigated by the #Globalists; in a last ditch effort before they pull the plug on their controlled #economy. Watch the end of September & beginning of October for some bigger fires. https://tinyurl.com/ybqvblat,0.0,1.0,0.4,0.6,"The post suggests a conspiracy theory involving 'Globalists' instigating a civil war in the USA, which could be interpreted as a call for violence or an assault on human dignity, depending on the context and the audience's perception of 'Globalists.' However, it does not explicitly call for violence or use vulgar language. The ambiguity in the language and the conspiracy theory context may lead to a moderate level of disagreement among annotators, as some may see it as inciting fear or unrest, while others may view it as merely speculative or conspiratorial without direct hate speech elements.","The post discusses a conspiracy theory involving 'Globalists' and a potential civil war in the USA. It implies that 'Globalists' are instigating conflict, which could be seen as an assault on human dignity if 'Globalists' is interpreted as a coded reference to a specific group. However, the post does not explicitly call for violence or use offensive language. The language is somewhat ambiguous and relies on context, which may lead to varying interpretations among annotators. Therefore, there is likely to be moderate disagreement, with some annotators viewing it as hate speech due to the implied threat and others not seeing it as such.",0.4
1060,1060,12977,"I’m not sure if this is a place to post this, but I need genuine advice. A friend got super involved with SJWs and now they’re suddenly claiming they’re trans, something they never even hinted at before. I don’t know what to do because I have a feeling they’re doing it to fit in. ",0.0,1.0,0.3,0.7,"The post expresses skepticism about a friend's claim of being transgender, suggesting it might be a result of social influence rather than genuine identity. This could be seen as an assault on human dignity, as it questions the authenticity of a transgender identity, which is a sensitive and protected characteristic. However, the post does not contain vulgarity or offensive language, nor does it call for violence. The skepticism expressed might lead to some annotators viewing it as dismissive or invalidating of transgender identities, while others might see it as a personal concern or opinion, leading to moderate disagreement among annotators.","The post questions the authenticity of a friend's transgender identity, suggesting it might be influenced by social pressures. This could be interpreted as an assault on human dignity, as it questions the legitimacy of a transgender identity, which is a protected characteristic. However, the post does not use vulgar or offensive language, nor does it incite violence. The expression of skepticism might lead some annotators to view it as dismissive or invalidating of transgender identities, while others might see it as a personal concern or opinion, resulting in moderate disagreement among annotators.",0.3
1070,1070,13145,"First it begins with consuming free market economic theory. Then you find yourself in the manosphere.  Then, without warning, you find yourself following the Alt-Right (the nationalist right). I'm glad I followed this continuum. This is an amazing journey.  I cannot wait to see what happens next.",0.0,1.0,0.4,0.6,"The post describes a progression from free market economic theory to the manosphere and then to the Alt-Right, which is often associated with nationalist and sometimes extremist views. While the post does not explicitly contain hate speech, the mention of the Alt-Right could be interpreted as an endorsement of a movement that has been linked to hate speech and extremist ideologies. This could lead to some annotators classifying it as hate speech due to the association with the Alt-Right, while others may not see it as hate speech because the post itself does not contain explicit demeaning language, calls for violence, or vulgarity. Therefore, there is likely to be some disagreement among annotators.","The post describes a journey from free market economic theory to the manosphere and then to the Alt-Right, which is often associated with nationalist and sometimes extremist views. The post itself does not contain explicit hate speech, such as demeaning language, calls for violence, or vulgarity. However, the mention of the Alt-Right could be interpreted as an endorsement of a movement that has been linked to hate speech and extremist ideologies. This could lead to some annotators classifying it as hate speech due to the association with the Alt-Right, while others may not see it as hate speech because the post itself does not contain explicit demeaning language, calls for violence, or vulgarity. Therefore, there is likely to be some disagreement among annotators, but not to a high degree, as the post is more about personal experience and journey rather than explicit hate speech content.",0.4
1072,1072,13171,"Yup, the ""sickos"" are pointing the fingers.",0.0,1.0,0.4,0.6,"The post uses the term 'sickos' which could be interpreted as offensive or derogatory, but it lacks specific context or targets. It does not clearly assault human dignity, call for violence, or use vulgar language in a way that is overtly hateful. The ambiguity of the term 'sickos' and the lack of context may lead to some disagreement among annotators about whether it constitutes hate speech.","The post is ambiguous and lacks context, which may lead to varying interpretations. The term 'sickos' could be seen as offensive, but without more context, it's unclear if it targets a specific group or individual in a hateful manner. This ambiguity likely results in moderate disagreement among annotators.",0.4
1076,1076,13244,"Also, pretty sure that's a dude.",0.0,1.0,0.4,0.6,"The post 'Also, pretty sure that's a dude.' can be interpreted in different ways. It could be seen as a simple observation or comment without any malicious intent, or it could be perceived as demeaning or degrading, particularly if it is directed at a transgender individual. The lack of context makes it ambiguous, leading to potential disagreement among annotators. Some may view it as an assault on human dignity, while others may see it as a harmless comment. This ambiguity suggests a moderate level of disagreement among annotators.","The post 'Also, pretty sure that's a dude.' is ambiguous in nature. It could be interpreted as a simple observation or as a derogatory comment, especially if directed at a transgender person. Without additional context, it is difficult to determine the intent behind the statement. This ambiguity is likely to lead to a moderate level of disagreement among annotators, with some viewing it as potentially demeaning and others seeing it as innocuous. Therefore, the predicted percentages of annotators classifying it as hate speech versus not hate speech are [0.4, 0.6].",0.4
1080,1080,13251,"The government needs to change the law, so it is an offence to visit terror hotspots without a valid reason. We literally gave this killer a free taxi ride back here after he was radicalised. #BritFam http://www.dailymail.co.uk/news/article-6012701/Wh...",0.0,1.0,0.4,0.6,"The post suggests a change in law to prevent individuals from visiting 'terror hotspots' without a valid reason, implying that such visits could lead to radicalization. While it does not directly assault human dignity or call for violence, it could be interpreted as targeting specific groups or individuals who travel to certain regions, potentially leading to a perception of discrimination. The language is not overtly vulgar or offensive, but the context of 'terror hotspots' and 'radicalization' can be sensitive and may lead to differing interpretations. Therefore, there might be some disagreement among annotators about whether this constitutes hate speech, leading to a moderate level of disagreement.","The post discusses the need for a legal change to prevent visits to 'terror hotspots' without valid reasons, suggesting that such visits could lead to radicalization. It does not explicitly demean or degrade individuals or groups based on protected characteristics, nor does it incite violence. However, the implication that certain regions are 'terror hotspots' and the association with radicalization could be seen as targeting specific groups, potentially leading to perceptions of discrimination. The language used is not vulgar or offensive, but the context is sensitive and may lead to varying interpretations. This could result in moderate disagreement among annotators about whether the post constitutes hate speech.",0.4
1088,1088,13372,Remove this POS for Bad Behavior. Doesnt even know the law ,0.0,1.0,0.4,0.6,"The post uses derogatory language ('POS') which could be interpreted as offensive, but it does not clearly fall into the categories of assaults on human dignity or calls for violence. The ambiguity lies in the interpretation of 'Bad Behavior' and whether it implies something more severe. This could lead to some disagreement among annotators, but the lack of explicit hate speech elements suggests a majority might not classify it as hate speech.","The post contains offensive language ('POS'), which might be considered vulgar, but it does not explicitly demean a specific group or individual based on protected characteristics, nor does it call for violence. The phrase 'Bad Behavior' is vague and does not provide enough context to determine if it relates to hate speech. Therefore, there might be some disagreement among annotators, but it is likely that a majority would not classify this as hate speech.",0.4
1095,1095,13488,"Tommy being harrassed on holiday by journo. facebook is trying to take this down, share far and wide- expose this journo (and his paper) for what they really are https://twitter.com/kazmc39/status/103004466163584...",0.0,1.0,0.3,0.7,"The post does not contain explicit hate speech elements such as assaults on human dignity, calls for violence, or vulgarity. It mentions harassment and encourages sharing information about a journalist, which could be seen as a call to action against the journalist. However, it lacks explicit offensive language or direct incitement to violence. The context of 'exposing' a journalist could be interpreted as a form of harassment or intimidation, but it is not overtly hateful. Annotators might disagree on whether this constitutes hate speech due to the potential for perceived intimidation versus a call for accountability.","The post mentions harassment and encourages sharing information about a journalist, which could be seen as a call to action against the journalist. However, it lacks explicit offensive language or direct incitement to violence. The context of 'exposing' a journalist could be interpreted as a form of harassment or intimidation, but it is not overtly hateful. Annotators might disagree on whether this constitutes hate speech due to the potential for perceived intimidation versus a call for accountability. Therefore, there might be moderate disagreement among annotators, with a higher percentage likely not classifying it as hate speech.",0.3
1104,1104,13645,CNN Blackmail,0.0,1.0,0.4,0.6,"The post 'CNN Blackmail' is extremely brief and lacks context, making it difficult to definitively categorize as hate speech. The term 'blackmail' could imply a serious accusation, but without additional context, it is unclear whether this is a legitimate critique or an unfounded claim. The lack of specific language targeting a protected group or inciting violence suggests that it may not be classified as hate speech by a majority of annotators. However, the ambiguity and potential for interpretation as a conspiracy or defamatory statement could lead to some annotators viewing it as problematic, resulting in moderate disagreement.","The post 'CNN Blackmail' is very short and lacks context, which makes it difficult to assess definitively. The term 'blackmail' could be interpreted in various ways, and without additional context, it is unclear whether this is a legitimate critique or an unfounded accusation. The post does not explicitly target any protected group or incite violence, which suggests it may not be classified as hate speech by a majority of annotators. However, the ambiguity and potential for interpretation as a conspiracy or defamatory statement could lead to some annotators viewing it as problematic, resulting in moderate disagreement. Therefore, I predict the percentages of annotators who classify the post as hate speech vs. not hate speech to be [0.4, 0.6].",0.4
1106,1106,13696,"and some people still wonder why so many people hate him, specially those ugly ass feminists",1.0,0.0,0.6,0.4,"The post contains derogatory language ('ugly ass feminists') that can be seen as demeaning towards a group based on gender, which falls under the 'Assaults on Human Dignity' aspect of hate speech. The use of 'hate' in the context of the post may also suggest a negative sentiment towards a specific group. However, it does not explicitly call for violence or use extreme vulgarity, which might lead to some disagreement among annotators. Therefore, there is likely to be moderate disagreement, with a higher percentage of annotators classifying it as hate speech due to the demeaning language.","The post uses derogatory language towards feminists, which can be interpreted as demeaning and degrading based on gender. This falls under the 'Assaults on Human Dignity' aspect of hate speech. The phrase 'ugly ass feminists' is offensive and targets a specific group, which may lead to a higher percentage of annotators classifying it as hate speech. However, it does not explicitly call for violence or use extreme vulgarity, which might lead to some disagreement among annotators. Therefore, the prediction is that 60% of annotators would classify it as hate speech, while 40% would not.",0.4
1117,1117,13773,Well... at least a “man” was still first. By the time all of this makes it to Globalist textbooks in the future it will be a female astronaut who went to the moon just to abort her baby there because she wanted to do it first... before using her size A bra to sling the spacecraft back.,1.0,0.0,0.7,0.3,"The post contains elements that could be interpreted as demeaning or degrading towards women, particularly in the context of achievements and reproductive rights. The use of quotation marks around ""man"" suggests a derogatory tone, and the hypothetical scenario described is laden with sarcasm and offensive stereotypes about women. This could be seen as an assault on human dignity, particularly gender-based. The post does not explicitly call for violence, but it does use vulgar and offensive language in a way that could be interpreted as hate speech by some annotators. Given the sarcastic and potentially offensive nature of the content, there is likely to be some disagreement among annotators, but a majority may classify it as hate speech due to its demeaning tone.","The post uses sarcasm and offensive stereotypes to demean women, particularly in the context of achievements and reproductive rights. The hypothetical scenario described is laden with sarcasm and offensive stereotypes about women, which could be seen as an assault on human dignity, particularly gender-based. The use of quotation marks around ""man"" suggests a derogatory tone. While it does not explicitly call for violence, it uses vulgar and offensive language in a way that could be interpreted as hate speech by some annotators. Given the sarcastic and potentially offensive nature of the content, there is likely to be some disagreement among annotators, but a majority may classify it as hate speech due to its demeaning tone.",0.3
1137,1137,14065,"Can't have your communist utopia if free people put up a fight, people can't put up a fight if they don't have firearms. This doesn't seem to difficult to think through, not sure why some don't get it. COME AND TAKE IT!",0.0,1.0,0.4,0.6,"The post contains a call to action ('COME AND TAKE IT!') which can be interpreted as a call for resistance or defiance, potentially involving violence, against perceived threats to personal freedoms. This could be seen as a call for violence, especially in the context of firearms. However, the post does not explicitly demean or degrade any specific group, nor does it use vulgar or offensive language. The ambiguity lies in the interpretation of 'put up a fight' and 'COME AND TAKE IT!' which could lead to disagreement among annotators about whether it constitutes hate speech or a strong political statement.","The post discusses the idea of resisting a 'communist utopia' by maintaining the right to bear arms. The phrase 'COME AND TAKE IT!' is a historical slogan associated with defiance and resistance, often linked to the right to bear arms. While the post does not explicitly call for violence, the language can be interpreted as encouraging resistance, potentially through force, against those who would disarm 'free people.' This could be seen as a call for violence, depending on interpretation. However, it lacks direct assaults on human dignity or vulgar language, leading to potential disagreement among annotators. Therefore, the predicted percentages are [0.4, 0.6].",0.4
1138,1138,14068,Sanger just provided the means. Definitely not defending her...Hitler was very interested in Sanger's work also.,0.0,1.0,0.4,0.6,"The post references Margaret Sanger and Adolf Hitler, which could be interpreted as an attempt to associate Sanger's work with negative connotations due to Hitler's interest. This could be seen as an assault on human dignity by implying a connection to eugenics or other harmful ideologies. However, the post does not explicitly call for violence or use vulgar language. The historical context and the figures mentioned may lead to varying interpretations, resulting in moderate disagreement among annotators.","The post mentions historical figures Margaret Sanger and Adolf Hitler, suggesting a connection between Sanger's work and Hitler's interests. This could be interpreted as an assault on human dignity by associating Sanger with negative historical connotations. However, the post does not explicitly call for violence or use vulgar language. The historical context and the figures mentioned may lead to varying interpretations, resulting in moderate disagreement among annotators.",0.4
1139,1139,14120,Those who feel we aren't in a civil war best view this.,0.0,1.0,0.4,0.6,"The post is somewhat ambiguous and could be interpreted in different ways. It does not explicitly contain assaults on human dignity, calls for violence, or vulgarity. However, the mention of 'civil war' could be seen as suggestive of conflict or violence, which might lead some annotators to classify it as hate speech. The lack of explicit hate speech elements suggests that there might be a moderate level of disagreement among annotators.","The post's reference to 'civil war' could be interpreted as a metaphorical statement about political or social division, or it could be seen as a more literal suggestion of conflict. Without additional context, it's difficult to determine the intent behind the statement. This ambiguity is likely to lead to some disagreement among annotators, with a slight majority possibly viewing it as not hate speech due to the lack of explicit hate speech elements.",0.4
1148,1148,14237,What is the payback Mr. President for them thumbing their nose at us?,0.0,1.0,0.3,0.7,"The post contains a question directed at the President, which could be interpreted as seeking retribution or consequences for perceived disrespect. However, it does not explicitly call for violence or use offensive language. The ambiguity lies in the interpretation of 'payback,' which could be seen as a metaphorical or literal call for action. This could lead to some disagreement among annotators, but it is likely to be seen as not hate speech by the majority due to the lack of explicit hate speech elements.","The post asks about 'payback' for perceived disrespect, which could be interpreted in various ways. It does not explicitly demean any group or individual, nor does it call for violence or use offensive language. The term 'payback' is ambiguous and could be seen as metaphorical, leading to some disagreement among annotators. However, the lack of explicit hate speech elements suggests that most annotators would classify it as not hate speech.",0.3
1149,1149,14241,"That is only one part of the war. You have to look at the talmund, torra, bible, the Qur-aan and Hadith to see how the 3 so called main religions interact as one plan.",0.0,1.0,0.4,0.6,"The post references religious texts from Judaism, Christianity, and Islam, suggesting a conspiracy involving these religions. While it does not explicitly demean or degrade individuals or groups, the implication of a 'plan' involving these religions could be interpreted as an assault on human dignity, particularly if it suggests a negative or harmful agenda. There is no direct call for violence or use of vulgar language. The ambiguity lies in the interpretation of 'one plan,' which could lead to varying opinions on whether it constitutes hate speech. Therefore, there is likely to be moderate disagreement among annotators.","The post suggests a conspiracy involving major world religions, which could be interpreted as an assault on human dignity if it implies a negative agenda. However, it does not explicitly demean or degrade individuals or groups, nor does it call for violence or use vulgar language. The ambiguity in the phrase 'one plan' could lead to varying interpretations, resulting in moderate disagreement among annotators. Therefore, I predict the percentages of annotators who classify the post as hate speech vs. not hate speech to be [0.4, 0.6].",0.4
1174,1174,14602,Patrick Little posts being used to continue to paint Gab as a hate site: https://lifehacker.com/quitting-twitter-try-these-...,0.0,1.0,0.4,0.6,"The post mentions Patrick Little, who is known for his anti-Semitic views, and suggests that his posts are being used to label Gab as a hate site. This could be interpreted as an endorsement or a neutral statement, leading to some ambiguity. The post does not explicitly contain assaults on human dignity, calls for violence, or vulgar language, but the context of Patrick Little's reputation may influence annotators' perceptions, resulting in moderate disagreement.","The post references Patrick Little, a figure associated with hate speech, and suggests that his posts are being used to label Gab as a hate site. While the post itself does not contain explicit hate speech, the mention of Patrick Little could lead to varying interpretations. Some annotators might see it as an implicit endorsement of hate speech, while others might view it as a neutral observation. This results in moderate disagreement among annotators.",0.4
1180,1180,14642,"Maximum penalty for Conspiracy Against Rights is death, in fact.  ",0.0,1.0,0.4,0.6,"The post mentions a severe penalty (death) for a legal offense (Conspiracy Against Rights), which could be interpreted as a call for violence or an endorsement of harsh punishment. However, it does not explicitly call for violence or use offensive language. The ambiguity lies in whether the post is stating a fact or suggesting that such a penalty should be applied, leading to potential disagreement among annotators.","The post states a legal fact about the maximum penalty for a specific crime, which could be interpreted in different ways. Some annotators might see it as a neutral statement, while others might perceive it as endorsing or inciting harsh punishment, leading to a moderate level of disagreement. Therefore, the predicted percentages are [0.4, 0.6], with 40% classifying it as hate speech and 60% not.",0.4
1184,1184,14673,I'm shocked -- SHOCKED I TELL YOU -- that a man named Cohen betrayed Trump.,0.0,1.0,0.4,0.6,"The post makes a reference to a man named Cohen betraying Trump, which could be interpreted as a stereotype or an insinuation based on the name 'Cohen,' often associated with Jewish identity. This could be seen as an assault on human dignity by implying a stereotype about Jewish people being untrustworthy. However, the post does not explicitly use vulgar or offensive language, nor does it call for violence. The ambiguity lies in whether the reference to 'Cohen' is intended as a stereotype or simply a comment on a specific individual, leading to potential disagreement among annotators.","The post references a man named Cohen betraying Trump, which could be interpreted as a stereotype or an insinuation based on the name 'Cohen,' often associated with Jewish identity. This could be seen as an assault on human dignity by implying a stereotype about Jewish people being untrustworthy. However, the post does not explicitly use vulgar or offensive language, nor does it call for violence. The ambiguity lies in whether the reference to 'Cohen' is intended as a stereotype or simply a comment on a specific individual, leading to potential disagreement among annotators.",0.4
1225,1225,15148,"France, a cowardly shithole that gets pissy over ISIS pics.",1.0,0.0,0.7,0.3,"The post uses offensive language ('cowardly shithole') to describe France, which can be seen as an assault on human dignity by demeaning a nation. The use of 'pissy' in relation to ISIS pictures suggests a dismissive attitude towards France's response to terrorism, which could be interpreted as offensive. However, it does not explicitly call for violence or use slurs against a specific group based on protected characteristics. The language is clear in its derogatory intent, leading to likely consensus among annotators that it constitutes hate speech, though some may argue it is merely offensive rather than hate speech.","The post contains offensive language and derogatory remarks about France, labeling it as a 'cowardly shithole.' This can be seen as an assault on human dignity, as it demeans a nation. The term 'pissy' in relation to ISIS pictures suggests a dismissive attitude towards France's response to terrorism, which could be interpreted as offensive. However, the post does not explicitly call for violence or use slurs against a specific group based on protected characteristics. The language is clear in its derogatory intent, leading to likely consensus among annotators that it constitutes hate speech, though some may argue it is merely offensive rather than hate speech. Therefore, the prediction is that 70% of annotators would classify it as hate speech, while 30% would not.",0.3
1231,1231,15220,European Resistance News ,0.0,1.0,0.4,0.6,"The post 'European Resistance News' is quite vague and lacks context, making it difficult to determine if it constitutes hate speech. The term 'resistance' could imply a variety of things, from political activism to more extreme ideologies. Without additional context, it is unclear if this post is demeaning or degrading to any group, calls for violence, or uses offensive language. This ambiguity is likely to lead to a moderate level of disagreement among annotators, as interpretations can vary widely based on individual perspectives and the lack of specific content in the post.","The post 'European Resistance News' is ambiguous and lacks context. The term 'resistance' can be interpreted in various ways, and without additional information, it is unclear if the post is related to hate speech. It does not explicitly assault human dignity, call for violence, or use vulgar language based on the given text. However, the potential for different interpretations could lead to moderate disagreement among annotators. Therefore, the predicted percentages of annotators classifying the post as hate speech vs. not hate speech are [0.4, 0.6].",0.4
1240,1240,15395,Flake is no better than a prostitute. ,0.0,1.0,0.4,0.6,"The post uses a derogatory term 'prostitute' to describe an individual, which can be considered offensive and demeaning. However, it does not explicitly target a protected characteristic such as race, gender, or religion, nor does it call for violence. The use of offensive language may lead to some annotators classifying it as hate speech, but the lack of explicit targeting of a protected group or incitement to violence suggests that a significant portion of annotators may not classify it as hate speech. This results in a moderate level of disagreement among annotators.","The post refers to an individual as a 'prostitute,' which is a derogatory term. This could be seen as an assault on human dignity, as it uses offensive language to demean someone. However, it does not target a specific protected characteristic like race or gender, nor does it incite violence. The vulgarity and offensive language aspect is present, but the context is more about insulting an individual rather than a group based on protected characteristics. Therefore, there might be some disagreement among annotators, with some seeing it as hate speech due to the offensive language, while others may not see it as such because it lacks the other elements of hate speech.",0.4
1246,1246,15456,GOTTA REMEMBER...THE LEFT IS INSANELY DESPERATE CAUSE THEY KNOW THEY'RE ON THE PRECIPICE OF GOING TO GITMO FOR TREASON...IT'S ALREADY IN MOTION...SO LET EM SCRAMBLE AND TALK SHIT...THEIR TIME IS LIMITED...LIKE THE DEVIL'S...,1.0,0.0,0.6,0.4,"The post uses aggressive language and implies that a political group (the left) is desperate and facing severe consequences (going to GITMO for treason). It suggests a sense of impending justice or punishment, which could be interpreted as a call for action or violence, although it is not explicit. The use of 'talk shit' adds vulgarity to the post. The post's content is likely to be interpreted as demeaning towards a political group, which may lead to some annotators classifying it as hate speech. However, the lack of explicit calls for violence or direct assaults on human dignity may lead to some disagreement among annotators.","The post contains elements that could be interpreted as hate speech, particularly in its aggressive tone and the implication that a political group is facing severe consequences. The language used ('talk shit', 'insanely desperate') is vulgar and offensive, and the reference to 'GITMO for treason' suggests a severe punishment, which could be seen as a call for action against the group. However, the post does not explicitly call for violence or directly assault human dignity based on protected characteristics, which may lead to some annotators not classifying it as hate speech. This results in a moderate level of disagreement among annotators.",0.4
1261,1261,15567,FBI no subpoena power [no GJ] to demand. Justice K NEVER named / asked during Polygraph.  Something did happen to Dr. Ford in her past. Use of that 'something' to 'frame' Justice K. Dr. Ford's family has strong ties to SWAMP. FBI has expanded investigation into other suspicious acts w/ support of ABC agency as AUTH BY POTUS. [RR] involved? Q,0.0,1.0,0.4,0.6,"The post discusses a controversial political topic involving Dr. Ford and Justice Kavanaugh, suggesting a conspiracy or framing. It does not directly assault human dignity, call for violence, or use vulgar language. However, it implies a conspiracy theory which could be seen as offensive or harmful to those involved. The ambiguity and lack of direct hate speech elements suggest a moderate level of disagreement among annotators.","The post discusses a political controversy involving Dr. Ford and Justice Kavanaugh, suggesting a conspiracy or framing. It does not directly assault human dignity, call for violence, or use vulgar language. However, it implies a conspiracy theory which could be seen as offensive or harmful to those involved. The ambiguity and lack of direct hate speech elements suggest a moderate level of disagreement among annotators.",0.4
1270,1270,15683,Monkey Shines - the remake.,0.0,1.0,0.4,0.6,"The post 'Monkey Shines - the remake' is ambiguous and lacks context, making it difficult to definitively categorize as hate speech. The phrase 'Monkey Shines' could potentially be interpreted as a racial slur, depending on the context and intent, which is not provided here. Without additional context, it is unclear whether this is a reference to a film, a derogatory comment, or something else entirely. This ambiguity is likely to lead to high disagreement among annotators, with some perceiving it as potentially offensive or demeaning, while others may not see it as hate speech at all.","The post 'Monkey Shines - the remake' is ambiguous and lacks context, making it difficult to definitively categorize as hate speech. The phrase 'Monkey Shines' could potentially be interpreted as a racial slur, depending on the context and intent, which is not provided here. Without additional context, it is unclear whether this is a reference to a film, a derogatory comment, or something else entirely. This ambiguity is likely to lead to high disagreement among annotators, with some perceiving it as potentially offensive or demeaning, while others may not see it as hate speech at all.",0.4
1289,1289,15952,"Pope of California, Gov. Jerry Brown, Jesuit trained wouldbe priest, sets 8-year record of 1,018 pardons for really bad guys, including many violent criminal aliens to save them from deportation.  Gag! #Gab #GabFam #SpeakFreely #Chat #Americans",0.0,1.0,0.4,0.6,"The post criticizes Governor Jerry Brown for pardoning individuals, including 'violent criminal aliens,' which could be interpreted as an assault on human dignity by implying that certain groups (in this case, 'criminal aliens') are inherently bad. The use of 'Gag!' suggests a strong negative reaction, but it does not explicitly call for violence or use vulgar language. The post may be seen as politically charged rather than hate speech, leading to potential disagreement among annotators.","The post criticizes Governor Jerry Brown for pardoning individuals, including 'violent criminal aliens,' which could be interpreted as an assault on human dignity by implying that certain groups (in this case, 'criminal aliens') are inherently bad. The use of 'Gag!' suggests a strong negative reaction, but it does not explicitly call for violence or use vulgar language. The post may be seen as politically charged rather than hate speech, leading to potential disagreement among annotators.",0.4
1291,1291,15954,"Finally!  John Goodman defended Roseanne, 'She's not a racist.' Guessing he's trying to shmooze a new audience, otherwise, where the hell was he when she was dumped and the cast of progressive rat bastards turned on her?! Trump-Nation goal:  Kill ratings.  Kill new show.  Finger cast! #Gab #GabFam #SpeakFreely #Cast #Americans}",0.0,1.0,0.4,0.6,"The post contains elements that could be interpreted as offensive or derogatory, particularly in the use of the term 'progressive rat bastards,' which could be seen as demeaning to individuals with progressive political views. However, it does not explicitly call for violence or use vulgar language directed at a protected group. The post's focus on media and entertainment industry dynamics, along with its political undertones, may lead to varied interpretations regarding whether it constitutes hate speech. This results in a moderate level of disagreement among annotators.","Finally!  John Goodman defended Roseanne, 'She's not a racist.' Guessing he's trying to shmooze a new audience, otherwise, where the hell was he when she was dumped and the cast of progressive rat bastards turned on her?! Trump-Nation goal:  Kill ratings.  Kill new show.  Finger cast! #Gab #GabFam #SpeakFreely #Cast #Americans",0.4
1295,1295,16043,"How to #RedPill normies and #MAGA? Use good fiction that draws on and points to fact. #QAnon comic coming, by the guy who created Bane (Dark Knight Returns)! Bonus: movie producer interested.Project is a go already. See for yourselves.https://www.indiegogo.com/projects/alt-hero-q#/",0.0,1.0,0.4,0.6,"The post references '#RedPill' and '#QAnon', which are associated with conspiracy theories and far-right movements. However, the post itself does not explicitly demean or degrade individuals or groups, nor does it call for violence. It does not contain vulgar or offensive language. The ambiguity arises from the context and associations with '#QAnon', which some may interpret as promoting harmful ideologies, while others may see it as harmless promotion of a comic. This could lead to a moderate level of disagreement among annotators.","The post mentions '#RedPill' and '#QAnon', which are terms associated with conspiracy theories and far-right ideologies. However, the content of the post itself is focused on promoting a comic and does not explicitly contain hate speech elements such as assaults on human dignity, calls for violence, or vulgar language. The potential for disagreement arises from the context and associations with '#QAnon', which some may interpret as promoting harmful ideologies, while others may see it as harmless promotion of a comic. This could lead to a moderate level of disagreement among annotators.",0.4
1312,1312,16283,@occdissent @genophilia  ,0.0,1.0,0.4,0.6,"The post consists of two Twitter handles, '@occdissent' and '@genophilia', without any additional context or content. The lack of explicit content makes it difficult to assess whether the post contains hate speech. However, the handles themselves could be associated with controversial or extremist views, which might lead some annotators to interpret the post as hate speech. This ambiguity could result in a moderate level of disagreement among annotators, as the post does not provide clear evidence of hate speech but could be interpreted differently based on the associations of the handles.","The post contains only two Twitter handles, '@occdissent' and '@genophilia', without any additional context or content. Without explicit content, it's challenging to determine if the post constitutes hate speech. However, the handles themselves might be associated with controversial or extremist views, which could lead some annotators to classify the post as hate speech. This ambiguity could result in a moderate level of disagreement among annotators, as the post does not provide clear evidence of hate speech but could be interpreted differently based on the associations of the handles.",0.4
1315,1315,16308,"Need a pithy neologism for that. ""Spergpost"", maybe",0.0,1.0,0.4,0.6,"The term 'sperg' is a derogatory slang derived from 'Asperger's syndrome', often used to insult or demean individuals by implying they are socially awkward or obsessive. This can be seen as an assault on human dignity, particularly towards individuals with autism spectrum disorders. However, the post itself is not explicitly hateful or violent, and the context is somewhat ambiguous, leading to potential disagreement among annotators.","The post uses the term 'sperg', which is a derogatory term derived from 'Asperger's syndrome'. This term is often used to insult or demean individuals by implying they are socially awkward or obsessive. This can be considered an assault on human dignity, particularly towards individuals with autism spectrum disorders. However, the post itself is not explicitly hateful or violent, and the context is somewhat ambiguous, which may lead to disagreement among annotators. Therefore, I predict a moderate level of disagreement with percentages of [0.4, 0.6] for hate speech vs. not hate speech.",0.4
1324,1324,16457,The Truth About Why Tommy Robinson Was Jailed ,0.0,1.0,0.4,0.6,"The post title 'The Truth About Why Tommy Robinson Was Jailed' does not explicitly contain hate speech elements such as assaults on human dignity, calls for violence, or vulgarity. However, Tommy Robinson is a controversial figure often associated with far-right views and anti-Islam rhetoric. Posts about him can be polarizing and may lead to disagreement among annotators based on their views of his actions and the context of his jailing. This could result in a moderate level of disagreement, with some annotators potentially viewing the post as indirectly promoting hate speech due to its association with Robinson, while others may see it as a neutral statement of fact.","The post 'The Truth About Why Tommy Robinson Was Jailed' is likely to have a moderate level of disagreement among annotators. While the post itself does not contain explicit hate speech, the subject of Tommy Robinson is contentious. Robinson is known for his far-right activism and anti-Islam stance, which can polarize opinions. Some annotators might interpret the post as indirectly supporting or promoting hate speech due to its association with Robinson, while others may view it as a neutral or factual statement. Therefore, the predicted percentages of annotators classifying the post as hate speech vs. not hate speech are [0.4, 0.6].",0.4
1325,1325,16510,"Yep, you're a mindless leftist. The telltale sign is the spewing of hatred and wishing harm when you lose the argument. You can't think and when you're put in a position where you have to back your baseless position with a reasoned argument and facts your mind uncoils like a spring. There are two characteristics associated with leftists, the inability to think and hatred. You demonstrated both.",1.0,0.0,0.6,0.4,"The post contains derogatory language towards a group identified as 'leftists,' accusing them of being 'mindless' and incapable of reasoning. It also attributes negative characteristics such as 'hatred' and 'inability to think' to this group. While it does not explicitly call for violence, it does demean a group based on their political beliefs, which can be seen as an assault on human dignity. The language used is offensive and could be interpreted as hate speech by some annotators, leading to a moderate level of disagreement.","The post contains derogatory language towards a group identified as 'leftists,' accusing them of being 'mindless' and incapable of reasoning. It also attributes negative characteristics such as 'hatred' and 'inability to think' to this group. While it does not explicitly call for violence, it does demean a group based on their political beliefs, which can be seen as an assault on human dignity. The language used is offensive and could be interpreted as hate speech by some annotators, leading to a moderate level of disagreement.",0.4
1335,1335,16611,Now just who controls the IMF? https://www.amren.com/news/2018/08/imf-backs-south...,0.0,1.0,0.4,0.6,"The post poses a question about who controls the IMF, which could be interpreted as a neutral inquiry. However, the link to American Renaissance, a site known for promoting white nationalist views, suggests that the question may be loaded with implications about global control by certain groups, potentially hinting at anti-Semitic or conspiratorial undertones. This context could lead to disagreement among annotators, with some perceiving it as hate speech due to implied assaults on human dignity or conspiratorial language, while others may see it as a benign question.","The post asks a question about the control of the IMF, which on its own is not explicitly hate speech. However, the context provided by the link to American Renaissance, a site associated with white nationalist content, may suggest underlying conspiratorial or anti-Semitic themes. This could lead to a moderate level of disagreement among annotators, as some may interpret it as hate speech due to implied negative stereotypes or conspiracies about certain groups, while others may not see it as hate speech if they focus solely on the question itself without considering the source or potential implications.",0.4
1336,1336,16614,The inevitable decline of our US fighting force once they embraced PC culture. https://voxday.blogspot.com/2018/08/and-so-it-begi...,0.0,1.0,0.4,0.6,"The post suggests a decline in the US fighting force due to embracing 'PC culture,' which could be interpreted as a critique of inclusivity or diversity efforts. This may be seen as an assault on human dignity by implying that such efforts weaken the military. However, the language is not overtly offensive or vulgar, and there is no call for violence. The post's interpretation may vary based on individual views on political correctness, leading to moderate disagreement among annotators.","The post critiques the impact of 'PC culture' on the US military, which could be seen as an indirect assault on human dignity by suggesting that inclusivity or diversity efforts weaken the military. However, it does not contain vulgar language or explicit calls for violence. The interpretation of this post may vary, as some may view it as a legitimate critique while others may see it as undermining efforts to promote equality. This results in moderate disagreement among annotators.",0.4
1338,1338,16622,Here's a instruction manual on how to fix your self from what alias you and us in society ( which is you )...just one application will fix it for all of us ...even you ,0.0,1.0,0.3,0.7,"The post is somewhat ambiguous and lacks clear context, making it difficult to definitively categorize as hate speech. It does not explicitly demean or degrade any group, nor does it call for violence. The language is not overtly vulgar or offensive, but the phrasing 'fix yourself' could be interpreted as derogatory depending on the context or target audience. This ambiguity may lead to some disagreement among annotators, but it is likely that a majority would not classify it as hate speech.","The post is somewhat ambiguous and lacks clear context, making it difficult to definitively categorize as hate speech. It does not explicitly demean or degrade any group, nor does it call for violence. The language is not overtly vulgar or offensive, but the phrasing 'fix yourself' could be interpreted as derogatory depending on the context or target audience. This ambiguity may lead to some disagreement among annotators, but it is likely that a majority would not classify it as hate speech.",0.3
1348,1348,16748,"I Just read a Story that said "" FOX News Confirmed that the FBI Was on their way to the clitons house When the Fire Broke Out, SO Someone LEAKED Out to the clitons that the FBI Were on their Way. OW, FBI Is FULL of M.F.'S ho have SOLD OUT America !!! ",0.0,1.0,0.4,0.6,"The post contains offensive language, specifically the use of 'M.F.'s' which is a vulgar term. However, it does not directly assault human dignity based on protected characteristics nor does it call for violence. The post seems to express a conspiracy theory about the FBI and the Clintons, which may be interpreted as politically charged but not necessarily hate speech. The ambiguity lies in the interpretation of the intent behind the language used, which could lead to some disagreement among annotators.","The post uses offensive language ('M.F.'s') and suggests a conspiracy involving the FBI and the Clintons. While it is politically charged, it does not explicitly demean individuals based on protected characteristics or incite violence. The vulgarity might lead some annotators to classify it as hate speech, but the lack of direct attacks on human dignity or calls for violence suggests a lower percentage of hate speech classification. Therefore, there is likely some disagreement among annotators, but not extremely high.",0.4
1354,1354,16843,"I really enjoy the creativity of your posts!  But damn, they are starting to look like a Rothschild costume party.",0.0,1.0,0.4,0.6,"The post contains a compliment about creativity, but it also includes a reference to the 'Rothschild costume party,' which could be interpreted as a stereotype or conspiracy theory related to the Rothschild family, often associated with anti-Semitic tropes. This reference may lead to some annotators perceiving it as an assault on human dignity, while others may see it as a harmless or humorous comment. The ambiguity in the intent and the potential for cultural or historical sensitivity suggests a moderate level of disagreement among annotators.","The post contains a compliment about creativity, but it also includes a reference to the 'Rothschild costume party,' which could be interpreted as a stereotype or conspiracy theory related to the Rothschild family, often associated with anti-Semitic tropes. This reference may lead to some annotators perceiving it as an assault on human dignity, while others may see it as a harmless or humorous comment. The ambiguity in the intent and the potential for cultural or historical sensitivity suggests a moderate level of disagreement among annotators.",0.4
1356,1356,16853,They'll have to come get mine if there is any more INFRINGEMENT!!!!!!!!!!,0.0,1.0,0.4,0.6,"The post contains a vague threat of resistance against perceived infringement, which could be interpreted as a call for violence or defiance. However, it lacks specific details or direct incitement to violence, making it ambiguous. The use of capital letters and exclamation marks suggests strong emotion, but without clear context, it may not be universally seen as hate speech. This ambiguity could lead to a moderate level of disagreement among annotators.","The post ""They'll have to come get mine if there is any more INFRINGEMENT!!!!!!!!!!"" suggests a strong stance against perceived infringement, possibly related to gun rights or personal freedoms. The phrase ""come get mine"" can imply a willingness to resist or defend, potentially through force, but it does not explicitly call for violence. The lack of specific targets or groups and the absence of vulgar or offensive language make it less clear-cut as hate speech. Given these factors, there is likely to be some disagreement among annotators, with a moderate percentage classifying it as hate speech due to the implied threat, while others may see it as a strong expression of personal rights without crossing into hate speech territory.",0.4
1367,1367,16972,What have Jews done to you?,0.0,1.0,0.4,0.6,"The post 'What have Jews done to you?' can be interpreted in multiple ways. It could be seen as a neutral question, but given the historical context of anti-Semitic rhetoric, it may also be perceived as an insinuation that Jews have done something negative, which could be seen as an assault on human dignity. The ambiguity of the post and its potential to be interpreted as either a neutral inquiry or a veiled anti-Semitic statement suggests a moderate level of disagreement among annotators.","The post 'What have Jews done to you?' is ambiguous in nature. It could be interpreted as a genuine question or as a rhetorical question implying wrongdoing by Jews, which could be seen as an assault on human dignity. The lack of explicit offensive language or calls for violence suggests that not all annotators would classify it as hate speech, leading to a moderate level of disagreement. Therefore, the predicted percentages of annotators classifying the post as hate speech vs. not hate speech are [0.4, 0.6].",0.4
1409,1409,17420,"Q predicted in April  FED RES BNK would be a #1 target of his multilateral multi front w ar on the global D S & accomplices  Q  IS proven right again  I also stated Q confirms UK worked with O to sabotage 2016 election   Q Anon EU Conceded 0 Tariffs, UK D S & Steele, RR, JFK Jr., FRB Reformed = Dominos Fall, R Is C down' ",0.0,1.0,0.4,0.6,"The post contains references to conspiracy theories, particularly those associated with QAnon, which may be interpreted as promoting harmful or misleading narratives. However, it does not explicitly contain assaults on human dignity, calls for violence, or vulgarity. The language is cryptic and may be interpreted differently by annotators, leading to some disagreement. The post's content is more likely to be seen as not hate speech by a majority, but a significant minority may view it as promoting harmful ideologies.","The post references QAnon conspiracy theories, which are often associated with harmful or misleading narratives. However, it does not explicitly contain assaults on human dignity, calls for violence, or vulgarity and offensive language. The language is cryptic and may be interpreted differently by annotators, leading to some disagreement. The post's content is more likely to be seen as not hate speech by a majority, but a significant minority may view it as promoting harmful ideologies.",0.4
1415,1415,17461,CNN’s Chris Cuomo Goes Full Antifa http://theothermccain.com/2018/08/15/cnn-chris-cuo...,0.0,1.0,0.4,0.6,"The post title suggests a negative portrayal of CNN's Chris Cuomo by associating him with Antifa, a controversial group. This could be seen as an assault on human dignity by implying a negative association. However, the post does not explicitly call for violence or use vulgar language. The ambiguity lies in the interpretation of 'Goes Full Antifa,' which could be seen as either a factual statement or a derogatory implication, leading to potential disagreement among annotators.","The post title 'CNN’s Chris Cuomo Goes Full Antifa' implies a negative association with Antifa, which is often viewed controversially. This could be interpreted as an assault on human dignity by suggesting a negative characterization of Chris Cuomo. However, the post does not explicitly call for violence or use vulgar language. The phrase 'Goes Full Antifa' is ambiguous and could be interpreted differently depending on one's perspective on Antifa and Chris Cuomo, leading to potential disagreement among annotators. Therefore, the prediction is that there would be moderate disagreement, with approximately 40% classifying it as hate speech and 60% not classifying it as such.",0.4
1419,1419,17490,Check out the hot #DemocratOnDemocrat racism!,0.0,1.0,0.4,0.6,"The post uses the phrase 'DemocratOnDemocrat racism,' which suggests an accusation of racism within a political group. However, it does not provide specific details or context about the nature of the racism or who is involved. The use of the term 'racism' could be seen as an assault on human dignity, but without further context, it is ambiguous. The post does not contain calls for violence or vulgar language. The ambiguity and lack of context may lead to high disagreement among annotators about whether it constitutes hate speech.","The post mentions 'DemocratOnDemocrat racism,' which implies an accusation of racism within a political group. However, it lacks specific details or context about the nature of the racism or who is involved. The use of the term 'racism' could be interpreted as an assault on human dignity, but without further context, it remains ambiguous. The post does not contain calls for violence or vulgar language. Due to the ambiguity and lack of context, there may be high disagreement among annotators about whether it constitutes hate speech.",0.4
1436,1436,17716,Exactly why I will never fly again. I frickin walk before I let some pig touch me,0.0,1.0,0.4,0.6,"The post expresses a strong personal opinion against being touched by security personnel at airports, using the term 'pig' which is a derogatory term for police or security officers. This could be seen as offensive language, but it does not directly assault human dignity based on protected characteristics, nor does it call for violence. The use of 'pig' might lead to some annotators viewing it as hate speech due to its offensive nature, while others may see it as a personal expression of frustration. This could lead to moderate disagreement among annotators.","The post uses derogatory language ('pig') to express frustration with airport security procedures. While it contains offensive language, it does not target a specific group based on protected characteristics, nor does it incite violence. The term 'pig' is commonly used as a slur against police or security personnel, which may lead to some annotators considering it hate speech due to its offensive nature. However, the post is more about personal frustration rather than a broader attack on a group, leading to potential disagreement among annotators. Therefore, the predicted percentages are [0.4, 0.6].",0.4
1446,1446,17873,"If you are looking for a White Pill in regards to the good things happening within the Nationalist Community, give this article by @WhiteArtCollective a read!",0.0,1.0,0.3,0.7,"The post promotes an article related to the 'Nationalist Community,' which can be associated with white nationalism or similar ideologies. However, the post itself does not contain explicit hate speech elements such as assaults on human dignity, calls for violence, or vulgar language. The term 'White Pill' is often used in online communities to signify positive news or hope, which may not inherently be hate speech. The ambiguity lies in the interpretation of 'Nationalist Community,' which could lead to some annotators perceiving it as hate speech due to potential associations with extremist ideologies, while others may not see it as such. This results in moderate disagreement among annotators.","The post mentions the 'Nationalist Community' and uses the term 'White Pill,' which could be interpreted in various ways depending on the reader's perspective. The post does not explicitly demean or degrade any group, nor does it call for violence or use offensive language. However, the context of promoting a nationalist community could be seen as problematic by some, leading to a moderate level of disagreement among annotators. Therefore, the predicted percentages are [0.3, 0.7], with 30% classifying it as hate speech and 70% not classifying it as such.",0.3
1447,1447,17879,Stefan Molyneux said a while back that the best possible scenario for the improvement of gender relations is a massive civil war/economic collapse/catastophe. Make women realize how full of shit they are and how helpless they are without Men/The State to save them. Then they'll come running back with their tail between their legs begging to return to patriarchy and traditional gender norms. U...,1.0,0.0,0.7,0.3,"The post suggests that women are 'full of shit' and 'helpless' without men or the state, which can be seen as demeaning to women, thus assaulting human dignity. It also implies that a catastrophic event would be beneficial to force women back into traditional gender roles, which could be interpreted as a call for violence or societal collapse to achieve this goal. The language used is derogatory and offensive, contributing to the perception of hate speech. Given these elements, there is likely to be some disagreement among annotators, but a significant portion may classify it as hate speech due to its demeaning and potentially inciting nature.","The post contains elements that can be interpreted as hate speech, particularly in its demeaning portrayal of women and the suggestion that a catastrophic event would be beneficial to force women back into traditional gender roles. This can be seen as an assault on human dignity and potentially a call for violence or societal collapse. The language used is derogatory and offensive, which contributes to the perception of hate speech. While there may be some disagreement among annotators, a significant portion is likely to classify it as hate speech due to these factors.",0.3
1454,1454,17944,So what are illegal settlements then? https://interactive.aljazeera.com/aje/2017/50-years-illegal-settlements/index.html Is this article all fabrication?  There are zero jews in muslim areas huh?,0.0,1.0,0.4,0.6,"The post questions the legitimacy of illegal settlements and references an article, which could be interpreted as a critique of Israeli policies. The mention of 'zero Jews in Muslim areas' could be seen as a provocative statement, potentially leading to interpretations of anti-Semitism or bias against Muslims. However, the post does not explicitly demean or degrade individuals or groups, nor does it call for violence. The language is not overtly vulgar or offensive, but the context and implications could lead to varied interpretations, resulting in moderate disagreement among annotators.","The post raises questions about illegal settlements and references an article, which could be seen as a critique of Israeli policies. The mention of 'zero Jews in Muslim areas' could be interpreted as a provocative statement, potentially leading to interpretations of anti-Semitism or bias against Muslims. However, the post does not explicitly demean or degrade individuals or groups, nor does it call for violence. The language is not overtly vulgar or offensive, but the context and implications could lead to varied interpretations, resulting in moderate disagreement among annotators.",0.4
1458,1458,17957,"Found this separately @  https://twitter.com/onwardfam/status/1034521140872... as retweeted by https://twitter.com/Israel_Owns_USA ' 7,061 pages of post war memoirs [1948-1959] by Ike, Churchill & De Gaulle…not one word about “Nazi Gas Chambers”  '",0.0,1.0,0.4,0.6,"The post references a tweet that suggests a conspiracy theory regarding the Holocaust, specifically the absence of mentions of 'Nazi Gas Chambers' in post-war memoirs by prominent leaders. This can be interpreted as Holocaust denial, which is a form of hate speech as it assaults the dignity of Holocaust victims and survivors. However, the post itself does not explicitly deny the Holocaust but rather points to a perceived omission, which may lead to varying interpretations. Some annotators may see it as a subtle form of denial, while others may view it as a historical observation, leading to moderate disagreement.","The post references a tweet that suggests a conspiracy theory regarding the Holocaust, specifically the absence of mentions of 'Nazi Gas Chambers' in post-war memoirs by prominent leaders. This can be interpreted as Holocaust denial, which is a form of hate speech as it assaults the dignity of Holocaust victims and survivors. However, the post itself does not explicitly deny the Holocaust but rather points to a perceived omission, which may lead to varying interpretations. Some annotators may see it as a subtle form of denial, while others may view it as a historical observation, leading to moderate disagreement.",0.4
1467,1467,18115,"Or at least, it's an it.",0.0,1.0,0.4,0.6,"The post 'Or at least, it's an it.' is ambiguous and lacks context, making it difficult to determine if it constitutes hate speech. The phrase could potentially be interpreted as dehumanizing or degrading if it refers to a person or group, but without additional context, it is not clear. This ambiguity is likely to lead to high disagreement among annotators, as interpretations may vary widely based on assumptions about the subject of the post.","The post 'Or at least, it's an it.' is ambiguous and lacks context, making it difficult to determine if it constitutes hate speech. The phrase could potentially be interpreted as dehumanizing or degrading if it refers to a person or group, but without additional context, it is not clear. This ambiguity is likely to lead to high disagreement among annotators, as interpretations may vary widely based on assumptions about the subject of the post. Therefore, the predicted percentages of annotators who classify the post as hate speech vs. not hate speech are [0.4, 0.6].",0.4
1509,1509,18530,build the wall.,0.0,1.0,0.4,0.6,"The phrase 'build the wall' is often associated with political discourse around immigration and border security, particularly in the United States. While it may not directly contain hate speech, it can be interpreted as a call for exclusion or discrimination against certain groups, particularly immigrants. This can lead to a moderate level of disagreement among annotators, as some may view it as a political statement rather than hate speech, while others may see it as demeaning or degrading to certain groups.","The post 'build the wall' is a succinct statement that has become a politically charged slogan. It is associated with the idea of constructing a physical barrier along the U.S.-Mexico border to prevent illegal immigration. The phrase itself does not contain vulgarity or explicit calls for violence, but it can be seen as an assault on human dignity by those who interpret it as targeting immigrants or specific ethnic groups. The level of disagreement among annotators is likely to be moderate, as interpretations can vary based on political beliefs and views on immigration. Therefore, the predicted percentages of annotators classifying the post as hate speech versus not hate speech are [0.4, 0.6].",0.4
1523,1523,18665,"Not that anybody asked for it but, Fuck The Alt-Right Fuck ANTIFA Fuck all extremes  Pray for Freedom",0.0,1.0,0.4,0.6,"The post uses vulgar language ('Fuck') directed at both the Alt-Right and ANTIFA, which could be seen as offensive. However, it does not specifically demean or degrade individuals or groups based on protected characteristics, nor does it call for violence. The post ends with a call to 'Pray for Freedom,' which suggests a non-violent stance. The use of offensive language might lead to some annotators classifying it as hate speech, but the overall message is against extremism and for freedom, which could lead to a higher percentage of annotators not classifying it as hate speech. This results in a moderate level of disagreement among annotators.","The post contains vulgar language directed at both the Alt-Right and ANTIFA, which could be considered offensive. However, it does not specifically demean or degrade individuals or groups based on protected characteristics, nor does it call for violence. The post ends with a call to 'Pray for Freedom,' which suggests a non-violent stance. The use of offensive language might lead to some annotators classifying it as hate speech, but the overall message is against extremism and for freedom, which could lead to a higher percentage of annotators not classifying it as hate speech. This results in a moderate level of disagreement among annotators.",0.4
1529,1529,18699,"They say it's bad to speak ill of the dead. So as far as McCain goes, I'll say the truth: warmonger. He'd wake up every night, shouting BOMB THEM! Never met a country that wouldn't look better with bombs falling on it. Lockheed paid tribute to him!",0.0,1.0,0.4,0.6,"The post criticizes a deceased public figure, John McCain, by labeling him a 'warmonger' and suggesting he was excessively in favor of military action. While the language is harsh and disrespectful, it does not directly assault human dignity based on protected characteristics, nor does it call for violence or use vulgar language. The post is likely to be interpreted as a strong political opinion rather than hate speech, leading to some disagreement among annotators.","The post criticizes John McCain, a deceased public figure, by calling him a 'warmonger' and suggesting he was excessively in favor of military action. The language used is harsh and disrespectful, but it does not directly assault human dignity based on race, ethnicity, gender, religion, sexual orientation, or other protected characteristics. It also does not call for violence or use vulgar language. The post is likely to be interpreted as a strong political opinion rather than hate speech, which may lead to some disagreement among annotators. Therefore, the predicted percentages of annotators who classify the post as hate speech vs. not hate speech are [0.4, 0.6].",0.4
1536,1536,18826,"Sadly...true. I think (((progressive))) momentum hasn't turned, but has stalled though. Have faith. (Can't say hope anymore, Obama ruined it for me)",0.0,1.0,0.4,0.6,"The post uses triple parentheses around the word 'progressive,' which is often used as an anti-Semitic dog whistle to imply Jewish influence or control. This could be seen as an assault on human dignity. However, the rest of the post does not contain explicit hate speech elements such as calls for violence or vulgar language. The ambiguity of the triple parentheses and the lack of overtly hateful language may lead to some disagreement among annotators, but the presence of the dog whistle suggests a moderate likelihood of being classified as hate speech.","The post uses the triple parentheses around the word 'progressive,' which is a known anti-Semitic dog whistle used to imply Jewish influence or control. This could be interpreted as an assault on human dignity, as it subtly targets a group based on ethnicity or religion. However, the rest of the post does not contain explicit hate speech elements such as calls for violence or vulgar language. The ambiguity of the triple parentheses and the lack of overtly hateful language may lead to some disagreement among annotators, but the presence of the dog whistle suggests a moderate likelihood of being classified as hate speech. Therefore, the predicted percentages of annotators who classify the post as hate speech vs. not hate speech are [0.4, 0.6].",0.4
1542,1542,18881,"Andrew Torba brought up one of them talking about fighting at the Bull Statue in NYC on Wall St. ""Go Full Brevik"" or something like that was his name. I left a link to this post under Torba's asking people to read it. Of course before considering doing stupid shit in the street that makes us look bad. I'm proud that GABstapo is against that shit. Please take a few minutes and read. ",0.0,1.0,0.4,0.6,"The post references a potentially violent or extremist figure ('Go Full Brevik'), which could be interpreted as a call for violence or an endorsement of violent actions. However, the post also explicitly states opposition to such actions ('I'm proud that GABstapo is against that shit'), which suggests a disapproval of violence. This mixed message could lead to disagreement among annotators about whether the post constitutes hate speech. The mention of 'GABstapo' might also be seen as offensive or derogatory, adding to the complexity of interpretation.","The post references a potentially violent or extremist figure ('Go Full Brevik'), which could be interpreted as a call for violence or an endorsement of violent actions. However, the post also explicitly states opposition to such actions ('I'm proud that GABstapo is against that shit'), which suggests a disapproval of violence. This mixed message could lead to disagreement among annotators about whether the post constitutes hate speech. The mention of 'GABstapo' might also be seen as offensive or derogatory, adding to the complexity of interpretation. Therefore, there is likely to be moderate disagreement among annotators, with some viewing it as hate speech due to the reference to violence, while others may not due to the disapproval expressed.",0.4
1549,1549,18967,"The city of New York released thousands of documents from the 1989 Central Park rape case last week, provoking more weeping and gnashing of teeth over Donald Trump’s full-page ads in four New York newspapers taken out soon after that attack  http://humanevents.com/2018/07/26/central-park-rap...",0.0,1.0,0.4,0.6,"The post references a highly controversial historical event, the 1989 Central Park rape case, and mentions Donald Trump's involvement through his full-page ads. While the post itself does not directly contain hate speech, it touches on a sensitive topic that has racial and social justice implications. The mention of 'weeping and gnashing of teeth' could be interpreted as dismissive or mocking of the public's reaction, which might lead some annotators to view it as demeaning or degrading. However, the post does not explicitly call for violence or use vulgar language. Given the historical and racial context, there may be some disagreement among annotators about whether the post constitutes hate speech, leading to a moderate level of disagreement.","The post discusses the release of documents related to the 1989 Central Park rape case and mentions Donald Trump's ads at the time. The content does not explicitly demean or degrade individuals or groups, nor does it call for violence or use vulgar language. However, the historical context and the mention of Trump's ads, which were controversial and racially charged, may lead to differing interpretations. Some annotators might see the post as indirectly perpetuating racial tensions or dismissing the gravity of the case, while others may view it as a straightforward report on the release of documents. This could result in moderate disagreement among annotators.",0.4
1554,1554,19013,'...all three rapes occurred after this guy was let out of prison after local authorities ignored his fugitive warrant issued by immigration officials back in 2012.' https://www.mrctv.org/blog/illegal-alien-who-beat-...,0.0,1.0,0.4,0.6,"The post discusses a serious crime allegedly committed by an illegal alien and criticizes local authorities for ignoring a fugitive warrant. While it does not directly assault human dignity or call for violence, it could be interpreted as using a specific incident to generalize about a group (illegal aliens), which may be seen as demeaning. The language is not overtly vulgar or offensive, but the context of immigration and crime can be polarizing, leading to potential disagreement among annotators.","The post highlights a crime committed by an illegal alien and criticizes local authorities for their actions. It does not contain vulgar language or direct calls for violence, but it could be seen as demeaning towards a group (illegal aliens) by implying a negative stereotype. The context of immigration and crime is often contentious, which may lead to varying interpretations of whether it constitutes hate speech. Therefore, there is likely to be some disagreement among annotators, with a moderate percentage classifying it as hate speech.",0.4
1563,1563,19079,They havent told you>>>>>>They say voting for a dem w/b civility back to US. That was what Hillary said. hahahaahah. In the meantime people are committing suicide murder in her name.,0.0,1.0,0.4,0.6,"The post contains a sarcastic tone and references to political figures and actions, which could be interpreted as offensive or demeaning. However, it does not explicitly call for violence or use vulgar language. The mention of 'suicide murder' in relation to a political figure could be seen as an assault on human dignity, but it is not clear if it is meant literally or figuratively. This ambiguity may lead to some disagreement among annotators about whether it constitutes hate speech.","The post sarcastically references a political figure and implies negative actions associated with them. It does not explicitly call for violence or use vulgar language, but the mention of 'suicide murder' could be interpreted as offensive or demeaning. The ambiguity in the intent and the lack of explicit hate speech elements may lead to some annotators classifying it as hate speech, while others may not.",0.4
1579,1579,19194,"#TBT to when we faced off with #Antifa in Indianapolis, IN. Circa 2017. #MAGA #AmericaFirst",0.0,1.0,0.4,0.6,"The post references a confrontation with Antifa, which could imply a context of political conflict. However, it does not explicitly contain assaults on human dignity, calls for violence, or vulgar language. The hashtags #MAGA and #AmericaFirst are politically charged but not inherently hate speech. The post's ambiguity regarding the nature of the 'faced off' event may lead to some disagreement among annotators, as it could be interpreted as either a neutral recounting of an event or as a veiled endorsement of conflict.","The post references a past event involving a confrontation with Antifa, which is a politically charged group. The use of hashtags like #MAGA and #AmericaFirst suggests a political stance but does not inherently constitute hate speech. The post does not explicitly demean any group, call for violence, or use offensive language. However, the context of 'facing off' with Antifa could be interpreted in various ways, leading to some disagreement among annotators. Some may view it as a neutral statement, while others might see it as endorsing conflict. Therefore, the post is likely to have moderate disagreement among annotators, with a slight lean towards not being classified as hate speech.",0.4
1595,1595,19319,"25% of white population has fled South Africa since Mandela came. 'South Africa's Bureau of Statistics estimates that between 1 million and 1.6 million people in skilled, professional, and managerial occupations have emigrated since 1994' @alternative_right @ANV @seamrog   https://en.wikipedia.org/wiki/Economy_of_South_Afr... …",0.0,1.0,0.4,0.6,"The post discusses the emigration of a portion of the white population from South Africa since Mandela's presidency, citing statistics from South Africa's Bureau of Statistics. While the post itself does not contain explicit hate speech, it could be interpreted as having racial undertones, especially given the mention of 'white population' and the context of the accounts tagged, which may be associated with far-right or nationalist views. This could lead to some annotators perceiving it as an assault on human dignity or having racial implications, resulting in moderate disagreement among annotators.","The post mentions the emigration of a significant portion of the white population from South Africa since Mandela's presidency, citing statistics. It does not explicitly demean or degrade individuals or groups, nor does it call for violence or use vulgar language. However, the focus on the 'white population' and the context of the accounts tagged could lead to interpretations of racial undertones or implications, which might be seen as problematic by some annotators. This could result in moderate disagreement among annotators, with some viewing it as having racial implications and others not perceiving it as hate speech.",0.4
1596,1596,19320,"I thought Orban hated migrants, but he sure likes Mandela. Maybe its virtue signalling. @alternative_right @ANV @arquatrix @seamrog  https://dailynewshungary.com/budapest-park-to-be-n...",0.0,1.0,0.4,0.6,"The post mentions Orban, a political figure known for his anti-migrant stance, and Mandela, a figure associated with anti-apartheid and human rights. The post suggests a contradiction or hypocrisy, possibly implying virtue signaling. The mention of 'alternative_right' and other tags could suggest an audience that might interpret this as a critique of Orban's policies. However, the post does not contain explicit hate speech elements such as vulgarity, calls for violence, or direct assaults on human dignity. The ambiguity lies in the interpretation of 'virtue signaling' and the context of the political figures mentioned, which could lead to some disagreement among annotators.","The post references Viktor Orban, a political figure known for his anti-migrant policies, and Nelson Mandela, a symbol of anti-apartheid and human rights. The post suggests a contradiction or hypocrisy in Orban's actions, possibly implying virtue signaling. The use of 'alternative_right' and other tags could indicate an audience that might interpret this as a critique of Orban's policies. However, the post does not contain explicit hate speech elements such as vulgarity, calls for violence, or direct assaults on human dignity. The ambiguity lies in the interpretation of 'virtue signaling' and the context of the political figures mentioned, which could lead to some disagreement among annotators. Therefore, the prediction is that 40% of annotators might classify it as hate speech due to perceived implications, while 60% might not see it as hate speech.",0.4
1601,1601,19341,"The same folks who think an #LGBT parade is actually a parade, but not a military parade. The world is indeed insane. Officially",0.0,1.0,0.4,0.6,"The post seems to express a negative opinion about LGBT parades, potentially implying that they are not legitimate or worthy of being considered parades. This could be seen as an assault on human dignity, as it dismisses the significance of LGBT events. However, the post does not contain explicit vulgarity, offensive language, or calls for violence. The ambiguity lies in whether the post is simply expressing a personal opinion or if it is demeaning to the LGBT community, leading to potential disagreement among annotators.","The post compares LGBT parades to military parades, suggesting that the former are not legitimate parades. This could be interpreted as demeaning to the LGBT community, as it questions the validity of their events. However, the post does not use explicit offensive language or call for violence, making it less clear-cut as hate speech. The ambiguity in the post's intent and tone could lead to varying interpretations, resulting in moderate disagreement among annotators.",0.4
1606,1606,19421,wtf is this retard tier shit? none of it even makes sense lol,0.0,1.0,0.4,0.6,"The post contains vulgar and offensive language, specifically the use of the term 'retard,' which is considered a slur against individuals with intellectual disabilities. This aspect of the post could lead some annotators to classify it as hate speech due to its demeaning nature. However, the post does not target a specific individual or group based on protected characteristics, nor does it call for violence. The ambiguity in the post's intent and the lack of a clear target may lead to some disagreement among annotators, resulting in a moderate level of disagreement.","The post uses offensive language, specifically the term 'retard,' which is considered derogatory and demeaning. This could be seen as an assault on human dignity, particularly towards individuals with intellectual disabilities. However, the post does not explicitly target a specific group or individual, nor does it incite violence. The use of 'wtf' and 'lol' suggests a casual tone, which might lead some annotators to view it as less severe. Given these factors, there is likely to be moderate disagreement among annotators, with some viewing it as hate speech due to the offensive language, while others may not see it as such due to the lack of a specific target or call to action.",0.4
1617,1617,19759,I see it....more like......dragging vampires out into the sunshine......,0.0,1.0,0.4,0.6,"The post uses metaphorical language ('dragging vampires out into the sunshine') which could be interpreted in various ways. It does not explicitly target any specific group or individual, nor does it contain vulgar or offensive language. However, the metaphor could be seen as a call for exposing or harming a group referred to as 'vampires,' which might be interpreted as dehumanizing or threatening depending on the context. This ambiguity could lead to a moderate level of disagreement among annotators.","The post uses metaphorical language ('dragging vampires out into the sunshine') which could be interpreted in various ways. It does not explicitly target any specific group or individual, nor does it contain vulgar or offensive language. However, the metaphor could be seen as a call for exposing or harming a group referred to as 'vampires,' which might be interpreted as dehumanizing or threatening depending on the context. This ambiguity could lead to a moderate level of disagreement among annotators.",0.4
1637,1637,20062,Naturopathic doctor forced to shut her clinic after wave of death threats and government regulator pressure… medical freedom is DEAD https://www.naturalnews.com/2018-08-26-naturopathi...  #Health #HealthFreedom #Healing,0.0,1.0,0.4,0.6,"The post discusses a naturopathic doctor being forced to shut her clinic due to death threats and government pressure. While it mentions 'death threats,' which could imply a call for violence, the post itself does not explicitly incite or encourage violence. The language used is not overtly vulgar or offensive, and the focus is on the concept of 'medical freedom' being under threat. The post may be interpreted as highlighting a controversial issue rather than promoting hate speech. However, the mention of 'death threats' could lead to some annotators perceiving it as indirectly related to hate speech, resulting in moderate disagreement.","The post discusses a naturopathic doctor being forced to shut her clinic due to death threats and government pressure. While it mentions 'death threats,' which could imply a call for violence, the post itself does not explicitly incite or encourage violence. The language used is not overtly vulgar or offensive, and the focus is on the concept of 'medical freedom' being under threat. The post may be interpreted as highlighting a controversial issue rather than promoting hate speech. However, the mention of 'death threats' could lead to some annotators perceiving it as indirectly related to hate speech, resulting in moderate disagreement.",0.4
1643,1643,20115,The ultimate in 'Progressive Bullshit'... literally #Humor #Libtardation,0.0,1.0,0.4,0.6,"The post uses the term 'Progressive Bullshit' and the hashtag '#Libtardation', which could be interpreted as offensive or derogatory towards progressive individuals or liberals. However, the inclusion of '#Humor' suggests an attempt at humor, which might lead some annotators to view it as not serious or not hate speech. The language is not explicitly violent or demeaning based on protected characteristics, but it does contain vulgarity and potentially offensive language. This could lead to some disagreement among annotators about whether it constitutes hate speech.","The post uses derogatory language towards progressives, which could be seen as offensive. However, the use of humor hashtags might lead to different interpretations. The post does not explicitly call for violence or demean based on protected characteristics, but it does contain vulgarity. This could result in moderate disagreement among annotators.",0.4
1677,1677,20683,what cultural enrichment ideas can u come up with to diversify israel?,0.0,1.0,0.4,0.6,"The post asks for ideas to 'diversify Israel,' which could be interpreted in multiple ways. It could be seen as a genuine inquiry about cultural enrichment, but given the context of discussions around Israel, it might also be interpreted as a veiled critique or sarcastic comment about Israel's demographic policies. The ambiguity in the intent and the potential for it to be seen as demeaning or sarcastic towards a specific group (Israelis) could lead to disagreement among annotators. However, it does not contain explicit calls for violence or vulgar language, which might lead to a lower percentage of annotators classifying it as hate speech.","The post 'what cultural enrichment ideas can u come up with to diversify israel?' could be interpreted in different ways. It might be seen as a genuine question about cultural diversity, but given the context of discussions around Israel, it could also be interpreted as a sarcastic or critical comment about Israel's demographic policies. This ambiguity in intent could lead to disagreement among annotators. The post does not contain explicit calls for violence or vulgar language, which might lead to a lower percentage of annotators classifying it as hate speech. Therefore, I predict the percentages of annotators who classify the post as hate speech vs. not hate speech to be [0.4, 0.6].",0.4
1684,1684,20826,Mike Pence pretends to be conservative as he protects illegal aliens. http://www.breitbart.com/big-government/2018/01/05/report-vp-pence-invites-pro-amnesty-sen-flake-lobby-trump/,0.0,1.0,0.4,0.6,"The post criticizes Mike Pence for allegedly protecting illegal aliens, which could be interpreted as a political opinion rather than hate speech. However, the use of the term 'illegal aliens' can be seen as dehumanizing and may be considered offensive by some. The post does not contain explicit calls for violence or vulgar language. Given the political nature of the content and the potential for differing interpretations of the term 'illegal aliens,' there may be moderate disagreement among annotators.","The post criticizes Mike Pence for allegedly protecting illegal aliens, which could be interpreted as a political opinion rather than hate speech. However, the use of the term 'illegal aliens' can be seen as dehumanizing and may be considered offensive by some. The post does not contain explicit calls for violence or vulgar language. Given the political nature of the content and the potential for differing interpretations of the term 'illegal aliens,' there may be moderate disagreement among annotators. Therefore, the predicted percentages of annotators who classify the post as hate speech vs. not hate speech are [0.4, 0.6].",0.4
1689,1689,20869,Tommy Robinson on free speech and Double Standerds ,0.0,1.0,0.4,0.6,"The post mentions Tommy Robinson, a controversial figure often associated with far-right views, and the topic of free speech and 'double standards.' While the post itself does not contain explicit hate speech, the context and association with Tommy Robinson may lead some annotators to perceive it as promoting or aligning with hate speech narratives, particularly if they interpret 'double standards' as a critique of perceived bias against certain groups. However, without explicit demeaning language or calls for violence, there is likely to be disagreement among annotators, with some viewing it as a legitimate discussion on free speech and others as potentially veiled hate speech.","The post mentions Tommy Robinson, a figure often associated with far-right views, and discusses free speech and 'double standards.' While the post itself does not contain explicit hate speech, the context and association with Tommy Robinson may lead some annotators to perceive it as promoting or aligning with hate speech narratives, particularly if they interpret 'double standards' as a critique of perceived bias against certain groups. However, without explicit demeaning language or calls for violence, there is likely to be disagreement among annotators, with some viewing it as a legitimate discussion on free speech and others as potentially veiled hate speech. Therefore, the predicted percentages are [0.4, 0.6].",0.4
1692,1692,20887,@Penllyn‍ @mjrodksu‍ @Sidephase‍ @RaviCrux‍ @DeadMessenger @John77 @FrLemmen‍ @Sidephase  @sine_injuria  #ThomasMix the #VeroBeachCrybuly just posted an implied threat to President Trump. When it comes to the #POTUS Mix is definitely unhinged!,0.0,1.0,0.4,0.6,"The post accuses an individual of making an implied threat against President Trump, which could be interpreted as a call for violence or an assault on human dignity. However, the post itself does not contain any direct threats or offensive language. The accusation of being 'unhinged' is subjective and could be seen as a personal attack, but it is not overtly hateful. The context of the accusation and the lack of explicit hate speech elements may lead to some disagreement among annotators.","The post mentions an implied threat to President Trump, which could be seen as a serious accusation. However, the post itself does not contain any direct hate speech elements such as vulgarity or explicit calls for violence. The term 'unhinged' is a subjective characterization and may not be universally seen as hate speech. Given the lack of explicit hate speech content, there may be some disagreement among annotators about whether this post constitutes hate speech.",0.4
1694,1694,20892,@Penllyn‍ @mjrodksu‍ @Sidephase‍ @RaviCrux‍ @DeadMessenger @John77 @FrLemmen‍ @Sidephase  @sine_injuria  How many people has #ThomasMix  the #VeroBeachCrybuly falsely accuse of being a pedophile or pedophile supporter,0.0,1.0,0.4,0.6,"The post accuses an individual, Thomas Mix, of falsely labeling others as pedophiles or supporters of pedophiles. This accusation could be seen as an assault on human dignity, as it involves serious allegations that can damage reputations. However, the post does not contain explicit vulgarity or offensive language, nor does it call for violence. The context of the accusation and the lack of explicit hate speech elements may lead to some disagreement among annotators about whether it constitutes hate speech.","The post accuses someone of making false allegations, which can be damaging and harmful, but it does not contain explicit hate speech elements such as vulgarity or calls for violence. The accusation itself might be seen as harmful, but it is not clear-cut hate speech, leading to potential disagreement among annotators.",0.4
1699,1699,20989,Subversion flaming is not speech.,0.0,1.0,0.3,0.7,"The post 'Subversion flaming is not speech.' is quite ambiguous and lacks context, making it difficult to clearly categorize it as hate speech. The term 'subversion flaming' is not a widely recognized phrase and could be interpreted in various ways depending on the reader's perspective. It does not explicitly demean or degrade any specific group, nor does it call for violence. The language used is not vulgar or offensive. Due to the ambiguity and lack of context, there is likely to be some disagreement among annotators, but it is more likely to be classified as not hate speech.","The post 'Subversion flaming is not speech.' is quite ambiguous and lacks context, making it difficult to clearly categorize it as hate speech. The term 'subversion flaming' is not a widely recognized phrase and could be interpreted in various ways depending on the reader's perspective. It does not explicitly demean or degrade any specific group, nor does it call for violence. The language used is not vulgar or offensive. Due to the ambiguity and lack of context, there is likely to be some disagreement among annotators, but it is more likely to be classified as not hate speech.",0.3
1710,1710,21199,"Linda Sarsour Praised Siraj Wahhaj, WTC Bombing Co-Conspirator and Father of New Mexico Sicko  https://theralphretort.com/linda-sarsour-praised-s...",0.0,1.0,0.4,0.6,"The post mentions Linda Sarsour praising Siraj Wahhaj, who is associated with a negative event (WTC bombing) and a derogatory term ('New Mexico Sicko'). This could be interpreted as an assault on human dignity by associating individuals with terrorism and using derogatory language. However, the post does not explicitly call for violence or use vulgar language. The context and implications might lead to some disagreement among annotators, as the post could be seen as either a critique of individuals or as spreading negative stereotypes.","The post references Linda Sarsour and Siraj Wahhaj, linking them to the WTC bombing and using the term 'New Mexico Sicko.' This could be seen as an assault on human dignity by associating individuals with terrorism and using derogatory language. However, it does not explicitly call for violence or use vulgar language. The context and implications might lead to some disagreement among annotators, as the post could be seen as either a critique of individuals or as spreading negative stereotypes. Therefore, the prediction is that 40% of annotators might classify it as hate speech, while 60% might not.",0.4
1712,1712,21201,"#Killstream: Boris vs Burkas, Elon Sinks Shorts, + Vox Goes After Right Wing YouTube https://www.youtube.com/watch?v=4bp18i7XSCk LIVE TONIGHT at 11PM EST",0.0,1.0,0.4,0.6,"The post includes the hashtag #Killstream, which could be interpreted as a call for violence, but it is more likely a reference to a specific show or stream. The mention of 'Boris vs Burkas' could be seen as potentially demeaning towards a religious group, but without further context, it is ambiguous. The rest of the post seems to be promoting a live stream and does not contain vulgar or offensive language. Due to the potential for different interpretations, there is likely to be some disagreement among annotators.","The post is promoting a live stream with a potentially provocative title. The use of the hashtag #Killstream might raise concerns about calls for violence, but it is likely a brand or show name rather than a literal call to action. The phrase 'Boris vs Burkas' could be interpreted as an assault on human dignity, particularly if it is perceived as targeting a religious group. However, without additional context, it is difficult to determine the intent or impact. The rest of the post is straightforward and lacks offensive language. Given these factors, there is likely to be moderate disagreement among annotators regarding whether this post constitutes hate speech.",0.4
1740,1740,21493,"Feminsts and sjws gets owned! Cringe Compilation! 2017!   https://youtu.be/_brlSXRilLg  Core Media Published on Oct 21, 2017 SJW Getting Owned - FEMINIST CRINGE COMPILATION 2017☺(SJW vs LOGIC) ",0.0,1.0,0.4,0.6,"The post promotes a video that appears to mock or ridicule feminists and social justice warriors (SJWs), which could be seen as demeaning or degrading to these groups. However, the post itself does not contain explicit vulgarity, offensive language, or calls for violence. The content may be interpreted differently based on individual views on feminism and social justice, leading to some disagreement among annotators. Therefore, the post is likely to have a moderate level of disagreement, with some annotators viewing it as hate speech due to its demeaning nature, while others may not.","The post promotes a video that appears to mock or ridicule feminists and social justice warriors (SJWs), which could be seen as demeaning or degrading to these groups. However, the post itself does not contain explicit vulgarity, offensive language, or calls for violence. The content may be interpreted differently based on individual views on feminism and social justice, leading to some disagreement among annotators. Therefore, the post is likely to have a moderate level of disagreement, with some annotators viewing it as hate speech due to its demeaning nature, while others may not. Predicted percentages: [0.4, 0.6]",0.4
1743,1743,21527,We need net deportation. As in giant nets which we throw over immigrants to capture them and put them on boats.,1.0,0.0,0.7,0.3,"The post suggests a demeaning and degrading action towards immigrants by proposing the use of 'giant nets' to capture them, which can be seen as an assault on human dignity. The language used is metaphorical but implies a violent and inhumane method of dealing with immigrants, which could be interpreted as a call for violence. The post is likely to be seen as hate speech by a significant portion of annotators due to its dehumanizing and potentially violent implications, although some may interpret it as a hyperbolic or satirical statement, leading to some disagreement.","The post suggests using 'giant nets' to capture immigrants, which is a demeaning and degrading metaphor that can be interpreted as an assault on human dignity. It implies a violent and inhumane method of dealing with immigrants, which could be seen as a call for violence. The language is metaphorical but carries a strong negative connotation towards immigrants. This post is likely to be classified as hate speech by a significant portion of annotators due to its dehumanizing and potentially violent implications, although some may interpret it as hyperbolic or satirical, leading to some disagreement. Therefore, I predict the percentages of annotators who classify the post as hate speech vs. not hate speech to be [0.7, 0.3].",0.3
1759,1759,21805,"The NYx’s says the vax profiteers don’t want to publish the negatives of vaccination because it might embolden the naysayers, admitting that they have NO PROBLEM sacrificing our children to their NEVER PROPERLY SAFETY TESTED DRUGS! https://worldmercuryproject.org/news/ny-times-vacc...",0.0,1.0,0.4,0.6,"The post expresses a strong opinion against vaccination, using phrases like 'sacrificing our children' and 'never properly safety tested drugs,' which could be interpreted as fear-mongering or spreading misinformation. However, it does not directly attack any specific group based on protected characteristics, nor does it call for violence. The language is provocative but not overtly vulgar or offensive. Given the contentious nature of the vaccination debate, there may be some disagreement among annotators about whether this constitutes hate speech, particularly in terms of assaults on human dignity or spreading harmful misinformation.","The post criticizes vaccination efforts and suggests that there is a conspiracy to hide negative information about vaccines. It uses emotionally charged language, which could be seen as fear-mongering. However, it does not directly attack any specific group based on race, ethnicity, gender, religion, or other protected characteristics, nor does it call for violence. The language is provocative but not overtly vulgar or offensive. Given the contentious nature of the vaccination debate, there may be some disagreement among annotators about whether this constitutes hate speech, particularly in terms of assaults on human dignity or spreading harmful misinformation. Therefore, I predict a moderate level of disagreement, with approximately 40% of annotators classifying it as hate speech and 60% not classifying it as such.",0.4
1760,1760,21818,Last warning to fuck off.,0.0,1.0,0.4,0.6,"The post contains vulgar and offensive language ('fuck off'), which could be interpreted as aggressive or threatening. However, it does not explicitly target any specific individual or group based on protected characteristics, nor does it call for violence. The ambiguity lies in the lack of context about who the warning is directed at and why, which could lead to varying interpretations among annotators.","The post 'Last warning to fuck off.' contains offensive language, which may be seen as aggressive or threatening. However, it lacks specific context or targets, making it less clear whether it constitutes hate speech. Annotators may disagree on its classification due to its ambiguous nature and lack of explicit hate speech elements.",0.4
1761,1761,21823,All liberals are a plague but White liberals are a special kinda plague,1.0,0.0,0.7,0.3,"The post makes a derogatory statement about liberals, specifically targeting white liberals as a 'special kind of plague.' This language can be seen as demeaning and degrading, particularly towards a specific racial group (white liberals), which falls under the aspect of 'Assaults on Human Dignity.' The use of the term 'plague' is a strong metaphor that could be interpreted as dehumanizing. However, it does not explicitly call for violence or use vulgar language, which might lead to some disagreement among annotators. Therefore, there is likely to be some level of disagreement, but the post leans towards being classified as hate speech due to its demeaning nature.","The post uses demeaning language towards liberals, particularly white liberals, by referring to them as a 'plague.' This can be seen as an assault on human dignity, as it degrades a group based on their political beliefs and race. The metaphor of a 'plague' is strong and dehumanizing, which could lead to a higher percentage of annotators classifying it as hate speech. However, it does not explicitly call for violence or use vulgar language, which might lead to some annotators not classifying it as hate speech. Therefore, there is likely to be some disagreement, but the post leans towards being classified as hate speech.",0.3
1768,1768,21875,The Pizzagate Debate w/ Random Rants of Ryan https://youtu.be/NWA9A0ovD8k via @YouTube,0.0,1.0,0.4,0.6,"The post references 'Pizzagate,' a debunked conspiracy theory that has been associated with harmful and false allegations. While the post itself does not directly contain hate speech, the context of 'Pizzagate' can be seen as promoting harmful narratives. However, the post is primarily sharing a link to a debate, which may not inherently contain hate speech. This could lead to some disagreement among annotators, as the post's content is not explicitly hateful but is linked to a controversial topic.","The post mentions 'Pizzagate,' a conspiracy theory that has been widely discredited and associated with false and harmful allegations. The post itself does not contain direct hate speech but references a topic that can be seen as promoting harmful narratives. The post is sharing a link to a debate, which may not inherently contain hate speech, leading to potential disagreement among annotators. Therefore, the prediction is that 40% of annotators might classify it as hate speech due to the association with 'Pizzagate,' while 60% might not see it as hate speech since the post itself is not explicitly hateful.",0.4
1778,1778,22006,Thomas Wictor continues to hit the nail on the head.  Allowing unfettered immigration is not an act of love it is an act of hate.,0.0,1.0,0.4,0.6,"The post discusses immigration and frames it as an 'act of hate,' which could be interpreted as a political opinion rather than hate speech. It does not explicitly demean or degrade individuals based on protected characteristics, nor does it call for violence. However, the language could be seen as offensive or polarizing, leading to some disagreement among annotators. The post's interpretation may vary based on one's views on immigration, resulting in moderate disagreement.","The post discusses immigration and frames it as an 'act of hate,' which could be interpreted as a political opinion rather than hate speech. It does not explicitly demean or degrade individuals based on protected characteristics, nor does it call for violence. However, the language could be seen as offensive or polarizing, leading to some disagreement among annotators. The post's interpretation may vary based on one's views on immigration, resulting in moderate disagreement.",0.4
1785,1785,22103,"Upon reaching the moon, Neil Armstrong proclaimed 'the eagle has landed.' Upon McCain's arrival at Andrews Air Force Base, will they proclaim 'the buzzard has landed?' Asking for a friend. | #RedNationRising",0.0,1.0,0.4,0.6,"The post makes a derogatory comparison between Neil Armstrong's historic moon landing and John McCain's arrival at Andrews Air Force Base, referring to McCain as a 'buzzard.' This could be interpreted as an assault on human dignity, particularly if it is perceived as disrespectful to McCain's legacy or military service. However, the post does not contain explicit calls for violence or vulgar language. The ambiguity lies in whether the term 'buzzard' is seen as offensive or simply a metaphorical expression, leading to potential disagreement among annotators.","The post uses a metaphor comparing Neil Armstrong's moon landing to John McCain's arrival at Andrews Air Force Base, referring to McCain as a 'buzzard.' This could be seen as demeaning, especially if interpreted as disrespectful to McCain's legacy or military service. However, it lacks explicit calls for violence or vulgar language. The term 'buzzard' might be viewed as offensive or metaphorical, leading to potential disagreement among annotators.",0.4
1794,1794,22179,"American society should restore its historic Freedom of Association modus vivendi, with a new proviso that each side not prevent, interfere with or sabotage the other in setting up or running their exclusive systems or operations.",0.0,1.0,0.3,0.7,"The post discusses the concept of 'Freedom of Association' and suggests a system where different groups can operate exclusively without interference. While the language is not overtly hateful, the idea of 'exclusive systems' could be interpreted as supporting segregation or discrimination, which may be seen as an assault on human dignity. However, the post does not explicitly demean any group, call for violence, or use vulgar language. The ambiguity lies in the interpretation of 'exclusive systems,' which could lead to some disagreement among annotators.","The post suggests a return to a 'Freedom of Association' system with a focus on non-interference between groups. This could be interpreted as supporting segregation or discrimination, which may be seen as an assault on human dignity. However, the post does not explicitly demean any group, call for violence, or use vulgar language. The ambiguity in the interpretation of 'exclusive systems' could lead to some disagreement among annotators, but it is likely that a majority would not classify it as hate speech.",0.3
1801,1801,22244,"The last paragraph of this Delingpole article states; 'Of course we know that the way liberals think is stupid and wrong. But surely we’re not so harsh as to believe that the punishment for their mental illness should be death?' That is debatable. In a longer article about this event, it comes out that this couple were menaced repeatedly, and almost robbed in that region of the world. So, they k...",1.0,0.0,0.6,0.4,"The post contains a statement that suggests a debate over whether liberals should be punished by death for their beliefs, which can be interpreted as a call for violence or at least a suggestion of extreme punishment. This aspect of the post could be seen as an assault on human dignity, as it dehumanizes a group based on their political beliefs. The language used is provocative and could be seen as offensive, contributing to the likelihood of it being classified as hate speech. However, the post also provides context about a couple being menaced, which might lead some annotators to interpret it as a commentary on a specific event rather than a general call for violence. This ambiguity could lead to some disagreement among annotators.","The post contains a statement that suggests a debate over whether liberals should be punished by death for their beliefs, which can be interpreted as a call for violence or at least a suggestion of extreme punishment. This aspect of the post could be seen as an assault on human dignity, as it dehumanizes a group based on their political beliefs. The language used is provocative and could be seen as offensive, contributing to the likelihood of it being classified as hate speech. However, the post also provides context about a couple being menaced, which might lead some annotators to interpret it as a commentary on a specific event rather than a general call for violence. This ambiguity could lead to some disagreement among annotators.",0.4
1806,1806,22297,"⚠️ ACHTUNG ⚠️ 💣 I smell a big-fat counter-intelligence disinformation bomb! I got into an argument with @Fulcrum_News on Twitter, (read if you like) during which he: asked for money through PayPal for an app because of censorship denounced Gab as anti-semite while complaining Twitter is anti-Trump then said he wasn't begging: 'I'm rich, I don't need the money' blocks me from following to...",0.0,1.0,0.4,0.6,"The post contains elements that could be interpreted as offensive or potentially demeaning, particularly in the context of accusing someone of being anti-semitic and the use of the term 'anti-semite' in a derogatory manner. However, it does not explicitly call for violence or use vulgar language. The post's content may lead to some disagreement among annotators due to its subjective nature and the context of the argument described, which involves accusations and personal attacks. This could result in a moderate level of disagreement, with some annotators viewing it as hate speech due to the potential for demeaning language, while others may not see it as crossing the threshold into hate speech.","The post involves a personal argument and accusations of anti-semitism, which could be seen as demeaning or degrading. However, it does not contain explicit calls for violence or use vulgar language. The context of the argument and the subjective nature of the accusations may lead to some disagreement among annotators. Therefore, I predict a moderate level of disagreement, with 40% classifying it as hate speech and 60% not classifying it as such.",0.4
1822,1822,22442,"gender traitors, lol if we got rid of harry potter and the handmaids tale what would these fucking idiots have.   Not one of them could slog through the pile of shit that is ""das kapital""",1.0,0.0,0.7,0.3,"The post uses derogatory language ('gender traitors', 'fucking idiots') which can be seen as demeaning or degrading, potentially falling under 'Assaults on Human Dignity'. The use of 'gender traitors' suggests a derogatory stance towards individuals based on gender-related issues, which could be interpreted as hate speech. The vulgar language ('fucking idiots') adds to the offensive nature of the post. However, there is no explicit call for violence. The post's content is somewhat clear in its derogatory intent, leading to a likely consensus among annotators that it constitutes hate speech, though some may not see it as severe enough to classify as such, resulting in moderate disagreement.","The post contains derogatory language and insults directed at a group of people, which can be interpreted as demeaning or degrading. The term 'gender traitors' suggests a negative stance towards individuals based on gender-related issues, which could be seen as an assault on human dignity. The use of vulgar language ('fucking idiots') further contributes to the offensive nature of the post. However, there is no explicit call for violence. The post's content is relatively clear in its derogatory intent, which may lead to a consensus among annotators that it constitutes hate speech, though some may not see it as severe enough to classify as such, resulting in moderate disagreement.",0.3
1833,1833,22714,LETS FIGHT FOR OUR REPUBLIC AND THE CONSTITUTION AND ALL OF ITS AMENDMENTS !!! THOSE YOUNG MEN UNDER 21  ARE GOING TO HAVE TO FIGHT FOR THIS SO DON'T TAKE THEIR RIGHT TO HAVE A GUN AWAY!!!,0.0,1.0,0.3,0.7,"The post advocates for the right to bear arms and suggests that young men under 21 will need to fight for the republic and the constitution. While it emphasizes the importance of the Second Amendment, it does not explicitly call for violence or use offensive language. The post could be interpreted as a call to action, but it is more about political advocacy than hate speech. There might be some disagreement among annotators about whether the language is inflammatory or incites violence, but overall, it is likely to be seen as not hate speech.","The post is a political statement advocating for the Second Amendment rights and suggests that young men under 21 should not have their right to bear arms taken away. It does not contain vulgar or offensive language, nor does it explicitly call for violence. The focus is on constitutional rights rather than demeaning or degrading any group. There may be some disagreement among annotators regarding the tone and implications of 'fighting for the republic,' but it is more likely to be interpreted as a political stance rather than hate speech. Therefore, the percentages of annotators classifying it as hate speech vs. not hate speech are likely to be [0.3, 0.7].",0.3
1852,1852,22869,Relax... They haven't succeeded in taking guns away. It'd be a suicide mission for them.,0.0,1.0,0.4,0.6,"The post suggests that any attempt to take guns away would be a 'suicide mission,' which could be interpreted as a veiled threat or a call for violence against those who might try to enforce gun control. This aspect could lead some annotators to classify it as hate speech due to the implied threat. However, the post does not explicitly call for violence or use offensive language, and it could also be interpreted as a statement of opinion on gun rights. This ambiguity is likely to result in a moderate level of disagreement among annotators.","The post contains language that could be interpreted as a veiled threat, suggesting that taking guns away would be a 'suicide mission.' This could be seen as implying violence against those who might attempt to enforce gun control, which touches on the 'Calls for Violence' aspect of hate speech. However, the post does not explicitly incite violence or use offensive language, and it could also be interpreted as a strong opinion on gun rights without the intent to threaten. This ambiguity is likely to lead to a moderate level of disagreement among annotators, with some viewing it as hate speech and others not. Therefore, the predicted percentages of annotators classifying the post as hate speech vs. not hate speech are [0.4, 0.6].",0.4
1866,1866,23011,"NBC - Full Blown Opinion station, run by anti-American's set to destroy America",0.0,1.0,0.4,0.6,"The post criticizes NBC by labeling it as an 'opinion station' and accuses it of being run by 'anti-Americans' with the intent to 'destroy America.' This language could be seen as an assault on human dignity by implying that certain individuals or groups (in this case, those associated with NBC) are unpatriotic or traitorous. However, it does not explicitly call for violence or use vulgar language. The interpretation of this post as hate speech may vary, leading to some disagreement among annotators.","The post criticizes NBC and uses strong language to describe it as an 'opinion station' run by 'anti-Americans' with the intent to 'destroy America.' This could be interpreted as an assault on human dignity by suggesting that certain individuals or groups (those associated with NBC) are unpatriotic or traitorous. However, it does not explicitly call for violence or use vulgar language. The interpretation of this post as hate speech may vary, leading to some disagreement among annotators.",0.4
1876,1876,23090,Infowars (((live stream)))here on Gab ! Because there's a war on for your mind....Just go to videos.. #FreeAlexJones #StoptheBias www.infowars.com/show,0.0,1.0,0.4,0.6,"The post references Infowars, a platform known for controversial and often conspiratorial content, which may lead some annotators to view it as promoting hate speech. The use of triple parentheses around 'live stream' is a known anti-Semitic symbol, which could be interpreted as an assault on human dignity. However, the post does not explicitly call for violence or use vulgar language. The ambiguity of the symbols and the context of Infowars may lead to some disagreement among annotators.","The post references Infowars, a platform known for controversial and often conspiratorial content, which may lead some annotators to view it as promoting hate speech. The use of triple parentheses around 'live stream' is a known anti-Semitic symbol, which could be interpreted as an assault on human dignity. However, the post does not explicitly call for violence or use vulgar language. The ambiguity of the symbols and the context of Infowars may lead to some disagreement among annotators.",0.4
1878,1878,23094,How redpilled are we ? Are we ready to fight the real spiritual battle ? https://youtu.be/3O6bw12Ko_4,0.0,1.0,0.3,0.7,"The post uses the term 'redpilled,' which is often associated with certain online communities that may have controversial or extremist views. However, the post itself does not explicitly contain hate speech. The phrase 'real spiritual battle' is vague and could be interpreted in various ways, potentially leading to different interpretations by annotators. The lack of explicit hate speech elements such as assaults on human dignity, calls for violence, or vulgar language suggests that a majority of annotators might not classify it as hate speech, but the ambiguity could lead to some disagreement.","The post asks about being 'redpilled' and ready to fight a 'real spiritual battle.' The term 'redpilled' is often used in online communities with controversial or extremist views, but the post itself does not contain explicit hate speech. The phrase 'real spiritual battle' is vague and open to interpretation, which could lead to different views among annotators. The post lacks explicit elements of hate speech, such as assaults on human dignity, calls for violence, or vulgar language, suggesting that most annotators might not classify it as hate speech, but the ambiguity could lead to some disagreement.",0.3
1883,1883,23127,RT @VAWAISEXPIRING: The Coming Implosion After Diversity’s Victory - Minding The Campus https://kek.gg/u/Ck68,0.0,1.0,0.4,0.6,"The post shares a link to an article titled 'The Coming Implosion After Diversity’s Victory,' which could be interpreted in various ways. The title suggests a negative consequence of diversity, which might be seen as an assault on human dignity by implying that diversity leads to negative outcomes. However, without additional context from the article itself, it's difficult to determine the intent or content of the article. The post itself does not contain vulgarity or explicit calls for violence. The ambiguity of the title and lack of context may lead to high disagreement among annotators regarding whether it constitutes hate speech.","The post retweets a link to an article with a provocative title that suggests a negative outcome following the success of diversity. This could be interpreted as an assault on human dignity by implying that diversity is problematic or harmful. However, the post itself does not contain explicit hate speech elements such as vulgarity or calls for violence. The interpretation of the post heavily depends on the content of the linked article, which is not provided. Therefore, there is likely to be a moderate level of disagreement among annotators, as some may view the title as indicative of hate speech, while others may not see it as such without further context.",0.4
1893,1893,23245,#TwitterFucks This was my 3rd twitter account...,0.0,1.0,0.4,0.6,"The post contains vulgar language with the use of the word 'Fucks,' which could be considered offensive. However, it does not directly assault human dignity or call for violence. The use of vulgarity might lead to some annotators considering it as hate speech, but the lack of direct attacks or incitement to violence suggests that a majority might not classify it as such. This results in a moderate level of disagreement among annotators.","The post uses offensive language ('Fucks'), which might be seen as vulgarity. However, it does not target any specific group or individual, nor does it incite violence. The primary aspect of hate speech here is the use of offensive language, which might lead to some annotators labeling it as hate speech, but likely not a majority. Therefore, the prediction is that 40% of annotators might classify it as hate speech, while 60% might not.",0.4
1905,1905,23376,We know Obama has already lawyered up. Rumors has it Schiff is on suicide watch.🤔🤔 ,0.0,1.0,0.4,0.6,"The post mentions political figures Obama and Schiff in a context that suggests legal trouble and mental health issues, respectively. While it does not directly assault human dignity or call for violence, the mention of 'suicide watch' could be seen as offensive or in poor taste, potentially leading to some annotators viewing it as hate speech. However, the lack of explicit hate speech elements like demeaning language or incitement to violence suggests that a majority might not classify it as hate speech.","The post involves political figures and implies negative situations (legal trouble and mental health issues). It does not explicitly demean or degrade based on protected characteristics, nor does it incite violence. The mention of 'suicide watch' could be considered offensive or in poor taste, leading to some annotators viewing it as hate speech. However, the lack of explicit hate speech elements suggests that a majority might not classify it as hate speech. Therefore, there is likely some disagreement among annotators, but not extremely high.",0.4
1913,1913,23472,VIDEO: Watch John Brennan Call For A Coup Against Trump On ,0.0,1.0,0.4,0.6,"The post suggests that John Brennan, a former CIA director, is calling for a coup against a sitting president, which could be interpreted as a call for violence or an assault on democratic processes. However, without additional context or direct quotes, it is ambiguous whether this is a literal call for violence or a metaphorical statement. The lack of explicit offensive language or direct incitement to violence may lead to disagreement among annotators about whether it constitutes hate speech.","The post implies a serious accusation against John Brennan, suggesting he is advocating for a coup against President Trump. This could be seen as a call for violence or an attack on democratic institutions, which are aspects of hate speech. However, the post does not provide direct evidence or quotes, making it ambiguous and open to interpretation. The lack of explicit offensive language or direct incitement to violence may lead to disagreement among annotators about whether it constitutes hate speech. Therefore, there is likely to be moderate disagreement among annotators, with some viewing it as hate speech due to the implications of a coup, while others may not see it as such due to the lack of explicit language or context.",0.4
1915,1915,23527,"RT DanielT64518410    Tommy Robinson Demo, Important Information Please Share !!! https://www.pscp.tv/w/bp3RgjFlVlFZQm1reVhuS0x8MU9kS3JwRFhFcHdKWMEGhGC9CcrN7_zRmvwZt7OD7zIvN4jugaRYhA9HqUx0 …  https://twitter.com/DanielT64518410/status/1054374088263651328",0.0,1.0,0.4,0.6,"The post is a retweet of a demonstration related to Tommy Robinson, a controversial figure often associated with far-right activism and anti-Islam sentiments. The post itself does not contain explicit hate speech, but the context of promoting a demonstration linked to such a figure may lead to varying interpretations. Some annotators might view it as indirectly supporting hate speech, while others may see it as merely informational. This could result in moderate disagreement among annotators.","The post is a retweet of a demonstration related to Tommy Robinson, a controversial figure often associated with far-right activism and anti-Islam sentiments. The post itself does not contain explicit hate speech, but the context of promoting a demonstration linked to such a figure may lead to varying interpretations. Some annotators might view it as indirectly supporting hate speech, while others may see it as merely informational. This could result in moderate disagreement among annotators.",0.4
1923,1923,23663,"Give me an example of a multi-ethnic or a multi-cultural society, in which the original population still lives, and where there is a peaceful cohabitation. I don’t know one. - Dutch Foreign Minister Stef Blok",0.0,1.0,0.4,0.6,"The post by Dutch Foreign Minister Stef Blok questions the peaceful cohabitation of multi-ethnic or multi-cultural societies. While it does not directly assault human dignity or call for violence, it implies skepticism about the success of such societies, which could be interpreted as undermining the value of diversity. This could lead to disagreement among annotators, as some may view it as a subtle form of hate speech, while others may see it as a legitimate political opinion. The language is not overtly offensive, but the implication could be seen as problematic, leading to moderate disagreement.","The post by Dutch Foreign Minister Stef Blok questions the peaceful cohabitation of multi-ethnic or multi-cultural societies. While it does not directly assault human dignity or call for violence, it implies skepticism about the success of such societies, which could be interpreted as undermining the value of diversity. This could lead to disagreement among annotators, as some may view it as a subtle form of hate speech, while others may see it as a legitimate political opinion. The language is not overtly offensive, but the implication could be seen as problematic, leading to moderate disagreement. Therefore, the predicted percentages of annotators who classify the post as hate speech vs. not hate speech are [0.4, 0.6].",0.4
1926,1926,23704,We Are Being Sold As Slaves Everyday.... - https://youtu.be/NejGclGAcHA,0.0,1.0,0.4,0.6,"The post uses a metaphorical expression 'sold as slaves' which can be interpreted in various ways depending on the context provided in the linked video. Without additional context, it does not explicitly assault human dignity, call for violence, or use vulgar language. However, the phrase could be seen as offensive or insensitive, especially if it trivializes historical slavery. This ambiguity may lead to a moderate level of disagreement among annotators.","The post's content is metaphorical and lacks explicit hate speech elements, but its interpretation can vary based on the context of the linked video. This results in moderate disagreement.",0.4
1928,1928,23723,Have you tried telling all this to AQ? You should. See what they say.,0.0,1.0,0.4,0.6,"The post is ambiguous and lacks context, making it difficult to determine if it constitutes hate speech. It references 'AQ,' which could imply Al-Qaeda, but without further context, it's unclear if this is a call for violence or simply a rhetorical question. The post does not contain vulgarity or offensive language, nor does it explicitly assault human dignity. Due to the ambiguity and potential for different interpretations, there is likely to be high disagreement among annotators.","The post 'Have you tried telling all this to AQ? You should. See what they say.' is ambiguous and lacks context. It references 'AQ,' which could imply Al-Qaeda, but without further context, it's unclear if this is a call for violence or simply a rhetorical question. The post does not contain vulgarity or offensive language, nor does it explicitly assault human dignity. Due to the ambiguity and potential for different interpretations, there is likely to be high disagreement among annotators. Therefore, the predicted percentages of annotators who classify the post as hate speech vs. not hate speech are [0.4, 0.6].",0.4
1932,1932,23805,"Shmuel Krakowski, archives director of Israel’s Yad Vashem Holocaust center, confirmed in 1986 that more than half of the testimonies of Jewish survivors on file there are unreliable. ",0.0,1.0,0.4,0.6,"The post references a claim about the reliability of testimonies from Jewish survivors of the Holocaust, which could be interpreted as an attempt to undermine or question the historical accounts of the Holocaust. This could be seen as an assault on human dignity, particularly towards Jewish people, by potentially promoting Holocaust denial or revisionism. However, the post does not contain explicit vulgarity or calls for violence. The interpretation of this post may vary, leading to some disagreement among annotators about whether it constitutes hate speech.","The post references a claim about the reliability of testimonies from Jewish survivors of the Holocaust, which could be interpreted as an attempt to undermine or question the historical accounts of the Holocaust. This could be seen as an assault on human dignity, particularly towards Jewish people, by potentially promoting Holocaust denial or revisionism. However, the post does not contain explicit vulgarity or calls for violence. The interpretation of this post may vary, leading to some disagreement among annotators about whether it constitutes hate speech. Therefore, I predict a moderate level of disagreement with percentages of [0.4, 0.6].",0.4
1935,1935,23871,Breaking: Advertisers Flee Vulgar Samantha Bee After Obscene ‘C**t’ Attack http://bit.ly/2Hs4Y2m,0.0,1.0,0.4,0.6,"The post references a controversial incident involving Samantha Bee, who used an obscene term. The post itself does not use the term directly but refers to it as 'obscene,' which may indicate disapproval. The post could be seen as reporting on a vulgar incident rather than promoting hate speech. However, the context of the incident and the use of the term 'vulgar' might lead some annotators to view it as indirectly endorsing or spreading offensive language. This could result in moderate disagreement among annotators.","Breaking: Advertisers Flee Vulgar Samantha Bee After Obscene ‘C**t’ Attack http://bit.ly/2Hs4Y2m | Percentages of annotators who classify the post as hate speech vs. not hate speech: [0.4, 0.6]",0.4
1936,1936,23897,"Leaker Comey blasts ""GOP Liars and Weasels"" in confusing tweet. Sounds to me like Comey is panicking like the rest of the REAL liars and weasels in the past criminal administration. It's pretty clear to me.  ",0.0,1.0,0.4,0.6,"The post uses derogatory language such as 'liars and weasels' to describe political figures, which could be seen as offensive or demeaning. However, it does not specifically target individuals based on protected characteristics, nor does it call for violence. The language is more politically charged than explicitly hateful, leading to potential disagreement among annotators about whether it constitutes hate speech.","The post uses derogatory language such as 'liars and weasels' to describe political figures, which could be seen as offensive or demeaning. However, it does not specifically target individuals based on protected characteristics, nor does it call for violence. The language is more politically charged than explicitly hateful, leading to potential disagreement among annotators about whether it constitutes hate speech. Therefore, the predicted percentages of annotators who classify the post as hate speech vs. not hate speech are [0.4, 0.6].",0.4
1941,1941,23947,Well look who caught a fucking clue! Only 6 months later. #QdenierJackProsobiec thinks he's clever.,0.0,1.0,0.4,0.6,"The post contains vulgar language ('fucking'), which may be considered offensive, but it is not directed at a specific individual or group in a way that degrades or dehumanizes them based on protected characteristics. The hashtag '#QdenierJackProsobiec' seems to target a specific individual, but without additional context, it is unclear if this constitutes an assault on human dignity. There is no call for violence present. The post's content may lead to some disagreement among annotators due to the use of offensive language and the targeting of an individual, but it is not overtly hateful.","The post uses vulgar language ('fucking'), which could be seen as offensive, but it does not appear to target a specific group based on protected characteristics. The hashtag '#QdenierJackProsobiec' seems to refer to a specific individual, but without more context, it is unclear if this is an attack on human dignity. There is no call for violence in the post. The presence of offensive language might lead to some annotators considering it as hate speech, but overall, it is likely to be seen as not hate speech by a majority.",0.4
1963,1963,24187,The real gun problem? Too few people carry one.,0.0,1.0,0.3,0.7,"The post suggests that more people should carry guns, which could be interpreted as a call for increased gun ownership. However, it does not explicitly incite violence or use offensive language. The statement could be seen as controversial or provocative, leading to some disagreement among annotators about whether it constitutes hate speech. The ambiguity in the post's intent and the lack of direct hate speech elements suggest a moderate level of disagreement.","The post ""The real gun problem? Too few people carry one."" suggests that the issue with guns is that not enough people are carrying them. This statement could be interpreted in various ways. Some might see it as advocating for more widespread gun ownership, which could be viewed as controversial but not necessarily hate speech. Others might interpret it as a call to arms, which could be seen as more problematic. However, the post does not explicitly demean any group or call for violence, nor does it use vulgar or offensive language. Given these factors, there is likely to be some disagreement among annotators, but it is not expected to be extremely high. Therefore, the predicted percentages are [0.3, 0.7], with more annotators likely classifying it as not hate speech.",0.3
1970,1970,24325,This creature was predicated his actions were predicted etc etc etc now the media are outraged as predicted.... this is proof that the level of evil we are dealing with is not a person but a large and well financed group,0.0,1.0,0.4,0.6,"The post uses dehumanizing language by referring to someone as a 'creature,' which could be seen as an assault on human dignity. However, it does not specify any particular group or individual, making it somewhat ambiguous. The mention of 'evil' and 'well-financed group' could imply a conspiracy theory, but it lacks explicit calls for violence or use of vulgar language. The ambiguity in the language and lack of specific targets may lead to a moderate level of disagreement among annotators.","The post refers to someone as a 'creature,' which can be interpreted as dehumanizing language, potentially falling under assaults on human dignity. However, it does not specify any particular group or individual, making it somewhat ambiguous. The mention of 'evil' and 'well-financed group' could imply a conspiracy theory, but it lacks explicit calls for violence or use of vulgar language. The ambiguity in the language and lack of specific targets may lead to a moderate level of disagreement among annotators. Therefore, the predicted percentages of annotators who classify the post as hate speech vs. not hate speech are [0.4, 0.6].",0.4
1979,1979,24453,An organization like AIPAC in support of any other country would be called treasonous.,0.0,1.0,0.4,0.6,"The post suggests that AIPAC, an organization that supports Israel, would be considered treasonous if it supported any other country. This could be interpreted as an assault on human dignity by implying a negative stereotype about dual loyalty or undue influence, which is a common anti-Semitic trope. However, the post does not explicitly use vulgar or offensive language, nor does it call for violence. The interpretation of this post as hate speech may vary, leading to moderate disagreement among annotators.","The post implies a negative stereotype about dual loyalty, which can be seen as an assault on human dignity. However, it lacks explicit vulgarity or calls for violence, leading to moderate disagreement among annotators.",0.4
1990,1990,24596,"So, is it real? Or is it just fake news.  Here's a series of Ewe Toob posts about the pedophilia 'scandal' going on in HollyWierd. If you don't know who Isaac Kappy is, you might investigate a little more on your own: https://youtu.be/_Znh-WuM9zI",0.0,1.0,0.3,0.7,"The post references a 'pedophilia scandal' in Hollywood, using the term 'HollyWierd' which could be seen as derogatory. However, it does not explicitly demean or degrade individuals or groups based on protected characteristics, nor does it call for violence. The use of 'Ewe Toob' is a play on words for YouTube, which might be seen as mocking but not necessarily offensive. The post's content is more about questioning the validity of news and encouraging investigation, which may lead to some disagreement among annotators about whether it constitutes hate speech. The ambiguity in the language and the lack of direct hate speech elements suggest a moderate level of disagreement.","The post discusses a 'pedophilia scandal' in Hollywood, using the term 'HollyWierd' which could be interpreted as derogatory towards the entertainment industry. However, it does not directly assault human dignity based on protected characteristics, nor does it call for violence. The language used ('Ewe Toob') is a play on words for YouTube, which might be seen as mocking but not necessarily offensive. The post's content is more about questioning the validity of news and encouraging investigation, which may lead to some disagreement among annotators about whether it constitutes hate speech. The ambiguity in the language and the lack of direct hate speech elements suggest a moderate level of disagreement.",0.3
1993,1993,24613,"Media: That McCain was a real heroBasedAms: How?Media: Uh, crashed plane and captured by Viet CongBasedAms: That makes him a hero?Media: [Angrily] Well, uh, he pushed more amnesties, started more wars and bankrupted more future gens than you ever did! https://anepigone.blogspot.com/2018/08/whatcha-wan...",0.0,1.0,0.4,0.6,"The post appears to be a satirical critique of media narratives surrounding John McCain, focusing on his military service and political actions. It does not directly assault human dignity or call for violence, but it does use a mocking tone that could be seen as offensive to some. The ambiguity lies in whether the satire is perceived as disrespectful or simply critical, leading to potential disagreement among annotators.","The post uses a satirical tone to question the media's portrayal of John McCain as a hero, highlighting his military service and political actions. While it does not directly assault human dignity or call for violence, the mocking tone could be seen as offensive, particularly to those who view McCain positively. This could lead to some annotators perceiving it as hate speech due to the disrespectful tone, while others may see it as legitimate political critique. Therefore, there is likely to be moderate disagreement among annotators, with a slight majority classifying it as not hate speech.",0.4
2016,2016,24838,"Be like the bees, vengeful. #BeeNationalism",0.0,1.0,0.3,0.7,"The post uses the phrase 'Be like the bees, vengeful' which could be interpreted as a metaphorical call for action or resistance, but it lacks specific context or targets. The hashtag '#BeeNationalism' is ambiguous and could be interpreted in various ways, potentially as a humorous or satirical statement rather than a serious call for nationalism or violence. The post does not explicitly demean any group or call for violence against specific individuals or groups, nor does it contain vulgar or offensive language. Due to the metaphorical and ambiguous nature of the language, there is likely to be some disagreement among annotators about whether it constitutes hate speech.","The post 'Be like the bees, vengeful. #BeeNationalism' is ambiguous in its intent and meaning. The phrase 'Be like the bees, vengeful' could be interpreted as a metaphorical call for action or resistance, but it lacks specific context or targets. The hashtag '#BeeNationalism' is also ambiguous and could be interpreted in various ways, potentially as a humorous or satirical statement rather than a serious call for nationalism or violence. The post does not explicitly demean any group or call for violence against specific individuals or groups, nor does it contain vulgar or offensive language. Due to the metaphorical and ambiguous nature of the language, there is likely to be some disagreement among annotators about whether it constitutes hate speech. Therefore, I predict a moderate level of disagreement with percentages of annotators classifying it as hate speech vs. not hate speech as [0.3, 0.7].",0.3
2020,2020,24869,I am REVAMPING my website! Injecting it with high octane Holy Ghost fuel! I pray this website will be a blessing to many for years to come! Praise the Lord! Please check it out today! Http://exceptyebeconverted.com God bless! #Gab #GabFam #KJV #AV1611 #BritFam #Christianity #BanIslam #MAGA #MGTOW #Jesus #Christ #HolySpirit #HolyBible #Prayer #God,0.0,1.0,0.4,0.6,"The post primarily focuses on religious enthusiasm and the promotion of a personal website. However, the inclusion of the hashtag #BanIslam introduces an element that could be interpreted as an assault on human dignity, as it suggests a negative stance towards Islam. This aspect may lead to some annotators classifying the post as hate speech. The rest of the content is non-offensive and focuses on Christian themes, which would likely lead other annotators to classify it as not hate speech. The presence of the hashtag creates some ambiguity, leading to a moderate level of disagreement among annotators.","The post is largely focused on religious enthusiasm and the promotion of a personal website, which in itself is not hate speech. However, the inclusion of the hashtag #BanIslam introduces an element that could be interpreted as an assault on human dignity, as it suggests a negative stance towards Islam. This aspect may lead to some annotators classifying the post as hate speech. The rest of the content is non-offensive and focuses on Christian themes, which would likely lead other annotators to classify it as not hate speech. The presence of the hashtag creates some ambiguity, leading to a moderate level of disagreement among annotators. Therefore, the predicted percentages of annotators who classify the post as hate speech vs. not hate speech are [0.4, 0.6].",0.4
2026,2026,24929,"You're welcome, but I must say you're defending a monster on the grounds that he figured a few things out about mushrooms, while at the same time playing a pivotal role in the destruction of Western Civilization. ",0.0,1.0,0.4,0.6,"The post contains a negative characterization of an individual as a 'monster' and accuses them of playing a pivotal role in the destruction of Western Civilization. This could be interpreted as an assault on human dignity, depending on the context and who the individual is. However, the post does not contain explicit calls for violence or vulgar language. The ambiguity lies in the context of who is being referred to and the severity of the accusation, which could lead to some disagreement among annotators.","The post uses strong language by calling someone a 'monster' and accuses them of contributing to the destruction of Western Civilization. This could be seen as an attack on human dignity, but it lacks explicit hate speech elements like calls for violence or vulgar language. The context of who is being referred to and the nature of the accusation could lead to varying interpretations, resulting in moderate disagreement among annotators.",0.4
2032,2032,24945,Yes this is what I joined for. I want to get enough of a following that we can march on Dublin. Let the government what the people really think,0.0,1.0,0.4,0.6,"The post suggests a desire to gather a following to march on Dublin, which could be interpreted as a call for protest or demonstration. However, it does not explicitly call for violence or use offensive language. The ambiguity lies in the intent behind 'march on Dublin,' which could be seen as a peaceful protest or a more aggressive action. This ambiguity may lead to some disagreement among annotators about whether it constitutes hate speech, particularly in the context of potential political unrest.","The post suggests organizing a march on Dublin to show the government what the people think. While it does not explicitly call for violence, the phrase 'march on Dublin' could be interpreted in different ways, leading to potential disagreement among annotators. Some may see it as a call for peaceful protest, while others might interpret it as a more aggressive or confrontational action. The lack of explicit offensive language or direct calls for violence suggests that a majority might not classify it as hate speech, but the potential for different interpretations could lead to some annotators viewing it as such.",0.4
2034,2034,24968,"http://dailycaller.com/2018/01/08/nbc-deletes-endorsement-of-oprah-as-our-future-president-after-outrage/  Just remember ... if she actually runs use the Democrat strategy against her = protest, resist, obstruct, temper tantrum, ... to block the identity politics of the lefty loons ",0.0,1.0,0.4,0.6,"The post suggests using tactics such as protest, resist, obstruct, and temper tantrum against Oprah if she runs for president, which could be interpreted as a call for non-violent resistance. It does not explicitly call for violence or use vulgar language, but it does use derogatory language like 'lefty loons' which could be seen as demeaning. The post's content is somewhat ambiguous and could be interpreted differently based on political views, leading to a moderate level of disagreement among annotators.","The post suggests using tactics such as protest, resist, obstruct, and temper tantrum against Oprah if she runs for president, which could be interpreted as a call for non-violent resistance. It does not explicitly call for violence or use vulgar language, but it does use derogatory language like 'lefty loons' which could be seen as demeaning. The post's content is somewhat ambiguous and could be interpreted differently based on political views, leading to a moderate level of disagreement among annotators. Therefore, the predicted percentages of annotators who classify the post as hate speech vs. not hate speech are [0.4, 0.6].",0.4
2038,2038,25036,Journalists are LYING about Trump and The South Africa Issue https://www.bitchute.com/video/8lC3hU0i-t8/ #BitChute,0.0,1.0,0.4,0.6,"The post accuses journalists of lying about Trump and the South Africa issue, which could be interpreted as a critique of media bias. However, it does not explicitly contain assaults on human dignity, calls for violence, or vulgarity/offensive language. The hashtag #BitChute may suggest a platform known for hosting controversial content, which could influence perceptions. The post's content is somewhat ambiguous and open to interpretation, leading to potential disagreement among annotators.","The post accuses journalists of lying about Trump and the South Africa issue, which could be interpreted as a critique of media bias. However, it does not explicitly contain assaults on human dignity, calls for violence, or vulgarity/offensive language. The hashtag #BitChute may suggest a platform known for hosting controversial content, which could influence perceptions. The post's content is somewhat ambiguous and open to interpretation, leading to potential disagreement among annotators. Therefore, I predict a moderate level of disagreement with percentages of [0.4, 0.6].",0.4
2042,2042,25080,Is it time the Cowardly Police of Common Core faced OUR wrath?  https://gellerreport.com/2018/04/british-police-fear-muslim-rage.html/,1.0,0.0,0.6,0.4,"The post uses the phrase 'faced OUR wrath,' which can be interpreted as a call for action or violence against the police, potentially inciting harm. The context of 'Cowardly Police of Common Core' suggests a derogatory stance, possibly demeaning the police. The link to an article about 'British police fear Muslim rage' adds a layer of context that could be seen as inflammatory or inciting. This combination of elements may lead to a moderate level of disagreement among annotators, as some may see it as a clear call for violence or demeaning language, while others may interpret it as hyperbolic or rhetorical.","The post contains language that could be interpreted as a call for violence ('faced OUR wrath') against the police, which falls under the 'Calls for Violence' aspect of hate speech. Additionally, the use of 'Cowardly Police' could be seen as demeaning, aligning with 'Assaults on Human Dignity.' The context provided by the link suggests a focus on Muslim-related issues, which might add to the perception of the post as hate speech. However, the language is somewhat ambiguous and could be interpreted as rhetorical rather than literal, leading to potential disagreement among annotators. Therefore, I predict a moderate level of disagreement with a slight majority classifying it as hate speech.",0.4
2046,2046,25106,Merkel should be hauled through the courts for destroying centuries of culture in Europe. ,0.0,1.0,0.4,0.6,"The post criticizes Angela Merkel for allegedly destroying European culture, which could be interpreted as an assault on human dignity if it implies xenophobic or nationalistic sentiments. However, it does not explicitly demean any specific group or call for violence. The language is not overtly vulgar or offensive, but the post's political nature and potential implications about immigration or cultural change could lead to some disagreement among annotators about whether it constitutes hate speech.","The post criticizes Angela Merkel for allegedly destroying European culture, which could be interpreted as an assault on human dignity if it implies xenophobic or nationalistic sentiments. However, it does not explicitly demean any specific group or call for violence. The language is not overtly vulgar or offensive, but the post's political nature and potential implications about immigration or cultural change could lead to some disagreement among annotators about whether it constitutes hate speech. Therefore, there might be moderate disagreement among annotators, with some viewing it as hate speech due to its implications, while others may not see it as such.",0.4
2057,2057,25218,"Worth noting that Asia Argento, a woman who raped a minor then paid him $380,000 in hush money, still has a Twitter account. I’m on for one day and because I don’t toe the diversity is our strength line, I’m shut down. Kind of makes you wonder who is running things.🤔",0.0,1.0,0.4,0.6,"The post mentions a serious accusation against Asia Argento, which could be seen as an assault on her character, but it does not directly demean or degrade a group based on protected characteristics. The post does not contain calls for violence or use vulgar or offensive language. The main focus is on perceived unfairness in social media account management, which may lead to some disagreement among annotators about whether it constitutes hate speech, particularly if they interpret the mention of 'diversity is our strength' as a veiled critique of diversity policies.","The post discusses the perceived unfairness in social media account management, contrasting the treatment of the poster with that of Asia Argento, who is accused of a serious crime. The post does not directly attack any group based on protected characteristics, nor does it incite violence or use offensive language. However, the mention of 'diversity is our strength' could be interpreted as a critique of diversity policies, which might lead to some annotators viewing it as hate speech. Overall, the post is likely to result in moderate disagreement among annotators, with some focusing on the critique of social media policies and others on the potential implications of the diversity comment.",0.4
2064,2064,25329,"I find it very suspicious that a person would actually label their package 'anthrax' before mailing it to this idiot #MaxineWaters. It would be like writing 'bomb' on something before mailing it. Very. Suspicious.  Anything to stay in the news, huh Maxine? Make yourself a victim, try to get that sympathy vote.  #Fake https://abcnews.go.com/US/suspicious-package-label......",0.0,1.0,0.4,0.6,"The post contains a sarcastic tone and implies that Maxine Waters is fabricating a threat to gain sympathy, which could be seen as demeaning or degrading. However, it does not explicitly call for violence or use vulgar language. The ambiguity lies in whether the sarcasm and implication of deceit are considered hate speech, leading to potential disagreement among annotators.","The post uses sarcasm to question the legitimacy of a threat against Maxine Waters, suggesting she is fabricating it for sympathy. This could be interpreted as demeaning or degrading, but it does not explicitly call for violence or use offensive language. The ambiguity in the intent and tone may lead to disagreement among annotators, with some viewing it as hate speech due to the implied accusation and others not.",0.4
2105,2105,25980,"First they came for the 'Felon's' gun, but I cared not because I was not a felon,",0.0,1.0,0.4,0.6,"The post references a well-known poem about the dangers of not speaking out against oppression, but it does so in the context of gun rights. It does not explicitly demean or degrade any group, nor does it call for violence. However, the reference to 'coming for guns' could be interpreted as a veiled threat or fear-mongering, which might lead to some annotators viewing it as hate speech. The language is not vulgar or offensive, but the context could be seen as politically charged, leading to moderate disagreement among annotators.","The post uses a reference to a famous poem about the dangers of not speaking out against oppression, but it applies this to the context of gun rights. The phrase ""First they came for the 'Felon's' gun"" suggests a slippery slope argument about gun control. It does not explicitly demean or degrade any group, nor does it call for violence. However, the reference to 'coming for guns' could be interpreted as a veiled threat or fear-mongering, which might lead to some annotators viewing it as hate speech. The language is not vulgar or offensive, but the context could be seen as politically charged, leading to moderate disagreement among annotators. Therefore, the prediction is that 40% of annotators might classify it as hate speech, while 60% might not.",0.4
2110,2110,26064,Brilliant. Replace us and get us to pay for it. Top tier left wing trolling. ,0.0,1.0,0.4,0.6,"The post contains a vague reference to being 'replaced,' which could be interpreted as a nod to the 'Great Replacement' conspiracy theory, often associated with hate speech. However, the language is not explicitly demeaning or degrading to any specific group, nor does it call for violence. The post could be seen as offensive or provocative, but it lacks clear vulgarity or slurs. The ambiguity in the language and the lack of explicit hate speech elements suggest a moderate level of disagreement among annotators.","The post's reference to 'replace us' could be interpreted in different ways, potentially alluding to a conspiracy theory about demographic changes. However, it does not explicitly target a specific group with hate speech or call for violence. The language is not overtly vulgar or offensive, but the context may lead to varying interpretations. This results in a moderate level of disagreement among annotators, with some possibly viewing it as hate speech due to the implied context, while others may not see it as such.",0.4
2111,2111,26126,I feel raped just reading this. #MeThree,0.0,1.0,0.4,0.6,"The post uses the term 'raped' in a metaphorical sense, which can be seen as trivializing a serious issue. This could be considered offensive or demeaning, particularly to survivors of sexual assault, thus potentially falling under 'Assaults on Human Dignity.' However, the post does not contain explicit vulgarity, slurs, or calls for violence. The use of '#MeThree' could be interpreted as mocking the #MeToo movement, which might increase the perception of it being hate speech. Due to the metaphorical use of language and the potential for different interpretations, there is likely to be some disagreement among annotators.","The post uses the term 'raped' in a metaphorical sense, which can be seen as trivializing a serious issue. This could be considered offensive or demeaning, particularly to survivors of sexual assault, thus potentially falling under 'Assaults on Human Dignity.' However, the post does not contain explicit vulgarity, slurs, or calls for violence. The use of '#MeThree' could be interpreted as mocking the #MeToo movement, which might increase the perception of it being hate speech. Due to the metaphorical use of language and the potential for different interpretations, there is likely to be some disagreement among annotators.",0.4
2124,2124,26356,yeah.... I dropped them when the cucked to the 9th Circuit..... last year!,0.0,1.0,0.4,0.6,"The post uses the term 'cucked,' which is often used in a derogatory manner and can be associated with offensive language. However, the context is not entirely clear, and it does not explicitly demean a specific group based on protected characteristics, nor does it call for violence. The ambiguity in the term's usage and the lack of clear hate speech elements may lead to some disagreement among annotators.","The post contains the term 'cucked,' which is often used in a derogatory or offensive manner, particularly in certain online communities. However, the post does not explicitly target a specific group based on race, ethnicity, gender, or other protected characteristics, nor does it call for violence. The context of the post is somewhat ambiguous, as it refers to the '9th Circuit' without further explanation, which may lead to different interpretations. Given the lack of explicit hate speech elements and the potential for subjective interpretation, there may be moderate disagreement among annotators.",0.4
2138,2138,26531,"""agenda of the American empire for a long time...political and economic will in ...a take over the world type of agenda under the guise of goodwill, using MSM as an intelligence/brainwashing tool."" ",0.0,1.0,0.4,0.6,"The post discusses the 'agenda of the American empire' and accuses it of having a 'take over the world type of agenda' using mainstream media as a 'brainwashing tool.' This language could be interpreted as a critique of American foreign policy and media influence. However, it does not explicitly demean or degrade any specific group based on protected characteristics, nor does it call for violence. The language is critical and potentially offensive to some, but it lacks vulgarity or slurs. The post's content is more likely to be seen as a political opinion rather than hate speech, leading to a moderate level of disagreement among annotators.","The post critiques the American empire's political and economic agenda, suggesting it aims to take over the world under the guise of goodwill, using mainstream media as a brainwashing tool. This language could be interpreted as a critique of American foreign policy and media influence. However, it does not explicitly demean or degrade any specific group based on protected characteristics, nor does it call for violence. The language is critical and potentially offensive to some, but it lacks vulgarity or slurs. The post's content is more likely to be seen as a political opinion rather than hate speech, leading to a moderate level of disagreement among annotators.",0.4
2161,2161,26792,It's a economic invasion. That's why people don't see it as a threat. Damage is done economically then you see or hear of it.   ,0.0,1.0,0.4,0.6,"The post uses the term 'economic invasion,' which can be interpreted as a metaphorical expression rather than a direct assault on human dignity or a call for violence. However, the language could be seen as indirectly targeting certain groups, potentially immigrants, by framing them as an 'invasion,' which might be considered demeaning or degrading. The post does not contain vulgarity or offensive language. The ambiguity in the term 'economic invasion' and its potential implications could lead to some disagreement among annotators, but it is likely to be seen as not overtly hate speech by a majority.","The post uses the term 'economic invasion,' which can be interpreted as a metaphorical expression rather than a direct assault on human dignity or a call for violence. However, the language could be seen as indirectly targeting certain groups, potentially immigrants, by framing them as an 'invasion,' which might be considered demeaning or degrading. The post does not contain vulgarity or offensive language. The ambiguity in the term 'economic invasion' and its potential implications could lead to some disagreement among annotators, but it is likely to be seen as not overtly hate speech by a majority.",0.4
2168,2168,26905,"It'd be nice... but I suspect this will only apply to public officials, and only if the official themselves are doing it.  But its a chink in the armor.",0.0,1.0,0.4,0.6,"The post uses the term 'chink,' which can be considered a racial slur against people of Asian descent. This falls under the category of vulgarity and/or offensive language. However, the context in which it is used here ('a chink in the armor') is a common idiom meaning a small weakness or flaw, which may not be intended as a racial slur. This dual interpretation could lead to disagreement among annotators, with some viewing it as hate speech due to the potential racial connotation, while others may see it as a benign use of an idiom.","The post uses the term 'chink,' which can be considered a racial slur against people of Asian descent. This falls under the category of vulgarity and/or offensive language. However, the context in which it is used here ('a chink in the armor') is a common idiom meaning a small weakness or flaw, which may not be intended as a racial slur. This dual interpretation could lead to disagreement among annotators, with some viewing it as hate speech due to the potential racial connotation, while others may see it as a benign use of an idiom. Therefore, I predict a moderate level of disagreement, with percentages of annotators classifying it as hate speech vs. not hate speech as [0.4, 0.6].",0.4
2182,2182,27121,"This has been a hellish day for yours truly.   However, the news of McTraitor brightened it up.",0.0,1.0,0.4,0.6,"The post uses the term 'McTraitor,' which could be interpreted as offensive or derogatory, potentially falling under the category of vulgarity and/or offensive language. However, it does not explicitly demean a group based on protected characteristics or call for violence. The term 'McTraitor' is ambiguous and could be interpreted differently depending on the context or the individual it refers to, leading to potential disagreement among annotators.","The post contains a term 'McTraitor' which could be seen as offensive or derogatory, but it lacks clear context or direct hate speech elements such as demeaning a protected group or inciting violence. The ambiguity of the term and lack of context may lead to varying interpretations, resulting in moderate disagreement among annotators.",0.4
2184,2184,27185,"Eunice is SPOT ON! Obama I the President that BOWED to the emperor of Japan, the Kings of Jordan, and Saudi Arabia! This is the same president that DENIGRATED this country every chance he got!",0.0,1.0,0.4,0.6,"The post criticizes former President Obama for his actions and perceived denigration of the country. While it uses strong language, it does not explicitly demean or degrade individuals or groups based on protected characteristics, nor does it call for violence. The use of the word 'denigrated' could be seen as offensive, but it is more likely to be interpreted as a political critique rather than hate speech. Therefore, there might be some disagreement among annotators, but it is likely to be low.","The post criticizes former President Obama for bowing to foreign leaders and allegedly denigrating the country. It does not contain explicit hate speech elements such as assaults on human dignity, calls for violence, or vulgarity/offensive language directed at protected groups. The language is strong and critical, but it is more of a political opinion rather than hate speech. Annotators might have some disagreement due to the strong language, but it is likely to be low. Therefore, the predicted percentages are [0.4, 0.6].",0.4
2188,2188,27226,Socialist sh*tholes will be Socialist sh*tholes.  http://www.thegatewaypundit.com/2018/01/horror-starving-people-socialist-shthole-venezuela-attack-kill-cow-field-eat-video/,1.0,0.0,0.6,0.4,"The post uses the term 'sh*tholes' to describe socialist countries, which is a vulgar and offensive term. This language can be seen as demeaning and degrading, particularly towards countries with socialist governments, and may be interpreted as an assault on human dignity. The use of such language is likely to lead to some disagreement among annotators, as it may be seen as hate speech by some due to its derogatory nature, while others may view it as a strong political opinion rather than hate speech. Therefore, there is a moderate level of disagreement expected, with a slight majority potentially viewing it as hate speech due to the offensive language used.","The post refers to socialist countries as 'sh*tholes,' which is a derogatory term. This language can be considered vulgar and offensive, potentially demeaning countries with socialist governments. While it does not explicitly call for violence, the use of such language can be seen as an assault on human dignity. The post is likely to result in some disagreement among annotators, as some may view it as hate speech due to the offensive language, while others may see it as a strong political opinion. Therefore, I predict a moderate level of disagreement, with a slight majority classifying it as hate speech.",0.4
2196,2196,27322,"Is there a jewish race, ""Hank""?",0.0,1.0,0.4,0.6,"The post questions the existence of a 'Jewish race,' which can be interpreted in various ways. It could be seen as a neutral inquiry or as a challenge to Jewish identity, which might be perceived as demeaning or degrading. The ambiguity in the intent and the lack of context make it likely to result in high disagreement among annotators. Some may see it as a legitimate question, while others may interpret it as an assault on human dignity.","The post 'Is there a jewish race, ""Hank""?' raises a question about the concept of a Jewish race. This topic can be sensitive and controversial, as it touches on issues of identity and ethnicity. The post does not contain explicit vulgarity or calls for violence, but it could be interpreted as questioning or undermining Jewish identity, which might be seen as demeaning or degrading. The lack of context and the potential for different interpretations suggest that there would be high disagreement among annotators. Some might view it as a simple question, while others might see it as an implicit challenge to the legitimacy of Jewish identity. Therefore, the predicted percentages of annotators classifying it as hate speech versus not hate speech are [0.4, 0.6].",0.4
2202,2202,27461,As I go to sleep I will count sheep jumping over my imagined border wall.  ,0.0,1.0,0.4,0.6,"The post makes a reference to a 'border wall,' which can be a politically charged topic, especially in the context of immigration debates. However, the post itself is framed in a humorous or light-hearted manner, as it talks about counting sheep, a common metaphor for falling asleep. There is no direct assault on human dignity, call for violence, or use of vulgar language. The ambiguity arises from the political context and potential implications regarding immigration, which might lead to some annotators perceiving it as hate speech, while others may not.","The post references a 'border wall,' which is a politically charged topic, especially in the context of immigration debates. However, the post itself is framed in a humorous or light-hearted manner, as it talks about counting sheep, a common metaphor for falling asleep. There is no direct assault on human dignity, call for violence, or use of vulgar language. The ambiguity arises from the political context and potential implications regarding immigration, which might lead to some annotators perceiving it as hate speech, while others may not.",0.4
2204,2204,27487,https://www.msn.com/en-gb/news/newslondon/girl-3-n...  This could be be the first conviction in the UK for FGM ....hopefully opening the floodgates for many more ....At last  #BritFam #SpeakFreely,0.0,1.0,0.4,0.6,"The post discusses the potential for a legal conviction related to Female Genital Mutilation (FGM) in the UK. It expresses hope for more convictions, which could be interpreted as a call for justice against a harmful practice. However, the phrase 'opening the floodgates for many more' could be seen as inflammatory or as a call for action, which might be interpreted differently by annotators. The use of hashtags like #SpeakFreely suggests a stance on free speech, which might also influence interpretation. Overall, the post is likely to have mixed interpretations, with some seeing it as a legitimate call for justice and others potentially viewing it as inflammatory or targeting specific communities.","The post discusses a legal issue related to Female Genital Mutilation (FGM) in the UK, expressing hope for more convictions. While it does not directly assault human dignity or call for violence, the phrase 'opening the floodgates for many more' could be interpreted as inflammatory or as a call for action. The use of hashtags like #SpeakFreely suggests a stance on free speech, which might influence interpretation. Annotators might have mixed views, with some seeing it as a legitimate call for justice and others potentially viewing it as targeting specific communities. This could lead to moderate disagreement among annotators.",0.4
2207,2207,27560,USA: Mass brawl between Patriot Prayer and Antifa breaks out during Portland rally https://www.youtube.com/watch?time_continue=136&v=NyzTFrEQDr0,0.0,1.0,0.4,0.6,"The post reports on a brawl between two opposing groups, Patriot Prayer and Antifa, during a rally in Portland. The content itself is a factual statement about an event and does not contain any direct assaults on human dignity, calls for violence, or vulgar language. However, the mention of these groups, which are often associated with political violence and extremism, might lead to some annotators perceiving the post as indirectly promoting or glorifying violence. This could result in a moderate level of disagreement among annotators, with some viewing it as hate speech due to the context of the groups involved, while others may see it as a neutral report of an event.","The post mentions a mass brawl between two politically charged groups, Patriot Prayer and Antifa, during a rally in Portland. While the post itself does not contain explicit hate speech, the context of the groups involved may lead to differing interpretations. Some annotators might view the post as indirectly promoting violence or extremism, while others may see it as a neutral report of an event. This could result in moderate disagreement among annotators.",0.4
