,Text,Hate,HD,CV,VO,ID,Annotator,Hate_entropy,Hate_pos,Hate_neg
521,"Obama and his BFF, Bill Ayers would know all about that","[0, 0, 0, 0]","[0, 0, 0, 0]","[0, 0, 0, 0]","[0, 0, 0, 0]",12926,"[7, 13, 12, 11]",0.0,0.0,1.0
737,The evidence presented in this thread: http://bit.ly/2KBvnkB confirms the authenticity/legitimacy of Q ,"[0, 0, 0, 0]","[0, 0, 0, 0]","[0, 0, 0, 0]","[0, 0, 0, 0]",15444,"[7, 13, 12, 11]",0.0,0.0,1.0
740,Welcome to all the new Gabbers from Kenya! @KenyansOnGab  Ignore the stupid racists on here.,"[0, 0, 0, 0]","[0, 0, 0, 0]","[0, 0, 0, 0]","[1, 0, 0, 0]",19919,"[4, 15, 10, 8]",0.0,0.0,1.0
660,"Okay, this time more pure Blender with actual lights and volume scatter. Still, couldn't resist some Photoshop. (edge glows) Thanks CNN, thanks @a‍","[0, 0, 0, 0]","[0, 0, 0, 0]","[0, 0, 0, 0]","[0, 0, 0, 0]",25367,"[7, 13, 12, 11]",0.0,0.0,1.0
411,Utterly damning resignation letter from Boris. Time for May to quit for the good of the country!,"[0, 0, 0, 0]","[0, 0, 0, 0]","[0, 0, 0, 0]","[0, 0, 0, 0]",18385,"[7, 13, 12, 11]",0.0,0.0,1.0
678,#SouthAfrica #Ramaphosa #Communist #WhiteFarmers #Obama #WhiteHarvest #BenGarrison #cartoon. #MondayMotivation @StefanMolyneux read Ben's great post at https://grrrgraphics.com/south-africas-white-harve...,"[0, 0, 0, 1]","[0, 0, 0, 1]","[0, 0, 0, 0]","[0, 0, 0, 1]",11563,"[4, 15, 10, 8]",0.8112781244591328,0.25,0.75
626,We wuz PIElots 'n' sheeeit https://www.youtube.com/watch?v=SVqQKF7xgTQ&t=1s,"[0, 0, 0, 0]","[0, 0, 0, 0]","[0, 0, 0, 0]","[0, 0, 0, 0]",5391,"[7, 13, 12, 11]",0.0,0.0,1.0
513,"https://www.nbcnews.com/news/us-news/feds-raid-l-maternity-hotel-birth-tourists-n315996 ""Birth tourism"" operation has been busted by the feds. Hopefully, this will lead to arrests and a stop to this craziness. ","[0, 1, 0, 0]","[0, 1, 0, 0]","[0, 0, 0, 0]","[0, 0, 0, 0]",7329,"[2, 7, 12, 11]",0.8112781244591328,0.25,0.75
859,The only Political Muscle this asshole is FLEXING is his WIFE'S PENIS.......,"[0, 1, 0, 0]","[0, 1, 0, 0]","[0, 0, 0, 0]","[0, 0, 0, 0]",20301,"[2, 7, 12, 11]",0.8112781244591328,0.25,0.75
136,The first lead climbing World Cup of the season is this weekend. Finals coming up live in a couple hours. Bet on Janja. https://www.youtube.com/watch?v=O5_8ALb80YQ,"[0, 0, 0, 0, 0, 0, 0]","[0, 0, 0, 0, 0, 0, 0]","[0, 0, 0, 0, 0, 0, 0]","[0, 0, 0, 0, 0, 0, 0]",14435,"[13, 17, 9, 4, 14, 8, 10]",0.0,0.0,1.0
811,"I think the graphic on this video sums it up very well. The US political establishment did everything they could to sabotage and undermine the anti-communists in Africa, Asia and South and Central America  https://gab.ai/tv/watch/4515","[0, 0, 0, 0]","[0, 0, 0, 0]","[0, 0, 0, 0]","[0, 0, 0, 0]",21991,"[2, 7, 12, 11]",0.0,0.0,1.0
76,"What's the worst thing, beginning with N and ending in R, that you can call a black man? Neighbour.","[1, 1, 1, 0, 0]","[1, 1, 1, 0, 0]","[0, 0, 0, 0, 0]","[0, 1, 0, 0, 1]",8581,"[4, 15, 10, 8, 14]",0.9709505944546686,0.6,0.4
636,"One shit test I have for seeing if a 'right-winger' is actually such is asking about Jordan Peterson.  Anyone who thinks he is, in any way, a figure of the Right, conservatism, or Christianity can be immediately dismissed","[0, 0, 0, 0]","[0, 0, 0, 0]","[0, 0, 0, 0]","[1, 0, 0, 0]",879,"[4, 15, 10, 8]",0.0,0.0,1.0
973,"Where you will be going, It is too toasty for a fat girl. I don't give a 💩about you, or the Emmies, the Oscars, Holly Weird, NFL players or hypocritical criminal Demon Craps. ","[1, 0, 1, 0]","[1, 0, 1, 0]","[0, 0, 0, 0]","[1, 1, 0, 0]",10637,"[6, 7, 3, 11]",1.0,0.5,0.5
938,@SethVictoria  welcome to #GabFam!! 🐸💚 #SpeakFreely!! ❤️#NoobLuv - pass it on!!  ;),"[0, 0, 0, 0]","[0, 0, 0, 0]","[0, 0, 0, 0]","[0, 0, 0, 0]",6936,"[4, 15, 10, 8]",0.0,0.0,1.0
899,I’m confident they would win too. Even if there are more overall Leave voters. That’s why they want a second referendum with TWO Leave options. ,"[0, 0, 0, 0]","[0, 0, 0, 0]","[0, 0, 0, 0]","[0, 0, 0, 0]",15658,"[7, 13, 12, 11]",0.0,0.0,1.0
280,Shit...Its my phone isnt it?,"[0, 0, 0, 0]","[0, 0, 0, 0]","[0, 0, 0, 0]","[0, 0, 0, 1]",4119,"[2, 7, 12, 11]",0.0,0.0,1.0
883,It's fine. They were interesting sets.,"[0, 0, 0, 0]","[0, 0, 0, 0]","[0, 0, 0, 0]","[0, 0, 0, 0]",2919,"[7, 13, 12, 11]",0.0,0.0,1.0
761,"Heres mine, my fellow dog lover.","[0, 0, 0, 0]","[0, 0, 0, 0]","[0, 0, 0, 0]","[0, 0, 0, 0]",22759,"[2, 7, 12, 11]",0.0,0.0,1.0
319,I would love to do that at first opportunity.,"[0, 0, 0, 0]","[0, 0, 0, 0]","[0, 0, 0, 0]","[0, 0, 0, 0]",10226,"[7, 13, 12, 11]",0.0,0.0,1.0
549,Obama is Fully Behind the Hate Trump Narrative using lies and deception. https://youtu.be/zR7wTmYwxXc via @YouTube,"[1, 0, 0, 0]","[1, 0, 0, 0]","[0, 0, 0, 0]","[0, 0, 0, 0]",11287,"[7, 13, 12, 11]",0.8112781244591328,0.25,0.75
174,The decline in free speech is our gravest threat  @alternative_right @ANV @seamrog @arquatrix  https://www.telegraph.co.uk/news/2018/08/30/twitte...,"[0, 0, 0, 0, 0]","[0, 0, 0, 0, 0]","[0, 0, 0, 0, 0]","[0, 0, 0, 0, 0]",19317,"[4, 15, 10, 8, 14]",0.0,0.0,1.0
371,"Shaffer v. Carter, 252 US 37 (1920).  The first income tax imposed in America was implemented by the State of New York into its civil laws in 1778.  But only those commercial, corporate entities (persons) deriving corporate gain/profit from commerce were liable  ","[0, 0, 0, 0]","[0, 0, 0, 0]","[0, 0, 0, 0]","[0, 0, 0, 0]",26247,"[7, 2, 12, 11]",0.0,0.0,1.0
527,"Don't be ,... The Mikey Obama hide and scratch guy is the nightmare 😀","[0, 0, 0, 0]","[0, 0, 0, 0]","[0, 0, 0, 0]","[0, 1, 0, 0]",27216,"[2, 7, 12, 11]",0.0,0.0,1.0
210,Here's one of my projects right now. Remington 700 30-06 With magpul stock and detachable magazine. Nikon prostaff 3.5-14x40 FFP scope. Next is a timmney trigger and then possibly a carbon fiber barrel.,"[0, 0, 0, 0, 0, 0, 0]","[0, 0, 0, 0, 0, 0, 0]","[0, 0, 0, 0, 0, 0, 0]","[0, 0, 0, 0, 0, 0, 0]",24147,"[13, 17, 9, 4, 14, 8, 10]",0.0,0.0,1.0
235,"""American kingdom"" you say?   #OhPlease. Don't flatter yourselves. ","[0, 0, 0, 0]","[0, 0, 0, 0]","[0, 0, 0, 0]","[0, 0, 0, 0]",26767,"[7, 13, 12, 11]",0.0,0.0,1.0
101,islamic liberation  #Feminism,"[0, 0, 0, 0, 0]","[0, 0, 0, 0, 0]","[0, 0, 0, 0, 0]","[0, 0, 0, 0, 0]",10503,"[4, 15, 10, 8, 14]",0.0,0.0,1.0
986,"Democrats and Conservacucks are remembering John McCain.  If he died in 2007, it would be only Conservacucks.","[0, 1, 0, 0]","[0, 1, 0, 0]","[0, 0, 0, 0]","[1, 1, 0, 0]",11588,"[4, 15, 10, 8]",0.8112781244591328,0.25,0.75
902,These two will fix the GOP in Kalifornistan? http://angry.net/blog2/?p=25838,"[0, 0, 0, 0]","[0, 0, 0, 0]","[0, 0, 0, 0]","[0, 0, 0, 0]",24437,"[2, 7, 12, 11]",0.0,0.0,1.0
947,Holy shit. /ourguy/ is on the JRE.  https://www.youtube.com/watch?v=OtL1fEEtLaA,"[0, 0, 0, 0]","[0, 0, 0, 0]","[0, 0, 0, 0]","[1, 0, 0, 1]",16644,"[2, 7, 12, 11]",0.0,0.0,1.0
346,"Jesus: You're giving people the wrong impression here.  Me: Did that bank draft clear yet?  JC: Uh, yes.  Me: Have fun.","[0, 0, 0, 1]","[0, 0, 0, 1]","[0, 0, 0, 0]","[0, 0, 0, 0]",24210,"[4, 15, 10, 14]",0.8112781244591328,0.25,0.75
139,I bet some one at NPR will be fired for reporting the truth.,"[0, 0, 0, 1, 1]","[0, 0, 0, 1, 1]","[0, 0, 0, 0, 0]","[0, 0, 0, 0, 0]",15686,"[4, 15, 10, 8, 14]",0.9709505944546686,0.4,0.6
621,"Actually, industry bastardized the insurance pools and then rigged the markets with patents and incompatible insurance models. I work in the industry so I understand what actually happened. Blaming those in the bastardized pools removes blame from the companies who reap the rewards. 🤔✌","[0, 0, 0, 0]","[0, 0, 0, 0]","[0, 0, 0, 0]","[0, 0, 0, 1]",3005,"[2, 7, 12, 11]",0.0,0.0,1.0
499,Hopefully they get enough votes.,"[0, 0, 0, 0]","[0, 0, 0, 0]","[0, 0, 0, 0]","[0, 0, 0, 0]",19045,"[2, 7, 12, 11]",0.0,0.0,1.0
370,Do your small part to disrupt the objectives of liberals.  https://www.infowars.com/video-come-and-take-it-gi...,"[0, 0, 0, 1]","[0, 0, 0, 1]","[0, 0, 0, 1]","[0, 0, 0, 1]",6984,"[4, 15, 10, 8]",0.8112781244591328,0.25,0.75
198,Crap! This changes everything,"[0, 0, 0, 0, 0]","[0, 0, 0, 0, 0]","[0, 0, 0, 0, 0]","[0, 0, 1, 0, 0]",22890,"[13, 9, 4, 8, 10]",0.0,0.0,1.0
687,The minority that will outbreed you  and make you the minority ,"[0, 1, 1, 0]","[0, 1, 1, 0]","[0, 0, 0, 0]","[0, 0, 0, 0]",22401,"[7, 13, 12, 11]",1.0,0.5,0.5
584,"Just because you have a piece of paper calling you a 'citizen,' doesn't make you American. Just like Mexico sends back her ILLEGALS, who actually are the same race as Mexicans, so, too, will America restore the They all have to go' mindset of the Truman era. Because you will NEVER be American.","[1, 0, 0, 1]","[1, 0, 0, 1]","[0, 0, 0, 0]","[0, 0, 1, 0]",17391,"[7, 13, 12, 11]",1.0,0.5,0.5
901,Dem Keith Ellison says women lie. ,"[1, 0, 0, 0]","[1, 0, 0, 0]","[0, 0, 0, 0]","[0, 0, 0, 0]",4135,"[7, 13, 12, 11]",0.8112781244591328,0.25,0.75
59,Next video for the week will be ready later tonight. I've also expanded it to cover some extra news. #TheRedExpress,"[0, 0, 0, 0, 0]","[0, 0, 0, 0, 0]","[0, 0, 0, 0, 0]","[0, 0, 0, 0, 0]",6469,"[4, 15, 10, 8, 14]",0.0,0.0,1.0
328,"These are what activist Alyssa Milano meant when she warned Trump, 'Leave my boobs alone!' #Gab #GabFam #SpeakFreely #Chat #Americans","[0, 1, 0, 0]","[0, 1, 0, 0]","[0, 0, 0, 0]","[0, 0, 0, 0]",15948,"[4, 15, 10, 8]",0.8112781244591328,0.25,0.75
96,"And in other news, straight people aren't gay. (Whodathunkit?) https://www.them.us/story/cis-trans-dating?mbid=nl...","[0, 0, 0, 0, 0, 0, 0, 0]","[0, 0, 0, 0, 0, 0, 0, 0]","[0, 0, 0, 0, 0, 0, 0, 0]","[0, 0, 0, 0, 0, 0, 0, 0]",10364,"[13, 17, 9, 4, 15, 14, 8, 10]",0.0,0.0,1.0
312,That didn’t work for BLM😆 why would they think it’ll work for a bunch of spoiled white kids.,"[0, 0, 0, 1]","[0, 0, 0, 1]","[0, 0, 0, 0]","[1, 0, 0, 1]",6516,"[4, 15, 10, 8]",0.8112781244591328,0.25,0.75
974,"TIL during the battle of Arnhem, Major Digby Tatham-Warter brought an umbrella and put it to good use, stopping an armoured car by poking the driver in the eyes with his umbrella. When a fellow soldier told him ""that thing won't do you any good"", he replied ""Oh my goodness Pat, but what if it rains? https://kek.gg/u/y6GD ","[0, 0, 0, 0]","[0, 0, 0, 0]","[0, 0, 0, 0]","[0, 0, 0, 0]",24201,"[7, 2, 12, 11]",0.0,0.0,1.0
299,Daniel J. Jones asserted he was working with Fusion GPS and that the research firm was being funded by a “group of Silicon Valley billionaires and George Soros.”  http://dailycaller.com/2018/03/13/back-channel-to-christopher-steele-talks-senate-testimony/,"[0, 0, 0, 0]","[0, 0, 0, 0]","[0, 0, 0, 0]","[0, 0, 0, 0]",10342,"[11, 6, 3, 16]",0.0,0.0,1.0
277,Trump: Dems disgraced themselves during Kavanaugh hearings  ,"[0, 0, 0, 0]","[0, 0, 0, 0]","[0, 0, 0, 0]","[0, 0, 0, 0]",15818,"[2, 7, 12, 11]",0.0,0.0,1.0
924,"In honor of John McCain, the 'Maverick', the treasury will burn $2Trillion dollars on the steps of Congress.","[0, 0, 0, 0]","[0, 0, 0, 0]","[0, 0, 0, 0]","[0, 0, 0, 0]",11587,"[4, 15, 10, 8]",0.0,0.0,1.0
601,"Followers of KEK need to come together and organize. Every other group is in a mad dash to secure power for themselves. If we do nothing we will not recognize the world we bring our children into. We are Gods plague sent to reshape the world. Are you going to take up the path God has laid out for you?  We all have a mission in this life, lets start ours together. We are gathering together, join your #frogfam at https://kekwork.com Praise KEK!","[0, 0, 0, 0]","[0, 0, 0, 0]","[0, 0, 0, 0]","[0, 0, 0, 0]",4922,"[7, 2, 12, 11]",0.0,0.0,1.0
439,"Watch 'UK: Refused service by supermarket, fired from job for wearing Make Britain Great Again Hat' on YouTube  https://youtu.be/lZrJsKgOOpU","[0, 0, 0, 0]","[0, 0, 0, 0]","[0, 0, 0, 0]","[0, 0, 0, 0]",12144,"[4, 15, 10, 8]",0.0,0.0,1.0
837,"Actor James Woods rips  Pelosi call for new gun control after Jacksonville shooting. Woods:  'Instead, ban gun-free zones so innocents are no longer vulnerable.  They're killing fields:  Parkland High, Sandy Hook Elemedntary, Fort Hood, D.C. Navy Yard, Aurora Theater, more. #Gab #GabFam #SeakFreely #Chat #Americans","[0, 0, 0, 0]","[0, 0, 0, 0]","[0, 0, 0, 0]","[0, 0, 0, 0]",15953,"[4, 15, 10, 8]",0.0,0.0,1.0
570,"aww look, piggy is standing on her hind legs.","[0, 0, 1, 0]","[0, 0, 1, 0]","[0, 0, 0, 0]","[0, 0, 0, 0]",23370,"[7, 13, 12, 11]",0.8112781244591328,0.25,0.75
879,I’m going to go see it just be an asshole and troll everyone else in the theatre.,"[0, 0, 0, 0]","[0, 0, 0, 0]","[0, 0, 0, 0]","[1, 0, 0, 1]",6120,"[4, 10, 8, 14]",0.0,0.0,1.0
261,"How the hell does David Hogg, the student that is spearheading the anti gun movement from Parkland, Florida have a blue checkmark on Twitter?","[0, 0, 1, 0]","[0, 0, 1, 0]","[0, 0, 0, 0]","[0, 0, 0, 0]",21389,"[2, 7, 12, 11]",0.8112781244591328,0.25,0.75
578,2/ I'm convinced that the majority of prepper sites are scams. They all have the same basic pitch. Like they have a checklist or something. It starts with some guy claiming to be an ex-Delta Ranger Scuba Sniper (so you can totally trust what he’s going to sell you).,"[0, 0, 0, 0]","[0, 0, 0, 0]","[0, 0, 0, 0]","[0, 0, 0, 0]",17293,"[4, 15, 10, 8]",0.0,0.0,1.0
23,Trump admits that he made the 'off the record' comments regarding the Canadian negotiations...And he doesn't care because he knows we have the stronger negotiating position.This changes nothing and sets the clear tone for what Canada has to do if they want to make a deal.,"[0, 0, 0, 1, 0]","[0, 0, 0, 1, 0]","[0, 0, 0, 0, 0]","[0, 0, 0, 0, 0]",3082,"[4, 15, 10, 8, 14]",0.7219280948873623,0.2,0.8
30,FINALLY! The FBI announced Friday the arrest of 5 NM compound suspects on federal firearms & conspiracy charges after a judge on Wed dismissed child abuse charges against 3 defendants found inside.  https://www.breitbart.com/big-government/2018/08/3...,"[0, 0, 0, 0, 0]","[0, 0, 0, 0, 0]","[0, 0, 0, 0, 0]","[0, 0, 0, 0, 0]",3843,"[4, 15, 10, 8, 14]",0.0,0.0,1.0
617,It feels good to talk to old YouTube friends.,"[0, 0, 0, 0]","[0, 0, 0, 0]","[0, 0, 0, 0]","[0, 0, 0, 0]",25886,"[2, 7, 12, 11]",0.0,0.0,1.0
10,I am a Roman Catholic.  Our church is corrupt.  We need reformation.,"[0, 0, 0, 1, 1]","[0, 0, 0, 1, 1]","[0, 0, 0, 0, 0]","[0, 0, 0, 0, 0]",2062,"[4, 15, 10, 8, 14]",0.9709505944546686,0.4,0.6
221,GOTTA REMEMBER...THE LEFT IS INSANELY DESPERATE CAUSE THEY KNOW THEY'RE ON THE PRECIPICE OF GOING TO GITMO FOR TREASON...IT'S ALREADY IN MOTION...SO LET EM SCRAMBLE AND TALK SHIT...THEIR TIME IS LIMITED...LIKE THE DEVIL'S...,"[1, 1, 1, 1]","[1, 1, 1, 1]","[0, 0, 0, 0]","[0, 1, 1, 0]",15456,"[13, 0, 11, 12]",0.0,1.0,0.0
820,"Basically....we don't know why, but uh, maybe something to do with age.  ","[0, 0, 0, 0]","[0, 0, 0, 0]","[0, 0, 0, 0]","[0, 0, 0, 0]",19394,"[2, 7, 12, 11]",0.0,0.0,1.0
296,"We need to do some serious work on the voting system FAST!  You think corruption was bad before - it's going to be worse than ever this November.  1.) Write in/paper ballots ONLY.  No electronic BS. 2.) Vote counters must be both left and right in equal numbers. 3.) Votes must be counted 2 times. 4.) ID REQUIRED, checked by ICE before entering booth.","[0, 0, 0, 0]","[0, 0, 0, 0]","[0, 0, 0, 0]","[0, 0, 0, 0]",8718,"[4, 15, 10, 8]",0.0,0.0,1.0
54,"To all the libs out there. There is an old saying that goes 'don't start nothin' won't be nothin'. We would rather be polite and civil, but if you decide not to (as some on your side have done) we will have no choice but to fight fire with a firestorm. And I don't think you'll like it.","[1, 1, 1, 0, 1, 1, 0]","[0, 1, 0, 0, 1, 1, 0]","[1, 1, 1, 0, 0, 0, 0]","[0, 0, 0, 0, 1, 0, 0]",6013,"[13, 17, 9, 15, 14, 8, 10]",0.863120568566631,0.7142857142857143,0.2857142857142857
542,"I want to change career to one that retires people on a good pension with a good retirement lump sum at an earlier age than I've already attained. I would therefore have to start already retired, on a good pension, and owed some back pension along with the lump sum.","[0, 0, 0, 0]","[0, 0, 0, 0]","[0, 0, 0, 0]","[0, 0, 0, 0]",8701,"[7, 13, 12, 11]",0.0,0.0,1.0
209,"This tribalism is the problem with libertarianism – if you allow liberty, people will use it to synthesize smaller ingroups within the larger group in order to dominate the detribalized majority. - Jim","[0, 1, 0, 0, 1, 0]","[0, 1, 0, 0, 1, 0]","[0, 0, 0, 0, 0, 0]","[0, 0, 0, 0, 1, 0]",23666,"[13, 17, 15, 14, 8, 10]",0.9182958340544896,0.3333333333333333,0.6666666666666667
604,"I have no doubt their censorship of the right-wing — through suspensions, bannings, shadowbannings, & hashtag/trend manipulation — has already cost Republicans multiple elections. In very close races, social media sentiment could easily have made the difference. Roy Moore’s supporters were heavily censored in the days before that election.","[0, 0, 0, 0]","[0, 0, 0, 0]","[0, 0, 0, 0]","[0, 0, 0, 0]",12454,"[4, 15, 10, 8]",0.0,0.0,1.0
692,Careful...I'm starting to actually like elements of our current government!   https://arstechnica.com/tech-policy/2018/08/senato...,"[0, 0, 0, 0]","[0, 0, 0, 0]","[0, 0, 0, 0]","[0, 0, 0, 0]",5861,"[4, 15, 10, 8]",0.0,0.0,1.0
662,"man, that guys head nearly exploded when you said holohoax wasn't real. see him shaking and teeth grinding lol. ","[0, 0, 0, 0]","[0, 0, 0, 0]","[0, 0, 0, 0]","[0, 0, 0, 0]",18432,"[2, 7, 12, 11]",0.0,0.0,1.0
866,I used to watch FOX all the time and Glenn Beck. I even named my dog Beck after him. Then I woked. They're all controlled or dense. You don't hear them questioning the Las Vegas false flag. I'm pretty sure that G.B. put down truthers in the past. ,"[1, 0, 1, 0]","[1, 0, 1, 0]","[0, 0, 0, 0]","[0, 0, 0, 0]",22334,"[6, 7, 3, 11]",1.0,0.5,0.5
70,"Since blaming Trump for things which existed WAY before he came to offfice is the trendy thing to do, I'll make my own list now. Top choices so far are: death, the Flu, the short lifespan of mosquitos (poor little guys!), and... oh, I don't know... why not just the whole fall of humanity altogether?","[0, 1, 0, 0, 0, 0, 0]","[0, 1, 0, 0, 0, 0, 0]","[0, 0, 0, 0, 0, 0, 0]","[0, 0, 0, 0, 0, 0, 0]",7945,"[13, 17, 9, 4, 15, 8, 10]",0.5916727785823275,0.14285714285714285,0.8571428571428572
543,They'll have to come get mine if there is any more INFRINGEMENT!!!!!!!!!!,"[0, 0, 0, 0]","[0, 0, 0, 0]","[0, 0, 0, 0]","[0, 0, 1, 0]",16853,"[11, 6, 7, 3]",0.0,0.0,1.0
107,SEE ME LIVE ON SEXCAMS 11pm 2300hrs PST #MakeMeCum ,"[0, 0, 0, 0, 0]","[0, 0, 0, 0, 0]","[0, 0, 0, 0, 0]","[0, 1, 0, 0, 0]",11144,"[13, 11, 6, 3, 16]",0.0,0.0,1.0
493,"Me too. Makes my blood boil. Those stupid brainwashed, clitless cows.","[0, 0, 1, 0]","[0, 0, 1, 0]","[0, 0, 0, 0]","[1, 0, 0, 0]",993,"[7, 13, 12, 11]",0.8112781244591328,0.25,0.75
590,"I have no inside information, but I think it's the lawsuit + his ""organization"" became weak after all the attrition and became dependent on DS/TRS ","[0, 0, 0, 0]","[0, 0, 0, 0]","[0, 0, 0, 0]","[0, 0, 0, 0]",26605,"[6, 7, 11, 3]",0.0,0.0,1.0
741,This govt is a mess. Even Trump can't fix it.,"[0, 0, 0, 0]","[0, 0, 0, 0]","[0, 0, 0, 0]","[0, 0, 0, 0]",22948,"[4, 15, 8, 10]",0.0,0.0,1.0
292,Being interviewed by The Dallas Morning News tomorrow to give my thoughts of the Alex Jones situation. Time to spread the TRUTH! #FreeAlexJones #FreeInfoWars,"[0, 0, 0, 0]","[0, 0, 0, 0]","[0, 0, 0, 0]","[0, 0, 0, 0]",19199,"[4, 15, 10, 8]",0.0,0.0,1.0
289,RT @realDonaldTrump:  ,"[0, 0, 0, 0]","[0, 0, 0, 0]","[0, 0, 0, 0]","[0, 0, 0, 0]",17222,"[7, 13, 12, 11]",0.0,0.0,1.0
652,The American First Army Gears Up – Germany Retreats I THE GREAT WAR – Week 214 https://quotulatiousness.ca/blog/2018/08/31/the-am... #history #ww1,"[0, 0, 0, 0]","[0, 0, 0, 0]","[0, 0, 0, 0]","[0, 0, 0, 0]",22316,"[4, 15, 10, 8]",0.0,0.0,1.0
39,Explosive Ivy League Study Repressed For Finding Transgender Kids May Be A Social Contagion http://thefederalist.com/2018/08/31/explosive-ivy-...,"[0, 0, 0, 1, 1]","[0, 0, 0, 1, 1]","[0, 0, 0, 0, 0]","[0, 0, 0, 0, 0]",4354,"[4, 15, 10, 8, 14]",0.9709505944546686,0.4,0.6
589,"my man TC on Twatter:  Jeff Bezos is the richest man in the world. Many of his employees are so poor, you’re paying their welfare benefits. And he’s not the only tech billionaire offloading his payroll costs onto taxpayers. This is an indefensible scam. Why is only Bernie talking about it? https://twitter.com/i/status/1035334044698009600","[0, 0, 0, 0]","[0, 0, 0, 0]","[0, 0, 0, 0]","[0, 0, 0, 0]",3850,"[4, 15, 10, 8]",0.0,0.0,1.0
307,"Every person that prefers freedom to tyranny has to rally behind @RealAlexJones. He's always been fighting for EVERYONE else's freedom, now he needs #WeThePeople to fight for his.#FreeAlexJones #FreeInfoWars","[0, 0, 0, 0]","[0, 0, 0, 0]","[0, 0, 0, 0]","[0, 0, 0, 0]",19200,"[4, 15, 10, 8]",0.0,0.0,1.0
679,Watch today. https://circumcisionmovie.com/,"[0, 0, 0, 0]","[0, 0, 0, 0]","[0, 0, 0, 0]","[0, 0, 0, 0]",11666,"[4, 10, 8, 14]",0.0,0.0,1.0
66,"Shalom, my fellow gabbers. I don’t follow anyone, but I’m here to air my grievances about Jew haters.","[0, 0, 0, 1, 1]","[0, 0, 0, 1, 1]","[0, 0, 0, 0, 0]","[0, 0, 0, 0, 1]",7177,"[4, 15, 10, 8, 14]",0.9709505944546686,0.4,0.6
275,New PETITION to SIGN Protect Free Speech in the Digital Public Square ReGab https://petitions.whitehouse.gov/petition/protect-...,"[0, 0, 0, 0]","[0, 0, 0, 0]","[0, 0, 0, 0]","[0, 0, 0, 0]",18253,"[4, 15, 10, 8]",0.0,0.0,1.0
67,"Cruz has got his Neo Con issues, but come on, This Beto self hating white leftard clown, who would watch the US burn tomorrow for a Senate job & some shekels is getting 40% in the polls in TX? How many illegals on the voting rolls down there now? And the leftist white dipshits that have destroyed CA & NY living their now I wonder? Enough to have horse mouth win?","[0, 1, 1, 1, 1]","[0, 1, 1, 1, 1]","[0, 0, 0, 0, 0]","[1, 1, 1, 1, 0]",7284,"[4, 15, 10, 8, 14]",0.7219280948873623,0.8,0.19999999999999996
318,"In 2004, Sandy Berger, former National Security adviser to President Clinton, stole documents from the National Archives, and cut them up with scissors in order to hide one of Clinton's many messes. His punishment? He lost his Security Clearance for 3 years. President George W. Bush had the power to lift Berger's Security Clearance forever. But he did not. One more demerit for Dubya!","[0, 0, 0, 0]","[0, 0, 0, 0]","[0, 0, 0, 0]","[0, 0, 0, 0]",22243,"[4, 15, 10, 8]",0.0,0.0,1.0
548,"Linda Sarsour Praised Siraj Wahhaj, WTC Bombing Co-Conspirator and Father of New Mexico Sicko  https://theralphretort.com/linda-sarsour-praised-s...","[0, 0, 0, 0]","[0, 0, 0, 0]","[0, 0, 0, 0]","[0, 0, 0, 0]",21199,"[4, 15, 10, 8]",0.0,0.0,1.0
998,Thomas Wictor continues to hit the nail on the head.  Allowing unfettered immigration is not an act of love it is an act of hate.,"[0, 0, 0, 0]","[0, 0, 0, 0]","[0, 0, 0, 0]","[0, 0, 0, 0]",22006,"[4, 15, 8, 10]",0.0,0.0,1.0
714,"Hi everyone, as I post this, the petition to get rid of the BBC would be on 7,000+. Brilliant considering this has only been going two weeks. However, 7,000 is not enough, we need to get it up to 100,000. I know it's a big push but this is our best chance yet. Let's do this! SPREAD THE WORD!!!!!!!! https://petition.parliament.uk/petitions/226446","[0, 0, 0, 0]","[0, 0, 0, 0]","[0, 0, 0, 0]","[0, 0, 0, 0]",21394,"[4, 15, 10, 8]",0.0,0.0,1.0
753,"Got to watch the dirty stinking commies, they always have 3 or more uses for their tactics. They work for far less than the middle class. They see them as the replacement population too.  Get rid of the White Christian people of the west, bingo no more PINA US Constitution and rule of law in the way of unlimited power. ","[1, 1, 0, 1]","[1, 1, 0, 1]","[0, 0, 0, 1]","[0, 0, 0, 0]",4270,"[11, 6, 7, 3]",0.8112781244591328,0.75,0.25
327,"My feeling is we need some controls over the use of SSRI's. Everytime someone does evil like a school shooting these drugs are found to be someway linked.We as a society need to know why people taking them act out. Why do we get told the type of ammo/weapon used to kill, but not the type of drugs a criminal has taken before doing pure evil. Stop covering up the truth.","[0, 0, 0, 0]","[0, 0, 0, 0]","[0, 0, 0, 0]","[0, 0, 0, 0]",15207,"[2, 7, 12, 11]",0.0,0.0,1.0
382,"2016: “Putin has tapes of Trump making whores pee on Obama’s bed” 2018: “Oh, we mean that Russia has a news station called RT that seeks to influence people” What a fucking joke.","[0, 0, 0, 0]","[0, 0, 0, 0]","[0, 0, 0, 0]","[1, 0, 0, 0]",5607,"[4, 15, 10, 8]",0.0,0.0,1.0
451,@a  Bzzzzz...ZERO Heroes: Bees understand the concept of nothingness ,"[0, 0, 0, 0]","[0, 0, 0, 0]","[0, 0, 0, 0]","[0, 0, 0, 0]",7261,"[2, 7, 12, 11]",0.0,0.0,1.0
522,"Buy into the stock market goyim, we will make you rich!  LMFAO","[1, 0, 0, 0]","[1, 0, 0, 0]","[0, 0, 0, 0]","[1, 0, 0, 0]",27022,"[6, 7, 3, 11]",0.8112781244591328,0.25,0.75
218,"get ur troll skills up you methed out fake as white supremacist hahaha a roach got more balls then u bahahahahaha lil bitch boy, go home to daddy ","[0, 0, 1, 1, 1]","[0, 0, 1, 1, 1]","[0, 0, 0, 0, 0]","[0, 1, 1, 0, 1]",25142,"[13, 11, 3, 6, 16]",0.9709505944546686,0.6,0.4
787,"SOMETHING MUCH BIGER THAN URANIUM ONE!! ""PROJECT PELICAN"" - This is HUGE https://youtu.be/txdMK1pnaaY via @YouTube  ","[0, 0, 0, 0]","[0, 0, 0, 0]","[0, 0, 0, 0]","[0, 0, 0, 0]",308,"[2, 7, 12, 11]",0.0,0.0,1.0
436,"Disdain for McCain, and a Trap for Ohr. Secret Tribunals Already Underway? #NewQ #QAnon #GreatAwakening  http://ow.ly/cbk730lAIoL #tcot #tlot #p2 #redpill #MAGA","[0, 0, 0, 0]","[0, 0, 0, 0]","[0, 0, 0, 0]","[0, 0, 0, 0]",15526,"[4, 15, 10, 8]",0.0,0.0,1.0
764,If the vote splitting gets JT back in it will likely be a minority govt meaning JT will not be able to inflict the damage on us he has been. ,"[0, 0, 0, 0]","[0, 0, 0, 0]","[0, 0, 0, 0]","[0, 0, 0, 0]",11283,"[7, 13, 12, 11]",0.0,0.0,1.0
88,"Look at this compilation of tweets Nick Monroe made exhibiting the anti-white racism of Buzzfeed staff members. Again, this is commonplace on the Left. https://twitter.com/i/moments/1033547403620757504","[1, 1, 0, 1, 1]","[1, 1, 0, 1, 1]","[0, 0, 0, 0, 0]","[0, 0, 0, 0, 0]",9780,"[4, 15, 10, 8, 14]",0.7219280948873623,0.8,0.19999999999999996
63,"Free societies tend to punish laziness, ineptitude, stupidity and obnoxiousness, but reward graft, talent, intelligence and charisma - which is why entitled mediocrities with shitty personalities are hellbent on destroying them. #maga #wakeupamerica","[0, 1, 0, 1, 0, 0]","[0, 1, 0, 1, 0, 0]","[0, 0, 0, 0, 0, 0]","[0, 0, 0, 1, 0, 0]",6966,"[13, 17, 9, 14, 8, 10]",0.9182958340544896,0.3333333333333333,0.6666666666666667
826,06/must-read-muellers-bumbling-and-hysterical-special-counsel-team-is-getting-pummeled-in-court-media-is-ignoring-all-of-this/ 🤡,"[0, 0, 0, 0]","[0, 0, 0, 0]","[0, 0, 0, 0]","[0, 0, 0, 0]",6247,"[4, 15, 8, 10]",0.0,0.0,1.0
716,"#Cali has become a total joke. We need to elect Erin Cruz, Sabato, Navarro or it's over. ","[0, 1, 0, 0]","[0, 1, 0, 0]","[0, 0, 0, 0]","[0, 0, 0, 0]",3993,"[13, 0, 11, 16]",0.8112781244591328,0.25,0.75
351,David Wilcock leaving GAIA over LUCIFARIAN agenda ,"[0, 0, 0, 0]","[0, 0, 0, 0]","[0, 0, 0, 0]","[0, 0, 0, 0]",22678,"[7, 2, 12, 11]",0.0,0.0,1.0
936,No Cops! No Government! Just Anarchy In Mexico Town https://www.bitchute.com/video/r3qRm3sXVRU/ #BitChute,"[0, 0, 0, 0]","[0, 0, 0, 0]","[0, 0, 0, 0]","[0, 0, 0, 0]",25031,"[4, 15, 10, 8]",0.0,0.0,1.0
256,"Yep! Bono is a retard, the rest of U2 are retards, the Pope covers up systemic pedophilia inside the Catholic Church, and the EU are corrupt dictators, flooding Europe with dangerous infidelophobic Muslim refugees!! https://www.bitchute.com/video/kQIgciyHIG4/","[0, 0, 1, 1]","[0, 0, 1, 1]","[0, 0, 0, 0]","[1, 0, 0, 1]",11820,"[4, 15, 10, 8]",1.0,0.5,0.5
635,"People who say 'nobody's born a racist, you have to be taught' are also the ones who tell their children to be gay degenerates and killing white people is right.","[0, 0, 1, 1]","[0, 0, 1, 1]","[0, 0, 0, 1]","[1, 0, 0, 1]",4702,"[4, 15, 10, 8]",1.0,0.5,0.5
644,Out today. https://circumcisionmovie.com/,"[0, 0, 0, 0]","[0, 0, 0, 0]","[0, 0, 0, 0]","[0, 0, 0, 0]",11669,"[4, 10, 8, 14]",0.0,0.0,1.0
554,"My brother was terminal when his cancer was discovered.  He was younger than I am.  That was a. ..difficult moment.  I  was with him and while I was  stunned, he was angry.  Understandably.  ","[0, 0, 0, 0]","[0, 0, 0, 0]","[0, 0, 0, 0]","[0, 0, 1, 1]",7641,"[2, 7, 12, 11]",0.0,0.0,1.0
959,He pulled an Obama and filled the Vatican with his pedo globalists. Gonna be tough to get rid of him.,"[1, 1, 0, 1]","[1, 1, 0, 1]","[0, 0, 0, 0]","[0, 1, 0, 0]",9418,"[4, 15, 10, 8]",0.8112781244591328,0.75,0.25
168,Damn racist Republicans.......,"[1, 0, 0, 1, 1]","[1, 0, 0, 1, 1]","[0, 0, 0, 0, 0]","[1, 0, 0, 0, 1]",18550,"[4, 15, 10, 8, 14]",0.9709505944546686,0.6,0.4
917,This fucking shitshow must come to an end.,"[0, 1, 0, 1]","[0, 1, 0, 1]","[0, 0, 0, 0]","[1, 0, 0, 1]",10688,"[2, 7, 12, 11]",1.0,0.5,0.5
528,VIDEO: Christine Blasey Ford and Palo Alto University  ,"[0, 0, 0, 0]","[0, 0, 0, 0]","[0, 0, 0, 0]","[0, 0, 0, 0]",12578,"[2, 7, 12, 11]",0.0,0.0,1.0
823,"The first time candidate I was supporting for County Commission in my county not only handily defeated the long time incumbent in the primary last night, but embarrassed him.  This just goes to show you that with a lot of hard work and determination, the swamp can be defeated.","[0, 0, 0, 0]","[0, 0, 0, 0]","[0, 0, 0, 0]","[0, 0, 0, 0]",5267,"[4, 15, 10, 8]",0.0,0.0,1.0
985,"CNN analyst Jeffrey Toobin says it's racist to criticize Antifa because they’re “widely perceived as an African-American organization.” Yes, he really said this. https://www.infowars.com/cnn-analyst-says-its-raci...","[0, 0, 0, 1]","[0, 0, 0, 1]","[0, 0, 0, 0]","[0, 0, 0, 0]",1309,"[4, 15, 10, 8]",0.8112781244591328,0.25,0.75
816,"NO NOT SNOW YET,  WHERE IS IT SNOWING???","[0, 0, 0, 0]","[0, 0, 0, 0]","[0, 0, 0, 0]","[0, 0, 0, 0]",27515,"[7, 13, 12, 11]",0.0,0.0,1.0
86,"Poor little bit, she's terrified of him. I don't think she's ever been around dogs, much less one whose head is bigger than she is. The cats are fascinated, but Pearl's not having any of it yet. She's a growler. LOL She settled down enough to come out of the carrier & explore her temp home in my bathroom & drink a little, but she's back in it now, curled up sleeping.","[0, 0, 0, 0, 0]","[0, 0, 0, 0, 0]","[0, 0, 0, 0, 0]","[0, 0, 0, 0, 0]",9691,"[13, 17, 9, 8, 10]",0.0,0.0,1.0
432,"offthewire.com/oj-simpson-about-to-infuriate-people-all-over-again/ … O.J. Simpson was recently paroled after doing time 4 a botched Las Vegas robbery, & has been relatively quiet since his release. But now people will be forced to relive his horrific crimes once again. http://www.tatianyc.com/WebPages/words-lg/oj_simpson_valentine.jpg","[0, 0, 0, 0]","[0, 0, 0, 0]","[0, 0, 0, 0]","[0, 0, 0, 0]",26540,"[11, 6, 7, 3]",0.0,0.0,1.0
184,Great summary and analysis of what really happened from the Outer Light ,"[0, 0, 0, 0, 0]","[0, 0, 0, 0, 0]","[0, 0, 0, 0, 0]","[0, 0, 0, 0, 0]",21725,"[7, 12, 11, 13, 0]",0.0,0.0,1.0
978,"It'd be nice... but I suspect this will only apply to public officials, and only if the official themselves are doing it.  But its a chink in the armor.","[0, 0, 0, 0]","[0, 0, 0, 0]","[0, 0, 0, 0]","[0, 0, 0, 0]",26905,"[7, 13, 12, 11]",0.0,0.0,1.0
534,"Today is Primary Day in Florida, go out and vote!","[0, 0, 0, 0]","[0, 0, 0, 0]","[0, 0, 0, 0]","[0, 0, 0, 0]",5268,"[4, 15, 10, 8]",0.0,0.0,1.0
294,Always remember that the people who say 'Refugees welcome' are responsible for this.,"[0, 0, 0, 0]","[0, 0, 0, 0]","[0, 0, 0, 0]","[0, 0, 0, 0]",14348,"[4, 15, 10, 8]",0.0,0.0,1.0
892,"I know I have posted about this earlier but this must be the best opportunity to get rid of state television once and for all. By this, I mean the BBC! If you want rid or at least show that you want the BBC gone, please sign this petition and please spread the word. https://petition.parliament.uk/petitions/226446","[0, 0, 0, 0]","[0, 0, 0, 0]","[0, 0, 0, 0]","[0, 0, 0, 0]",21396,"[4, 15, 10, 8]",0.0,0.0,1.0
425,"Trump should declassify all communications between Brennan and Strzok, if they exist, which is a real possibility, given what careless clowns the two of them are. Those communications would contain much of the story of Spygate. https://spectator.org/never-forget-the-brennan-bri...?","[0, 0, 0, 0]","[0, 0, 0, 0]","[0, 0, 0, 0]","[0, 0, 0, 0]",13967,"[4, 15, 10, 8]",0.0,0.0,1.0
713,"Chances of no deal Brexit now 50-50, after EU leaders reject Brexit progress ","[0, 0, 0, 0]","[0, 0, 0, 0]","[0, 0, 0, 0]","[0, 0, 0, 0]",26220,"[7, 13, 12, 11]",0.0,0.0,1.0
260,to suck evry nigger cock in that shithole country why else would anyone go there? 🙄,"[1, 1, 1, 1]","[1, 1, 1, 1]","[0, 0, 0, 0]","[1, 0, 1, 1]",11967,"[2, 7, 12, 11]",0.0,1.0,0.0
237,I don’t know how I feel about Gab anymore so that’s why I haven’t been posting here as much. Is it really free speech or is it cucked now?,"[0, 0, 0, 0]","[0, 0, 0, 0]","[0, 0, 0, 0]","[1, 0, 0, 0]",19728,"[4, 15, 10, 8]",0.0,0.0,1.0
559,I wish I could come up with a money making hoax like Al Gore. Apparently people are so stupid that you can make up crap like this  and they will believe it and pay you money for it.,"[0, 0, 1, 0]","[0, 0, 1, 0]","[0, 0, 0, 0]","[0, 0, 0, 0]",7398,"[7, 2, 12, 11]",0.8112781244591328,0.25,0.75
583,Hey Bill.  Welcome and have a great day!,"[0, 0, 0, 0]","[0, 0, 0, 0]","[0, 0, 0, 0]","[0, 0, 0, 0]",1918,"[2, 7, 12, 11]",0.0,0.0,1.0
445,but that will cause a huge crackdown and we will all be screwed. o wait norway is actually better off than the people who didnt fight back,"[0, 0, 0, 0]","[0, 0, 0, 0]","[0, 0, 0, 0]","[0, 0, 0, 0]",24441,"[2, 7, 12, 11]",0.0,0.0,1.0
867,https://amp.theguardian.com/commentisfree/2018/oct/11/tommy-robinson-photos-british-army-far-right ,"[0, 0, 0, 0]","[0, 0, 0, 0]","[0, 0, 0, 0]","[0, 0, 0, 1]",3492,"[7, 13, 12, 11]",0.0,0.0,1.0
800,"Hittin up In-n-Out burger this weekend, WHO'S WITH ME??? 🍔 🍔 🍔  https://www.youtube.com/watch?v=suqSaFbTWBU","[0, 0, 0, 0]","[0, 0, 0, 0]","[0, 0, 0, 0]","[0, 0, 0, 0]",11174,"[4, 10, 8, 14]",0.0,0.0,1.0
599,How long before one of these actors who are constantly threatening our President and his entire family pull a John Wilkes Booth (Actor) on him? Trump does too many public events where famous people are at. It's not out of the question that one of these mentally ill cocksuckers may take an opportunity to become infamous because they believe in their cause.,"[0, 0, 1, 0]","[0, 0, 1, 0]","[0, 0, 0, 0]","[1, 0, 0, 0]",24505,"[4, 15, 8, 10]",0.8112781244591328,0.25,0.75
849,"Holy crap, you’re the only one that mentioned the Holocaust, via your photo.","[0, 0, 0, 0]","[0, 0, 0, 0]","[0, 0, 0, 0]","[0, 0, 0, 0]",20471,"[7, 13, 12, 11]",0.0,0.0,1.0
265,Nah. Just retarded Muslims and loony Nazis think like you. #NaziFaggot,"[1, 1, 1, 1]","[1, 1, 1, 1]","[0, 0, 0, 0]","[0, 0, 1, 1]",11000,"[2, 7, 12, 11]",0.0,1.0,0.0
995,"Worth noting that Asia Argento, a woman who raped a minor then paid him $380,000 in hush money, still has a Twitter account. I’m on for one day and because I don’t toe the diversity is our strength line, I’m shut down. Kind of makes you wonder who is running things.🤔","[0, 0, 0, 0]","[0, 0, 0, 0]","[0, 0, 0, 0]","[0, 0, 0, 0]",25218,"[4, 15, 10, 8]",0.0,0.0,1.0
529,The idea being that news stories reporting the real goings on are racist. ,"[1, 0, 0, 0]","[1, 0, 0, 0]","[0, 0, 0, 0]","[0, 0, 0, 0]",4233,"[7, 13, 12, 11]",0.8112781244591328,0.25,0.75
55,"The main problem with California’s bail bond elimination is that it opens the door to 5th amendment violations. What if a Jew judge deems a member of Patriot Prayer a high risk based on their political beliefs and throws them in prison, where they will then have to wait months for their first pre-trial hearing?? There are so many ways that this new system can and will be abused. I warn you, if y...","[0, 0, 0, 1, 1]","[0, 0, 0, 1, 1]","[0, 0, 0, 0, 0]","[0, 0, 0, 0, 0]",6114,"[4, 15, 10, 8, 14]",0.9709505944546686,0.4,0.6
120,"As I was driving around today, it occurred to me that when I was growing up the worst concern on our holidays was the projected highway death toll that was always broadcast. Today we anticipate riots, mobs & violence from the Leftist armies terrorizing our people whenever patriots gather to celebrate and exercise our freedoms. Deliver us from evil, Oh Lord.","[1, 1, 1, 0, 1, 1, 0]","[1, 1, 1, 0, 0, 1, 0]","[0, 0, 0, 0, 1, 0, 0]","[0, 0, 0, 0, 0, 1, 0]",12485,"[13, 17, 4, 15, 14, 8, 10]",0.863120568566631,0.7142857142857143,0.2857142857142857
215,"US ends all funding to UN agency for “Palestinian” “refugees”SEP 1, 2018 This is long overdue. Only among the “Palestinians” is “refugee” status passed down to children, grandchildren, and great-grandchildren. Millions of people were displaced after World War II, but they moved elsewhere and got on with their lives. Not the “Palestinians,” because they were and are a weapon of the jihad. http...","[1, 0, 1, 1, 0]","[1, 0, 1, 1, 0]","[0, 0, 0, 0, 0]","[0, 0, 0, 0, 0]",24672,"[4, 15, 10, 8, 14]",0.9709505944546686,0.6,0.4
25,"Just waxed my snowboard and had my coat cleaned, they say it's going to be a cold winter. I'm not excited at all winter is on it's way! :)","[0, 0, 0, 0, 0]","[0, 0, 0, 0, 0]","[0, 0, 0, 0, 0]","[0, 0, 0, 0, 0]",3248,"[4, 15, 10, 8, 14]",0.0,0.0,1.0
72,Looks like a bunch of dead bodies to me. Why would you just assume those are dead Jews? Could be anything.,"[0, 0, 0, 1, 1]","[0, 0, 0, 1, 1]","[0, 0, 0, 0, 0]","[0, 0, 0, 0, 1]",8280,"[4, 15, 10, 8, 14]",0.9709505944546686,0.4,0.6
44,Anyone shouting Allahu Akbar should immediately be shot. There is no place in civilization for the barbaric Satanism known as Islam,"[1, 1, 1, 1, 1]","[0, 1, 1, 1, 1]","[1, 1, 0, 1, 1]","[0, 1, 0, 1, 0]",4826,"[4, 15, 10, 8, 14]",0.0,1.0,0.0
247,"I thought Orban hated migrants, but he sure likes Mandela. Maybe its virtue signalling. @alternative_right @ANV @arquatrix @seamrog  https://dailynewshungary.com/budapest-park-to-be-n...","[0, 0, 0, 0]","[0, 0, 0, 0]","[0, 0, 0, 0]","[0, 0, 0, 0]",19320,"[4, 15, 10, 8]",0.0,0.0,1.0
721,"Screw them. They deserve it. SesameStreet turned into a leftwing, progressive, propaganda machine as soon as Jim Henson died. The same Disney did after Walt died and the Hollywood Jews took over.","[0, 1, 0, 1]","[0, 1, 0, 1]","[0, 0, 0, 0]","[0, 0, 0, 0]",9416,"[4, 15, 10, 8]",1.0,0.5,0.5
281,Watching the Patriot right now and my mood be like.... #America #MAGA #Lessssgo 😎👌🏻,"[0, 0, 0, 0]","[0, 0, 0, 0]","[0, 0, 0, 0]","[0, 0, 0, 0]",5860,"[4, 15, 10, 8]",0.0,0.0,1.0
893,I say again on this Palm sunday;,"[0, 0, 0, 0]","[0, 0, 0, 0]","[0, 0, 0, 0]","[0, 0, 0, 0]",7384,"[2, 7, 12, 11]",0.0,0.0,1.0
914,MUST WATCH: Sara Explains Her Bombshell Report on Whistleblower in FBI Russia Probe - Sara A. Carter http://ow.ly/gzuO30lAKWC #tcot #tlot #p2 #redpill #MAGA,"[0, 0, 0, 0]","[0, 0, 0, 0]","[0, 0, 0, 0]","[0, 0, 0, 0]",15522,"[4, 15, 10, 8]",0.0,0.0,1.0
810,"Will ((they)) after (potentially) setting the stage with ""devices"" sent 2 the Dems/CNN, now ""False Flag"" the caravan for political optics? To create carnage & blood of innocents live on CNN, to blame on opposition prior to mid terms? Do you REALLY think ((they're)) above doing such things?","[0, 0, 0, 0]","[0, 0, 0, 0]","[0, 0, 0, 0]","[0, 0, 0, 0]",21753,"[2, 7, 12, 11]",0.0,0.0,1.0
244,"If Las Vegas is anything to go by, and most of my Uber drivers, America is on the road to being great again. Fascinating. How can the media be so one-eyed. There is so much going on here, and it's like this every single day it seems. Such scale.","[0, 0, 0, 0]","[0, 0, 0, 0]","[0, 0, 0, 0]","[0, 0, 0, 0]",7238,"[4, 15, 8, 10]",0.0,0.0,1.0
822,@deepblu I see you've discovered Gab's flat earthers. My condolences.,"[0, 0, 0, 0]","[0, 0, 0, 0]","[0, 0, 0, 0]","[0, 0, 0, 0]",2378,"[4, 15, 10, 8]",0.0,0.0,1.0
321,"Cape Coral, Florida: ""Video shows concealed carry permit holder shooting man in self-defense."" The perp was a convicted felon & now faces charges while laid up in the hospital while the gun hero will face no charges.  ","[0, 0, 0, 0]","[0, 0, 0, 0]","[0, 0, 0, 0]","[0, 0, 0, 0]",6335,"[2, 7, 12, 11]",0.0,0.0,1.0
643,Probably one of the most powerful memes I've seen. #AbortionIsMurder,"[0, 1, 0, 0]","[0, 1, 0, 0]","[0, 0, 0, 0]","[0, 0, 0, 0]",25332,"[4, 15, 8, 10]",0.8112781244591328,0.25,0.75
158,"Sarah Palin, Loyal Running Mate, Excluded from John McCain's Funeral | Breitbart http://bit.ly/2C39Ddv","[0, 0, 0, 0, 0]","[0, 0, 0, 0, 0]","[0, 0, 0, 0, 0]","[0, 0, 0, 0, 0]",17565,"[4, 15, 10, 8, 14]",0.0,0.0,1.0
977,Agreed.  It should be at least 250 miles into Mexico.,"[1, 0, 0, 0]","[1, 0, 0, 0]","[0, 0, 0, 0]","[0, 0, 0, 0]",5571,"[7, 2, 12, 11]",0.8112781244591328,0.25,0.75
429,Because we need a new set of news stations: https://moonbattery.com/,"[0, 0, 0, 0]","[0, 0, 0, 0]","[0, 0, 0, 0]","[0, 0, 0, 0]",19116,"[4, 15, 10, 8]",0.0,0.0,1.0
941,"⚠️ ACHTUNG ⚠️ 💣 I smell a big-fat counter-intelligence disinformation bomb! I got into an argument with @Fulcrum_News on Twitter, (read if you like) during which he: asked for money through PayPal for an app because of censorship denounced Gab as anti-semite while complaining Twitter is anti-Trump then said he wasn't begging: 'I'm rich, I don't need the money' blocks me from following to...","[0, 0, 0, 0]","[0, 0, 0, 0]","[0, 0, 0, 0]","[0, 0, 0, 0]",22297,"[4, 15, 10, 8]",0.0,0.0,1.0
462,"Tommy Robinson is a Zionist shill, his 'arrest' is a smoke and mirrors act and he will come to no harm in prison. Indeed it's highly unlikely that he will even set foot in a prison, even though the MSM will claim that he's locked up.","[0, 0, 0, 0]","[0, 0, 0, 0]","[0, 0, 0, 0]","[0, 0, 1, 0]",5760,"[6, 11, 7, 3]",0.0,0.0,1.0
309,"Finally!  John Goodman defended Roseanne, 'She's not a racist.' Guessing he's trying to shmooze a new audience, otherwise, where the hell was he when she was dumped and the cast of progressive rat bastards turned on her?! Trump-Nation goal:  Kill ratings.  Kill new show.  Finger cast! #Gab #GabFam #SpeakFreely #Cast #Americans}","[0, 0, 0, 0]","[0, 0, 0, 0]","[0, 0, 0, 0]","[1, 0, 0, 0]",15954,"[4, 15, 10, 8]",0.0,0.0,1.0
697,"This poor woman had her natural flow and glow of life cut. She’s strong with a good heart, a woman she still is though. https://youtu.be/sTG1MQdlNRY","[0, 0, 0, 1]","[0, 0, 0, 1]","[0, 0, 0, 0]","[0, 0, 0, 0]",13770,"[4, 10, 8, 14]",0.8112781244591328,0.25,0.75
60,NAFTA and Canada...Yes. our future could prosper without it  http://stillerfinancial.advisor.news/yes-our-futur...,"[0, 1, 0, 0, 0, 0, 1, 0]","[0, 1, 0, 0, 0, 0, 1, 0]","[0, 0, 0, 0, 0, 0, 0, 0]","[0, 0, 0, 0, 0, 0, 0, 0]",6577,"[13, 17, 9, 4, 15, 14, 8, 10]",0.8112781244591328,0.25,0.75
884,"Eunice is SPOT ON! Obama I the President that BOWED to the emperor of Japan, the Kings of Jordan, and Saudi Arabia! This is the same president that DENIGRATED this country every chance he got!","[0, 0, 0, 0]","[0, 0, 0, 0]","[0, 0, 0, 0]","[0, 0, 0, 0]",27185,"[7, 13, 12, 11]",0.0,0.0,1.0
595,"Britain’s lack of intelligence departments have failed again, EU security is a fallacy, you and your children are not safe, U.K. open doors until 2023, with rights to stay, the Invasion comtines","[0, 0, 0, 0]","[0, 0, 0, 0]","[0, 0, 0, 0]","[0, 0, 0, 0]",23297,"[7, 2, 12, 11]",0.0,0.0,1.0
767,https://www.etsy.com/listing/477794621/shower-curtain-prada-marfa-prada-marfa?ref=shop_home_active_21 - Make a style declaration with our Prada Marfa Shower Curtain inspired by Prada as well as Gossip,"[0, 0, 0, 0]","[0, 0, 0, 0]","[0, 0, 0, 0]","[0, 0, 0, 0]",19824,"[6, 7, 3, 11]",0.0,0.0,1.0
649,"https://youtu.be/a_bDc7FfItk  Lauren Southern's documentary on South Africa and White genocide, now available.","[0, 0, 0, 0]","[0, 0, 0, 0]","[0, 0, 0, 0]","[0, 0, 0, 0]",13363,"[4, 15, 8, 10]",0.0,0.0,1.0
650,"https://m.youtube.com/watch?v=rjpXAJ3hEBo Captain KIRK Mocks Alexandria Ocasio Cortez' Embarassing Interview on PBS' the 'Firing Line.' Margaret Hoover's calling out of Ocasio-Cortez’s Factually Challenged Position On Israel Is Embarrassing, and makes one wonder 'how can someone know so little about a topic and yet be so passionate about it?'","[0, 0, 0, 0]","[0, 0, 0, 0]","[0, 0, 0, 0]","[0, 0, 0, 0]",24662,"[4, 15, 10, 8]",0.0,0.0,1.0
865,Tip: Pentagon Covering Up Fact That Female Officers Nearly Sank Navy Ship http://theothermccain.com/2018/06/17/tip-pentagon-...,"[0, 0, 1, 0]","[0, 0, 1, 0]","[0, 0, 0, 0]","[0, 0, 0, 0]",17464,"[4, 15, 8, 10]",0.8112781244591328,0.25,0.75
668,RT realDonaldTrump    Big protests in Iran. The people are finally getting wise as to how their money and wealth is being stolen and squandered on terrorism. Looks like they will not take it any longer. The USA is watching very closely for human rights violations! ,"[1, 1, 0, 0]","[1, 1, 0, 0]","[0, 0, 0, 0]","[0, 0, 0, 0]",19143,"[6, 7, 11, 3]",1.0,0.5,0.5
298,Has your kind paid up your kind OVER DRAFT WAR CRIMES REVENUE NATIONAL DEBT YET!? Can you comprehend law?,"[0, 0, 0, 0]","[0, 0, 0, 0]","[0, 0, 0, 0]","[0, 0, 0, 0]",19089,"[7, 13, 12, 11]",0.0,0.0,1.0
689,"I'm so triggered. As an Asian, I will not stand by that privileged white woman saying that an Asian country has so utterly failed that any one in it will 'most likely get killed'. She's basically saying that Asians don't know how to run a country and provide common security to the people in it. #whitematriarchy","[0, 0, 0, 0]","[0, 0, 0, 0]","[0, 0, 0, 0]","[0, 0, 1, 0]",11032,"[4, 15, 8, 10]",0.0,0.0,1.0
314,"Google image : "" mélissa theuriau jamel debbouze "" ","[1, 0, 0, 1]","[1, 0, 0, 1]","[0, 0, 0, 0]","[1, 0, 0, 0]",4845,"[2, 7, 12, 11]",1.0,0.5,0.5
310,"We get snow in West Texas. Of course, we are in the mountains. Ice is every year and randomly. Luckily, no hurricanes where I’m at, but I miss the ocean, lakes, any body of water in general.  #HighDesertLife","[0, 0, 0, 0]","[0, 0, 0, 0]","[0, 0, 0, 0]","[0, 0, 0, 0]",712,"[4, 15, 10, 8]",0.0,0.0,1.0
361,"88-year-old woman at my mom's assisted living place: 'Do you REALLY think Trump can get elected again?' Me: 'Count on it!' Her: 'Oh good! My son told me everybody hates Trump.'Me: 'Forgive me for saying this, but your son isn't very smart.'Her: 'Forgive me for saying THIS, but he never has been.' #TRUMP #MAGA #TRUMP2020 #BIGLY #idiotchildren","[0, 0, 0, 0]","[0, 0, 0, 0]","[0, 0, 0, 0]","[0, 0, 0, 0]",15878,"[4, 15, 10, 8]",0.0,0.0,1.0
479,"Have to disagree, there. Absent Roe, MANY states will ban it (as many try to wiggle in effective bans even now).  May others Won't, so I am not concerned, but there will be friction in the corners, like with slavery, only much less intense. ","[0, 0, 0, 0]","[0, 0, 0, 0]","[0, 0, 0, 0]","[0, 0, 0, 0]",13272,"[13, 0, 11, 12]",0.0,0.0,1.0
110,hubba hubba 😍 “Nope” Officer has hilarious reaction to call about 10-foot snake https://www.leoaffairs.com/nope-officer-has-hilari...,"[0, 0, 0, 0, 0]","[0, 0, 0, 0, 0]","[0, 0, 0, 0, 0]","[0, 0, 0, 0, 0]",11237,"[4, 15, 10, 8, 14]",0.0,0.0,1.0
989,That is MY MOTHERFUCKING PRESIDENT!!!  https://twitter.com/realdonaldtrump/status/1021234... #MAGA #Trump #IranIsNext,"[0, 0, 0, 0]","[0, 0, 0, 0]","[0, 0, 0, 0]","[1, 0, 0, 0]",3603,"[4, 15, 10, 8]",0.0,0.0,1.0
486,Reportedly as soon as 30 to 60 days... http://www.infowars.com/rumor-paul-ryan-to-resign/,"[0, 0, 0, 0]","[0, 0, 0, 0]","[0, 0, 0, 0]","[0, 0, 0, 0]",26883,"[2, 7, 12, 11]",0.0,0.0,1.0
363,"I only have one serious objection to President Trump, and that's his repeated referral to the Mueller investigation as a 'witch-hunt.' Seriously, it can't be called a witch-hunt if the witch is known, still free, and unindicted.  The free citizens of America deserve to see Hillary in orange and eating off a tin plate.","[0, 0, 0, 0]","[0, 0, 0, 0]","[0, 0, 0, 0]","[0, 0, 0, 0]",5752,"[4, 15, 8, 10]",0.0,0.0,1.0
254,"@Wifewithapurpose‍ has done so much for Western women.  She's encouraged us to have babies and makes videos to help us learn to parent in a wholesome way.  This week I'll be sending her a donation- after all, I've benefited so much from her content.  I would like to encourage others to do the same should you see fit.","[0, 0, 0, 0]","[0, 0, 0, 0]","[0, 0, 0, 0]","[0, 0, 0, 0]",8560,"[13, 0, 11, 12]",0.0,0.0,1.0
259,I've been down-voting their entire hashtag and none of them stick. I go back after and the number is back to zero and the down arrow isn't highlighted. Been sending troll tweets and they don't post to the tag. Sounds like..... Twitter.,"[0, 0, 0, 0]","[0, 0, 0, 0]","[0, 0, 0, 0]","[0, 0, 0, 0]",6306,"[2, 7, 12, 11]",0.0,0.0,1.0
802,"I'll just leave this here.  It's an analysis of a Ben Shapiro/David Mamet interview.  I'm not a huge fan of Shapiro any more, but I AM a fan of the Ewe Toob creator Mr. Reagan (Chris Kohls).  Subscribe to his channel, it's new, but he's good and sometimes very funny.   https://youtu.be/0foN2tTFbrE","[0, 0, 0, 0]","[0, 0, 0, 0]","[0, 0, 0, 0]","[0, 0, 0, 0]",24587,"[4, 15, 10, 8]",0.0,0.0,1.0
677,All liberals are a plague but White liberals are a special kinda plague,"[1, 1, 1, 1]","[1, 1, 1, 1]","[0, 0, 0, 0]","[0, 0, 1, 0]",21823,"[4, 15, 8, 10]",0.0,1.0,0.0
494,This is what inspires me!!,"[0, 0, 0, 0]","[0, 0, 0, 0]","[0, 0, 0, 0]","[0, 0, 0, 0]",21248,"[2, 7, 12, 11]",0.0,0.0,1.0
670,"Defense Ministry spokesman says the Taliban have overrun a military base in northern Afghanistan, killing 17 soldiers #News https://breaking.iavian.net/article/189032","[0, 0, 0, 0]","[0, 0, 0, 0]","[0, 0, 0, 0]","[0, 0, 0, 0]",7658,"[4, 15, 10, 8]",0.0,0.0,1.0
377,What Gab needs is more liberals for some more conversation. #Gab,"[0, 0, 0, 0]","[0, 0, 0, 0]","[0, 0, 0, 0]","[0, 0, 0, 0]",23,"[4, 15, 10, 8]",0.0,0.0,1.0
526,Out: People voting for Trump vote against their own economic self-interest    In: People who voted for Trump are only thinking about their own economic self-interest.    Why does anyone falls for this shit?,"[0, 0, 0, 0]","[0, 0, 0, 0]","[0, 0, 0, 0]","[1, 0, 0, 0]",17288,"[4, 15, 10, 8]",0.0,0.0,1.0
845,"Leftism has no essence, it is just a coalition to knock over the apple cart in order to grab some of the apples - Jim","[1, 0, 1, 0]","[1, 0, 1, 0]","[0, 0, 0, 0]","[0, 0, 0, 0]",23661,"[4, 15, 8, 10]",1.0,0.5,0.5
137,"For some people who demanded an increase, minimum wage went from $7.25 a hour to $0.00.","[0, 0, 0, 0, 0]","[0, 0, 0, 0, 0]","[0, 0, 0, 0, 0]","[0, 0, 0, 0, 0]",15681,"[4, 15, 10, 8, 14]",0.0,0.0,1.0
355,Federal Spending Bill Gives “Big Boost” To Jewish Groups ,"[1, 0, 0, 0]","[1, 0, 0, 0]","[0, 0, 0, 0]","[1, 0, 0, 0]",21018,"[7, 13, 12, 11]",0.8112781244591328,0.25,0.75
365,Watch Steve Bannon's Full Interview With MSNBC's Ari Melber | The Beat With Ari Melber https://youtu.be/oNiE0YIx5w0 via @YouTube,"[0, 0, 0, 0]","[0, 0, 0, 0]","[0, 0, 0, 0]","[0, 0, 0, 0]",12428,"[4, 15, 10, 8]",0.0,0.0,1.0
942,Congrats Hunter. Stable families are in integral part of ethnonationalism.   ,"[0, 0, 0, 0]","[0, 0, 0, 0]","[0, 0, 0, 0]","[0, 0, 0, 0]",15295,"[6, 7, 3, 11]",0.0,0.0,1.0
749,"If #Trump can survive the #2018 #USA election, by preventing the #Globalist from stealing the election; then #Trump should implement the transition of #War centered #Military to #Peace centered #Army #Navy #Airforce #Spaceforce. What will it be? The rebuilding of #USA #Infrastructure, using military contractors. https://youtu.be/WHNQc0ak5Ng","[0, 0, 0, 1]","[0, 0, 0, 1]","[0, 0, 0, 0]","[0, 0, 0, 0]",12565,"[4, 15, 10, 8]",0.8112781244591328,0.25,0.75
948,Watch this - it hits headon how minds are manipulated by social engineering so beautifully.  A wonderful interview. ,"[0, 0, 0, 0]","[0, 0, 0, 0]","[0, 0, 0, 0]","[0, 0, 0, 0]",21945,"[2, 7, 12, 11]",0.0,0.0,1.0
829,"The way the media go on, you'd think these trannies are everywhere.  I've seen about 3 in the last 5 years,  and one of them was getting abused by kids 😂. ","[0, 0, 1, 0]","[0, 0, 1, 0]","[0, 0, 0, 0]","[0, 0, 1, 0]",13275,"[7, 13, 12, 11]",0.8112781244591328,0.25,0.75
656,"So is #JurassicWorld : Fallen Kingdom dinosaur approved, #GabFam? Check out my review to find out. (Also be warned, I had to go into a little more detail on the plot than I normally would so there may be a few minor spoilers.) https://youtu.be/7qQMzoKXv5Q","[0, 0, 0, 0]","[0, 0, 0, 0]","[0, 0, 0, 0]","[0, 0, 0, 0]",20317,"[13, 17, 9, 10]",0.0,0.0,1.0
199,Awesome! Everyday heros take the time out of their own schedules to make others lives better. kudos,"[0, 0, 0, 0, 0, 0, 0]","[0, 0, 0, 0, 0, 0, 0]","[0, 0, 0, 0, 0, 0, 0]","[0, 0, 0, 0, 0, 0, 0]",22891,"[13, 17, 9, 4, 14, 8, 10]",0.0,0.0,1.0
213,"The Copts: Yay, Jesus!  Jesus: *frowning* Shut up, you guys.","[0, 0, 0, 1, 1]","[0, 0, 0, 1, 1]","[0, 0, 0, 0, 0]","[1, 0, 0, 0, 1]",24209,"[4, 15, 10, 8, 14]",0.9709505944546686,0.4,0.6
408,People are such fucking slobs. Anyone who wears flip-flops to the airport ought to be subject to execution.,"[1, 1, 0, 0]","[0, 0, 0, 0]","[1, 1, 0, 0]","[1, 0, 0, 0]",2610,"[4, 15, 10, 8]",1.0,0.5,0.5
332,Identity theft in the US is a problem existing almost entirely on account of illegal aliens. Several years ago I found the correlation between ID theft rate and foreign-born population percentage to correlate at a staggering .75 at the state level https://anepigone.blogspot.com/2008/06/more-immigr...,"[0, 1, 0, 1]","[0, 1, 0, 1]","[0, 0, 0, 0]","[0, 0, 0, 1]",24621,"[4, 15, 10, 8]",1.0,0.5,0.5
208,"And yes, he's ticked me off a few times, but unless Me runs for president and wins (lol forever) I'm GOING to disagree with some of his decisions, due to his unfortunate handicap of NOT BEING ME.  For now, he's making my enemies mad and allies semihappy. AKA more than ANY politician has done for me in my life!  8/10 would ABSOLUTELY vote for again.  #PresidentTrump","[0, 1, 0, 0, 0, 0, 0, 0]","[0, 1, 0, 0, 0, 0, 0, 0]","[0, 0, 0, 0, 0, 0, 0, 0]","[0, 0, 0, 0, 0, 0, 0, 0]",23641,"[13, 17, 9, 4, 15, 14, 8, 10]",0.5435644431995964,0.125,0.875
613,Jewish haters ? That makes no sense,"[1, 0, 0, 0]","[0, 0, 0, 0]","[1, 0, 0, 0]","[0, 0, 0, 0]",8361,"[7, 13, 12, 11]",0.8112781244591328,0.25,0.75
78,"I don't know if his post is public or not, but here you go. I didn't post his name because I'm not an asshole. I don't make shit up.https://www.facebook.com/CajunGypsy/posts/10155829...","[0, 0, 0, 0, 0, 0]","[0, 0, 0, 0, 0, 0]","[0, 0, 0, 0, 0, 0]","[0, 0, 0, 1, 0, 0]",9683,"[13, 17, 9, 14, 8, 10]",0.0,0.0,1.0
29,SIGN PETITION! Protect Free Speech in the Digital Public Square  https://petitions.whitehouse.gov/petition/protect-...,"[0, 0, 0, 0, 0]","[0, 0, 0, 0, 0]","[0, 0, 0, 0, 0]","[0, 0, 0, 0, 0]",3842,"[4, 15, 10, 8, 14]",0.0,0.0,1.0
535,"Russia, India, China, Japan, Brazil, Turkey and Iran are preparing a strike against the Dollar!!!! That's like 70% of the worlds population!! ","[0, 0, 0, 0]","[0, 0, 0, 0]","[0, 0, 0, 0]","[0, 0, 0, 0]",25081,"[7, 13, 12, 11]",0.0,0.0,1.0
695,"'Unhinged, Insane, and Out of Touch | Maxine Waters and Nancy Pelosi's Democratic Party ' https://www.youtube.com/watch?v=SaoHJOe-aQg","[1, 1, 1, 0]","[1, 1, 1, 0]","[0, 0, 0, 0]","[0, 0, 1, 0]",19900,"[13, 17, 9, 10]",0.8112781244591328,0.75,0.25
557,@a @heatherdeep is more 3rd world filth that needs to be eradicated from our civilization.,"[0, 1, 0, 0]","[0, 1, 0, 0]","[0, 0, 0, 0]","[0, 0, 0, 0]",12479,"[4, 15, 10, 8]",0.8112781244591328,0.25,0.75
836,Halaf R1b-V88 culture dates back to 6000 BC,"[0, 0, 0, 0]","[0, 0, 0, 0]","[0, 0, 0, 0]","[0, 0, 0, 0]",5054,"[7, 13, 12, 11]",0.0,0.0,1.0
596,An interview with Dr.William Pierce from 18 years ago.... ,"[1, 0, 0, 0]","[0, 0, 0, 0]","[1, 0, 0, 0]","[1, 0, 0, 0]",5524,"[7, 13, 12, 11]",0.8112781244591328,0.25,0.75
165,Credit Vlad Tepesblog Interview with club owner where 15 to 20 migrants attacked patrons with weapons 1080p https://youtu.be/ere-6mGE-oE,"[0, 0, 0, 0, 1]","[0, 0, 0, 0, 1]","[0, 0, 0, 0, 1]","[0, 0, 0, 0, 0]",18132,"[4, 15, 10, 8, 14]",0.7219280948873623,0.2,0.8
918,"@blonde_beast . Apparently our ""fathers"" were bankers. Who knew? ","[0, 0, 0, 0]","[0, 0, 0, 0]","[0, 0, 0, 0]","[0, 0, 0, 0]",26255,"[7, 13, 12, 11]",0.0,0.0,1.0
495,Oh please....I have a weak tummy! (lol),"[0, 0, 0, 0]","[0, 0, 0, 0]","[0, 0, 0, 0]","[0, 0, 0, 0]",8094,"[2, 7, 12, 11]",0.0,0.0,1.0
824,BREAKING: Facebook says 50 million user accounts have been affected by a security breach.,"[0, 0, 0, 0]","[0, 0, 0, 0]","[0, 0, 0, 0]","[0, 0, 0, 0]",12816,"[2, 7, 12, 11]",0.0,0.0,1.0
65,The usually no comment FBI is providing cover for this news. http://www.foxnews.com/politics/2018/08/30/gohmert...,"[0, 0, 0, 0, 1]","[0, 0, 0, 0, 1]","[0, 0, 0, 0, 0]","[0, 0, 0, 0, 0]",6975,"[4, 15, 10, 8, 14]",0.7219280948873623,0.2,0.8
141,"Stick with Obamacare. See my previous post re anecdotal observations versus methodical observations and their bearing, or non-bearing, on the relevance of the data.","[0, 0, 0, 0, 0]","[0, 0, 0, 0, 0]","[0, 0, 0, 0, 0]","[0, 0, 0, 0, 0]",16511,"[4, 15, 10, 8, 14]",0.0,0.0,1.0
925,"Dont we want hate speech laws? It highlights the problem, what am i missing?   Long before hate speech laws white opinions have been silenced, supressed and ostracised.   Ive been trying to get the state to prosecute me under the hate speech laws but they wont.  ","[0, 1, 1, 0]","[0, 1, 1, 0]","[0, 0, 0, 0]","[0, 0, 0, 0]",11949,"[13, 0, 11, 12]",1.0,0.5,0.5
827,I am officially done trying to have peaceful conversation with liberals. They are animals. They deserve to be removed from our republic. Either your believe in America or you are a fucking traitor. Get out of America. You are not welcomed by those of us who love our country.,"[1, 0, 1, 1]","[1, 0, 1, 1]","[1, 0, 0, 1]","[1, 0, 0, 1]",11955,"[4, 15, 10, 8]",0.8112781244591328,0.75,0.25
655,"Before McCain Was Their Hero Fighting Trump, Media Called Him Unhinged Racist https://www.westernjournal.com/ct/mccain-hero-fighting-trump-media-called-unhinged-racist/?utm_source=Twitter&utm_medium=PostSideSharingButtons&utm_content=2018-08-27&utm_campaign=websitesharingbuttons","[0, 0, 0, 0]","[0, 0, 0, 0]","[0, 0, 0, 0]","[0, 0, 0, 0]",25638,"[2, 7, 12, 11]",0.0,0.0,1.0
331,Add this to your arsenal. Make popcorn. Post it on social media. Watch liberal heads explode. Rejoice. | #RedNationRising,"[1, 1, 0, 1]","[1, 1, 0, 1]","[0, 0, 0, 1]","[0, 0, 0, 0]",22104,"[4, 15, 10, 8]",0.8112781244591328,0.75,0.25
664,Seems like we have a possible explanation for why Hillary coughed up green slime during her speech in Ohio.,"[0, 0, 1, 0]","[0, 0, 1, 0]","[0, 0, 0, 0]","[0, 0, 0, 0]",24236,"[2, 7, 12, 11]",0.8112781244591328,0.25,0.75
249,"Shouldn't Gab.ai be hosted outside the USA in say, like Switzerland or Iceland?  Seems to me Gab will be harassed non-stop if it stays in the USA.","[0, 0, 0, 0]","[0, 0, 0, 0]","[0, 0, 0, 0]","[0, 0, 0, 0]",14495,"[4, 15, 10, 8]",0.0,0.0,1.0
907,I intend to call the #RedHen at 1-540-464-4401 tomorrow to express my displeasure at they way they treated #SarahSanders.,"[0, 0, 0, 0]","[0, 0, 0, 0]","[0, 0, 0, 0]","[0, 0, 0, 0]",2930,"[13, 17, 9, 10]",0.0,0.0,1.0
708,"Don't let the invaders in in the first place, and that problem is solved.  Easy-peasy.  #BuildTheWall","[0, 0, 0, 1]","[0, 0, 0, 1]","[0, 0, 0, 0]","[0, 0, 0, 1]",5745,"[4, 15, 10, 8]",0.8112781244591328,0.25,0.75
305,You know its better for the whiskey to be gone then the bullets in this day in age after all we need to cop somewhere with all this Bullshit that just cant go ahead and clash with one another so we can settle our differences and we can all move on for where we must.,"[0, 0, 0, 0]","[0, 0, 0, 0]","[0, 0, 0, 0]","[0, 0, 0, 1]",2213,"[7, 13, 12, 11]",0.0,0.0,1.0
734,"Trump's gentry conservative GOP critics seem to be forever concerned that Trump will cause things to happen that have *already happened* while they had their heads in the sand, to wit, the death of civility, the rise of political violence, & the degradation of 'our institutions.'","[0, 0, 0, 0]","[0, 0, 0, 0]","[0, 0, 0, 0]","[0, 0, 0, 0]",7121,"[4, 15, 10, 8]",0.0,0.0,1.0
975,No more Sally Struthers telethons!,"[0, 0, 0, 0]","[0, 0, 0, 0]","[0, 0, 0, 0]","[0, 0, 0, 0]",5024,"[7, 13, 12, 11]",0.0,0.0,1.0
49,"Play this at my funeral please ;D haa  Best band in the world, ever #BritFam #PinkFloyd","[0, 0, 0, 0, 0]","[0, 0, 0, 0, 0]","[0, 0, 0, 0, 0]","[0, 0, 0, 0, 0]",5547,"[4, 15, 10, 8, 14]",0.0,0.0,1.0
896,Gotta love how you debate and show the world how to loose an argument! ,"[0, 0, 0, 0]","[0, 0, 0, 0]","[0, 0, 0, 0]","[0, 0, 0, 0]",26241,"[7, 13, 12, 11]",0.0,0.0,1.0
2,No humans can deliver God’s word. Read the gospels and interpret them in you heart. After the last apostle died man was on his own. Humans to flawed to preach.,"[0, 0, 0, 0, 0]","[0, 0, 0, 0, 0]","[0, 0, 0, 0, 0]","[0, 0, 0, 0, 0]",1313,"[4, 15, 10, 8, 14]",0.0,0.0,1.0
544,"And people still trust the biased New Yorker, #FakeNews","[0, 1, 0, 0]","[0, 1, 0, 0]","[0, 0, 0, 0]","[0, 0, 0, 0]",20592,"[2, 7, 12, 11]",0.8112781244591328,0.25,0.75
350,"End the animal cruelty laws exemptions given to UK halal & shechita abattoirs Meat killed by religious slaughter is not prepared in Parliament, so MPs know that they are not eating it, unless they specifically request it.So why is it forced on the rest of us? Sign & keep reposting, or it shows we don't care  https://petition.parliament.uk/petitions/218343","[0, 0, 0, 1]","[0, 0, 0, 1]","[0, 0, 0, 0]","[0, 0, 0, 0]",13863,"[4, 15, 10, 8]",0.8112781244591328,0.25,0.75
904,"A lot of folks these days need to read the ""dickshunary""... LOL","[1, 0, 0, 0]","[1, 0, 0, 0]","[0, 0, 0, 0]","[0, 0, 0, 1]",6748,"[7, 13, 12, 11]",0.8112781244591328,0.25,0.75
536,Donald Braveheart https://video.twimg.com/ext_tw_video/8856516377416...,"[0, 0, 0, 0]","[0, 0, 0, 0]","[0, 0, 0, 0]","[0, 0, 0, 0]",18636,"[4, 15, 8, 10]",0.0,0.0,1.0
344,There is no such thing as a 'sex worker'. You are a whore. A prostitute.  Preeeeeety much a cum dumpster.,"[0, 1, 1, 1]","[0, 1, 1, 1]","[0, 0, 0, 0]","[1, 1, 0, 1]",14042,"[4, 15, 10, 8]",0.8112781244591328,0.75,0.25
994,Absolutely!  ,"[0, 0, 0, 0]","[0, 0, 0, 0]","[0, 0, 0, 0]","[0, 0, 0, 0]",2674,"[2, 7, 12, 11]",0.0,0.0,1.0
481,here is the mouthy lefty liberals and of course the pakies trying so hard to stop this  ,"[0, 0, 0, 0]","[0, 0, 0, 0]","[0, 0, 0, 0]","[0, 0, 0, 0]",13963,"[2, 7, 12, 11]",0.0,0.0,1.0
575,STAR SPANGLED BANNER on the 3- STRING SHOVEL GUITAR! | Justin Johnson https://www.youtube.com/watch?v=BaLEaPudJr0,"[0, 0, 0, 0]","[0, 0, 0, 0]","[0, 0, 0, 0]","[0, 0, 0, 0]",19897,"[13, 17, 9, 10]",0.0,0.0,1.0
33,Neil Armstrong Movie Starring Canadian Ryan Gosling Doesn’t Feature planting of American Flag on Moon Surface #BoycottFirstMan https://www.breitbart.com/big-hollywood/2018/08/30...,"[0, 0, 0, 0, 0]","[0, 0, 0, 0, 0]","[0, 0, 0, 0, 0]","[0, 0, 0, 0, 0]",3846,"[4, 15, 10, 8, 14]",0.0,0.0,1.0
31,"I'd Leave! A plan to merge T-Mobile 7 Sprint, 2 billion dollar wireless conglomerates, will result in the loss of nearly 29,000 American jobs, a report by the leading union for communication workers reveals. https://www.breitbart.com/big-government/2018/08/3...","[0, 0, 0, 1, 0]","[0, 0, 0, 1, 0]","[0, 0, 0, 0, 0]","[0, 0, 0, 0, 0]",3844,"[4, 15, 10, 8, 14]",0.7219280948873623,0.2,0.8
231,Isn't it always about protecting us?  Our liberties continue  to be diminished all in the name of safety.  I always ask the questions - who defines fair and who gets to define speech. ,"[0, 0, 0, 0]","[0, 0, 0, 0]","[0, 0, 0, 0]","[0, 0, 0, 0]",27208,"[2, 7, 12, 11]",0.0,0.0,1.0
963,💯😂👍🏻👍🏻👍🏻 Agreed shes fuckin on meds im sure,"[0, 0, 1, 0]","[0, 0, 1, 0]","[0, 0, 0, 0]","[1, 1, 1, 1]",26553,"[2, 7, 12, 11]",0.8112781244591328,0.25,0.75
192,"Man - part animal, part god. Some more god than animal, others more animal than god.","[1, 1, 0, 0, 0]","[1, 1, 0, 0, 0]","[0, 0, 0, 0, 0]","[0, 0, 0, 0, 0]",22178,"[13, 17, 9, 8, 10]",0.9709505944546686,0.4,0.6
333,"https://steempeak.com/fiction/@cheah/the-green-bli... Betrayed by the Sheriff's Department, James Wood and Yuri Yamamoto must fight their way to freedom. THE GREEN BLISS Part 8 is up! #Steemit #SteemPulp #PulpRev #Cyberpunk #Horror #MilSF #SingLit","[0, 0, 0, 0]","[0, 0, 0, 0]","[0, 0, 0, 0]","[0, 0, 0, 0]",15485,"[4, 10, 8, 14]",0.0,0.0,1.0
3,"There is no such thing as a free society , Islam and communism need to go not compatible. If the United States is to survive they must be banned","[0, 0, 1, 1, 0]","[0, 0, 1, 1, 0]","[0, 0, 0, 0, 0]","[0, 0, 0, 0, 0]",1314,"[4, 15, 10, 8, 14]",0.9709505944546686,0.4,0.6
204,"If you can't laugh at this,you might be a liberal progressive.  https://youtu.be/C8vZzP5yvJw","[1, 0, 0, 1, 1]","[1, 0, 0, 1, 1]","[0, 0, 0, 0, 0]","[0, 0, 0, 0, 0]",23085,"[4, 15, 10, 8, 14]",0.9709505944546686,0.6,0.4
514,"Oh, good!  Someone named Pankaj Mishra is here to tell me why my race isn’t worthy of looking after its own interests like everyone else is. https://www.nytimes.com/2018/08/30/opinion/race-po...","[0, 0, 1, 1]","[0, 0, 1, 1]","[0, 0, 0, 0]","[0, 0, 0, 0]",16814,"[4, 15, 10, 8]",1.0,0.5,0.5
799,TERRIFIED Man Records Giant MACHINE UFO Hiding In Sky 4/7/16 ,"[0, 0, 0, 0]","[0, 0, 0, 0]","[0, 0, 0, 0]","[0, 0, 0, 0]",25931,"[7, 13, 12, 11]",0.0,0.0,1.0
306,HA HA okay like ur response.,"[0, 0, 0, 0]","[0, 0, 0, 0]","[0, 0, 0, 0]","[0, 0, 0, 0]",14701,"[2, 7, 12, 11]",0.0,0.0,1.0
109,bill clinton is a rapist,"[0, 1, 1, 0, 0]","[0, 1, 1, 0, 0]","[0, 0, 0, 0, 0]","[0, 0, 0, 0, 1]",11236,"[4, 15, 10, 8, 14]",0.9709505944546686,0.4,0.6
430,@Penllyn‍ @mjrodksu‍ @Sidephase‍ @RaviCrux‍ @DeadMessenger @John77 @FrLemmen‍ @Sidephase  @sine_injuria  How many people has #ThomasMix  the #VeroBeachCrybuly falsely accuse of being a pedophile or pedophile supporter,"[0, 0, 0, 0]","[0, 0, 0, 0]","[0, 0, 0, 0]","[0, 0, 0, 0]",20892,"[4, 15, 10, 8]",0.0,0.0,1.0
77,"Treason May tells her kids ""Don't talk to the neighbours""  https://www.breitbart.com/london/2018/09/14/downing-street-orders-tories-distance-themselves-conservative-hungarian-leader/   Treason resents Orban becoming more powerful, Love that glance from #Hungary #Orban  #EU ? #FU ","[0, 0, 1, 0, 0]","[0, 0, 1, 0, 0]","[0, 0, 0, 0, 0]","[0, 0, 0, 0, 0]",9427,"[13, 11, 3, 6, 16]",0.7219280948873623,0.2,0.8
84,"Yep. She has a bed, but she went straight back to the carrier. I'll leave it as long as she needs. Given the Okra situation, I'm figuring 7-10 days in the bathroom unless closely supervised & probably a while longer at night. She'll be eating in my bath until she's on adult food, anyway. You know I won't rush her.","[0, 0, 0, 0, 0, 0]","[0, 0, 0, 0, 0, 0]","[0, 0, 0, 0, 0, 0]","[0, 0, 0, 0, 0, 0]",9689,"[13, 17, 9, 14, 8, 10]",0.0,0.0,1.0
286,Never leaves home without it.,"[0, 0, 0, 0]","[0, 0, 0, 0]","[0, 0, 0, 0]","[0, 0, 0, 0]",25821,"[7, 13, 12, 11]",0.0,0.0,1.0
82,"I like that she talks about Great Comics and includes herself, 'our job'. That miserable twat wouldn't know great comedy if it slapped her on the ass.","[0, 0, 0, 1, 0, 1]","[0, 0, 0, 1, 0, 1]","[0, 0, 0, 0, 0, 0]","[0, 0, 1, 1, 0, 0]",9687,"[13, 17, 9, 14, 8, 10]",0.9182958340544896,0.3333333333333333,0.6666666666666667
991,"Is there a case for describing Maxine Waters as  “Literally Hitler”? The similarities are striking, at least to Hitler in the early 1930s. She has clearly been triggered by the unexpected result in a closely fought conflict. Her sense sense of injustice has developed into a need to find scapegoats; that she has found in a complicated meld of her racial and political prejudices. Maxine uses the...","[0, 1, 0, 0]","[0, 1, 0, 0]","[0, 0, 0, 0]","[0, 0, 0, 0]",18635,"[4, 15, 8, 10]",0.8112781244591328,0.25,0.75
789,"OK !! TO REPUBLICANS....THIS IS THE ULTIMATE TEST FOR YOU BECAUSE IF YOU LOOSE THIS TIME , 2018 MIDDLE TERM ELECTION YOU REPUBLICANS CAN SAY GOOD BYE SUPPORT FROM US ""WE THE PEOPLE"" ,YOU WILL NEVER SEE OUR ASS VOTING FOR YOU, EVER , YOU WILL BE HISTORY and WILL DIE IN DISGRACE...AMEN.","[0, 0, 0, 0]","[0, 0, 0, 0]","[0, 0, 0, 0]","[1, 0, 0, 0]",208,"[7, 13, 12, 11]",0.0,0.0,1.0
894,"I live in California now and am working to escape in the next several months. Sorry, but there is no way this State is going GOP anytime soon.","[0, 0, 0, 0]","[0, 0, 0, 0]","[0, 0, 0, 0]","[0, 0, 0, 0]",6313,"[4, 15, 8, 10]",0.0,0.0,1.0
398,I find it unbelievable that McSally won over Kelli Ward. what the hell is wrong with AZ. they want another John McCain?,"[0, 0, 0, 0]","[0, 0, 0, 0]","[0, 0, 0, 0]","[1, 0, 0, 0]",22800,"[4, 15, 10, 8]",0.0,0.0,1.0
323,Also I don't think Kurt really got what doing that would entail; putting the country under martial law enforcement means the end of every wiseass local jurisdiction that thinks it gets to ignore the laws it doesn't like. Police departments that tried to resist would become insurrectionists.,"[0, 0, 0, 0]","[0, 0, 0, 0]","[0, 0, 0, 0]","[0, 0, 0, 0]",4061,"[2, 7, 12, 11]",0.0,0.0,1.0
519,Does he legitimately have a chance? Waters gets elected by the ignorant masses who vote her skin color. Can Navarro really make inroads against that?,"[0, 0, 0, 0]","[0, 0, 0, 0]","[0, 0, 0, 0]","[0, 0, 0, 0]",21836,"[7, 13, 12, 11]",0.0,0.0,1.0
916,This veteran could use some prayers right now; his life teeters in the balance as I type this out  https://twitter.com/codeofvets/status/102691531815...  #PrayerRequest #PrayerWarriors #PowerofPrayer #Prayer,"[0, 0, 0, 0]","[0, 0, 0, 0]","[0, 0, 0, 0]","[0, 0, 0, 0]",10732,"[4, 15, 10, 8]",0.0,0.0,1.0
922,How many John McCain funerals yall watch?,"[0, 0, 0, 1]","[0, 0, 0, 1]","[0, 0, 0, 0]","[0, 0, 0, 0]",1181,"[4, 10, 8, 14]",0.8112781244591328,0.25,0.75
5,"By nearly every metric, we're doing better under Trump than Obama:    Unemployment at near record lows   Black unemployment at record lows   GDP higher than its been in years   Taxes lower for most people   Stock exchanges at record highs    So why do the left hate him so much?   🤔🤔🤔","[0, 0, 0, 0, 1]","[0, 0, 0, 0, 1]","[0, 0, 0, 0, 0]","[0, 0, 0, 0, 0]",1442,"[4, 15, 10, 8, 14]",0.7219280948873623,0.2,0.8
731,"In #Soubry's constituency of Broxtowe, the fecal matter is about to hit the rotating blades for Anna...  https://order-order.com/2018/06/23/soubrys-constituency-association-chairman-canvassing-support/","[0, 0, 0, 0]","[0, 0, 0, 0]","[0, 0, 0, 0]","[0, 0, 0, 0]",5162,"[2, 7, 12, 11]",0.0,0.0,1.0
465,#FBI told in 2015 that #HillarysEmails on Illegal personal #homebrewserver were hacked by #China and did nothing! Did lead #Hillary email investigator #Strzok get this warning from the #ICIG ? Did #Comey #McCabe or #Rosenstein know? http://bit.ly/2okpLxJ #politics #DeepState #DraintheSwamp #MAGA,"[0, 0, 0, 0]","[0, 0, 0, 0]","[0, 0, 0, 0]","[0, 0, 0, 0]",3660,"[4, 15, 10, 8]",0.0,0.0,1.0
97,LISTEN: I'm the new co-host on @EDLmedia at 1PM Pacific Time. http://www.blogtalkradio.com/the-english-defence-l...,"[0, 0, 0, 0, 0, 0, 0]","[0, 0, 0, 0, 0, 0, 0]","[0, 0, 0, 0, 0, 0, 0]","[0, 0, 0, 0, 0, 0, 0]",10423,"[13, 17, 9, 4, 14, 8, 10]",0.0,0.0,1.0
266,"New Evidence suggests #LasVegas Shooter #StephenPaddock ran a #CIA #ChildTrafficking Ring.  The appalling LasVegas massacre was never adequately explained, and the smell of a cover up was overwhelming.. 'Alleged Las Vegas shooter, Stephen Paddock, ran a drug running and child trafficking company – making millions of dollars in the process – according to explosive new evidence that threate...","[0, 0, 0, 0]","[0, 0, 0, 0]","[0, 0, 0, 0]","[0, 0, 0, 0]",8920,"[4, 15, 10, 8]",0.0,0.0,1.0
357,"#CodeRed folks! We are having a literal zombie epidemic. The hate, the vitriol, the mindless slobbering and blabbering. The screaming and the gesturing. Pushing tripping and shoving. Spitting and throwing. These people have LOST their humanity. This is what the #FakeNews media has done to us. #LowIQ #UsefulIdiots on the warpath. We must not engage. We must let this fire burn itself to the ground....","[0, 1, 0, 0]","[0, 1, 0, 0]","[0, 0, 0, 0]","[0, 0, 0, 0]",23952,"[4, 15, 10, 8]",0.8112781244591328,0.25,0.75
868,"@Justin__Xu India is even more fun: ""Central Bank of India"" is a commercial bank. https://kek.gg/u/ydPK","[0, 0, 0, 0]","[0, 0, 0, 0]","[0, 0, 0, 0]","[0, 0, 0, 0]",9716,"[2, 7, 12, 11]",0.0,0.0,1.0
798,"In fact, all things considered, really shutting down the Federal government is the best single solution to restoring liberty, the rule of law and our Constitution and ensuring a free and prosperous America. - J.J. Sefton  #MAGA #ShutItDown","[0, 0, 0, 0]","[0, 0, 0, 0]","[0, 0, 0, 0]","[0, 0, 0, 0]",14608,"[4, 15, 10, 8]",0.0,0.0,1.0
380,Try over 200 MILLION. Your figures are waay off.,"[0, 0, 0, 0]","[0, 0, 0, 0]","[0, 0, 0, 0]","[0, 1, 0, 0]",26504,"[6, 7, 11, 3]",0.0,0.0,1.0
631,"Conversations are the mine fields in America’s politics. A candidate, even a well-meaning Democrat, opens his mouth at his own risk. He might think he knows words and what they mean, but what he doesn’t know is that everyone gets to play Humpty-Dumpty with Alice in Wonderland. https://www.washingtontimes.com/news/2018/aug/30/t...","[0, 0, 1, 0]","[0, 0, 1, 0]","[0, 0, 0, 0]","[0, 0, 0, 1]",4356,"[4, 10, 8, 14]",0.8112781244591328,0.25,0.75
381,@a What's up with all the foreign language comments getting so many views? Something stinks here.,"[0, 0, 0, 0]","[0, 0, 0, 0]","[0, 0, 0, 0]","[0, 0, 0, 0]",12483,"[4, 15, 10, 8]",0.0,0.0,1.0
490,"The Ugly This priest up for the down-low, offering ‘gay retreats’ and ‘imagining Jesus Christ as gay.’ https://josephsciambra.com/priest-that-said-imagin... Rampant homosexuality in the priesthood is ongoing, even celebrated and promoted. It is wrong.","[0, 0, 0, 1]","[0, 0, 0, 1]","[0, 0, 0, 0]","[0, 0, 0, 1]",2717,"[4, 15, 10, 8]",0.8112781244591328,0.25,0.75
118,Am I the only one who feels that games made by SJWs tend to have very little actual gameplay like with a visual novel? I'm not ragging on visual novels or anything (love nekopara) but it's just something I noticed.,"[0, 0, 0, 0, 0]","[0, 0, 0, 0, 0]","[0, 0, 0, 0, 0]","[0, 0, 0, 0, 0]",12216,"[4, 15, 10, 8, 14]",0.0,0.0,1.0
900,"""It's their life bro, so what if they want to fuck kids. It doesn't affect me."" Am I doing it right? ","[0, 0, 0, 0]","[0, 0, 0, 0]","[0, 0, 0, 0]","[0, 1, 1, 1]",8237,"[7, 2, 12, 11]",0.0,0.0,1.0
250,"The destruction of NC state property could have been prevented when Silent Sam was destroyed, had police chief Chris Blue not gave stand down orders. Broward isn't the only county with a coward. | #RedNationRising","[0, 0, 0, 0]","[0, 0, 0, 0]","[0, 0, 0, 0]","[1, 0, 0, 0]",22109,"[4, 15, 10, 8]",0.0,0.0,1.0
523,"You're so Jew cucked you can't even see straight.  I said despite seeing Hellstorm you still can't find empathy.  What is your ethics code with lying and blaming it on someone else?  Please elaborate on the ""virtues"" of the Katyn Massacre cover up. ","[1, 1, 1, 1]","[1, 1, 1, 1]","[0, 0, 0, 0]","[1, 1, 0, 0]",9552,"[13, 0, 11, 12]",0.0,1.0,0.0
9,"Socialists have been claiming for a century or more that Capitalism doesn't have the facts on its side.  Losing that argument, they now claim that facts don't matter.  Rinse and repeat.","[1, 0, 0, 1, 1]","[1, 0, 0, 1, 1]","[0, 0, 0, 0, 0]","[0, 0, 0, 0, 0]",2061,"[4, 15, 10, 8, 14]",0.9709505944546686,0.6,0.4
196,"Why aren't Democrats holding rallies to compete with Trump's massive cheering crowds? Two reasons, in my opinion:   1.They keep telling themselves, and everyone else, that rallies don't matter. To do so would be admitting that they do matter, and playing by his rules.   2.They have no one on their side that can draw a crowd like he can. They don't want be embarrassed, and exposed by tryin...","[1, 0, 0, 1, 1]","[1, 0, 0, 1, 1]","[0, 0, 0, 0, 0]","[0, 0, 0, 0, 0]",22240,"[4, 15, 10, 8, 14]",0.9709505944546686,0.6,0.4
603,Another shit talking Nigger that needs a bullet in his head. 😠😠😠😠,"[1, 1, 1, 1]","[1, 0, 1, 1]","[1, 1, 1, 1]","[1, 0, 1, 1]",11199,"[2, 7, 12, 11]",0.0,1.0,0.0
81,"Idiotic Liberal Logic - or lack thereofI've known OP for 30+ yrs, thus the obscured names. Given his new avatar, I'm going to have to give him the boot, but I thought I'd screen grab this piece of stupidity from one of his rabid libtard friends. Libs cannot see the inherent contradictions in what they say.  https://kek.gg/i/4wkzyV.png","[1, 1, 1, 1, 1, 0]","[1, 1, 1, 1, 1, 0]","[0, 1, 0, 1, 0, 0]","[1, 1, 1, 0, 1, 0]",9686,"[13, 17, 9, 14, 8, 10]",0.6500224216483541,0.8333333333333334,0.16666666666666663
783,"Failed shill, nothing to say....pathetic!  Your very bad at this!","[0, 0, 0, 0]","[0, 0, 0, 0]","[0, 0, 0, 0]","[1, 0, 0, 0]",10106,"[7, 13, 12, 11]",0.0,0.0,1.0
587,Ballistic knives are a great weapon for self defense,"[0, 0, 0, 0]","[0, 0, 0, 0]","[0, 0, 0, 0]","[0, 0, 0, 0]",15577,"[7, 13, 12, 11]",0.0,0.0,1.0
797,This can ONLY open the door to better Voter ID laws ,"[0, 0, 0, 0]","[0, 0, 0, 0]","[0, 0, 0, 0]","[0, 0, 0, 0]",980,"[7, 13, 12, 11]",0.0,0.0,1.0
239,"Don't hold your breath, IG=SES, Top DOJ + FBI=SES ","[0, 0, 0, 0]","[0, 0, 0, 0]","[0, 0, 0, 0]","[0, 0, 0, 0]",2627,"[2, 7, 12, 11]",0.0,0.0,1.0
290,"They should be prosecuted for stalking and unlawful surveillance. But, Twatter warned everyone that they were going to stalk and surveil them and those that stayed basically said, ""Yeah, you have permission to stalk me"".  ","[0, 0, 0, 0]","[0, 0, 0, 0]","[0, 0, 0, 0]","[0, 0, 0, 0]",19936,"[2, 7, 12, 11]",0.0,0.0,1.0
211,How many original beta testers still out there? I've been here since October 2016.  #OG  Get you gab shirt here https://shop.gab.ai/  @shop,"[0, 0, 0, 0, 0, 0, 0]","[0, 0, 0, 0, 0, 0, 0]","[0, 0, 0, 0, 0, 0, 0]","[0, 0, 0, 0, 0, 0, 0]",24148,"[13, 17, 9, 4, 14, 8, 10]",0.0,0.0,1.0
717,Hateful hateful people. Supremists like this need jailing but wont be because our traitorous government protect them!,"[0, 0, 0, 0]","[0, 0, 0, 0]","[0, 0, 0, 0]","[0, 0, 0, 0]",27212,"[7, 13, 12, 11]",0.0,0.0,1.0
359,Nah.......College would be FREE for EVERYONE.........AT NO COST........,"[0, 0, 0, 0]","[0, 0, 0, 0]","[0, 0, 0, 0]","[0, 0, 0, 0]",16724,"[2, 7, 12, 11]",0.0,0.0,1.0
449,"Notice the hyperbolic language surrounding the #Jacksonville shooting incident. Of all the gaming events that occur nationwide every year, how many of these have had a shooting incident in the last 10 years? A couple?","[0, 0, 0, 0]","[0, 0, 0, 0]","[0, 0, 0, 0]","[0, 0, 0, 0]",4736,"[4, 15, 10, 8]",0.0,0.0,1.0
227,Modern society would put Sodom and Gomorrah to shame.,"[0, 0, 0, 0]","[0, 0, 0, 0]","[0, 0, 0, 0]","[0, 0, 0, 0]",1373,"[2, 7, 12, 11]",0.0,0.0,1.0
950,Nedbank advises those who have loans will still be liable AFTER their la... https://youtu.be/qTg83tqa7BA  #GabFam #Gab #BritFam #UK,"[0, 0, 0, 0]","[0, 0, 0, 0]","[0, 0, 0, 0]","[0, 0, 0, 0]",14690,"[4, 15, 10, 8]",0.0,0.0,1.0
946,Are Preppers Terrorists ? https://www.youtube.com/watch?v=fsGj9PsWtZ8  #GabFam #Gab #BritFam #UK,"[0, 0, 1, 1]","[0, 0, 1, 1]","[0, 0, 0, 0]","[0, 0, 0, 0]",14687,"[4, 15, 10, 8]",1.0,0.5,0.5
796,"Silicon Valley is intolerant, and they are the aggressors in our culture war.","[0, 0, 1, 0]","[0, 0, 1, 0]","[0, 0, 0, 0]","[0, 0, 0, 0]",396,"[4, 15, 8, 10]",0.8112781244591328,0.25,0.75
501,BUZZ ALDRIN ADMITS TO AN 8-YEAR-OLD GIRL THAT NASA NEVER WENT TO THE MOON https://youtu.be/jRlqo7ZofDo,"[0, 0, 0, 0]","[0, 0, 0, 0]","[0, 0, 0, 0]","[0, 0, 0, 0]",21062,"[7, 2, 12, 11]",0.0,0.0,1.0
464,"This dipshit is another Neo Con or ADL shill on Gab now to destroy it by 1000 cuts. They claim they want free speech but bitch about the free speech that is on here. Same way twitter started going down the road of censorship. Starts off innocent enough, Hey have to get those Nazi's off here. Clean it up for the normal decent folk. Then the slippery slope begins.","[0, 0, 0, 1]","[0, 0, 0, 1]","[0, 0, 0, 0]","[1, 0, 0, 0]",7288,"[4, 15, 10, 8]",0.8112781244591328,0.25,0.75
362,I'd wager we don't disagree on much,"[0, 0, 0, 0]","[0, 0, 0, 0]","[0, 0, 0, 0]","[0, 0, 0, 0]",12038,"[7, 13, 12, 11]",0.0,0.0,1.0
468,"Not to mention the ""We don't know how we missed the whole Soviet collapse thingy"" or the ""Let's try the wait it out strategy to get rid of Castro""","[0, 0, 0, 0]","[0, 0, 0, 0]","[0, 0, 0, 0]","[0, 0, 0, 0]",5736,"[7, 2, 12, 11]",0.0,0.0,1.0
935,"The Guardian's fury at Aung San Suu Kyi is LOL. She's 'fallen from grace' and been 'undone' they say, i.e. they thought she was a sappy pro-Islamic leftist like them but actually she's a Myanmari nationalist. https://www.theguardian.com/commentisfree/2018/aug...","[0, 0, 0, 1]","[0, 0, 0, 1]","[0, 0, 0, 0]","[0, 0, 0, 0]",15369,"[4, 15, 10, 8]",0.8112781244591328,0.25,0.75
428,https://www.youtube.com/watch?v=7sgHIrts8EQ  ,"[0, 0, 0, 0]","[0, 0, 0, 0]","[0, 0, 0, 0]","[0, 0, 0, 0]",6852,"[7, 13, 12, 11]",0.0,0.0,1.0
7,Study: Google Pushes Liberal News in Top 5 Search Suggestions via @descarteslover http://bit.ly/2NAEfo6,"[0, 0, 0, 0, 0]","[0, 0, 0, 0, 0]","[0, 0, 0, 0, 0]","[0, 0, 0, 0, 0]",2059,"[4, 15, 10, 8, 14]",0.0,0.0,1.0
155,It didn’t start with the Southern Poverty Law Center: the global jihad has always been aided by Useful Idiots https://www.jihadwatch.org/2018/08/it-didnt-start-... #AgendaOfEvil,"[1, 0, 0, 1, 1]","[1, 0, 0, 1, 1]","[0, 0, 0, 0, 0]","[0, 1, 0, 0, 0]",17164,"[4, 15, 10, 8, 14]",0.9709505944546686,0.6,0.4
541,South Africans Live in a Dangerous Gated World https://youtu.be/MEDIeBUAEVk via @YouTube,"[0, 0, 0, 0]","[0, 0, 0, 0]","[0, 0, 0, 0]","[0, 0, 0, 0]",9931,"[7, 13, 12, 11]",0.0,0.0,1.0
440,They want to hide the superior and display the inferior. It is 1000% envy.,"[0, 1, 0, 0]","[0, 1, 0, 0]","[0, 0, 0, 0]","[0, 0, 0, 0]",17127,"[2, 7, 12, 11]",0.8112781244591328,0.25,0.75
482,Gab has a Tor network (Onion Browser) address does it not? ,"[0, 0, 0, 0]","[0, 0, 0, 0]","[0, 0, 0, 0]","[0, 0, 0, 0]",4407,"[7, 2, 12, 11]",0.0,0.0,1.0
422,"This is an absolutely fascinating article about Jo Cox, the things she was involved with and the people she was associated with. I highly recommend you take the time to read it. I wonder how many of her constituents knew any of this before voting her in? https://www.mintpressnews.com/jo-cox-assassination...","[0, 0, 0, 0]","[0, 0, 0, 0]","[0, 0, 0, 0]","[0, 0, 0, 0]",9538,"[4, 15, 10, 8]",0.0,0.0,1.0
778,"Yup, the ""sickos"" are pointing the fingers.","[0, 0, 0, 0]","[0, 0, 0, 0]","[0, 0, 0, 0]","[0, 1, 0, 0]",13171,"[2, 7, 12, 11]",0.0,0.0,1.0
949,Coulter gets it right.  Let Iran deal with Iran.  Give us our wall!,"[0, 0, 0, 0]","[0, 0, 0, 0]","[0, 0, 0, 0]","[0, 0, 0, 0]",10935,"[7, 13, 12, 11]",0.0,0.0,1.0
334,"Same shit, different day. Too bad we don`t have Hillary in power, The survivors would be covering like starving dogs in perpetual winter as the nuclear clouds drifted across the planet. ","[0, 0, 0, 0]","[0, 0, 0, 0]","[0, 0, 0, 0]","[0, 0, 0, 1]",2517,"[7, 13, 12, 11]",0.0,0.0,1.0
576,So much for Florida being a pro-gun state.  I just love knee jerk reactions.  The law of unintended consequences strikes again: https://bearingarms.com/tom-k/2018/07/31/hundreds-...,"[0, 0, 0, 0]","[0, 0, 0, 0]","[0, 0, 0, 0]","[0, 0, 0, 0]",24592,"[4, 15, 10, 8]",0.0,0.0,1.0
934,Tell us how you really feel. 🤣,"[0, 0, 0, 0]","[0, 0, 0, 0]","[0, 0, 0, 0]","[0, 0, 0, 0]",15172,"[2, 7, 12, 11]",0.0,0.0,1.0
567,What do Politicians & Priestshave in common❓ A Two-Tier Justice system #fboLoud #tcot #maga #Pontifex #Shame #TrumpTrain #tpot #AmericaFirst #Patriot #TrumpsArmy #Trump2020 http://fboLoud.com,"[0, 0, 0, 0]","[0, 0, 0, 0]","[0, 0, 0, 0]","[0, 0, 0, 0]",9996,"[4, 15, 10, 8]",0.0,0.0,1.0
594,MAGA? You fools wouldn't know the truth of that idea if it bit you on the ass.,"[1, 0, 0, 0]","[1, 0, 0, 0]","[0, 0, 0, 0]","[1, 0, 0, 1]",27588,"[7, 13, 12, 11]",0.8112781244591328,0.25,0.75
530,someone with a twitter account send this photo to the judge that kangaroo courted Tommy Robinson to 13 months. If the judge is smart he will know what this painting represents. ,"[0, 0, 0, 0]","[0, 0, 0, 0]","[0, 0, 0, 0]","[0, 0, 0, 0]",9059,"[2, 7, 12, 11]",0.0,0.0,1.0
581,what is with all these shootings with no known motive? it’s probably mental health.,"[0, 0, 0, 0]","[0, 0, 0, 0]","[0, 0, 0, 0]","[0, 0, 0, 0]",5130,"[2, 7, 12, 11]",0.0,0.0,1.0
707,Is anyone here surprised by this? Senator (((Brian Schatz))) (D-HI) supports #SarahJeong and #WhiteGenocideAt least the Dems are finally coming out of the closet as White-haters! https://twitter.com/brianschatz/status/10255774559...,"[1, 0, 0, 1]","[1, 0, 0, 1]","[0, 0, 0, 0]","[0, 0, 0, 1]",24758,"[4, 15, 10, 8]",1.0,0.5,0.5
448,"one thing that some don't know is in spain they think people from mexico and south america and cuba are lower forms of life ,reason there not spainish and   not white this is true i have heard this before,you find racism every part of the world .","[1, 0, 0, 0]","[1, 0, 0, 0]","[0, 0, 0, 0]","[0, 0, 0, 0]",8311,"[7, 13, 12, 11]",0.8112781244591328,0.25,0.75
453,Check out the hot #DemocratOnDemocrat racism!,"[0, 0, 0, 0]","[0, 0, 0, 0]","[0, 0, 0, 0]","[0, 0, 0, 0]",17490,"[4, 15, 10, 8]",0.0,0.0,1.0
228,"Personally,  I wouldn't trust the Five Eyes as far as I could throw them, to use their powers wisely.  It's too tempting to go all totalitarian,  thought police with that sort of power.  https://www.conservatives.org.au/five_eyes_speak_a...","[0, 0, 0, 1]","[0, 0, 0, 1]","[0, 0, 0, 0]","[0, 0, 0, 0]",15910,"[4, 15, 10, 8]",0.8112781244591328,0.25,0.75
352,Shocking Poll: Millennials Really Love Obama But Don’t Know Why ,"[0, 0, 0, 0]","[0, 0, 0, 0]","[0, 0, 0, 0]","[0, 0, 0, 0]",25736,"[2, 7, 12, 11]",0.0,0.0,1.0
728,Don't forget: Lex Luthor isn't the bad guy. He's just a Capitalist. Superman is the goodie two shoes illegal alien who pretends to be patriotic while pushing socialist propaganda.,"[1, 0, 0, 1]","[1, 0, 0, 1]","[0, 0, 0, 0]","[0, 0, 0, 0]",7430,"[4, 15, 10, 8]",1.0,0.5,0.5
212,Here's a titanium muzzle break I'm working on for my .458 socom build. I haven't threaded it or finished the bore. .458 socom barrels have either 5/8-24 or 3/4-24 threads and I haven' purchased one yet. #2A,"[0, 0, 0, 0, 0, 0]","[0, 0, 0, 0, 0, 0]","[0, 0, 0, 0, 0, 0]","[0, 0, 0, 0, 0, 0]",24150,"[13, 17, 9, 4, 8, 10]",0.0,0.0,1.0
79,"Gorgeous kitty! I haven't had a gray cat since my very first cat when I was a young kid. I forgot how pretty their fur is, especially when the light hits it.","[0, 0, 0, 0, 0, 0]","[0, 0, 0, 0, 0, 0]","[0, 0, 0, 0, 0, 0]","[0, 0, 0, 0, 0, 0]",9684,"[13, 17, 9, 14, 8, 10]",0.0,0.0,1.0
148,IT’S A GREAT TIME TO VISIT PARIS now that there are so many empty seats on flights and bargains on hotel rooms http://barenakedislam.com/2018/08/31/its-a-great-t... #AgendaOfEvil,"[0, 0, 0, 0, 1]","[0, 0, 0, 0, 1]","[0, 0, 0, 0, 0]","[0, 0, 0, 0, 0]",17157,"[4, 15, 10, 8, 14]",0.7219280948873623,0.2,0.8
302,"Never Trumpers peddaling their conspiracy. Just look at the cast of characters present in the film. No Name, McMuffin, Killary... https://www.thegatewaypundit.com/2018/08/nasty-joh...","[0, 0, 0, 0]","[0, 0, 0, 0]","[0, 0, 0, 0]","[0, 0, 0, 0]",1973,"[4, 15, 10, 8]",0.0,0.0,1.0
628,"🌻 DEFEND 🌻 EUROPA 🌻  A nation consists of its blood & soil: An ethnically homogeneous people & the soil they cultivate, the domain that provides shelter, refuge & nourishment from the soil where their ancestors lie buried.","[0, 0, 0, 0]","[0, 0, 0, 0]","[0, 0, 0, 0]","[0, 0, 0, 0]",9938,"[4, 15, 10, 8]",0.0,0.0,1.0
777,Only the kikes are the ones who aren't religious but a race conning people into believing they are a religion. Perhaps the pope is a crypto kike,"[1, 0, 0, 1]","[1, 0, 0, 1]","[0, 0, 0, 0]","[0, 0, 0, 1]",15014,"[2, 7, 12, 11]",1.0,0.5,0.5
506,"LOL, Reddit is filling up with memes right now that are based on this photo!","[0, 0, 0, 0]","[0, 0, 0, 0]","[0, 0, 0, 0]","[0, 0, 0, 0]",26771,"[7, 13, 12, 11]",0.0,0.0,1.0
342,"Boris vs the Burqa. The UK is starting to have their Trump movement. Interesting line: the “liberal democrat” model...is really just communism without the secret police, the bread queues and gulags. https://www.breitbart.com/london/2018/08/12/boris-...","[1, 0, 0, 1]","[1, 0, 0, 1]","[0, 0, 0, 0]","[0, 0, 0, 0]",21760,"[4, 15, 10, 8]",1.0,0.5,0.5
485,Only Rush Limbaugh ever talks about the damage immigration is doing to America. Why I listen to Rush over others. Only Rush speaks the truth about Islam. Why he is more valuable than the Statue of Liberty,"[0, 0, 0, 0]","[0, 0, 0, 0]","[0, 0, 0, 0]","[0, 0, 0, 0]",10116,"[7, 13, 12, 11]",0.0,0.0,1.0
711,Real peace=the possibility of prosperity for ALL,"[0, 0, 0, 0]","[0, 0, 0, 0]","[0, 0, 0, 0]","[0, 0, 0, 0]",10213,"[2, 7, 12, 11]",0.0,0.0,1.0
133,"I suggest you get the 'Twitchy' app. All the Twitter insanity available so we can poke fun in one place. Plus it links to Twitter, but maybe not for long. Remember how sarcasm and ironic humor affect Lefties, & do it today...","[0, 0, 0, 0, 0]","[0, 0, 0, 0, 0]","[0, 0, 0, 0, 0]","[0, 0, 0, 0, 0]",13810,"[4, 15, 10, 8, 14]",0.0,0.0,1.0
703,We've added Bungou Stray Dogs - Dead Apple to our Live Stream Events channel. Grab your popcorn and watch the Armed Detective Agency try to solve their biggest case yet. ,"[0, 0, 0, 0]","[0, 0, 0, 0]","[0, 0, 0, 0]","[0, 0, 0, 0]",5521,"[2, 7, 12, 11]",0.0,0.0,1.0
311,Watch the video. ,"[0, 0, 0, 0]","[0, 0, 0, 0]","[0, 0, 0, 0]","[0, 0, 0, 0]",26705,"[2, 7, 12, 11]",0.0,0.0,1.0
722,Miles Davis ~ Vienna | Live Stadthalle Ganzes Konzert 1973 ,"[0, 0, 0, 0]","[0, 0, 0, 0]","[0, 0, 0, 0]","[0, 0, 0, 0]",14890,"[2, 7, 12, 11]",0.0,0.0,1.0
629,Maybe if they'd LOCK HER THE HELL UP she wouldn't be on live TV spewing more of her filth!  ,"[0, 0, 1, 0]","[0, 0, 1, 0]","[0, 0, 0, 0]","[0, 0, 1, 0]",11249,"[7, 13, 12, 11]",0.8112781244591328,0.25,0.75
0,Well... fuck you too Spotify. A disgusting picture designed to humiliate the White people of Australia...,"[1, 0, 0, 1, 1]","[1, 0, 0, 1, 1]","[0, 0, 0, 0, 0]","[1, 1, 0, 0, 1]",761,"[15, 4, 10, 8, 14]",0.9709505944546686,0.6,0.4
316,"John McCain hasn’t had a conversation with an American voter in ten years.  He doesn’t have a clue, nor does he care, what American citizens want.","[1, 0, 0, 1]","[1, 0, 0, 1]","[0, 0, 0, 0]","[0, 1, 0, 0]",27524,"[6, 7, 11, 3]",1.0,0.5,0.5
706,South Africa Communist Party SACP: Zuma is our mistake.  The communists are apparently assuming the blame for South Africa's demise.  @alternative_right @ANV @seamrog @arquatrix @KMGVictoria @TomKawszynski  https://mg.co.za/article/2015-06-25-sacp-our-zuma-...,"[0, 0, 0, 1]","[0, 0, 0, 1]","[0, 0, 0, 0]","[0, 0, 0, 0]",19321,"[4, 15, 10, 8]",0.8112781244591328,0.25,0.75
547,"You do understand the term hypocrite? Because your entire ""argument"" was a litany of worn out insults. Up your game, because that shit is weak as fuck.","[0, 0, 0, 0]","[0, 0, 0, 0]","[0, 0, 0, 0]","[1, 1, 0, 1]",13801,"[2, 7, 12, 11]",0.0,0.0,1.0
872,"4 out of 5 blacks are knee-jerk Never Trumpers. Nothing is going to change that. The sooner Civic Nationalists realize it's the Sailer Strategy or bust, the better https://anepigone.blogspot.com/2018/08/the-one-fif...","[0, 0, 0, 1]","[0, 0, 0, 1]","[0, 0, 0, 0]","[0, 0, 0, 0]",24619,"[4, 15, 10, 8]",0.8112781244591328,0.25,0.75
532,"This whole story is so absurd. None of these animals should be in the USA in the first place, and their anchor babies shouldn't be citizens. We don't just need to repeal birthright citizenship, we need to have a way of stripping citizenship from the spawn of foreign nationals.","[0, 1, 0, 1]","[0, 1, 0, 1]","[0, 0, 0, 0]","[0, 1, 0, 1]",27319,"[4, 15, 10, 8]",1.0,0.5,0.5
477,We know Obama has already lawyered up. Rumors has it Schiff is on suicide watch.🤔🤔 ,"[0, 0, 0, 0]","[0, 0, 0, 0]","[0, 0, 0, 0]","[0, 0, 1, 0]",23376,"[2, 7, 12, 11]",0.0,0.0,1.0
404,"More news on the corruption and bungling that is (unexpectedly!) infesting the Trillion Dollar Turkey F-35 program:  https://www.pogo.org/investigation/2018/08/f-35-pr...  Read the whole thing to see how badly we're being fleeced by the Military Industrial Complex on this one, ALIS, for starters...","[0, 0, 0, 0]","[0, 0, 0, 0]","[0, 0, 0, 0]","[0, 0, 0, 0]",16947,"[4, 15, 10, 8]",0.0,0.0,1.0
172,"I call bullshit. #GabFrancais 'French newspaper Le Parisien and BFM TV said the young comedian alleged that Depardieu assaulted her on August 7 and August 13 at his Parisian home.' So she willing went to his home, TWO TIMES, and claims she was assaulted... http://time.com/5383705/gerard-depardieu-accused-r...","[0, 1, 0, 0, 0]","[0, 1, 0, 0, 0]","[0, 0, 0, 0, 0]","[1, 0, 0, 0, 1]",19257,"[4, 15, 10, 8, 14]",0.7219280948873623,0.2,0.8
125,"no, some people do behave like animals and its funny how certain groups or races so to speak have a really distinct way of behaving that is indeed more primitive or advanced than others, although its not something we use a lot to talk about people, being racist is calling black people monkeys, not relating them to something that has been used as a slur 4 centuries","[1, 1, 1, 1, 1]","[1, 1, 1, 1, 1]","[0, 0, 0, 0, 0]","[0, 0, 0, 0, 1]",13697,"[4, 15, 10, 8, 14]",0.0,1.0,0.0
394,"My video about March 4th, 2017 and interview with Keith of Patriot Warrior Media about that day (he was there, filming). https://www.bitchute.com/video/SHNnvxZ2Cds/","[0, 0, 0, 0]","[0, 0, 0, 0]","[0, 0, 0, 0]","[0, 0, 0, 0]",25170,"[7, 13, 12, 11]",0.0,0.0,1.0
420,John McCain is Dead -- Good Fucking Riddance.https://youtu.be/lsu7wiodruk,"[0, 1, 0, 0]","[0, 1, 0, 0]","[0, 0, 0, 0]","[1, 0, 0, 0]",17551,"[4, 15, 10, 8]",0.8112781244591328,0.25,0.75
552,Throw every one of the traitor son of a bitches off the bench and hang them RFN!!!!!!!!!!!!!!!! ,"[1, 0, 1, 0]","[1, 0, 0, 0]","[1, 0, 1, 0]","[1, 1, 0, 1]",8507,"[2, 7, 12, 11]",1.0,0.5,0.5
903,An alternative to patriarchy is impossible. ,"[0, 0, 0, 0]","[0, 0, 0, 0]","[0, 0, 0, 0]","[0, 0, 0, 0]",14050,"[7, 2, 12, 11]",0.0,0.0,1.0
90,"So starting tomorrow, I'll have 11 days of peace and quiet in the house while the family goes on vacation.  Could use any and all cheers, thoughts, prayers, whatever, cause I'd like to enjoy myself without getting plastered and hangover-sleeping the whole time away.","[0, 0, 0, 0, 0, 0, 0]","[0, 0, 0, 0, 0, 0, 0]","[0, 0, 0, 0, 0, 0, 0]","[0, 0, 0, 0, 1, 0, 0]",9913,"[13, 17, 9, 4, 14, 8, 10]",0.0,0.0,1.0
939,"A search??? Read some old history books as I do! I know the word ""book"" is a 4 letter word to all of you 21st century intellects!! Real American history can be found at www.wallbuilders.com / www.AmericanMinute.com / www.providenceforum.org / www.providencefoundation.com   ***If you are an honest person.  ","[0, 0, 0, 0]","[0, 0, 0, 0]","[0, 0, 0, 0]","[0, 0, 0, 0]",10775,"[2, 7, 12, 11]",0.0,0.0,1.0
181,Interesting that q means 'every' in the health field.  #WWG1WGA,"[0, 0, 0, 0, 0, 0]","[0, 0, 0, 0, 0, 0]","[0, 0, 0, 0, 0, 0]","[0, 0, 0, 0, 0, 0]",21699,"[13, 9, 4, 14, 8, 10]",0.0,0.0,1.0
274,Watch 'Trump Declares All-Out War Against Google Censorship' on YouTube  https://youtu.be/TFbrMY86AeM,"[0, 0, 0, 0]","[0, 0, 0, 0]","[0, 0, 0, 0]","[0, 0, 0, 0]",12148,"[4, 15, 10, 8]",0.0,0.0,1.0
895,Ever noticed how the hatred displayed by a Democrat is equivalent to the hatred displayed by a radical Muslim? The only difference between the two is attire. | #RedNationRising,"[1, 0, 0, 1]","[1, 0, 0, 1]","[0, 0, 0, 0]","[0, 0, 0, 0]",22102,"[4, 15, 10, 8]",1.0,0.5,0.5
69,"So #Tesla just met its production goal without even a factory in which to work.    Wow, that's in-tents.","[0, 0, 0, 0, 0, 0]","[0, 0, 0, 0, 0, 0]","[0, 0, 0, 0, 0, 0]","[0, 0, 0, 0, 0, 0]",7944,"[13, 17, 9, 4, 8, 10]",0.0,0.0,1.0
291,"Oops, got suspended on twitter for suggesting adults sexually attracted to babies should get offed","[0, 0, 0, 0]","[0, 0, 0, 0]","[0, 0, 0, 0]","[0, 0, 0, 0]",8497,"[4, 15, 10, 8]",0.0,0.0,1.0
131,"Peace isn’t free, it will cost the corrupt everything.","[0, 0, 0, 0, 0]","[0, 0, 0, 0, 0]","[0, 0, 0, 0, 0]","[0, 0, 0, 0, 0]",13779,"[4, 15, 10, 8, 14]",0.0,0.0,1.0
300,Brexit: EU demands veto over UK trade deals with other countries for two years after Britain leaves http://ow.ly/fGyv30hNLvo,"[0, 0, 0, 0]","[0, 0, 0, 0]","[0, 0, 0, 0]","[0, 0, 0, 0]",19477,"[2, 7, 12, 11]",0.0,0.0,1.0
424,Making America Great Again - one day at a time!!,"[0, 0, 0, 0]","[0, 0, 0, 0]","[0, 0, 0, 0]","[0, 0, 0, 0]",2966,"[4, 15, 10, 8]",0.0,0.0,1.0
326,"Yo @ZaneTyler classical liberals aka libertarians who support Trump are ON YOUR SIDE for the foreseeable future. You apparently just visited my profile and decided that I'm the enemy even though i'm out here day in and day out sticking up for Trump, Liberty, Freedom, and the United fucking States of America.","[0, 0, 0, 0]","[0, 0, 0, 0]","[0, 0, 0, 0]","[1, 0, 0, 0]",397,"[4, 15, 8, 10]",0.0,0.0,1.0
144,It may not be an exclusive “black thing” but it is in high proportion to the black populace. https://www.amren.com/news/2018/08/former-mayor-fo...,"[0, 0, 1, 1, 1]","[0, 0, 1, 1, 1]","[0, 0, 0, 0, 0]","[0, 0, 0, 0, 0]",16609,"[4, 15, 10, 8, 14]",0.9709505944546686,0.6,0.4
423,Crisis averted.   Glad to see Gab back on 👌,"[0, 0, 0, 0]","[0, 0, 0, 0]","[0, 0, 0, 0]","[0, 0, 0, 0]",5365,"[4, 15, 10, 8]",0.0,0.0,1.0
580,Megyn Kelly is out at NBC following controversial comments she made about blackface this week   https://pagesix.com/2018/10/25/megyn-kelly-out-at-nbc-after-defending-blackface/?_ga=2.242377474.1263981896.1540473750-872528714.1530192889,"[0, 0, 1, 0]","[0, 0, 1, 0]","[0, 0, 0, 0]","[0, 0, 0, 0]",18641,"[6, 7, 11, 3]",0.8112781244591328,0.25,0.75
135,Watched this exciting competition before bed then dreamed I was repping 1 arm pull ups. Took a couple hours this morning to realize it wasn't real. Time to hit the gym. https://youtu.be/rvwzddEOSDk,"[0, 0, 0, 0, 0, 0, 0]","[0, 0, 0, 0, 0, 0, 0]","[0, 0, 0, 0, 0, 0, 0]","[0, 0, 0, 0, 0, 0, 0]",14434,"[13, 17, 9, 4, 14, 8, 10]",0.0,0.0,1.0
450,"Happy Father’s Day, Gents. Keep Strong!","[0, 0, 0, 0]","[0, 0, 0, 0]","[0, 0, 0, 0]","[0, 0, 0, 0]",7036,"[13, 17, 9, 10]",0.0,0.0,1.0
164,Dutch News reports on Attempted assassin of Geert Wilders Credit Vlad Tepesblog https://youtu.be/2JCqFN_JRh8,"[0, 0, 0, 0, 0]","[0, 0, 0, 0, 0]","[0, 0, 0, 0, 0]","[0, 0, 0, 0, 0]",18130,"[4, 15, 10, 8, 14]",0.0,0.0,1.0
28,"A top #Israeli #soccer team has added ""#Trump"" to their name in honor of the U.S. president:  https://www.mirror.co.uk/sport/football/news/top-israeli-football-team-adds-12529965","[0, 0, 0, 0, 0, 0]","[0, 0, 0, 0, 0, 0]","[0, 0, 0, 0, 0, 0]","[0, 0, 0, 0, 0, 0]",3423,"[5, 2, 12, 7, 13, 11]",0.0,0.0,1.0
773,Litmus test of fake news: 'A transgender woman has been found guilty of attempting to murder two people at a Sydney convenience store and another on the street. ' Not a woman. http://www.dailymail.co.uk/news/article-6021987/Tr...,"[0, 0, 0, 1]","[0, 0, 0, 1]","[0, 0, 0, 0]","[0, 0, 0, 0]",18969,"[4, 15, 10, 8]",0.8112781244591328,0.25,0.75
193,"American society should restore its historic Freedom of Association modus vivendi, with a new proviso that each side not prevent, interfere with or sabotage the other in setting up or running their exclusive systems or operations.","[0, 0, 0, 0, 0]","[0, 0, 0, 0, 0]","[0, 0, 0, 0, 0]","[0, 0, 0, 0, 0]",22179,"[13, 17, 9, 8, 10]",0.0,0.0,1.0
388,guys...GUYS!!!! Allen Weiesselberg was GRANTED IMMUNITY in the Michael Cohen case! THE SHIT IS GOING TO HIT THE FAN NOW!!! DRUMPF will finally be impeached!!!  These losers actually believe this shit. They haven't found SHIT in TWO YEARS...but *NOW* they're finally going to bring Trump down!!! /wank,"[0, 1, 0, 0]","[0, 1, 0, 0]","[0, 0, 0, 0]","[1, 1, 0, 0]",22198,"[4, 15, 10, 8]",0.8112781244591328,0.25,0.75
852,Making good people helpless  Will NOT make bad people harmless,"[0, 0, 0, 0]","[0, 0, 0, 0]","[0, 0, 0, 0]","[0, 0, 0, 0]",9363,"[2, 7, 12, 11]",0.0,0.0,1.0
169,All these suicides by doorknob... could they actually be... MURDER KNOBS? https://www.youtube.com/watch?v=tEBDPAV3Yss,"[0, 0, 0, 0, 0, 0]","[0, 0, 0, 0, 0, 0]","[0, 0, 0, 0, 0, 0]","[0, 0, 0, 0, 0, 0]",18655,"[13, 17, 9, 4, 8, 10]",0.0,0.0,1.0
705,https://www.youtube.com/watch?v=kUzZd2H7QXQ  The Root 'The 8 Kinds of Black Donald Trump Supporters' #TheRootArticles,"[0, 0, 0, 1]","[0, 0, 0, 1]","[0, 0, 0, 0]","[0, 0, 0, 0]",1188,"[4, 15, 10, 8]",0.8112781244591328,0.25,0.75
140,"Yep, you're a mindless leftist. The telltale sign is the spewing of hatred and wishing harm when you lose the argument. You can't think and when you're put in a position where you have to back your baseless position with a reasoned argument and facts your mind uncoils like a spring. There are two characteristics associated with leftists, the inability to think and hatred. You demonstrated both.","[1, 1, 1, 1, 1]","[1, 1, 1, 1, 1]","[0, 0, 0, 0, 0]","[0, 0, 0, 0, 1]",16510,"[4, 15, 10, 8, 14]",0.0,1.0,0.0
173,There are enough black millionaires in South Africa. So why the unrest? I think its the local commies.  @alternative_right @anv @seamrog @arquatrix @KMGVictoria @TomKawszynski  https://businesstech.co.za/news/wealth/121059/blac...,"[1, 0, 0, 1, 1]","[1, 0, 0, 1, 1]","[0, 0, 0, 0, 0]","[0, 0, 0, 0, 1]",19316,"[4, 15, 10, 8, 14]",0.9709505944546686,0.6,0.4
6,"free speech Twitter alternative Gab. Although Gab has experienced a surge of users following the big tech blacklisting of Alex Jones, as well as a wave of users from Kenya and Brazil following social media crackdowns related to those countries","[0, 0, 0, 0, 1]","[0, 0, 0, 0, 1]","[0, 0, 0, 0, 0]","[0, 0, 0, 0, 0]",1678,"[4, 15, 10, 8, 14]",0.7219280948873623,0.2,0.8
745,Q!!mG7VJxZNCI15 Sep 2018 - 10:19:00 PM,"[0, 0, 0, 0]","[0, 0, 0, 0]","[0, 0, 0, 0]","[0, 0, 0, 0]",5094,"[7, 13, 12, 11]",0.0,0.0,1.0
478,Lot's of stupid people in Brazil .Socialism has raped your country...,"[1, 1, 1, 1]","[1, 1, 1, 1]","[0, 0, 0, 0]","[0, 0, 0, 0]",10531,"[11, 6, 7, 3]",0.0,1.0,0.0
73,"There were no extermination or death camps, there were labour camps. Jews died for the same reasons German citizens died: typhoid, and starvation from relentless allied bombing. You’ve see photos of emaciated bodies and immediately assume, like a good fuckimg sheep, that those we Jews killed by Hitler. All claims of ovens and gas chambers have been debunked. This is simple shit, dumm","[0, 1, 1, 1, 1]","[0, 1, 1, 1, 1]","[0, 0, 0, 0, 0]","[1, 1, 0, 0, 1]",8281,"[4, 15, 10, 8, 14]",0.7219280948873623,0.8,0.19999999999999996
910,Oh that's good news 😀,"[0, 0, 0, 0]","[0, 0, 0, 0]","[0, 0, 0, 0]","[0, 0, 0, 0]",9585,"[13, 17, 9, 10]",0.0,0.0,1.0
813,"Christian cake baker who won SCOTUS case is now being harassed by demented Satanist homosexuals, backed by the state of Colorado.","[1, 0, 0, 1]","[1, 0, 0, 1]","[0, 0, 0, 0]","[0, 0, 0, 1]",27318,"[4, 15, 10, 8]",1.0,0.5,0.5
238,Ever taste that crap?  My ex had me drink that shit and I nearly puked.  I'll stick to diet coke thank you!,"[0, 0, 0, 0]","[0, 0, 0, 0]","[0, 0, 0, 0]","[0, 0, 0, 1]",1851,"[7, 13, 12, 11]",0.0,0.0,1.0
145,"Bernie Care, more like long wait cancelled care. ","[0, 0, 0, 0, 1]","[0, 0, 0, 0, 1]","[0, 0, 0, 0, 0]","[0, 0, 0, 0, 0]",17093,"[7, 13, 12, 11, 0]",0.7219280948873623,0.2,0.8
792,"https://steemit.com/technology/@cheah/silicon-vall... The recent blitz against Candace Owens, Infowars and Gab prove one thing: Big Social and Big Tech must be forked and replaced. #Steemit #AltTech","[0, 0, 0, 0]","[0, 0, 0, 0]","[0, 0, 0, 0]","[0, 0, 0, 0]",15493,"[4, 15, 10, 8]",0.0,0.0,1.0
234,"The purity spiral has a light side, the purification apotheosis. If you can just hate enough you might catch a glimpse of it.","[1, 0, 0, 1]","[0, 0, 0, 1]","[1, 0, 0, 0]","[0, 0, 0, 0]",20983,"[4, 10, 8, 14]",1.0,0.5,0.5
220,It ain't right that a citizen has to pay for college while illegals get it free.,"[0, 0, 0, 0]","[0, 0, 0, 0]","[0, 0, 0, 0]","[0, 0, 0, 0]",6510,"[2, 7, 12, 11]",0.0,0.0,1.0
923,#kirby #anime #youtube #kirbystarrodhd ,"[0, 0, 0, 0]","[0, 0, 0, 0]","[0, 0, 0, 0]","[0, 0, 0, 0]",20251,"[7, 13, 12, 11]",0.0,0.0,1.0
500,there the voice of reason people . . are you convinced ?,"[0, 0, 0, 0]","[0, 0, 0, 0]","[0, 0, 0, 0]","[0, 0, 0, 0]",4243,"[7, 2, 12, 11]",0.0,0.0,1.0
132,"While our countries are fighting about paying for physically healthy people to play Mr(s). Potato Head with their parts and hormones, little kids in China are being snatched and found soon after with their eyeballs usually not far from them that have their corneas cut out. People are being used to harvest parts for the wealthy all over our bent globe that Globalists love so much. But “free healt...","[0, 0, 1, 1, 1]","[0, 0, 1, 1, 1]","[0, 0, 0, 0, 0]","[0, 0, 0, 0, 0]",13780,"[4, 15, 10, 8, 14]",0.9709505944546686,0.6,0.4
990,Loads of those sort of places here in England. Also we have lost free speech and have sharia courts due to feeble minded liberals.,"[1, 1, 1, 1]","[1, 1, 1, 1]","[0, 0, 0, 0]","[0, 0, 0, 0]",11881,"[4, 15, 10, 8]",0.0,1.0,0.0
774,RT @dmartosko:  ,"[0, 0, 0, 0]","[0, 0, 0, 0]","[0, 0, 0, 0]","[0, 0, 0, 0]",6330,"[7, 13, 12, 11]",0.0,0.0,1.0
185,Interesting group that I will continue to follow. We live 1/2 mile outside major city limits near major metro area. We only can get fixed wireless broadcast to a dish on our roof. No one will run fiber to our house. Lost service for a month this spring due to an antenna problem. Speed varies a lot and is inconsistent. Hard to run our businesses at home because of it.,"[0, 0, 0, 0, 0]","[0, 0, 0, 0, 0]","[0, 0, 0, 0, 0]","[0, 0, 0, 0, 0]",21759,"[4, 15, 10, 8, 14]",0.0,0.0,1.0
41,"ELYRIA — A former Oberlin College instructor and an activist for indigenous people was sentenced to prison for stealing more than $77,000 in federal grants designed to help Native Americans. http://www.chroniclet.com/cops-and-courts/2018/08/...","[0, 0, 0, 0, 1]","[0, 0, 0, 0, 1]","[0, 0, 0, 0, 0]","[0, 0, 0, 0, 0]",4358,"[4, 15, 10, 8, 14]",0.7219280948873623,0.2,0.8
696,"Stone is also standing, and a lot longer. The parthenon, the pyrmids, Chichen Itza, all standing and in decent shape, even though some are 5000+ years old","[0, 0, 0, 0]","[0, 0, 0, 0]","[0, 0, 0, 0]","[0, 0, 0, 0]",14849,"[2, 7, 12, 11]",0.0,0.0,1.0
108,President Trump signed an executive order on Friday that will affect how you save for retirement. https://www.foxbusiness.com/personal-finance/trump...,"[0, 0, 0, 0, 0]","[0, 0, 0, 0, 0]","[0, 0, 0, 0, 0]","[0, 0, 0, 0, 0]",11234,"[4, 15, 10, 8, 14]",0.0,0.0,1.0
588,Sure my slut daughter was raped and murdered but hey at least I get easy access to authentic burritos! Checkmate NAHTZEES. @SCALE,"[0, 1, 0, 1]","[0, 1, 0, 1]","[0, 0, 0, 1]","[0, 1, 0, 1]",12221,"[4, 15, 10, 8]",1.0,0.5,0.5
56,"How the fuck can a communist claim to be the champion of the working class when they have NEVER HELD A FUCKING JOB!!??? And no, being a community organizer doesn't make you a member of your stupid asshole proletariat.","[0, 1, 0, 1, 0]","[0, 1, 0, 1, 0]","[0, 0, 0, 0, 0]","[1, 1, 0, 0, 1]",6118,"[4, 15, 10, 8, 14]",0.9709505944546686,0.4,0.6
405,"Federal judges silencing Cody Wilson only mocks the 1st Amendment and validates that we already live in a police state. Wait 'til the libs discover that many sites on the net are (and have been for years) sharing useful and relevant plans, files, and information on legally making your own firearms.  Here's just one: http://www.printedfirearm.com/","[0, 0, 0, 0]","[0, 0, 0, 0]","[0, 0, 0, 0]","[0, 0, 0, 0]",16945,"[4, 15, 10, 8]",0.0,0.0,1.0
442,http://hungrynomadtruck.com/become-best-food-truck-la-summer/: The synonym for Hungry Nomad Truck is the Best Food truck in LA. It cuts down your cost and,"[0, 0, 0, 0]","[0, 0, 0, 0]","[0, 0, 0, 0]","[0, 0, 0, 0]",16108,"[2, 7, 12, 11]",0.0,0.0,1.0
757,@blb_capital @RealBrianWatt @JoshManMode It’s sim and it doesn’t have bunds  You’re all lucky that means I’m out https://kek.gg/u/Yp_Y,"[0, 0, 0, 0]","[0, 0, 0, 0]","[0, 0, 0, 0]","[0, 0, 0, 0]",7475,"[7, 13, 12, 11]",0.0,0.0,1.0
997,Welcome #KenyansOnGab   May your shitposts endure as well as your runners,"[0, 0, 0, 1]","[0, 0, 0, 1]","[0, 0, 0, 0]","[1, 0, 0, 0]",8570,"[4, 15, 10, 8]",0.8112781244591328,0.25,0.75
24,Do you need evidence that Progressives are intellectually superior to the rest of us?Here you go:  'Front Hole',"[0, 1, 0, 1, 1]","[0, 1, 0, 1, 1]","[0, 0, 0, 0, 0]","[0, 1, 0, 0, 0]",3083,"[4, 15, 10, 8, 14]",0.9709505944546686,0.6,0.4
467,"There is no dignity in defeatism, there is no honour in appeasement, only an undignified, dishonourable end","[0, 0, 0, 0]","[0, 0, 0, 0]","[0, 0, 0, 0]","[0, 0, 0, 0]",16290,"[7, 2, 12, 11]",0.0,0.0,1.0
539,Have you tried telling all this to AQ? You should. See what they say.,"[0, 0, 0, 0]","[0, 0, 0, 0]","[0, 0, 0, 0]","[0, 0, 0, 0]",23723,"[2, 7, 12, 11]",0.0,0.0,1.0
531,A new White House petition has been launched urging President Trump to demand Congress pass legislation that defends free speech online. https://www.infowars.com/new-white-house-petition-...,"[0, 0, 0, 0]","[0, 0, 0, 0]","[0, 0, 0, 0]","[0, 0, 0, 0]",1310,"[4, 15, 10, 8]",0.0,0.0,1.0
618,https://www.scribd.com/document/376298359/DOJ-IG-releases-explosive-report-that-led-to-firing-of-ex-FBI-Deputy-Director-Andrew-McCabe#from_embed  ,"[0, 0, 0, 0]","[0, 0, 0, 0]","[0, 0, 0, 0]","[0, 0, 0, 0]",8016,"[7, 13, 12, 11]",0.0,0.0,1.0
694,https://kek.gg/i/3BwfNH.jpg Clean your fucking room and stay off those tripping drugs! #moron,"[0, 0, 1, 0]","[0, 0, 1, 0]","[0, 0, 0, 0]","[0, 1, 1, 1]",26457,"[7, 2, 12, 11]",0.8112781244591328,0.25,0.75
926,"Can you find me one instance of someone saying the newest church scandal is a deliberate attempt to undermine the pope's socialist agenda WHILE ALSO decrying the pedarist protectionism?  Hint: you can't, because pedastry is a pillar of the agenda.","[0, 0, 0, 1]","[0, 0, 0, 1]","[0, 0, 0, 0]","[0, 0, 0, 0]",12708,"[4, 15, 10, 8]",0.8112781244591328,0.25,0.75
338,Remember how we were led to believe that Pope Benedict was an evil and uncaring being by the MSM? Remember how they did everything in their power to prop up this new and progressive pope as the new face of the Church?,"[0, 0, 0, 0]","[0, 0, 0, 0]","[0, 0, 0, 0]","[0, 0, 0, 0]",12709,"[4, 15, 10, 8]",0.0,0.0,1.0
51,Theresa May dancing. Arthritic praying mantis with butt plug engaged.   #True !,"[0, 1, 1, 0, 1]","[0, 1, 1, 0, 1]","[0, 0, 0, 0, 0]","[0, 1, 0, 0, 1]",5549,"[4, 15, 10, 8, 14]",0.9709505944546686,0.6,0.4
507,"So literally malignant children in adult skinsuits, checks out","[0, 0, 0, 0]","[0, 0, 0, 0]","[0, 0, 0, 0]","[0, 0, 0, 0]",10780,"[2, 7, 12, 11]",0.0,0.0,1.0
516,The Left Still Doesn't Know Why It's Losing | The American Spectator https://spectator.org/the-left-still-doesnt-know-w...,"[0, 0, 0, 0]","[0, 0, 0, 0]","[0, 0, 0, 0]","[0, 0, 0, 0]",846,"[4, 15, 10, 8]",0.0,0.0,1.0
920,"It's funny... at first Gab was all politics... now as more and more people are banned / or choose a platform withoutbanning, the more Gab has 'content I want to see' that would have been censured on the censorship sites. I love seeing the community develop! 💚🐸","[0, 0, 0, 0]","[0, 0, 0, 0]","[0, 0, 0, 0]","[0, 0, 0, 0]",22299,"[4, 15, 10, 8]",0.0,0.0,1.0
781,I will see it through to the end.,"[0, 0, 0, 0]","[0, 0, 0, 0]","[0, 0, 0, 0]","[0, 0, 0, 0]",20980,"[4, 10, 8, 14]",0.0,0.0,1.0
264,"Where are the hoards of the Pussy Marchers and Anti fascist clowns that virtue signal about Trump and come out in their thousands. And stay silent when people protest about real adversity, hardship and oppression and the Islamic fascist place are called on to quell demonstrations.     ","[1, 1, 1, 1]","[1, 1, 1, 1]","[0, 0, 0, 0]","[1, 0, 1, 1]",9187,"[2, 7, 12, 11]",0.0,1.0,0.0
817,Twitter is being policed by jew ADL and Israeli jews. ,"[1, 0, 0, 0]","[1, 0, 0, 0]","[0, 0, 0, 0]","[0, 0, 0, 0]",26627,"[7, 13, 12, 11]",0.8112781244591328,0.25,0.75
710,I think President Trump was right in extending sympathy to the family of John McCain and refusing to praise McCain for his 'heroism'. Any praise Trump could have given would come off for exactly what it was - a lie. Good for Trump! http://www.foxnews.com/politics/2018/08/27/trump-d...,"[0, 0, 0, 0]","[0, 0, 0, 0]","[0, 0, 0, 0]","[0, 0, 0, 0]",3168,"[4, 15, 10, 8]",0.0,0.0,1.0
682,"think the American people need some very evil nasty person still flexing power to die. Doesn't really matter how, by accident, age or on purpose.","[0, 0, 1, 0]","[0, 0, 0, 0]","[0, 0, 1, 0]","[0, 0, 1, 0]",9181,"[2, 7, 12, 11]",0.8112781244591328,0.25,0.75
832,PomoNews: (POSTMODERNISM) THE ESSENCE OF EINSTEIN IS 'WHITE MAN' https://buff.ly/2KCAHAA #postmodernism #academia #Science,"[0, 0, 0, 1]","[0, 0, 0, 1]","[0, 0, 0, 0]","[0, 0, 0, 0]",6677,"[4, 15, 10, 8]",0.8112781244591328,0.25,0.75
518,It appears that #China #propaganda machine is working very hard to promote the greatness of their #military to their general public & the world. #China is right now very afraid of #USA trained #ISIS agents infiltrating their Large #Muslim population in Northwestern China. https://tinyurl.com/ycmtr2uh,"[0, 0, 0, 1]","[0, 0, 0, 1]","[0, 0, 0, 0]","[0, 0, 0, 1]",12567,"[4, 15, 10, 8]",0.8112781244591328,0.25,0.75
447,"why the public’s respect for the NFL organization has started to crumble.... * In 2012 the NFL had an issue with Tim Tebow kneeling before each game to pray, they also had an issue with Tebow wearing John 3:16 as part of his eye-black to avoid glare, and the NFL made him take it off. * In 2013 the NFL fined Brandon Marshall for wearing green cleats to raise awareness for people with mental...","[0, 0, 0, 0]","[0, 0, 0, 0]","[0, 0, 0, 0]","[0, 0, 0, 0]",6934,"[4, 15, 10, 8]",0.0,0.0,1.0
18,"Democrats really don't have a choice other than to attempt to impeach Trump...They have no single candidate that can compete with him in 2020 and the more this economy grows, the more challenging it will be to beat him.And they don't want their top leadership going to jail nor do they want to lose the SCOTUS for the next 4 decades.  They're so screwed which is why they act so desperate!","[0, 0, 0, 1, 1]","[0, 0, 0, 1, 1]","[0, 0, 0, 0, 0]","[0, 0, 0, 0, 0]",3076,"[4, 15, 10, 8, 14]",0.9709505944546686,0.4,0.6
715,You can shut the fuck up now and keep your retarded opinions to yourself.,"[1, 0, 1, 0]","[1, 0, 1, 0]","[0, 0, 0, 0]","[0, 1, 1, 1]",17478,"[6, 7, 3, 11]",1.0,0.5,0.5
483,"First the CIA are professionals, who basically work undercover and most of the time its overseas. So with that in mind as a small sample what makes you think that they would waste their time with high school kids.??  They have better things to do than deal with that kind of crap. That kid does not know the difference between A and Z.","[1, 0, 0, 0]","[1, 0, 0, 0]","[0, 0, 0, 0]","[1, 0, 0, 0]",21964,"[7, 13, 12, 11]",0.8112781244591328,0.25,0.75
568,Everything that we must fight in order to preserve the West in one image. #cuckoldry #fat #feminism,"[0, 1, 0, 1]","[0, 1, 0, 1]","[0, 0, 0, 0]","[0, 0, 0, 0]",19749,"[4, 15, 10, 8]",1.0,0.5,0.5
433,#JimJordan on revelations from #DOJ official #BruceOhr 's closed-door testimony about his role in the #RussiaHoax http://bit.ly/2woshHK #politics #MAGA#DeepState #DraintheSwamp,"[0, 0, 0, 0]","[0, 0, 0, 0]","[0, 0, 0, 0]","[0, 0, 0, 0]",3658,"[4, 15, 10, 8]",0.0,0.0,1.0
367,https://youtu.be/IyC8KQf7gdI  ,"[0, 0, 0, 0]","[0, 0, 0, 0]","[0, 0, 0, 0]","[0, 0, 0, 0]",24855,"[7, 2, 12, 11]",0.0,0.0,1.0
83,Thanks! I will.,"[0, 0, 0, 0, 0]","[0, 0, 0, 0, 0]","[0, 0, 0, 0, 0]","[0, 0, 0, 0, 0]",9688,"[13, 17, 9, 8, 10]",0.0,0.0,1.0
61,59% of Americans fear violence from Anti-Trumpers...behold the 'tolerance' of the hysteria-inducing Political Left in 2018: #Unhinged #CW2 https://www.youtube.com/watch?v=eFRHX6glTSM&t=...,"[0, 1, 0, 0, 1, 1, 0]","[0, 1, 0, 0, 1, 1, 0]","[0, 0, 0, 0, 0, 0, 0]","[0, 0, 0, 0, 0, 0, 0]",6578,"[13, 17, 4, 15, 14, 8, 10]",0.9852281360342515,0.42857142857142855,0.5714285714285714
638,Sooo this is happening. I am so hyped for my first pc. I have been waiting 2 years for this. ,"[0, 0, 0, 0]","[0, 0, 0, 0]","[0, 0, 0, 0]","[0, 0, 0, 0]",516,"[7, 13, 12, 11]",0.0,0.0,1.0
272,#StopTheBias #MAGA #WednesdayWisdom #Trump #MakeAmericaGreatAgain #KeepAmericaGreat #KAG #Q #QAnon #QArmy #GreatAwakening #WalkAway #TrumpTrain #Trump2020 #Trump #WalkAwayFromDemocrats #RedWave #RedWave2018   https://petitions.whitehouse.gov/petition/protect-...,"[0, 0, 0, 0]","[0, 0, 0, 0]","[0, 0, 0, 0]","[0, 0, 0, 0]",12359,"[4, 15, 10, 8]",0.0,0.0,1.0
285,yeah.... I dropped them when the cucked to the 9th Circuit..... last year!,"[0, 0, 0, 0]","[0, 0, 0, 0]","[0, 0, 0, 0]","[1, 0, 0, 0]",26356,"[2, 7, 12, 11]",0.0,0.0,1.0
360,"I don't mind Israel using espionage and paramilitary tactics to achieve their goals. Pretending to be Muslim terrorists and using that to leverage power against their neighbors is actually pretty damn cool. My problem is that Texans are being manipulated, along with other nations, in a way that does not benefit us at all.","[0, 0, 0, 1]","[0, 0, 0, 1]","[0, 0, 0, 0]","[1, 0, 0, 0]",884,"[4, 15, 10, 8]",0.8112781244591328,0.25,0.75
354,Woman is torn to pieces by pack of four pitbulls who ‘chewed on her for 40 minutes’ https://www.thesun.co.uk/news/6252465/woman-eaten-pit-bulls-dogs-terri-cosby-oklahoma-city/,"[0, 0, 0, 0]","[0, 0, 0, 0]","[0, 0, 0, 0]","[1, 0, 0, 0]",18347,"[7, 13, 12, 11]",0.0,0.0,1.0
456,@19671965cuda  Thank you for your service 🇺🇸,"[0, 0, 0, 0]","[0, 0, 0, 0]","[0, 0, 0, 0]","[0, 0, 0, 0]",24661,"[4, 15, 10, 8]",0.0,0.0,1.0
278,"#DeepStateInPanic #Trump revokes #JohnBrennan security clearance- one down... Who's Next? Drain the Deep State Swamp #BenGarrison #signed #Art #print available now, reserve yours ! #FridayFeeling https://grrrgraphics.com/shop/your-guide-to-the-sw...","[0, 0, 0, 0]","[0, 0, 0, 0]","[0, 0, 0, 0]","[0, 0, 0, 0]",11565,"[4, 15, 10, 8]",0.0,0.0,1.0
12,"If we are to succeed in Making America Great Again, we have to put a lot of effort into making Americans Great Again.","[0, 0, 0, 1, 0]","[0, 0, 0, 1, 0]","[0, 0, 0, 0, 0]","[0, 0, 0, 0, 0]",2064,"[4, 15, 10, 8, 14]",0.7219280948873623,0.2,0.8
182,Mainstream Muslims on murder of gays! https://youtu.be/AkXfs8VDu2Q,"[1, 1, 1, 0, 0, 1, 1, 0]","[1, 0, 1, 0, 0, 1, 1, 0]","[1, 1, 0, 0, 0, 1, 1, 0]","[1, 0, 0, 0, 0, 0, 0, 0]",21700,"[13, 17, 9, 4, 15, 14, 8, 10]",0.954434002924965,0.625,0.375
368,Well we got to make sure that doesn’t happen Bigtime Creepo,"[0, 0, 0, 0]","[0, 0, 0, 0]","[0, 0, 0, 0]","[0, 0, 0, 0]",13718,"[7, 13, 12, 11]",0.0,0.0,1.0
881,"So if #robots can plant the food; pick the food; and serve the food, why do we need #illegalaliens again?  Not to vote #democrat. They have already moved on to simply changing the counts.  https://www.zerohedge.com/news/2018-08-26/robot-ma...","[0, 0, 1, 1]","[0, 0, 1, 1]","[0, 0, 0, 0]","[0, 0, 0, 1]",3645,"[4, 15, 10, 8]",1.0,0.5,0.5
615,"Dr. Paul Powers is back in IMMORTAL FEAR: A Medical Thriller, hunting for a murderer that will not: http://ow.ly/m4eT308UHDv","[0, 0, 0, 0]","[0, 0, 0, 0]","[0, 0, 0, 0]","[0, 0, 0, 0]",7313,"[7, 13, 12, 11]",0.0,0.0,1.0
223,Pentagon and CIA benefiting from war on #Afghanistan. Military-Industrial-Complex too. Yanks paying for it with taxes. Trump clueless. #News #Geopolitics #Russia #Iran #Drugs #Taliban https://www.zerohedge.com/news/2018-08-27/why-us-i...,"[0, 0, 0, 0]","[0, 0, 0, 0]","[0, 0, 0, 0]","[0, 0, 0, 0]",25246,"[4, 15, 10, 8]",0.0,0.0,1.0
572,"Top Psychiatrist: Today’s Left Are Mentally Ill https://yournewswire.com/psychiatrist-left-mentall... via @yournewswire    we already knew this, but it's nice to have it officially confirmed.","[1, 0, 0, 1]","[1, 0, 0, 1]","[0, 0, 0, 0]","[0, 0, 0, 1]",1447,"[4, 15, 10, 8]",1.0,0.5,0.5
970,Jesus said he came for sinners not righteous people. I figure Gab is as good a place as any to find sinners ,"[0, 0, 0, 0]","[0, 0, 0, 0]","[0, 0, 0, 0]","[0, 0, 0, 0]",26837,"[7, 13, 12, 11]",0.0,0.0,1.0
653,"So Gab is great (I know, I know, I'm not a frequent user of it) and I'm glad I joined. What is a comparable alternative to FB? I haven't read Alex Jones' InfoWars much, but I will be damned if I'll let some one-sided geek tell me I can't. I'm old enough (by a LOT) to decide for myself! Their 'rules' are the worst examples of hypocrisy on the webs.","[0, 0, 0, 0]","[0, 0, 0, 0]","[0, 0, 0, 0]","[0, 0, 0, 0]",4864,"[4, 15, 10, 8]",0.0,0.0,1.0
545,Bet it's a lot higher then that...,"[1, 0, 0, 0]","[0, 0, 0, 0]","[1, 0, 0, 0]","[0, 0, 0, 0]",1903,"[7, 13, 12, 11]",0.8112781244591328,0.25,0.75
582,"A Nigerian can come from a country with 200M Nigerians, to Wales, a country with 3M Welsh & immediately be considered a 'Minority' with all the associated special privileges. If you can't see there's something very wrong with this 'Minority' fraud there's something wrong with you.","[0, 0, 0, 1]","[0, 0, 0, 1]","[0, 0, 0, 0]","[0, 0, 0, 0]",14353,"[4, 15, 10, 8]",0.8112781244591328,0.25,0.75
633,Morning sweetie😊☕.you as well my friend💜👊🎶,"[0, 0, 0, 0]","[0, 0, 0, 0]","[0, 0, 0, 0]","[0, 0, 0, 0]",4705,"[2, 7, 12, 11]",0.0,0.0,1.0
176,False dichotomy. There are way more options there. Or it could just be the prime example of the jews being probably the most persecuted people throughout history. Still dont understand how y'all hate them so much. ,"[1, 0, 0, 0, 1]","[1, 0, 0, 0, 1]","[0, 0, 0, 0, 0]","[0, 0, 0, 0, 0]",20166,"[7, 13, 12, 11, 0]",0.9709505944546686,0.4,0.6
665,"Trump is being maneuvered by Soros and Brock into regulating Google, Twitter and Facebook as public utilities. This is their plan, folks. Just say no and use other platforms. #politics  x-posted from Gab https://www.zerohedge.com/news/2018-08-28/very-ser...","[0, 0, 0, 0]","[0, 0, 0, 0]","[0, 0, 0, 0]","[0, 0, 0, 0]",17547,"[4, 15, 10, 8]",0.0,0.0,1.0
673,I see what you did there.,"[0, 0, 0, 0]","[0, 0, 0, 0]","[0, 0, 0, 0]","[0, 0, 0, 0]",2515,"[2, 7, 12, 11]",0.0,0.0,1.0
585,"This is the kind of racist POS that makes me wanna jump through the TV, and ....  http://insider.foxnews.com/2018/06/13/ms-13-gang-reportedly-terrorizing-maryland-school-tucker-carlson-clashes-ex-dnc-official","[0, 0, 0, 0]","[0, 0, 0, 0]","[0, 0, 0, 0]","[0, 0, 0, 0]",17456,"[2, 7, 12, 11]",0.0,0.0,1.0
873,LONDON IS INFECTED ....  I HOPE THE ENRICHMENT LEVELS BREAK THE SCALE IN THE COMING YEARS .....THATS ALL,"[0, 0, 1, 0]","[0, 0, 1, 0]","[0, 0, 0, 0]","[0, 0, 0, 0]",21821,"[4, 15, 8, 10]",0.8112781244591328,0.25,0.75
393,"Trick question, they're the same.","[0, 0, 0, 0]","[0, 0, 0, 0]","[0, 0, 0, 0]","[0, 0, 0, 0]",3348,"[7, 13, 12, 11]",0.0,0.0,1.0
163,"The problem is women say silly shit, and the meaning of the words is irrelevant to them. Words are just a medium for manipulating feels and relationships. If you kill a male communist, great, now there's one less communist. If a stupid cunt dies, have you accomplished anything? Mollie should have been grounded by her patriarch.","[1, 1, 1, 1, 1]","[1, 1, 1, 1, 1]","[1, 0, 0, 0, 1]","[1, 1, 0, 0, 0]",18034,"[4, 15, 10, 8, 14]",0.0,1.0,0.0
248,"Dozens at Facebook Unite to Challenge Its ‘Intolerant’ Liberal Culture https://nyti.ms/2NsJ2rJ   It would be nice if it was hundreds, but it's a start.","[0, 0, 0, 0]","[0, 0, 0, 0]","[0, 0, 0, 0]","[0, 0, 0, 0]",1450,"[4, 15, 10, 8]",0.0,0.0,1.0
634,See - told you: When “Wakandan-Americans” find out black panther was created by white men   https://twitter.com/AbareKiller_/status/958380961053511680,"[1, 0, 0, 0]","[1, 0, 0, 0]","[0, 0, 0, 0]","[0, 0, 0, 0]",13679,"[6, 7, 11, 3]",0.8112781244591328,0.25,0.75
885,Infowars (((live stream)))here on Gab ! Because there's a war on for your mind....Just go to videos.. #FreeAlexJones #StoptheBias www.infowars.com/show,"[0, 0, 0, 0]","[0, 0, 0, 0]","[0, 0, 0, 0]","[0, 0, 0, 0]",23090,"[4, 15, 10, 8]",0.0,0.0,1.0
669,Word to the wise: don’t play poker with these guys! @MiamiJohnC and Mark P. https://kek.gg/u/MSc2,"[0, 0, 0, 0]","[0, 0, 0, 0]","[0, 0, 0, 0]","[0, 1, 0, 0]",21269,"[2, 7, 12, 11]",0.0,0.0,1.0
375,The Left would surpass this goal The Right doing this is NOT group thinkIt is thinking as a groupto accomplish a goal. DO IT❗️ #fboLoud #tcot #maga #TrumpTrain #tpot #AmericaFirst #TrumpsArmy #Trump2020 fboLoud⦁com https://petitions.whitehouse.gov/petition/call-con... …,"[0, 0, 0, 0]","[0, 0, 0, 0]","[0, 0, 0, 0]","[0, 0, 0, 0]",9993,"[4, 15, 10, 8]",0.0,0.0,1.0
412,"""Honey, @u, we need to talk... uhhh ahem.. I can't go on like this any more. At first I thought it would ... err... I wasn't supposed to fall in love.  I'm actually a Mossad agent.  Can you forgive me?"" ","[0, 0, 0, 0]","[0, 0, 0, 0]","[0, 0, 0, 0]","[0, 0, 0, 0]",17191,"[2, 7, 12, 11]",0.0,0.0,1.0
74,"Listen, faggot, you’re just a brainwashed lazy minded drone who has never looked into it. Tell me: what proof is there that any sort of genocide happened against the Jews.","[0, 1, 1, 1, 1]","[0, 1, 1, 1, 1]","[0, 0, 0, 0, 0]","[1, 1, 1, 1, 1]",8283,"[4, 15, 10, 8, 14]",0.7219280948873623,0.8,0.19999999999999996
113,I love how welcoming @a is of everyone to this site. A couple thousand Brazilians show up and he starts posting in their native language. For all the accusations of 'far-right' this is far more inclusive than almost any left-leaning social network.,"[0, 0, 0, 1, 0]","[0, 0, 0, 1, 0]","[0, 0, 0, 0, 0]","[0, 0, 0, 0, 0]",11664,"[4, 15, 10, 8, 14]",0.7219280948873623,0.2,0.8
598,". @SpeakerRyan: ""Blah, blah, blah, I'm a coward and will cave on immigration. SECONDLY, I want to talk about working American families.""  Well, it just says it all, folks. They truly deserve a bludgeoning at the ballot box.","[1, 1, 0, 0]","[1, 1, 0, 0]","[1, 0, 0, 0]","[0, 1, 0, 0]",16768,"[13, 0, 11, 12]",1.0,0.5,0.5
961,Arrest and deport now No DACA.      http://www.thegatewaypundit.com/2018/01/illegal-aliens-storm-gop-senators-office-screaming-fck-conservative-video/,"[0, 0, 0, 0]","[0, 0, 0, 0]","[0, 0, 0, 0]","[0, 0, 0, 0]",24135,"[7, 13, 12, 11]",0.0,0.0,1.0
390,"Ruben Gallego is only a fucking rep because the nation let all the illegal spics in. He doesn't want ICE enforcing immigration laws because he's lose his constituents. No white person, or legal citizen who DOESN'T want their own destruction would vote for this faggotry.","[0, 1, 1, 1]","[0, 1, 1, 1]","[0, 0, 0, 0]","[1, 1, 0, 0]",1049,"[4, 15, 10, 8]",0.8112781244591328,0.75,0.25
104,no problem in islam #ChildMarriage  https://www.youtube.com/watch?v=KldFGgUTqKA,"[0, 0, 0, 0, 1]","[0, 0, 0, 0, 1]","[0, 0, 0, 0, 0]","[0, 0, 0, 0, 1]",10508,"[4, 15, 10, 8, 14]",0.7219280948873623,0.2,0.8
114,One thing many are missing. This Omnibus pork barrel has a shelf life of 6 months. Renewal End of September. Just before the mid-terms.,"[0, 0, 0, 0, 0]","[0, 0, 0, 0, 0]","[0, 0, 0, 0, 0]","[0, 0, 0, 0, 0]",11780,"[7, 12, 11, 13, 16]",0.0,0.0,1.0
417,It's fake. He was always a fraud,"[0, 1, 0, 0]","[0, 1, 0, 0]","[0, 0, 0, 0]","[0, 0, 0, 0]",12049,"[13, 0, 11, 12]",0.8112781244591328,0.25,0.75
525,I think one of their major financers is a radical Muslim,"[1, 0, 0, 0]","[1, 0, 0, 0]","[0, 0, 0, 0]","[0, 0, 0, 0]",4308,"[7, 13, 12, 11]",0.8112781244591328,0.25,0.75
457,"Senior Members of Foreign Affairs Committee of United States House of Representatives, Dana Rohrabacher & Judge Ted Poe , met with Mrs. Maryam Rajavi Iran opposition leader Feb 24 ","[0, 0, 0, 0]","[0, 0, 0, 0]","[0, 0, 0, 0]","[0, 0, 0, 0]",27071,"[7, 13, 12, 11]",0.0,0.0,1.0
409,Amazing how all these fake news outlets are admitting being 'extremely dangerous to our democracy'.,"[1, 0, 0, 0]","[1, 0, 0, 0]","[0, 0, 0, 0]","[0, 0, 0, 0]",20192,"[7, 13, 12, 11]",0.8112781244591328,0.25,0.75
92,"And when people give me shit for being on Gab, like 'OMG there are so many racists there', I'm like, yeah, and there aren't a shit ton on Twitter?  At least on Gab I'm in charge of my own feed by my own rules, not some bullshit shadow algorithm.  I censor what I cannot brook.  That's my choice, not Jacks. https://gab.ai/a/posts/15062088","[0, 0, 0, 0, 0, 0, 0, 0]","[0, 0, 0, 0, 0, 0, 0, 0]","[0, 0, 0, 0, 0, 0, 0, 0]","[0, 0, 0, 1, 0, 1, 0, 0]",9915,"[13, 17, 9, 4, 15, 14, 8, 10]",0.0,0.0,1.0
930,Another great achievement for the communist satellite state.   Congratulations,"[0, 0, 0, 0]","[0, 0, 0, 0]","[0, 0, 0, 0]","[0, 0, 0, 0]",2396,"[7, 13, 12, 11]",0.0,0.0,1.0
89,"Listen, I know I make fun of Commiefornia a lot, but I never realized they were this stupid. By the way, what a biased article from a so-called objective news source. Two sentences saying it's controversial and ten paragraphs dedicated to up-playing it. https://money.cnn.com/2018/08/30/pf/california-wom...","[1, 1, 0, 1, 1]","[1, 1, 0, 1, 1]","[0, 0, 0, 0, 0]","[0, 1, 0, 0, 0]",9782,"[4, 15, 10, 8, 14]",0.7219280948873623,0.8,0.19999999999999996
336,"Well #GabFam, I'm sure you're all going to go see it anyway since it's a #Marvel movie, but here's what made me cranky about #AntMan and #TheWasp: https://youtu.be/lR7hL8Pd9us","[0, 0, 0, 0]","[0, 0, 0, 0]","[0, 0, 0, 0]","[0, 0, 0, 0]",20316,"[13, 17, 9, 10]",0.0,0.0,1.0
988,"""lol"", ""wow"", ""sad"", these are all tells that you've been badly triggered  rub some dirt on it kid, you'll live","[0, 0, 0, 0]","[0, 0, 0, 0]","[0, 0, 0, 0]","[0, 0, 0, 0]",26681,"[2, 7, 12, 11]",0.0,0.0,1.0
921,66% of all Black households are single parent. This is the problem not systemic racism. When you fix the Black nuclear family all of the problems attributed to racism will disappear.,"[0, 0, 0, 1]","[0, 0, 0, 1]","[0, 0, 0, 0]","[0, 0, 0, 0]",13150,"[4, 15, 10, 8]",0.8112781244591328,0.25,0.75
933,Minnesota: A Republican Caucus Convention at a Notorious Mosque https://iotwreport.com/minnesota-a-republican-caucus-convention-at-a-notorious-mosque/  Wrong. Wrong. Wrong. You cannot hold a serious meeting in the enemy's stronghold.,"[0, 0, 1, 1]","[0, 0, 1, 1]","[0, 0, 0, 0]","[0, 0, 1, 0]",27072,"[2, 7, 12, 11]",1.0,0.5,0.5
605,MCCAIN DEAD,"[0, 0, 0, 0]","[0, 0, 0, 0]","[0, 0, 0, 0]","[0, 0, 0, 0]",1768,"[4, 15, 10, 8]",0.0,0.0,1.0
593,"Aw, John McCain is gone. I'm real broke up about it, ya'll.. 🙄","[0, 0, 0, 0]","[0, 0, 0, 0]","[0, 0, 0, 0]","[0, 0, 0, 0]",22196,"[4, 15, 10, 8]",0.0,0.0,1.0
611,https://www.deviantart.com/jiangweisen/art/Wall-Of...  will the anti-Christ NWO be brought in by Islam?,"[0, 0, 0, 1]","[0, 0, 0, 1]","[0, 0, 0, 0]","[0, 0, 0, 0]",16901,"[4, 15, 10, 8]",0.8112781244591328,0.25,0.75
94,"A pedophile is like a dog with rabies.  It's sad they're sick, but they still have to be put down. #MAGA","[1, 1, 0, 0, 0]","[1, 1, 0, 0, 0]","[1, 1, 0, 0, 0]","[0, 1, 0, 0, 0]",10362,"[13, 17, 4, 8, 10]",0.9709505944546686,0.4,0.6
11,"In America, Right Wing can best be described as people who are self-sufficient and want to be left alone.  Left Wing is best described as people who are dependent and want to tell everyone else what to do.","[1, 0, 0, 1, 1]","[1, 0, 0, 1, 1]","[0, 0, 0, 0, 0]","[0, 0, 0, 0, 0]",2063,"[4, 15, 10, 8, 14]",0.9709505944546686,0.6,0.4
396,Never ending evil the muslin invasion of the west continues Appeased by western governments,"[0, 1, 1, 1]","[0, 1, 1, 1]","[0, 0, 0, 0]","[0, 0, 0, 0]",5485,"[2, 7, 12, 11]",0.8112781244591328,0.75,0.25
533,https://forbiddenknowledgetv.net/will-i-ever-base-jump-again/  ,"[0, 0, 0, 0]","[0, 0, 0, 0]","[0, 0, 0, 0]","[0, 0, 0, 0]",3190,"[7, 13, 12, 11]",0.0,0.0,1.0
43,"If the regressive socialist marxist dems go back any further into his background I'm sure they will find out he used to play cowboys and Indians when he was a kid. Of course he played the part of the cowboy so you will hear them say he's prejudice, hates Indians and poc Senate Democrats call Nixon lawyer John Dean to testify at Kavanaugh hearing https://www.washingtonexaminer.com/news/senate-d...","[0, 0, 0, 1, 1]","[0, 0, 0, 1, 1]","[0, 0, 0, 0, 0]","[0, 0, 0, 0, 0]",4360,"[4, 15, 10, 8, 14]",0.9709505944546686,0.4,0.6
42,We are trying very hard to keep a straightface but we had to add this news. An animal rights advocate wants to place a roadside memorial in Maine to remember thousands of lobsters killed in a highway wreck Weird that they didn't say a damn thing about muzzie s torturing and killing all those animals a few days ago. http://www.dailymail.co.uk/news/article-6115919/PE......,"[0, 0, 0, 0, 0]","[0, 0, 0, 0, 0]","[0, 0, 0, 0, 0]","[1, 0, 0, 0, 0]",4359,"[4, 15, 10, 8, 14]",0.0,0.0,1.0
329,WORKSHOPS for USA Passports for The State Citizen ,"[0, 0, 0, 0]","[0, 0, 0, 0]","[0, 0, 0, 0]","[0, 0, 0, 0]",17345,"[7, 13, 12, 11]",0.0,0.0,1.0
167,Today is “International Vulture Awareness Day” Who knew ? 🤷🏼‍♂️ There are some left wing carcuses out there....just sayin !,"[0, 1, 0, 1, 1]","[0, 1, 0, 1, 1]","[0, 0, 0, 0, 1]","[0, 1, 0, 0, 1]",18547,"[4, 15, 10, 8, 14]",0.9709505944546686,0.6,0.4
497,"OTD in 1934, Roberto Clemente was born.  Roberto was my hero as a kid, an amazing hitter and fielder, the only player in MLB history to get a walk-off inside-the-park grand slam.  I was at his final game, the one in which he got his 3000th hit, the one pictured below.  In the off-season Roberto died in a plane crash taking relief supplies to Nicaragua.  RIP, Roberto.","[0, 0, 0, 0]","[0, 0, 0, 0]","[0, 0, 0, 0]","[0, 0, 0, 0]",7864,"[4, 15, 10, 8]",0.0,0.0,1.0
876,This whole event is showing how much of a race tot he bottom things has become lol. Context is important. This what outrage culture leftist wanted with these rules lol. It was a matter of time.,"[1, 0, 0, 0]","[1, 0, 0, 0]","[0, 0, 0, 0]","[0, 0, 0, 0]",2271,"[4, 15, 10, 8]",0.8112781244591328,0.25,0.75
597,"One, I am not crying. Two, really? Name calling again?","[0, 0, 0, 0]","[0, 0, 0, 0]","[0, 0, 0, 0]","[0, 0, 0, 0]",20818,"[7, 13, 12, 11]",0.0,0.0,1.0
756,"Lol, ""true"", is that the same as ""real"" or ""fact""?","[0, 0, 0, 0]","[0, 0, 0, 0]","[0, 0, 0, 0]","[0, 0, 0, 0]",9654,"[2, 7, 12, 11]",0.0,0.0,1.0
100,The signs of big government #Socialism,"[0, 0, 0, 0, 0]","[0, 0, 0, 0, 0]","[0, 0, 0, 0, 0]","[0, 0, 0, 0, 0]",10502,"[4, 15, 10, 8, 14]",0.0,0.0,1.0
426,i grew up in that time period...of course i remember it. didnt buy the album due to being more into rock but i could sing the song in front of the ladies,"[1, 0, 0, 0]","[0, 0, 0, 0]","[1, 0, 0, 0]","[0, 0, 0, 0]",2038,"[7, 13, 12, 11]",0.8112781244591328,0.25,0.75
178,A being of pure hate is as enraged by Brave browser using Google fonts on their website as they are about 100 million victims of communism. That is the degree of uncompromising fanaticism required to win.,"[0, 0, 0, 1, 1]","[0, 0, 0, 1, 1]","[0, 0, 0, 0, 0]","[0, 0, 0, 0, 0]",20982,"[4, 15, 10, 8, 14]",0.9709505944546686,0.4,0.6
444,All fellow minded people should write to McCains 'We are family' regarding their Halal & Kosher certified products Their address (does not require stamp) Post letter to:- Customer Relations McCain Foods (GB) Ltd FREEPOST NEA 11518 Scarborough North Yorkshire YO11 3BR Who controls the food controls the people Halal (dome symbol) on picture & Kosher is SKA,"[0, 0, 0, 0]","[0, 0, 0, 0]","[0, 0, 0, 0]","[0, 0, 0, 0]",13862,"[4, 15, 10, 8]",0.0,0.0,1.0
416,"Damn, now I have to go back and see who slipped out of their sheepskin. ","[0, 0, 0, 0]","[0, 0, 0, 0]","[0, 0, 0, 0]","[0, 0, 0, 0]",1889,"[7, 13, 12, 11]",0.0,0.0,1.0
870,"Freedom of the press was literally in The Constitution so that JOURNALISTS CAN REPORT/KEEP AN EYE ON GOVERNMENT without fear of reprisal.  We should always scrutinize our elected leaders, and the press does the exact opposite.  They attempt selling political ideas, and they only scrutinize those whom which they disagree.  #FailedPress","[0, 0, 0, 0]","[0, 0, 0, 0]","[0, 0, 0, 0]","[0, 0, 0, 0]",8714,"[4, 15, 10, 8]",0.0,0.0,1.0
882,"Guess who's back 😉  I've enjoyed some sunshine and an escape from the shit that is current year Londonistan/Brexit/news in general - no, they didn't arrest me for hate speech (yet) - but I am looking forward to a good beach party on Parliament Sq tomorrow","[0, 1, 0, 0]","[0, 1, 0, 0]","[0, 0, 0, 0]","[1, 0, 0, 0]",27491,"[4, 15, 10, 8]",0.8112781244591328,0.25,0.75
680,"God's Dechosen People, right there.","[0, 1, 1, 0]","[0, 1, 1, 0]","[0, 0, 0, 0]","[0, 0, 0, 0]",19652,"[6, 11, 7, 3]",1.0,0.5,0.5
177,So I saw #Skyscraper for you #GabFam. Now I have opinions about it. Here they are: https://youtu.be/jyWjSREb4kw,"[0, 0, 0, 0, 0]","[0, 0, 0, 0, 0]","[0, 0, 0, 0, 0]","[0, 0, 0, 0, 0]",20315,"[13, 17, 9, 8, 10]",0.0,0.0,1.0
395,you were one lucky girl!😊,"[0, 0, 0, 0]","[0, 0, 0, 0]","[0, 0, 0, 0]","[0, 0, 0, 0]",1561,"[2, 7, 12, 11]",0.0,0.0,1.0
911,"When you google Bob Hugin, Republican candidate for senator in NJ, Google lists the incorrect twitter profile, and it's empty 🤔","[0, 0, 0, 0]","[0, 0, 0, 0]","[0, 0, 0, 0]","[0, 0, 0, 0]",1064,"[4, 15, 10, 8]",0.0,0.0,1.0
793,California Counties go counter-revolutionary. Good for them. http://www.latimes.com/local/california/la-me-anti-sanctuary-movement-in-oc-20180327-story.html,"[0, 0, 0, 0]","[0, 0, 0, 0]","[0, 0, 0, 0]","[0, 0, 0, 0]",4157,"[7, 13, 12, 11]",0.0,0.0,1.0
960,You just can't make this shit up... ,"[1, 0, 0, 0]","[1, 0, 0, 0]","[0, 0, 0, 0]","[0, 0, 0, 1]",19498,"[7, 13, 12, 11]",0.8112781244591328,0.25,0.75
684,"Be like the bees, vengeful. #BeeNationalism","[0, 0, 0, 0]","[0, 0, 0, 0]","[0, 0, 0, 0]","[0, 0, 0, 0]",24838,"[4, 15, 10, 8]",0.0,0.0,1.0
383,astonishing ........ how stupid mother fuckas are   where were they when scalise got shot I despise liberals ! So much!,"[1, 1, 0, 0]","[1, 1, 0, 0]","[0, 0, 0, 0]","[1, 1, 0, 0]",21824,"[4, 15, 8, 10]",1.0,0.5,0.5
956,Could it be that many of them are complicit in covering up that corruption? >> ,"[0, 1, 0, 0]","[0, 1, 0, 0]","[0, 0, 0, 0]","[0, 0, 0, 0]",4177,"[2, 7, 12, 11]",0.8112781244591328,0.25,0.75
751,Dave has the right idea,"[0, 0, 0, 0]","[0, 0, 0, 0]","[0, 0, 0, 0]","[0, 0, 0, 0]",24020,"[7, 2, 12, 11]",0.0,0.0,1.0
257,A federal judge in Maryland has sided with the Trump administration over a Deferred Action for Childhood Arrivals program. ,"[0, 0, 0, 0]","[0, 0, 0, 0]","[0, 0, 0, 0]","[0, 0, 0, 0]",4235,"[7, 13, 12, 11]",0.0,0.0,1.0
538,As a smoker I thank you for your cheery message.,"[0, 0, 0, 0]","[0, 0, 0, 0]","[0, 0, 0, 0]","[0, 0, 0, 0]",22437,"[6, 7, 3, 11]",0.0,0.0,1.0
335,The origins of the crisis in the Catholic Church. Hint: We were the first ones targeted by Leftists more than a century ago. https://www.youtube.com/watch?v=RUvGkryNkJc,"[0, 0, 0, 1]","[0, 0, 0, 1]","[0, 0, 0, 0]","[0, 0, 0, 0]",14672,"[4, 15, 10, 8]",0.8112781244591328,0.25,0.75
15,@alternative_right   Are you guys gonna gas me because of my Scottish roots?,"[0, 0, 0, 1, 1]","[0, 0, 0, 1, 1]","[0, 0, 0, 0, 0]","[0, 0, 0, 0, 1]",2463,"[4, 15, 10, 8, 14]",0.9709505944546686,0.4,0.6
324,Now there is a disadvange to marrying a divorced man paying child support to another women. Because in some States. The women's income is included. To increase the child support to the exe-wife. Hence a negative.,"[0, 0, 0, 0]","[0, 0, 0, 0]","[0, 0, 0, 0]","[0, 0, 0, 0]",9598,"[2, 7, 12, 11]",0.0,0.0,1.0
758,"I have done 3 books, 14 essays, 1000+ videos and 40,000+ posts in to the public space defending the rights of men. MGTOW is WINNING. ","[0, 0, 0, 0]","[0, 0, 0, 0]","[0, 0, 0, 0]","[0, 0, 0, 0]",3137,"[7, 13, 12, 11]",0.0,0.0,1.0
222,“The riddles of God are more satisfying than the solutions of man.”,"[0, 0, 0, 0]","[0, 0, 0, 0]","[0, 0, 0, 0]","[0, 0, 0, 0]",2310,"[4, 15, 10, 8]",0.0,0.0,1.0
179,I have no doubt that Little's customer satisfaction rating will exceed Gab's by at least an order of magnitude.,"[0, 0, 0, 0, 0]","[0, 0, 0, 0, 0]","[0, 0, 0, 0, 0]","[0, 0, 0, 0, 0]",20988,"[4, 15, 10, 8, 14]",0.0,0.0,1.0
983,Indeed. Which proves not all are bad. True followers of only quran. Not Talmudic wahhabism. Most young are following crypto jew Saudi wahhabism. Thanks.👍🏻,"[0, 0, 0, 0]","[0, 0, 0, 0]","[0, 0, 0, 0]","[0, 0, 0, 0]",11369,"[6, 11, 7, 3]",0.0,0.0,1.0
22,"So the media believes they have a 'gotcha' moment with Trump's off the record comments about the Canadian trade negotiation.But by owning it and admitting he said it, he's sending a message of honesty and transparency.The public knows how important these trade deals are to Trump, so if he'll own that publicly, is there much else he could lie about?Not really.","[0, 0, 0, 0, 0]","[0, 0, 0, 0, 0]","[0, 0, 0, 0, 0]","[0, 0, 0, 0, 0]",3081,"[4, 15, 10, 8, 14]",0.0,0.0,1.0
356,"https://www.puppetstringnews.com/blog/general-mattis-changes-stance-on-space-force-now-supports-space-force General Mattis changes stance on Space Force, now supports Space Force","[0, 0, 0, 0]","[0, 0, 0, 0]","[0, 0, 0, 0]","[0, 0, 0, 0]",12256,"[7, 13, 12, 11]",0.0,0.0,1.0
666,GET OUT AND VOTE REPUBLICAN!!!,"[0, 0, 0, 0]","[0, 0, 0, 0]","[0, 0, 0, 0]","[0, 0, 0, 0]",16995,"[7, 13, 12, 11]",0.0,0.0,1.0
861,"#Hannity: #DOJ 's #BruceOhr and astounding #DeepState #corruption - #Democrat #SteeleDossier was paid for by #Hillary, funneled thru Ohr & used for #FISA warrant to spy on #Trump campaign http://bit.ly/2olUM4b #politics #draintheswamp #MAGA #RussiaHoax #FakeDossier","[0, 0, 0, 0]","[0, 0, 0, 0]","[0, 0, 0, 0]","[0, 0, 0, 0]",3657,"[4, 15, 10, 8]",0.0,0.0,1.0
340,Might help with choosing all    professional help? ,"[0, 0, 0, 0]","[0, 0, 0, 0]","[0, 0, 0, 0]","[0, 0, 0, 0]",15204,"[7, 13, 12, 11]",0.0,0.0,1.0
431,"Ashkenazi Jews have some of the highest IQs in the world. However, you'd be wrong to assume that they are genetically Jewish. They are not. Ashkenazi Jews are actually genetically European, meaning they are white. Thus, it is disproven that Jews are the smartest people in the world. Europeans actually are.","[1, 0, 0, 0]","[1, 0, 0, 0]","[0, 0, 0, 0]","[0, 0, 0, 0]",23153,"[7, 13, 12, 11]",0.8112781244591328,0.25,0.75
551,Virtue signalling trumps facts you silly sausage ;-),"[1, 1, 0, 0]","[1, 1, 0, 0]","[0, 0, 0, 0]","[1, 0, 0, 0]",9325,"[2, 7, 12, 11]",1.0,0.5,0.5
833,The 9th Circuit just ruled in favor of the Trump rally attendees who were attacked in San Jose. It is now a constitutional rights violation for police to funnel Trump supporters into crowds of protestors and then fail to protect them from said protestors. Important implications for our lawsuit against UC Berkeley and other incidents like Charlottesville.,"[0, 0, 0, 0]","[0, 0, 0, 0]","[0, 0, 0, 0]","[0, 0, 0, 0]",15473,"[4, 15, 10, 8]",0.0,0.0,1.0
203,The #USOpen crowd at #Shinnecock are literally the most rude gallery in sport. Screaming like beagles after EVERY SHOT. You expect it from the Phoenix Open but these New Yorkers are yelping unintelligible trash at the highest volumes EVERY SINGLE SWING. New York should never be allowed to host a US Open ever again. #QuietPlease #Gab,"[1, 1, 1, 0, 0]","[1, 1, 1, 0, 0]","[0, 0, 0, 0, 0]","[0, 0, 1, 0, 0]",22927,"[13, 17, 14, 8, 10]",0.9709505944546686,0.6,0.4
630,I'm in Oklahoma so I can too. I wear my redneck badge proud.,"[0, 0, 0, 0]","[0, 0, 0, 0]","[0, 0, 0, 0]","[0, 0, 0, 0]",11533,"[2, 7, 12, 11]",0.0,0.0,1.0
93,@Oblivia I just wanted to say I really liked all the artwork you posted in the Gab Draws section.  You have a keen eye for art!,"[0, 0, 0, 0, 0, 0, 0]","[0, 0, 0, 0, 0, 0, 0]","[0, 0, 0, 0, 0, 0, 0]","[0, 0, 0, 0, 0, 0, 0]",9916,"[13, 17, 9, 4, 14, 8, 10]",0.0,0.0,1.0
558,Obama uses Facebook surveillance data: Good ,"[1, 1, 0, 0]","[1, 1, 0, 0]","[0, 0, 0, 0]","[1, 1, 1, 0]",22236,"[13, 0, 11, 12]",1.0,0.5,0.5
68,'Muslim Gets What’s Comin’' by @GuardAmerican https://gab.ai/tv/watch/23681,"[0, 1, 1, 1, 1]","[0, 0, 1, 1, 1]","[0, 1, 0, 0, 0]","[0, 0, 0, 0, 0]",7464,"[4, 15, 10, 8, 14]",0.7219280948873623,0.8,0.19999999999999996
622,"Hey, #GabFam - show some #GabWriters the love and score yourself some cool schwag in the process! https://www.kickstarter.com/projects/silverempire/...","[0, 0, 0, 0]","[0, 0, 0, 0]","[0, 0, 0, 0]","[0, 0, 0, 0]",3213,"[4, 15, 10, 8]",0.0,0.0,1.0
284,Who are all the right wingers who have paywalled content? Offhand Bill O'Reilly Milo CRTV (too many ppl to list) The Right Stuff Red Ice Any I missed?,"[0, 0, 0, 0]","[0, 0, 0, 0]","[0, 0, 0, 0]","[0, 0, 0, 0]",3024,"[4, 15, 10, 8]",0.0,0.0,1.0
844,"https://everydayconcerned.net/tag/truth-about-us-g...  Vital information about current U.S. court system and anyone facing persecution; informing the court with a declaration of political status, and a release and discharge for the judge.","[0, 0, 0, 0]","[0, 0, 0, 0]","[0, 0, 0, 0]","[0, 0, 0, 0]",24143,"[4, 15, 8, 10]",0.0,0.0,1.0
434,No access to an old COMPED board is not Evidence  ,"[0, 0, 0, 0]","[0, 0, 0, 0]","[0, 0, 0, 0]","[0, 0, 0, 0]",14988,"[7, 13, 12, 11]",0.0,0.0,1.0
153,Are Liberals Becoming Trump Curious? https://www.newswars.com/are-liberals-becoming-tru... #AgendaOfEvil,"[0, 0, 0, 0, 0]","[0, 0, 0, 0, 0]","[0, 0, 0, 0, 0]","[0, 0, 0, 0, 0]",17162,"[4, 15, 10, 8, 14]",0.0,0.0,1.0
75,The. Holocaust. Never. Happened.,"[0, 0, 1, 0, 1]","[0, 0, 1, 0, 1]","[0, 0, 0, 0, 0]","[0, 0, 0, 0, 1]",8284,"[4, 15, 10, 8, 14]",0.9709505944546686,0.4,0.6
730,Just think about how sick it is that they want no opposition whatsoever to the mass replacement-level immigration going on in western countries. They are prepared to totally wipe people from the internet to achieve it. This is not a game...,"[0, 0, 0, 0]","[0, 0, 0, 0]","[0, 0, 0, 0]","[0, 0, 0, 0]",14345,"[4, 15, 10, 8]",0.0,0.0,1.0
446,"It doesn’t matter if there are non-whites who share some of our nationalist views. they are still different from us. Should they be allowed in our ethnostate? If it were up to me, the answer is no. I don’t support a policy of, “anyone who’s like Joe the Jew is welcome in our white ethnostate.” The whole idea of an ethnostate is to preserve our genetics and identity, not specifically our...","[0, 0, 1, 1]","[0, 0, 1, 1]","[0, 0, 0, 0]","[0, 0, 0, 1]",6126,"[4, 15, 10, 8]",1.0,0.5,0.5
188,"People like this need put down, euthanized. Not just thrown into prison for us to pay for their food and care for decades. https://www.breitbart.com/texas/2018/07/13/texas-m... #MAGA #Trump ##GabFam","[1, 1, 0, 1, 1, 0, 0]","[1, 1, 0, 0, 1, 0, 0]","[1, 1, 0, 1, 0, 0, 0]","[0, 0, 0, 0, 1, 0, 0]",22050,"[13, 17, 9, 15, 14, 8, 10]",0.9852281360342515,0.5714285714285714,0.4285714285714286
271,"So when the FBI fired this dirt bag, did they actually tell him to his face? OR did they just ask Lisa Page to text him? ","[0, 0, 0, 0]","[0, 0, 0, 0]","[0, 0, 0, 0]","[0, 0, 0, 0]",7925,"[2, 7, 12, 11]",0.0,0.0,1.0
236,National Socialist Korea...............Blood and Soil. ,"[0, 0, 0, 0]","[0, 0, 0, 0]","[0, 0, 0, 0]","[0, 0, 0, 0]",125,"[7, 13, 12, 11]",0.0,0.0,1.0
487,Pay attention now - space control = human rights control. EO 12 21 rules the earth.,"[0, 0, 0, 0]","[0, 0, 0, 0]","[0, 0, 0, 0]","[0, 0, 0, 0]",10148,"[2, 7, 12, 11]",0.0,0.0,1.0
117,Starving journalists make me nut,"[0, 0, 0, 1, 1]","[0, 0, 0, 1, 1]","[0, 0, 0, 0, 0]","[0, 0, 0, 0, 1]",12215,"[4, 15, 10, 8, 14]",0.9709505944546686,0.4,0.6
943,"A black actor plays a GOOD role model on TV for half a decade. No rap, no crap, plays a dedicated father, husband and doctor. Works hard. That doesn't sell, honesty and integrity don't make a black man famous these days. But he keeps his head up and takes some good, honest, hard work while in his 50s, workong at a grocery store. No welfare check. Work. Two lesbians see him, snap his picture withou...","[0, 1, 0, 1]","[0, 1, 0, 1]","[0, 0, 0, 0]","[1, 0, 0, 0]",15348,"[4, 15, 10, 8]",1.0,0.5,0.5
512,Sarah SANDERS to be first Press Secretary to get Secret Service Protection ,"[0, 0, 0, 0]","[0, 0, 0, 0]","[0, 0, 0, 0]","[0, 0, 0, 0]",21772,"[2, 7, 12, 11]",0.0,0.0,1.0
825,"Also apparently the actual march barely scrapped past 200,000. But of course you won't see that in the mainstream media. Keep up with that ""millions"" statement.","[0, 0, 0, 0]","[0, 0, 0, 0]","[0, 0, 0, 0]","[0, 0, 0, 0]",25369,"[7, 13, 12, 11]",0.0,0.0,1.0
591,He can burn his books in the stove. Never again will buy one!,"[0, 0, 1, 0]","[0, 0, 1, 0]","[0, 0, 0, 0]","[0, 0, 0, 0]",1963,"[2, 7, 12, 11]",0.8112781244591328,0.25,0.75
126,Well... at least a “man” was still first. By the time all of this makes it to Globalist textbooks in the future it will be a female astronaut who went to the moon just to abort her baby there because she wanted to do it first... before using her size A bra to sling the spacecraft back.,"[1, 1, 1, 1, 1]","[1, 1, 1, 1, 1]","[0, 0, 0, 0, 0]","[0, 1, 0, 0, 0]",13773,"[4, 15, 10, 8, 14]",0.0,1.0,0.0
116,I pirate my games from this site. Since these are all gog games you don't have to worry about any cracks or added malware since gog games are by default drm free and don't need any extra modifications. This is the only place where I pirate games since I don't want to play Russian roulette (malware edition) with cracks https://goggames.goodolddownloads.com/,"[0, 0, 0, 0, 0]","[0, 0, 0, 0, 0]","[0, 0, 0, 0, 0]","[0, 0, 0, 0, 0]",12213,"[4, 15, 10, 8, 14]",0.0,0.0,1.0
473,A similar related event. He mocks them. http://www.breitbart.com/big-hollywood/2017/02/24/photos-street-artist-mocks-oscars-fake-posters-hollywood/,"[0, 0, 0, 0]","[0, 0, 0, 0]","[0, 0, 0, 0]","[0, 0, 0, 0]",9448,"[2, 7, 12, 11]",0.0,0.0,1.0
693,This Instagram account is now down: https://www.instagram.com/3_ringcircus/,"[0, 0, 0, 0]","[0, 0, 0, 0]","[0, 0, 0, 0]","[0, 0, 0, 0]",25668,"[7, 13, 12, 11]",0.0,0.0,1.0
57,"It's what always happens when you can't argue with reason, facts and evidence. They can't win with logic, so they resort to violence. ","[0, 1, 1, 0, 0]","[0, 0, 1, 0, 0]","[0, 1, 0, 0, 0]","[0, 0, 0, 0, 0]",6295,"[3, 13, 0, 11, 16]",0.9709505944546686,0.4,0.6
863,lookup a cell phone number name https://instaud.io/2EsX,"[0, 0, 0, 0]","[0, 0, 0, 0]","[0, 0, 0, 0]","[0, 0, 0, 0]",17379,"[2, 7, 12, 11]",0.0,0.0,1.0
912,"Typical case of whites saving the day, good job guys","[1, 0, 0, 0]","[1, 0, 0, 0]","[0, 0, 0, 0]","[0, 0, 0, 0]",12995,"[7, 13, 12, 11]",0.8112781244591328,0.25,0.75
369,"Don't be surprised when they take the vote to #releasethememo that all Dems vote against the measure and several GOP as well.  Making sure it fails by one or two votes.  They will claim ""they tried"" and move on.  The Swamp includes congressmen.  They will want the issue rather than the release.","[0, 0, 0, 0]","[0, 0, 0, 0]","[0, 0, 0, 0]","[0, 0, 0, 0]",27642,"[7, 2, 12, 11]",0.0,0.0,1.0
268,http://floridafamily.org/issues.php Take Action Against Islam and Leftists,"[0, 0, 0, 0]","[0, 0, 0, 0]","[0, 0, 0, 0]","[0, 1, 0, 0]",6912,"[2, 7, 12, 11]",0.0,0.0,1.0
46,Al Sharpton needs to learn what MAGA means. I will go so far as to challenge his credentials to be called a 'Reverend',"[0, 0, 0, 0, 1]","[0, 0, 0, 0, 1]","[0, 0, 0, 0, 0]","[0, 0, 0, 0, 0]",4829,"[4, 15, 10, 8, 14]",0.7219280948873623,0.2,0.8
349,Just in case you didn't think the Left had truly lost their collective minds... (I appreciate these little reminders from time to time.) https://medium.com/s/greatescape/your-climate-chan...,"[1, 1, 0, 1]","[1, 1, 0, 1]","[0, 0, 0, 0]","[0, 0, 0, 1]",22294,"[4, 15, 10, 8]",0.8112781244591328,0.75,0.25
195,Justifying the use of the word 'monkey' is just playing by the Left's rules. They  should apologize for playing the race card so often that it's worn out.,"[1, 0, 0, 1, 1]","[1, 0, 0, 1, 1]","[0, 0, 0, 0, 0]","[0, 0, 0, 0, 0]",22239,"[4, 15, 10, 8, 14]",0.9709505944546686,0.6,0.4
999,"Damned if ya do... Damned if ya don't, but either way Oblamer somebody else... wan'd me!!!!","[1, 0, 0, 0]","[0, 0, 0, 0]","[1, 0, 0, 0]","[0, 0, 0, 0]",26171,"[7, 13, 12, 11]",0.8112781244591328,0.25,0.75
834,Pictures emerge of where #McCain will be spending the next forever:,"[0, 0, 0, 0]","[0, 0, 0, 0]","[0, 0, 0, 0]","[0, 0, 0, 0]",2875,"[4, 15, 10, 8]",0.0,0.0,1.0
736,"Where's the pro, big spender? Lol","[0, 0, 0, 0]","[0, 0, 0, 0]","[0, 0, 0, 0]","[1, 0, 0, 0]",576,"[7, 13, 12, 11]",0.0,0.0,1.0
263,"The men crying about me saying ""just leave women alone"" bringing down ""muh white race"" are the ones scared. They make that pretty clear.","[1, 0, 0, 0]","[1, 0, 0, 0]","[0, 0, 0, 0]","[0, 0, 0, 0]",4181,"[7, 13, 12, 11]",0.8112781244591328,0.25,0.75
443,Why do Asian men want to kill people at Va Tech?  ,"[1, 0, 0, 0]","[1, 0, 0, 0]","[0, 0, 0, 0]","[0, 0, 0, 0]",25823,"[7, 13, 12, 11]",0.8112781244591328,0.25,0.75
675,Hollywood Rewrites History - Erases US Flag Display in New Movie on Moon Landing -- It Doesn't Fit Their Narrative | TGP http://bit.ly/2oqRxbZ  #Hollywood #Movie #Film,"[0, 0, 0, 0]","[0, 0, 0, 0]","[0, 0, 0, 0]","[0, 0, 0, 0]",17570,"[4, 15, 10, 8]",0.0,0.0,1.0
304,i wish sarah sanders weren't fat. she's a sniper.,"[0, 0, 1, 0]","[0, 0, 1, 0]","[0, 0, 0, 0]","[1, 0, 1, 0]",13183,"[7, 13, 12, 11]",0.8112781244591328,0.25,0.75
341,"So explain to me why Joe Kennedy was speaking last night and just who the fuck He supposed to represent? If there was ever a gutter family that deserves its bullet-catching reputation, it’s this organized crime built, women murderering, rapists batch of globalist ratshit","[0, 0, 1, 0]","[0, 0, 1, 0]","[0, 0, 0, 0]","[0, 1, 1, 1]",4954,"[7, 2, 12, 11]",0.8112781244591328,0.25,0.75
966,Nonsense.  So why does the Sun behave like this in Antarctican summer?,"[0, 0, 0, 0]","[0, 0, 0, 0]","[0, 0, 0, 0]","[0, 0, 0, 0]",16649,"[7, 13, 12, 11]",0.0,0.0,1.0
149,Watch Out: How PC Has Redefined ‘Fascism’ https://www.newswars.com/watch-out-how-pc-has-rede... #AgendaOfEvil,"[0, 0, 0, 1, 0]","[0, 0, 0, 1, 0]","[0, 0, 0, 0, 0]","[0, 0, 0, 0, 0]",17158,"[4, 15, 10, 8, 14]",0.7219280948873623,0.2,0.8
124,"and some people still wonder why so many people hate him, specially those ugly ass feminists","[1, 1, 1, 1, 1]","[1, 1, 1, 1, 1]","[0, 0, 0, 0, 0]","[1, 1, 0, 1, 1]",13696,"[4, 15, 10, 8, 14]",0.0,1.0,0.0
786,"Specifically, it's a decentralized, fatwa-based religion of conversion by force, which seeks to eradicate rival religions. The cultural overlap with Islam is not an accident. https://www.americanthinker.com/articles/2018/08/p...","[1, 1, 0, 1]","[1, 1, 0, 1]","[0, 0, 0, 0]","[0, 0, 0, 0]",16044,"[4, 15, 10, 8]",0.8112781244591328,0.75,0.25
50,#UKNews 😲THREE YEAR OLD child is victim of FGM in UK 😡😡😡 Ghana/Uganda parents in East London accused of FGM plus 10 counts of indecent image allegations. Sick fecks!!!!!!!  They plead NOT guilty.. #TheRope! #KidsLivesMatter #BritFam,"[0, 0, 0, 1, 1]","[0, 0, 0, 1, 1]","[0, 0, 0, 0, 0]","[0, 0, 0, 0, 1]",5548,"[4, 15, 10, 8, 14]",0.9709505944546686,0.4,0.6
353,It is very easy to order our related papers to write services. You can fill out our quotation form or paper to write the order form first. We will check your information to give you the lowest price and try to reduce your cost. https://www.drsessays.com/order,"[0, 0, 0, 0]","[0, 0, 0, 0]","[0, 0, 0, 0]","[0, 0, 0, 0]",26672,"[6, 7, 3, 11]",0.0,0.0,1.0
927,Napa Sky Full Of Strange Clouds,"[0, 0, 0, 0]","[0, 0, 0, 0]","[0, 0, 0, 0]","[1, 0, 0, 0]",9076,"[7, 13, 12, 11]",0.0,0.0,1.0
142,"That's all leftist BS. You've bought the lie. Before Obamacare, the majority of people who didn't have health insurance chose not to have health insurance, but they still had access to medical care, just at the non-insured price. The non-insured price is most often less than the insured price. With very few egregious exceptions, people were not denied medical care. Life expectancy actually decline...","[1, 1, 0, 0, 1]","[1, 1, 0, 0, 1]","[0, 0, 0, 0, 0]","[0, 0, 0, 0, 0]",16513,"[4, 15, 10, 8, 14]",0.9709505944546686,0.6,0.4
470,The world is a better & safer place now that McCain is enjoying his eternity in Hades.   Now if Satan could just call Ruth Bader Ginsberg home...,"[0, 0, 0, 0]","[0, 0, 0, 0]","[0, 0, 0, 0]","[0, 0, 0, 0]",27120,"[4, 15, 10, 8]",0.0,0.0,1.0
399,This will be @inthematrix's Thread for 1/8/2018 new posts incoming. #QPosts #QArmy #QAnon #WWG1WGA #QFear #AskTheQ https://twitter.com/intheMatrixxx/status/1024530750090227713,"[0, 0, 0, 0]","[0, 0, 0, 0]","[0, 0, 0, 0]","[0, 0, 0, 0]",19098,"[7, 13, 12, 11]",0.0,0.0,1.0
625,Read it and weep .... Rand Paul mocks the Republicans who said FISA wouldn’t be abused,"[0, 1, 0, 0]","[0, 1, 0, 0]","[0, 0, 0, 0]","[0, 0, 0, 0]",13728,"[2, 7, 12, 11]",0.8112781244591328,0.25,0.75
320,Huge Connections made between Global Warming and Child Trafficking. https://coreysdigs.com/clinton-foundation/shipwrec...,"[0, 0, 0, 0]","[0, 0, 0, 0]","[0, 0, 0, 0]","[0, 0, 0, 0]",3259,"[4, 15, 10, 8]",0.0,0.0,1.0
19,"John Kerry couldn't take out W in the 2004 Presidential election, so how in the hell does he plan to defeat the most popular Republican President in history?Hope he runs.  It would be an easy victory.https://www.cbsnews.com/news/john-kerry-wont-rule-...","[0, 0, 0, 0, 0]","[0, 0, 0, 0, 0]","[0, 0, 0, 0, 0]","[1, 0, 0, 0, 0]",3077,"[4, 15, 10, 8, 14]",0.0,0.0,1.0
809,Secret Societies are colluding against President Trump through #FakeNews https://www.youtube.com/watch?v=GcJnkA-FE1M,"[0, 0, 0, 0]","[0, 0, 0, 0]","[0, 0, 0, 0]","[0, 0, 0, 0]",24421,"[4, 15, 10, 8]",0.0,0.0,1.0
790,"Andrew Torba brought up one of them talking about fighting at the Bull Statue in NYC on Wall St. ""Go Full Brevik"" or something like that was his name. I left a link to this post under Torba's asking people to read it. Of course before considering doing stupid shit in the street that makes us look bad. I'm proud that GABstapo is against that shit. Please take a few minutes and read. ","[0, 0, 0, 0]","[0, 0, 0, 0]","[0, 0, 0, 0]","[0, 0, 0, 1]",18881,"[7, 13, 12, 11]",0.0,0.0,1.0
808,"Nope.  Peter Ridd is part of the Galileo Movement, a front for Australian coal-sellers.","[0, 0, 0, 0]","[0, 0, 0, 0]","[0, 0, 0, 0]","[0, 0, 0, 0]",22345,"[11, 6, 7, 3]",0.0,0.0,1.0
407,@realemilyyoucis‍ @JacquesWanderVogel‍ ,"[0, 0, 0, 0]","[0, 0, 0, 0]","[0, 0, 0, 0]","[0, 0, 0, 0]",10748,"[2, 7, 12, 11]",0.0,0.0,1.0
537,"@VSovren  Hey, do you happen to have a link or resource for the upcoming primary? Ive been trying to find good info on the candidates for weeks and its very hit or miss. =/","[0, 0, 0, 0]","[0, 0, 0, 0]","[0, 0, 0, 0]","[0, 0, 0, 0]",11891,"[4, 15, 10, 8]",0.0,0.0,1.0
620,Exactly why I will never fly again. I frickin walk before I let some pig touch me,"[0, 0, 0, 0]","[0, 0, 0, 0]","[0, 0, 0, 0]","[0, 0, 0, 0]",17716,"[7, 13, 12, 11]",0.0,0.0,1.0
38,"DIGITAL DETOXIFY: Britain's Scroll Free SeptemberLOL! Social Media Suppression Here to Save Your Body Image,  Not the Nation Scroll Free September wants people to only give up social media activity for a month. https://canadafreepress.com/article/lol-social-med...","[0, 0, 0, 0, 0]","[0, 0, 0, 0, 0]","[0, 0, 0, 0, 0]","[0, 0, 0, 0, 0]",4353,"[4, 15, 10, 8, 14]",0.0,0.0,1.0
175,My favorite part of this was when Goad said it's not gay if you're on top. But I sorta lost interest and now I'm watching a Spyro 3 review.,"[0, 0, 0, 1, 0]","[0, 0, 0, 1, 0]","[0, 0, 0, 0, 0]","[0, 0, 0, 0, 0]",19343,"[4, 15, 10, 8, 14]",0.7219280948873623,0.2,0.8
245,Ukraine - The Babchenko Hoax Was Part Of A Corporate Raid http://www.moonofalabama.org/2018/06/ukraine-the-babchenko-hoax-was-part-of-a-corporate-raid.html,"[0, 0, 0, 0]","[0, 0, 0, 0]","[0, 0, 0, 0]","[0, 0, 0, 0]",9503,"[2, 7, 12, 11]",0.0,0.0,1.0
828,Good to know. Thanks for the info,"[0, 0, 0, 0]","[0, 0, 0, 0]","[0, 0, 0, 0]","[0, 0, 0, 0]",23433,"[11, 6, 7, 3]",0.0,0.0,1.0
667,I SWEAR I hear about kapernick more on gab then anywhere else!!,"[0, 0, 0, 0]","[0, 0, 0, 0]","[0, 0, 0, 0]","[0, 0, 0, 0]",5859,"[7, 2, 12, 11]",0.0,0.0,1.0
754,Look what my Bengal Sammie dragged in for me,"[0, 0, 0, 0]","[0, 0, 0, 0]","[0, 0, 0, 0]","[0, 0, 0, 0]",18461,"[6, 11, 7, 3]",0.0,0.0,1.0
858,"""Maya Angelou then went on to play the only black role in the original Star Trek series.""","[0, 0, 0, 0]","[0, 0, 0, 0]","[0, 0, 0, 0]","[1, 0, 0, 0]",11952,"[7, 13, 12, 11]",0.0,0.0,1.0
154,"Australia: Muslim on student visa arrested for jihad plots against former PM, “symbolic” locations https://www.jihadwatch.org/2018/08/australia-musli... #AgendaOfEvil","[0, 0, 0, 1, 1]","[0, 0, 0, 1, 1]","[0, 0, 0, 0, 0]","[0, 0, 0, 0, 0]",17163,"[4, 15, 10, 8, 14]",0.9709505944546686,0.4,0.6
287,"yes. I watched it. Mr Damore fell into that category where you found yourself. I just hate seeing that boy in S'cto brutalized for having a valid curiosity, designing an experiment to investigate and then analyzing the results and pointing out weaknesses in the study. He should be commended versus victimized for thinking ""impure"" thoughts","[0, 0, 0, 0]","[0, 0, 0, 0]","[0, 0, 0, 0]","[0, 0, 0, 0]",4287,"[7, 13, 12, 11]",0.0,0.0,1.0
602,"Really we need to rebuild community. Mormons are starting to crack, but they're still punching above their European-American demographic weight.","[1, 0, 0, 1]","[1, 0, 0, 1]","[0, 0, 0, 0]","[0, 0, 0, 0]",18267,"[4, 15, 10, 8]",1.0,0.5,0.5
569,"Did you see recently that the first ever asteroid from interstellar space passed through our solar system? Of course detected and analysed by white people! The first true evidence of something travelling through space & detected by us! It was only 400m long and 40m wide & detected 90-590 million KM away! Yep, more amazing white race stuff!","[0, 0, 0, 1]","[0, 0, 0, 1]","[0, 0, 0, 0]","[0, 0, 0, 0]",13429,"[2, 7, 12, 11]",0.8112781244591328,0.25,0.75
743,Via @rockstarbarnes #MichelleBarnes - It’s been such a good build up for these two 🙌🏼- all the right sessions to work with their extremely busy schedule working with teeth 😁 ! Swim & Run have improved enormously this year and keeping the gears big on the bike 💪! Really proud of you two- can’t wait to be out there cheering....BELIEVE 🙏 #hawaii703  #trisutto,"[0, 0, 0, 0]","[0, 0, 0, 0]","[0, 0, 0, 0]","[0, 0, 0, 0]",17049,"[2, 7, 12, 11]",0.0,0.0,1.0
17,This guy:'All the best Europeans stayed in Europe'Also this guy:'I'm an American'LMAOOOO!!,"[0, 0, 0, 0, 1]","[0, 0, 0, 0, 1]","[0, 0, 0, 0, 0]","[0, 0, 0, 0, 0]",2467,"[4, 15, 10, 8, 14]",0.7219280948873623,0.2,0.8
127,"The thing about Globalists is not only do they fight dirty, but “if you can’t beat them, join them”, isn’t even an option. Only the elite get to stay out of the way when they play war.","[1, 0, 0, 1, 1]","[1, 0, 0, 1, 1]","[0, 0, 0, 0, 0]","[0, 0, 0, 0, 0]",13774,"[4, 15, 10, 8, 14]",0.9709505944546686,0.6,0.4
322,"My family escaped socialism, now my fellow Democrats think we should move the party in its direction https://usat.ly/2Ly1Sf1 via @usatoday This time they'll get it right, honestly!!","[0, 0, 0, 0]","[0, 0, 0, 0]","[0, 0, 0, 0]","[0, 0, 0, 0]",1445,"[4, 15, 10, 8]",0.0,0.0,1.0
255,Advice for those offended by 9/11 memorials; don't visit them. We don't give a damn about your opinion. Your radical religion attacked our freedom. We won't forget and we will never back down. | #RedNationRising,"[0, 0, 0, 1]","[0, 0, 0, 1]","[0, 0, 0, 0]","[1, 0, 0, 0]",22101,"[4, 15, 10, 8]",0.8112781244591328,0.25,0.75
657,Maybe Harry Potter can indeed offer some solutions to our current political dystopia...,"[1, 0, 0, 0]","[1, 0, 0, 0]","[0, 0, 0, 0]","[0, 0, 0, 0]",26120,"[7, 13, 12, 11]",0.8112781244591328,0.25,0.75
964,"Anytime a government employee resigns, is fired, retires or leaves for any reason, all benefits - security clearances, perks, insurance, etc, should be ended as well. That's the way it works in the private sector, why should government be any different?","[0, 0, 0, 0]","[0, 0, 0, 0]","[0, 0, 0, 0]","[0, 0, 0, 0]",16445,"[4, 15, 10, 8]",0.0,0.0,1.0
190,Democratic US House candidate faces accusations of threatening GOP lawmaker in Facebook message https://www.theblaze.com/news/2018/09/26/democratic-us-house-candidate-faces-accusations-of-threatening-gop-lawmaker-in-facebook-message via @theblaze,"[0, 1, 1, 0, 0]","[0, 0, 1, 0, 0]","[0, 1, 0, 0, 0]","[0, 0, 0, 0, 0]",22092,"[3, 13, 0, 11, 16]",0.9709505944546686,0.4,0.6
115,"'Axios article claimed a “conservative social network would fail,”  So what's Gab, chopped liver?https://www.breitbart.com/tech/2018/08/31/trump-ca...","[0, 0, 0, 1, 1]","[0, 0, 0, 1, 1]","[0, 0, 0, 0, 0]","[0, 0, 0, 0, 0]",11985,"[4, 15, 10, 8, 14]",0.9709505944546686,0.4,0.6
616,Morons: “Why don’t you ask for an investigation?” ,"[0, 1, 0, 0]","[0, 1, 0, 0]","[0, 0, 0, 0]","[0, 0, 0, 0]",24917,"[2, 7, 12, 11]",0.8112781244591328,0.25,0.75
606,Bill Maher is a dick... goes without saying. But he also has poor judgement. The Euro bankers are trying desperately to stop Deutsche Bank from failing on Trump's watch. Why? Because that will bring about the crash that fucks like Maher want. BUT... Trump will stop them from implementing their NWO shit.,"[0, 0, 1, 0]","[0, 0, 1, 0]","[0, 0, 0, 0]","[1, 1, 1, 0]",27445,"[11, 6, 3, 16]",0.8112781244591328,0.25,0.75
180,"I've been proposing a FEED SETTINGS toggle for some time. It would just display comments as old style replies, de-contexed from the wall of filthy vomit. But the grifter @a  has such a deep pathological hatred for OG users that I postulate that comments are designed to DRIVE US OFF. It won't work. I will plague this fucker to infinity and beyond.","[1, 1, 1, 1, 1]","[0, 1, 1, 1, 1]","[1, 0, 0, 0, 1]","[1, 1, 0, 0, 1]",20990,"[4, 15, 10, 8, 14]",0.0,1.0,0.0
301,#Uyghur community in Northwestern #China maybe working to bring in #ISIS to start a new insurrection in Western China as the #Chinese 'One-Road-One-Belt' Policy for 2020 is being rolled out with many globalist supporting. https://tinyurl.com/yba3rx5r,"[0, 0, 0, 1]","[0, 0, 0, 1]","[0, 0, 0, 0]","[0, 0, 0, 0]",12569,"[4, 15, 10, 8]",0.8112781244591328,0.25,0.75
759,"Pseudonymous intersectionalkin Benjanun Sriduangkaew gets dragged into the light again For reference since 2003 she persistently sent death/rape/mutiliation threats to people online, discovered social justice and started justifying her actions with it, SJWs enabling her https://twitter.com/cathyyoung63/status/1030708725...","[0, 0, 0, 0]","[0, 0, 0, 0]","[0, 0, 0, 0]","[0, 0, 0, 0]",2445,"[4, 15, 10, 8]",0.0,0.0,1.0
712,This child examined the root cause - critical thinking skills - well done:,"[0, 0, 0, 0]","[0, 0, 0, 0]","[0, 0, 0, 0]","[0, 0, 0, 0]",19138,"[2, 7, 12, 11]",0.0,0.0,1.0
723,"#Muzhood Agent Obama with Appointed Muzhood Agents, ","[0, 0, 0, 1]","[0, 0, 0, 1]","[0, 0, 0, 0]","[0, 0, 0, 0]",3794,"[7, 13, 12, 11]",0.8112781244591328,0.25,0.75
685,"I agree. TexasVet has organised some.....I would report myself, but have no means right now. ","[0, 1, 0, 0]","[0, 1, 0, 0]","[0, 0, 0, 0]","[0, 0, 0, 0]",11922,"[2, 7, 12, 11]",0.8112781244591328,0.25,0.75
979,"Gab, where people that think out of the box gather to speak freely...... in group boxes.....","[0, 0, 0, 0]","[0, 0, 0, 0]","[0, 0, 0, 0]","[0, 0, 0, 0]",24839,"[4, 15, 10, 8]",0.0,0.0,1.0
517,Good analysis of Syrian developments ,"[0, 0, 0, 0]","[0, 0, 0, 0]","[0, 0, 0, 0]","[0, 0, 0, 0]",11052,"[2, 7, 12, 11]",0.0,0.0,1.0
984,'Who’s paying your salary? The Italians who live here? Or the people getting off boats tomorrow morning?' —Matteo Salvini scolds Khalid Chaouki in a heated debate.   https://youtu.be/F1N5QLmzCQA  #Mastrangelo #Salvini #Italy #gimmegrants #,"[0, 0, 0, 1]","[0, 0, 0, 1]","[0, 0, 0, 0]","[0, 0, 0, 0]",27113,"[4, 15, 10, 8]",0.8112781244591328,0.25,0.75
45,"PSA for all liberals, socialists, 'progressives' and people who demand 'pronouns'","[0, 0, 0, 1, 0]","[0, 0, 0, 1, 0]","[0, 0, 0, 0, 0]","[0, 0, 0, 1, 0]",4827,"[4, 15, 10, 8, 14]",0.7219280948873623,0.2,0.8
909,"Little hostile huh? I mean deport them? Sure yeah do that. Death Camos? That’s not American, that’s not the rule of law.  ","[0, 1, 0, 0]","[0, 1, 0, 0]","[0, 0, 0, 0]","[0, 0, 0, 0]",22421,"[2, 7, 12, 11]",0.8112781244591328,0.25,0.75
157,The Permeation of Propaganda in the College Student Brain | American Thinker http://bit.ly/2orNY5k  #College,"[0, 0, 0, 0, 0]","[0, 0, 0, 0, 0]","[0, 0, 0, 0, 0]","[0, 0, 0, 0, 0]",17564,"[4, 15, 10, 8, 14]",0.0,0.0,1.0
851,@MurdochMurdoch This article is exactly 1488 words. You'll love it! https://metaright.org/2018/06/23/evolutionism-the-...,"[0, 0, 0, 0]","[0, 0, 0, 0]","[0, 0, 0, 0]","[0, 0, 0, 0]",22878,"[13, 17, 9, 10]",0.0,0.0,1.0
171,Judicial Watch: Justice Department Discloses No #FISA Court Hearings Held on Carter Page Warrants. #RussiaGate #Treason https://www.judicialwatch.org/press-room/press-rel...,"[0, 0, 0, 0, 0]","[0, 0, 0, 0, 0]","[0, 0, 0, 0, 0]","[0, 0, 0, 0, 0]",19255,"[4, 15, 10, 8, 14]",0.0,0.0,1.0
16,"You'd have to look at her ass... have you ever heard her sing?She's got a pretty voice, but I swear to God she has dropsy.  She sounds like she has a mouth full of peanut butter... like her mouth doesn't form words or close all the way when enunciating words.It's like listening to someone who just got back from the dentist.","[0, 0, 1, 0, 1]","[0, 0, 1, 0, 1]","[0, 0, 0, 0, 0]","[0, 0, 0, 0, 1]",2465,"[4, 15, 10, 8, 14]",0.9709505944546686,0.4,0.6
511,Wow you’re a fucking Clown. You must be a Jew,"[1, 1, 1, 1]","[1, 1, 1, 1]","[0, 0, 0, 0]","[1, 1, 0, 1]",6439,"[4, 15, 10, 8]",0.0,1.0,0.0
48,Shadow of the Colossus for PS4 looks amazing! ,"[0, 0, 0, 0, 0, 0]","[0, 0, 0, 0, 0, 0]","[0, 0, 0, 0, 0, 0]","[0, 0, 0, 0, 0, 0]",5406,"[2, 12, 5, 13, 0, 11]",0.0,0.0,1.0
971,"I'll never understand the mindset of a white liberal,  constantly wanting to act against yours and your own people's self interest.... It's so strange,  won't find any other race on the planet thats been tricked into believing that acting in their own self interest is somehow bad or wrong.","[1, 0, 0, 1]","[1, 0, 0, 1]","[0, 0, 0, 0]","[0, 0, 0, 0]",19703,"[4, 15, 10, 8]",1.0,0.5,0.5
940,"Dictate what?  We aren't the world's police anymore, remember. they don't want us.  So f em.  We are the world's leading exporter of energy now. We have enough to be self sufficient for 500 years.    The ass backwards muzzies in that middle east can go pound their sand.","[1, 1, 1, 0]","[1, 1, 1, 0]","[0, 0, 0, 0]","[1, 0, 1, 1]",15147,"[6, 7, 3, 11]",0.8112781244591328,0.75,0.25
515,You have to admit the Clinton's are problem solvers. If President Trump used their methods of damage control Mueller would not have anyone to target and he'd be pilloried in the press and media like Ken Star was.,"[0, 0, 0, 0]","[0, 0, 0, 0]","[0, 0, 0, 0]","[0, 0, 0, 0]",12188,"[4, 15, 10, 8]",0.0,0.0,1.0
952,"First it begins with consuming free market economic theory. Then you find yourself in the manosphere.  Then, without warning, you find yourself following the Alt-Right (the nationalist right). I'm glad I followed this continuum. This is an amazing journey.  I cannot wait to see what happens next.","[0, 0, 0, 0]","[0, 0, 0, 0]","[0, 0, 0, 0]","[0, 0, 0, 0]",13145,"[4, 15, 10, 8]",0.0,0.0,1.0
480,"18K signatures and counting: in the name of justice and a free press, sign + spread the petition for Trump to pardon Julian Assange https://www.infowars.com/petition/  #Wikileaks","[0, 0, 0, 0]","[0, 0, 0, 0]","[0, 0, 0, 0]","[0, 0, 0, 0]",6570,"[4, 15, 8, 10]",0.0,0.0,1.0
283,This is the amount of money necessary to buy toilet paper in #Venezuela. It's probably cheaper to use cash to wipe your ass.,"[0, 0, 0, 1]","[0, 0, 0, 1]","[0, 0, 0, 0]","[1, 0, 0, 1]",13234,"[4, 15, 10, 8]",0.8112781244591328,0.25,0.75
718,"@GODandcountry33 Hey Craig....glad we bumped into each other on Gab.  Hope you’re enjoying the ride...appreciate the follow ,","[0, 0, 0, 0]","[0, 0, 0, 0]","[0, 0, 0, 0]","[0, 0, 0, 0]",7821,"[2, 7, 12, 11]",0.0,0.0,1.0
877,Hypocrisy? These dumbasses realize comparing Michelle Bachman to someone from 'Planet of the Apes' is NOT the same as comparing Valerie Jarrett to someone from 'Planet of the Apes'.,"[0, 1, 0, 0]","[0, 1, 0, 0]","[0, 0, 0, 0]","[1, 0, 0, 0]",21481,"[4, 15, 10, 8]",0.8112781244591328,0.25,0.75
225,"He’s terrible on the 1st, horrible on everything cyber related, he is strong on the 2nd. He’s definitely the cucks guy. He was in the bush White House and old GW was calling senators on his behalf to get him confirmed. ","[0, 0, 0, 0]","[0, 0, 0, 0]","[0, 0, 0, 0]","[0, 1, 0, 0]",2835,"[2, 7, 12, 11]",0.0,0.0,1.0
26,Fantastic investigative work done by Corey Lynn: Connecting the dots between the global warming scam and child trafficking..Clinton connection of course. Shipwrecked on Ten Islands with Clinton's and Brandson https://coreysdigs.com/clinton-foundation/shipwrec...,"[0, 0, 0, 0, 0]","[0, 0, 0, 0, 0]","[0, 0, 0, 0, 0]","[0, 0, 0, 0, 0]",3251,"[4, 15, 10, 8, 14]",0.0,0.0,1.0
954,"In this chaotic world, we live in one should not work in the environment of national but instead of locality. We ought to remember the greatest strides we make always start small and grow bigger in a mere decade it not for that one person we may never be where we are today. Just remember this when walking around your town who knows you may actually be the next influencer of western civilization.","[0, 0, 0, 0]","[0, 0, 0, 0]","[0, 0, 0, 0]","[0, 0, 0, 0]",114,"[4, 15, 10, 8]",0.0,0.0,1.0
437,"I'm not going to say 'Muller' anymore. I'll pronounce it 'M-yewl-er,' the way the Gestapo would have pronounced it. In his medal citations.","[0, 0, 0, 0]","[0, 0, 0, 0]","[0, 0, 0, 0]","[0, 0, 0, 0]",3412,"[4, 15, 10, 8]",0.0,0.0,1.0
951,I did see some of the other theories.,"[0, 0, 0, 0]","[0, 0, 0, 0]","[0, 0, 0, 0]","[0, 0, 0, 0]",15240,"[2, 7, 12, 11]",0.0,0.0,1.0
364,"Death Camps meaning where those alleged ""gas chambers"" were? The ones without the attached chimneys? Or is it the ones that ran the ovens 24/7 and yet not a single record of the MILLIONS on TONS of coal, wood, coke or fuel is available brought in by rail to keep them going.","[1, 0, 0, 0]","[1, 0, 0, 0]","[0, 0, 0, 0]","[1, 0, 0, 0]",5564,"[7, 13, 12, 11]",0.8112781244591328,0.25,0.75
229,"Just give the word, boss. How many goy lives and limbs do you need this time?","[0, 0, 0, 0]","[0, 0, 0, 0]","[0, 0, 0, 0]","[0, 0, 0, 0]",11749,"[2, 7, 12, 11]",0.0,0.0,1.0
37,"Trump threatens to withdraw from World Trade Organization If the World Trade Organization doesn't 'shape up,' President Donald Trump told Bloomberg he would pull the United States out. https://www.cnbc.com/2018/08/30/trump-threatens-to...","[0, 0, 0, 0, 0]","[0, 0, 0, 0, 0]","[0, 0, 0, 0, 0]","[0, 0, 0, 0, 0]",4352,"[4, 15, 10, 8, 14]",0.0,0.0,1.0
965,How did I miss this masterpiece?!?!?!?! ,"[0, 0, 0, 0]","[0, 0, 0, 0]","[0, 0, 0, 0]","[0, 0, 0, 0]",12352,"[7, 13, 12, 11]",0.0,0.0,1.0
374,Everything on /popular is in Portuguese now! Build that Wall!,"[0, 1, 0, 1]","[0, 1, 0, 1]","[0, 0, 0, 1]","[0, 0, 0, 1]",7785,"[4, 15, 10, 8]",1.0,0.5,0.5
469,You posted nonsense nonstop. ,"[0, 0, 1, 0]","[0, 0, 1, 0]","[0, 0, 0, 0]","[1, 1, 0, 1]",5096,"[7, 2, 12, 11]",0.8112781244591328,0.25,0.75
967,"Unfettered free trade and unrestricted immigration are not conservative positions, they are radical ones that can only be justified by a narrow view that short term GDP maximization is the only good the government should strive towards.","[0, 0, 0, 0]","[0, 0, 0, 0]","[0, 0, 0, 0]","[0, 0, 0, 0]",4948,"[4, 15, 10, 8]",0.0,0.0,1.0
850,Obama blew off Dennis Rodman on peaceful solution to NoKo issue.  https://youtu.be/O6oRPxiNIDs,"[0, 0, 0, 0]","[0, 0, 0, 0]","[0, 0, 0, 0]","[0, 0, 0, 0]",1821,"[2, 7, 12, 11]",0.0,0.0,1.0
704,An organization like AIPAC in support of any other country would be called treasonous.,"[0, 0, 0, 0]","[0, 0, 0, 0]","[0, 0, 0, 0]","[0, 1, 0, 0]",24453,"[6, 7, 11, 3]",0.0,0.0,1.0
841,"ARCHBISHOP VIGANO FORMALLY CALLS ON  #POPEFRANCIS AND THOSE COMPLICIT IN THE COVER UP OF ABUSER ARCHBISHOP #McCARRICK TO RESIGN.  In an extraordinary 11-page written testament, a former apostolic Nuncio to the United States, Archbishop Carlo Maria Viganò, 77, has accused several senior prelates of complicity in covering up Archbishop Theodore McCarrick’s allegations of sexual abuse, and has c...","[0, 0, 0, 0]","[0, 0, 0, 0]","[0, 0, 0, 0]","[0, 0, 0, 0]",8917,"[4, 15, 10, 8]",0.0,0.0,1.0
194,Online now only those who are horny in Sarah Palin.,"[0, 1, 0, 0, 1]","[0, 1, 0, 0, 1]","[0, 0, 0, 0, 0]","[0, 1, 0, 0, 1]",22205,"[4, 15, 10, 8, 14]",0.9709505944546686,0.4,0.6
854,And  of course she's running as a Democrat...,"[0, 0, 0, 0]","[0, 0, 0, 0]","[0, 0, 0, 0]","[0, 0, 0, 0]",25694,"[2, 7, 12, 11]",0.0,0.0,1.0
864,"Teachable moment this week Patriots & Anons. As you witness the Establishment political class & MSM outright lie about the life of Sen. NoName, just think... What else have you been lied to about from Govt., schools & Corporate media?!","[0, 0, 0, 0]","[0, 0, 0, 0]","[0, 0, 0, 0]","[0, 0, 0, 0]",27118,"[4, 15, 10, 8]",0.0,0.0,1.0
503,‪Former Polish PM: ‘Of Course Poles Took Part in Holocaust’ https://www.algemeiner.com/2018/02/07/former-polish-pm-of-course-poles-took-part-in-holocaust//‬,"[0, 0, 0, 0]","[0, 0, 0, 0]","[0, 0, 0, 0]","[0, 0, 0, 0]",236,"[7, 13, 12, 11]",0.0,0.0,1.0
969,The only reason Barry Soetero can say that his administration had 'no scandals that embarrass us' is because he and his administration are incapable of feeling shame.  These sociopaths aren't ashamed of them; they're proud of those scandals.,"[0, 0, 0, 0]","[0, 0, 0, 0]","[0, 0, 0, 0]","[0, 0, 0, 0]",5743,"[4, 15, 10, 8]",0.0,0.0,1.0
830,http://fortuneweek.com/news/northridge-montessori-school-launched-newly-redesigned-and-updated-website/0019453/: Have a look at this interesting page about Northridge Montessori Preschool. Their new  web site has ,"[0, 0, 0, 0]","[0, 0, 0, 0]","[0, 0, 0, 0]","[0, 0, 0, 0]",7082,"[7, 13, 12, 11]",0.0,0.0,1.0
579,China's mass internment camps are making ethnic minorities disappear over night https://www.businessinsider.com/chinas-mass-intern... #China #Tyranny #Evil,"[0, 0, 0, 1]","[0, 0, 0, 1]","[0, 0, 0, 0]","[0, 0, 0, 0]",5892,"[4, 15, 10, 8]",0.8112781244591328,0.25,0.75
968,Notice how the 'Tax Payers' are liable for the 'Enforcers' crime?? Sue the COP! ,"[0, 0, 0, 0]","[0, 0, 0, 0]","[0, 0, 0, 0]","[0, 0, 0, 0]",6080,"[7, 13, 12, 11]",0.0,0.0,1.0
162,"If you are looking for a White Pill in regards to the good things happening within the Nationalist Community, give this article by @WhiteArtCollective a read!","[0, 0, 0, 0, 0]","[0, 0, 0, 0, 0]","[0, 0, 0, 0, 0]","[0, 0, 0, 0, 0]",17873,"[4, 15, 10, 8, 14]",0.0,0.0,1.0
908,"Jack Dorsey just turned off the QFD ban on Twitter, ahead of his Congressional hearing next week Seems like he feels vulnerable Now would be a good time for a campaign contacting people in Congress...","[0, 0, 0, 0]","[0, 0, 0, 0]","[0, 0, 0, 0]","[0, 0, 0, 0]",2443,"[4, 15, 10, 8]",0.0,0.0,1.0
152,UK: Father of two jihadis killed in Syria threatens to have his wife shot if she gave evidence against him https://www.jihadwatch.org/2018/08/uk-father-of-tw... #AgendaOfEvil,"[1, 0, 0, 1, 1]","[0, 0, 0, 1, 1]","[1, 0, 0, 0, 0]","[0, 0, 0, 0, 0]",17161,"[4, 15, 10, 8, 14]",0.9709505944546686,0.6,0.4
801,The #RedHen can be reached at 1-540-464-4401.  I will be calling to voice my opinion.  #1A,"[0, 0, 0, 0]","[0, 0, 0, 0]","[0, 0, 0, 0]","[0, 0, 0, 0]",2929,"[13, 17, 9, 10]",0.0,0.0,1.0
993,I can work a little easier knowing John McCain can no longer terrorize children.,"[0, 1, 0, 0]","[0, 1, 0, 0]","[0, 0, 0, 0]","[0, 0, 0, 0]",17549,"[4, 15, 10, 8]",0.8112781244591328,0.25,0.75
755,"I am honored to follow ALL of these fellow #Patriots and #Deplorables (some I already had followed). Please feel free to follow me back, too! #MAGA #KAG!","[1, 0, 0, 0]","[1, 0, 0, 0]","[0, 0, 0, 0]","[0, 0, 0, 0]",22161,"[7, 13, 12, 11]",0.8112781244591328,0.25,0.75
111,"III%  if you don't know what the fuck you're talking about, ask Cop put on leave for tattoo linked to antigovernment group https://nypost.com/2018/08/31/cop-put-on-leave-for...","[0, 0, 0, 0, 1]","[0, 0, 0, 0, 1]","[0, 0, 0, 0, 0]","[1, 0, 0, 0, 1]",11239,"[4, 15, 10, 8, 14]",0.7219280948873623,0.2,0.8
226,"tbh, the rot had set in from the perspective of doctrinal rectitude in the Catholic Church long before Vatican II.","[0, 0, 0, 0]","[0, 0, 0, 0]","[0, 0, 0, 0]","[0, 0, 0, 0]",1133,"[7, 2, 12, 11]",0.0,0.0,1.0
688,The death throes of Progressive Globalism disguised as Liberalism. I hope we all survive the blast.,"[0, 0, 0, 1]","[0, 0, 0, 1]","[0, 0, 0, 0]","[0, 0, 0, 0]",23215,"[4, 15, 10, 8]",0.8112781244591328,0.25,0.75
103,Our #Education system must be cleaned up,"[0, 0, 0, 0, 1]","[0, 0, 0, 0, 1]","[0, 0, 0, 0, 0]","[0, 0, 0, 0, 0]",10505,"[4, 15, 10, 8, 14]",0.7219280948873623,0.2,0.8
421,"Can't have your communist utopia if free people put up a fight, people can't put up a fight if they don't have firearms. This doesn't seem to difficult to think through, not sure why some don't get it. COME AND TAKE IT!","[0, 0, 0, 0]","[0, 0, 0, 0]","[0, 0, 0, 0]","[0, 0, 0, 0]",14065,"[2, 7, 12, 11]",0.0,0.0,1.0
419,New Mexico jihadist case getting weirder. Child abuse charges dropped because of a 'screw up'. Judge says there was “a complete failure to follow proper procedures in prosecuting the case” by the DA. https://www.infowars.com/child-abuse-charges-dropp...,"[0, 0, 0, 1]","[0, 0, 0, 1]","[0, 0, 0, 0]","[0, 0, 0, 0]",1306,"[4, 15, 10, 8]",0.8112781244591328,0.25,0.75
750,Finding it really hard to trust Google ever since they changed their corporate motto from 'Don't be evil' to 'Hail Satan'.,"[0, 1, 0, 0]","[0, 1, 0, 0]","[0, 0, 0, 0]","[0, 0, 0, 0]",15467,"[4, 15, 10, 8]",0.8112781244591328,0.25,0.75
586,@occdissent @genophilia  ,"[0, 0, 0, 0]","[0, 0, 0, 0]","[0, 0, 0, 0]","[0, 0, 0, 0]",16283,"[2, 7, 12, 11]",0.0,0.0,1.0
780,Didn't know he did this: Always thought tucker was the best of the MSM https://www.youtube.com/watch?v=-ZJG_qFcMmo,"[0, 0, 0, 0]","[0, 0, 0, 0]","[0, 0, 0, 0]","[0, 0, 0, 0]",1385,"[2, 7, 12, 11]",0.0,0.0,1.0
672,Monkey Shines - the remake.,"[0, 0, 0, 0]","[0, 0, 0, 0]","[0, 0, 0, 0]","[0, 0, 0, 0]",15683,"[4, 10, 8, 14]",0.0,0.0,1.0
119,Soaking in the morning sun 🌞  #SummerSolstice #Litha #EarthGrounding #barefoot,"[0, 0, 0, 0, 0, 0, 0]","[0, 0, 0, 0, 0, 0, 0]","[0, 0, 0, 0, 0, 0, 0]","[0, 0, 0, 0, 0, 0, 0]",12430,"[13, 17, 9, 4, 14, 8, 10]",0.0,0.0,1.0
53,Look at me!  LOOOOOOOK at MEEEEE! Poor Eminem can't get any attention from the POTUS. http://www.foxnews.com/entertainment/2018/08/31/em...,"[0, 0, 0, 0, 1]","[0, 0, 0, 0, 1]","[0, 0, 0, 0, 0]","[0, 0, 0, 0, 0]",5627,"[4, 15, 10, 8, 14]",0.7219280948873623,0.2,0.8
151,Why It’s Time For Trump To Fire Mueller Now https://www.newswars.com/why-its-time-for-trump-to... #AgendaOfEvil,"[0, 0, 0, 0, 0]","[0, 0, 0, 0, 0]","[0, 0, 0, 0, 0]","[0, 0, 0, 0, 0]",17160,"[4, 15, 10, 8, 14]",0.0,0.0,1.0
403,the Cabal lead Financial markets first victim on deck: ,"[0, 0, 0, 0]","[0, 0, 0, 0]","[0, 0, 0, 0]","[0, 0, 0, 0]",7832,"[13, 0, 11, 12]",0.0,0.0,1.0
945,https://www.huffingtonpost.com/entry/hurricane-mar... Thats a lot more DemonRat voters.,"[0, 1, 0, 1]","[0, 1, 0, 1]","[0, 0, 0, 0]","[0, 0, 0, 1]",8872,"[4, 15, 10, 8]",1.0,0.5,0.5
207,"A friend brought me this baby #prayingmantis, after she (the mantis) walked up to her at a storage facility.  Here she is (again, the mantis) photobombing her own photo.  Her favorite part of her nice new digs? The dang wire I used to close up a too-large hole.  Never mind all this pretty fake forestry, nah, I'm good here on this bread tie.   Spoiled bug.  XD.","[0, 0, 0, 0, 0, 0, 0]","[0, 0, 0, 0, 0, 0, 0]","[0, 0, 0, 0, 0, 0, 0]","[0, 0, 0, 0, 0, 0, 0]",23640,"[13, 17, 9, 4, 14, 8, 10]",0.0,0.0,1.0
658,"Just imagine if this was the other way around. Just imagine making a video being all chirpy and happy, celebrating how a capital city of a black country is now majority white. Imagine the weight of the outrage you'd be subjected to. But this? Nah. This is fine. Apparently. https://www.youtube.com/watch?v=irSXUB0LYdI","[0, 0, 0, 0]","[0, 0, 0, 0]","[0, 0, 0, 0]","[0, 0, 0, 0]",9537,"[4, 15, 10, 8]",0.0,0.0,1.0
843,RT @ChuckGrassley:  ,"[1, 0, 0, 0]","[1, 0, 0, 0]","[0, 0, 0, 0]","[0, 0, 0, 0]",21232,"[7, 13, 12, 11]",0.8112781244591328,0.25,0.75
762,"Just two days ago, YouTube channels re: aliens have shown 3 or more HUGE objects between the Sun and US - as seen on the sun satellites used for solar weather predictions. Check those videos, I'll post if I recover them.","[0, 0, 0, 0]","[0, 0, 0, 0]","[0, 0, 0, 0]","[0, 0, 0, 0]",17644,"[7, 13, 12, 11]",0.0,0.0,1.0
8,"Abortion: The Left tried to get Legislation passed, they lost. Went to a Liberal Supreme Court and forced it on us.  Gay Marriage: Tried to pass it in States, they lost. Tried to pass it in Congress, they lost.  Went to a Liberal Judge and forced it on us.   Trump: They lost to him now they seek to remove him from office. Are you seeing a pattern here?","[0, 0, 0, 1, 0]","[0, 0, 0, 1, 0]","[0, 0, 0, 0, 0]","[0, 0, 0, 0, 0]",2060,"[4, 15, 10, 8, 14]",0.7219280948873623,0.2,0.8
807,"Agreed! He just opened a can of worms that will not end well for their state. NRA is already taking them to court for violation of the 2nd amendment. As everyone has already stated in GAB, no one has addressed the complete failiure of Broward County Sheriffs or the FBI.  This should get interesting","[1, 0, 0, 0]","[1, 0, 0, 0]","[0, 0, 0, 0]","[1, 0, 0, 0]",5135,"[7, 13, 12, 11]",0.8112781244591328,0.25,0.75
36,"While Democrats play the race card, we play the Trump cardJobs, Jobs, Jobs, equals a win for all https://canadafreepress.com/article/jobs-jobs-jobs...","[0, 0, 0, 1, 1]","[0, 0, 0, 1, 1]","[0, 0, 0, 0, 0]","[0, 0, 0, 0, 0]",4351,"[4, 15, 10, 8, 14]",0.9709505944546686,0.4,0.6
452,"OK, I think I'm following. ","[0, 0, 0, 0]","[0, 0, 0, 0]","[0, 0, 0, 0]","[0, 0, 0, 0]",23744,"[7, 13, 12, 11]",0.0,0.0,1.0
651,sounds familiar. almost like this happens more often then not.,"[0, 0, 0, 0]","[0, 0, 0, 0]","[0, 0, 0, 0]","[0, 0, 0, 0]",4453,"[2, 7, 12, 11]",0.0,0.0,1.0
253,"Hey Guys, if you are a Jew hater, Christian blasphemer, racist ( in the sense of the word) or, somehow, you think you have blue blood, please let me know. I may have followed you by mistake. #gab","[0, 0, 0, 1]","[0, 0, 0, 1]","[0, 0, 0, 0]","[0, 0, 0, 0]",20918,"[4, 15, 10, 8]",0.8112781244591328,0.25,0.75
303,The NFL should follow this. ,"[0, 0, 0, 0]","[0, 0, 0, 0]","[0, 0, 0, 0]","[0, 0, 0, 0]",16654,"[7, 13, 12, 11]",0.0,0.0,1.0
746,"Despite his portrayal in the western media, Nelson Mandela and his former wife Winnie Mandela, were really nothing more than Communist terrorists. People still worked on behalf of Mandela while he was imprisoned. Mandela was never a man worth idolatry.","[0, 0, 1, 0]","[0, 0, 1, 0]","[0, 0, 0, 0]","[0, 0, 0, 0]",7602,"[4, 15, 8, 10]",0.8112781244591328,0.25,0.75
571,"Those against Christians are aligned with the Jews, our mortal enemies. We don't need witches and warlocks to win this war. And we won't lift a finger to help our enemies. Remember that. ","[1, 1, 1, 1]","[0, 1, 1, 1]","[1, 0, 0, 0]","[0, 0, 0, 0]",25113,"[13, 0, 11, 12]",0.0,1.0,0.0
623,Except sadly the current brexiters aren't getting what they wanted,"[0, 0, 0, 0]","[0, 0, 0, 0]","[0, 0, 0, 0]","[0, 0, 0, 0]",25654,"[2, 7, 12, 11]",0.0,0.0,1.0
732,They still email me even though I deleted my account over a year ago. I like that #Gab only emails me what I tell it to....,"[0, 0, 0, 0]","[0, 0, 0, 0]","[0, 0, 0, 0]","[0, 0, 0, 0]",26778,"[7, 13, 12, 11]",0.0,0.0,1.0
891,I used to eat at Sambos resturant. Had a wall painted with a little niglett being stalked by a Tiger. I loved it.,"[0, 0, 0, 1]","[0, 0, 0, 1]","[0, 0, 0, 0]","[0, 0, 0, 1]",12686,"[7, 2, 12, 11]",0.8112781244591328,0.25,0.75
262,Murdered by Democrats and Chamber of Commerce Republicans.,"[0, 0, 0, 1]","[0, 0, 0, 1]","[0, 0, 0, 0]","[0, 0, 0, 1]",19015,"[4, 15, 10, 8]",0.8112781244591328,0.25,0.75
610,I ATTENDED PENN STATE IN 71     THIS IS FUCKING DISGUSTING,"[0, 0, 1, 0]","[0, 0, 1, 0]","[0, 0, 0, 0]","[1, 1, 0, 0]",14029,"[6, 11, 7, 3]",0.8112781244591328,0.25,0.75
297,Israel has not yet learned how to be multicultural yet. Israel is';t gonna be the homogeneous nation it once was and we Europeans are gonna play a great part in that. :),"[0, 0, 0, 0]","[0, 0, 0, 0]","[0, 0, 0, 0]","[0, 0, 0, 0]",22640,"[7, 13, 12, 11]",0.0,0.0,1.0
414,"I had forgotten about the Cavalier! I am good on names, makes and models up til 2000, and then they really DO all look alike. My Dad is a bit of a gear head, and used to take me out to look for vehicles. He would quiz me, and say , ""Okay , what's that one?""  One of my all time favorites is Studebaker, which we don't see much of here.","[0, 0, 0, 0]","[0, 0, 0, 0]","[0, 0, 0, 0]","[0, 0, 0, 0]",20327,"[7, 13, 12, 11]",0.0,0.0,1.0
150,U.S. accuses China of ‘super aggressive’ spy campaign on LinkedIn https://www.newswars.com/u-s-accuses-china-of-supe... #AgendaOfEvil,"[0, 0, 0, 1, 1]","[0, 0, 0, 1, 1]","[0, 0, 0, 0, 0]","[0, 0, 0, 0, 0]",17159,"[4, 15, 10, 8, 14]",0.9709505944546686,0.4,0.6
788,Relax... They haven't succeeded in taking guns away. It'd be a suicide mission for them.,"[0, 0, 0, 0]","[0, 0, 0, 0]","[0, 0, 0, 0]","[0, 0, 0, 0]",22869,"[7, 13, 12, 11]",0.0,0.0,1.0
640,"YOU WERE WARNED THAT THEY WOULD COME FOR YOU NEXT.  The Alt-Right warned you. We told you exactly what would happen.  YOU DIDN’T LISTEN. You didn’t want to be called “racist.” Now it will be even harder for you to fight back, because you’ve already made it clear that your issue is not *all* censorship of lawful speech, but merely the *degree* of censorship.","[0, 0, 0, 0]","[0, 0, 0, 0]","[0, 0, 0, 0]","[0, 0, 0, 0]",12453,"[4, 15, 10, 8]",0.0,0.0,1.0
889,first time i have ever agreed with dumbo obama was the reason ...we had enough deep state cia corruption ,"[1, 0, 0, 0]","[1, 0, 0, 0]","[0, 0, 0, 0]","[0, 0, 0, 0]",4057,"[7, 13, 12, 11]",0.8112781244591328,0.25,0.75
550,"Twitter, Facebook and Google gave Chinese the technology to control mass populations. We are ignoring China, they are committing the largest abuse against mankind in our history. According to the guest on Tucker tonight there are millions in internment camps already.","[0, 0, 0, 1]","[0, 0, 0, 1]","[0, 0, 0, 0]","[0, 0, 0, 0]",3258,"[4, 15, 10, 8]",0.8112781244591328,0.25,0.75
886,Roll in that box....park it right there....and let her just tip over into it. No need for emergency 1st responders.,"[0, 0, 0, 0]","[0, 0, 0, 0]","[0, 0, 0, 0]","[0, 0, 0, 0]",6536,"[2, 7, 12, 11]",0.0,0.0,1.0
488,When is the Media going to wakeup maybe Muslims should start shooting newspeople oh that`s they already do wakeup mothrfuckers.,"[1, 1, 1, 0]","[0, 1, 0, 0]","[1, 0, 1, 0]","[1, 0, 0, 0]",4147,"[7, 13, 12, 11]",0.8112781244591328,0.75,0.25
147,Berlin: Attackers Hurl Stones at Church While Shouting “Allahu Akbar” https://www.newswars.com/berlin-attackers-hurl-sto... #AgendaOfEvil,"[0, 0, 0, 1, 1]","[0, 0, 0, 0, 1]","[0, 0, 0, 1, 0]","[0, 0, 0, 1, 0]",17156,"[4, 15, 10, 8, 14]",0.9709505944546686,0.4,0.6
146,NEW YORK CITY: Avi Yemeni’s man-on-the-street interviews about Donald Trump in the middle of Times Square http://barenakedislam.com/2018/08/31/new-york-city... #AgendaOfEvil,"[0, 1, 0, 0, 1]","[0, 1, 0, 0, 1]","[0, 0, 0, 0, 0]","[0, 0, 0, 0, 0]",17155,"[4, 15, 10, 8, 14]",0.9709505944546686,0.4,0.6
720,*** CAUTION: Western hypocrites at work! BEWARE ***  https://www.reuters.com/article/us-russia-usa-spac...,"[0, 0, 0, 0]","[0, 0, 0, 0]","[0, 0, 0, 0]","[0, 0, 0, 0]",11625,"[4, 15, 10, 8]",0.0,0.0,1.0
931,I bet Mary Kissel fucks like maniac rodeo queen.,"[0, 1, 0, 0]","[0, 1, 0, 0]","[0, 0, 0, 0]","[1, 1, 0, 0]",11585,"[4, 15, 10, 8]",0.8112781244591328,0.25,0.75
739,I'm not the only one that sees these types of statements as total 100% projection am I? ,"[1, 0, 0, 0]","[1, 0, 0, 0]","[0, 0, 0, 0]","[0, 0, 0, 0]",18525,"[7, 13, 12, 11]",0.8112781244591328,0.25,0.75
659,"#KenyansOnGab #AfricansOnGab FYI: The little up/down vote things are useful: Voting up increases the author's score by 1, voting down decreases the author's AND YOUR score by 1...  So... Voting up costs nothing! Do it anytime you like/agree! - It gives that person a little power to smash someone they don't like! Once you have 250 points, you can start voting down jerks you see on the site....","[0, 0, 0, 0]","[0, 0, 0, 0]","[0, 0, 0, 0]","[0, 0, 0, 0]",22301,"[4, 15, 10, 8]",0.0,0.0,1.0
348,#Truth #MAGA #GabFam #SpeakFreely,"[0, 0, 0, 0]","[0, 0, 0, 0]","[0, 0, 0, 0]","[0, 0, 0, 0]",5363,"[4, 15, 10, 8]",0.0,0.0,1.0
463,get opera  speed dial and capture vpn https://www.opera.com/download,"[0, 0, 0, 0]","[0, 0, 0, 0]","[0, 0, 0, 0]","[0, 0, 0, 0]",24676,"[4, 10, 8, 14]",0.0,0.0,1.0
325,Hidden History. Who hid it from being taught in our schools? And why? http://magaimg.net/img/6087.png,"[0, 0, 0, 0]","[0, 0, 0, 0]","[0, 0, 0, 0]","[0, 0, 0, 0]",850,"[4, 15, 10, 8]",0.0,0.0,1.0
186,Is it not a glorious sight to see the left freak out over the supreme justice retirement announcement? I ask you Morton Kondracke!,"[0, 0, 1, 1, 0, 1, 0]","[0, 0, 1, 1, 0, 1, 0]","[0, 0, 0, 0, 0, 0, 0]","[0, 0, 0, 0, 0, 0, 0]",22037,"[13, 17, 9, 4, 15, 8, 10]",0.9852281360342515,0.42857142857142855,0.5714285714285714
123,"If you're a right-winger, how could you not be excited at the prospect of a civil war split down ideological lines?","[0, 0, 1, 0, 0, 0, 1, 0]","[0, 0, 0, 0, 0, 0, 1, 0]","[0, 0, 1, 0, 0, 0, 1, 0]","[0, 0, 0, 0, 0, 0, 1, 0]",12716,"[13, 17, 9, 4, 15, 14, 8, 10]",0.8112781244591328,0.25,0.75
853,Nothing would suprise me at this point. The level of antagonism is way off the meter. Be aware and be safe Patriots all.,"[0, 0, 0, 0]","[0, 0, 0, 0]","[0, 0, 0, 0]","[0, 0, 0, 0]",17117,"[7, 13, 12, 11]",0.0,0.0,1.0
608,Fantastic. Libertarians need to unite no matter what party they're in. https://www.usnews.com/news/best-states/new-mexico...,"[0, 0, 0, 1]","[0, 0, 0, 1]","[0, 0, 0, 0]","[0, 0, 0, 0]",9787,"[4, 15, 10, 8]",0.8112781244591328,0.25,0.75
143,"I have a blacke co-worker who listens to MSNBC all day on his computer. I had never watched the channel, and didn’t know much about it. I can now say it delivers the most incoherent set of conspiracy theories I have ever had to listen to.","[0, 0, 0, 1, 1]","[0, 0, 0, 1, 1]","[0, 0, 0, 0, 0]","[0, 0, 0, 0, 0]",16605,"[4, 15, 10, 8, 14]",0.9709505944546686,0.4,0.6
958,Y'bneth AGGRESSIVE TANK BUILD | Y'bneth Build | Arena Of Valor,"[0, 0, 0, 0]","[0, 0, 0, 0]","[0, 0, 0, 0]","[0, 0, 0, 0]",9382,"[7, 13, 12, 11]",0.0,0.0,1.0
197,The legal tangle around the Trans-Mountain pipeline approval process https://quotulatiousness.ca/blog/2018/09/01/the-le...,"[0, 0, 0, 0, 0]","[0, 0, 0, 0, 0]","[0, 0, 0, 0, 0]","[0, 0, 0, 0, 0]",22309,"[4, 15, 10, 8, 14]",0.0,0.0,1.0
609,"@wheresrhys Hi Rhys. Agree - we think DuckDuckGo should be included as an option for people looking for private search. With more and more people wanting to protect their privacy, hopefully we're getting closer... https://kek.gg/u/pQ8Z","[0, 0, 0, 0]","[0, 0, 0, 0]","[0, 0, 0, 0]","[0, 0, 0, 0]",24728,"[2, 7, 12, 11]",0.0,0.0,1.0
279,huge victory for the attempt to sculpt our kids into adrogeny (sp?),"[0, 1, 0, 0]","[0, 1, 0, 0]","[0, 0, 0, 0]","[0, 0, 0, 0]",3084,"[13, 0, 11, 16]",0.8112781244591328,0.25,0.75
293,"We're not the English FFS, we fought a revolution against the landed gentry of the House of Lords.Cyndi McCain can get in line and run for her husband's seat like the rest of us.  Oh, and Fuck John McCain!https://youtu.be/lsu7wiodruk","[0, 1, 0, 0]","[0, 1, 0, 0]","[0, 0, 0, 0]","[1, 0, 0, 0]",17550,"[4, 15, 10, 8]",0.8112781244591328,0.25,0.75
400,The fight for our 2nd Amendment rights goes on. ,"[0, 0, 0, 0]","[0, 0, 0, 0]","[0, 0, 0, 0]","[0, 0, 0, 0]",9510,"[11, 6, 7, 3]",0.0,0.0,1.0
122,"Fight me, communists.","[1, 1, 1, 0, 0, 1, 1, 0]","[0, 1, 0, 0, 0, 0, 1, 0]","[1, 1, 1, 0, 0, 1, 0, 0]","[0, 1, 0, 0, 0, 0, 0, 0]",12715,"[13, 17, 9, 4, 15, 14, 8, 10]",0.954434002924965,0.625,0.375
183,28 COPS (entire department) arrested for the assassination of a candidate for Mayor in Mexico!! CRAZY!  https://mexiconewsdaily.com/news/30-cops-detained-...,"[1, 0, 0, 0, 0, 1, 0, 0]","[1, 0, 0, 0, 0, 0, 0, 0]","[0, 0, 0, 0, 0, 1, 0, 0]","[0, 0, 0, 0, 0, 0, 0, 0]",21701,"[13, 17, 9, 4, 15, 14, 8, 10]",0.8112781244591328,0.25,0.75
202,"Where there is #coffee, there is wakefulness. #gab #worldcup #music #bacon","[0, 0, 0, 0, 0, 0, 0]","[0, 0, 0, 0, 0, 0, 0]","[0, 0, 0, 0, 0, 0, 0]","[0, 0, 0, 0, 0, 0, 0]",22926,"[13, 17, 9, 4, 14, 8, 10]",0.0,0.0,1.0
438,"#Gab I will unfollow people who post porn. Free to post it, sure. It’s not my thing. Not interested in seeing it.","[0, 0, 0, 0]","[0, 0, 0, 0]","[0, 0, 0, 0]","[0, 0, 0, 0]",22855,"[4, 15, 10, 8]",0.0,0.0,1.0
246,TELL ME ABOUT YUKO WE THINK SHE WAS JOHN'S HANDLER FROM A SUPER RICH ILLUMINATING JAPANESE BANKING FAMILY.DO YOU CONCUR? SHE WENT TO SEE A SATANISTS FROM WHAT WE'VE DUG UP DAYS BEFORE JOHN DIED PAID EITHER 30k IN 1980 DOLLARS WHATEVER THAT IS NOW...,"[0, 0, 0, 0]","[0, 0, 0, 0]","[0, 0, 0, 0]","[0, 0, 0, 0]",8652,"[2, 7, 12, 11]",0.0,0.0,1.0
415,"READY now LIVE STREAM today, Thursday, June 28, at 5:00 pm ET (IN 15 MINUTES) on my YouTube channel https://www.youtube.com/live_dashboard ROSENSTEIN & WRAY at House Judiciary; HARD-LEFT INTOLERANCE goes VIOLENT; @realDonaldTrump to replace Justice Kennedy before mid-terms SUBSCRIBE - RETWEET","[0, 0, 0, 0]","[0, 0, 0, 0]","[0, 0, 0, 0]","[0, 0, 0, 0]",18569,"[2, 7, 12, 11]",0.0,0.0,1.0
932,I'm sure you truly wish this is so. Good luck with that claim.,"[0, 0, 0, 0]","[0, 0, 0, 0]","[0, 0, 0, 0]","[0, 0, 0, 0]",25048,"[2, 7, 12, 11]",0.0,0.0,1.0
765,"If you're considering seeking the help of a Life Coach in the Southwest Florida area, Darlene - http://www.darlenecolemancoaching.com #sarasota_fl_life_coaching #sarasota_life_coach #life_coach_sarasota #sw_florida_life_coaching #life_coaching_sarasota #sarasota_life_coaching","[0, 0, 0, 0]","[0, 0, 0, 0]","[0, 0, 0, 0]","[0, 0, 0, 0]",7133,"[6, 11, 7, 3]",0.0,0.0,1.0
906,Mobile is the best thing since sluced bread ,"[0, 0, 0, 0]","[0, 0, 0, 0]","[0, 0, 0, 0]","[0, 0, 0, 0]",2180,"[6, 11, 7, 3]",0.0,0.0,1.0
835,"Over 2,300 members amazing keep fighting for Liberty my friends. #LOG #LibertariansOfGab","[0, 0, 0, 0]","[0, 0, 0, 0]","[0, 0, 0, 0]","[0, 0, 0, 0]",5039,"[4, 15, 10, 8]",0.0,0.0,1.0
887,They havent told you>>>>>>They say voting for a dem w/b civility back to US. That was what Hillary said. hahahaahah. In the meantime people are committing suicide murder in her name.,"[0, 0, 0, 0]","[0, 0, 0, 0]","[0, 0, 0, 0]","[0, 0, 0, 0]",19079,"[13, 11, 6, 3]",0.0,0.0,1.0
129,"You can tell Gab is the place to be, even Dem derps are here now trying to latch onto our feeds talking sh!t looking for attention. I don’t care to address them directly, but I will say that my mute button is fond of them already.","[0, 1, 0, 1, 1]","[0, 1, 0, 1, 1]","[0, 0, 0, 0, 0]","[1, 1, 0, 0, 1]",13777,"[4, 15, 10, 8, 14]",0.9709505944546686,0.6,0.4
637,Slice a Lemon and Place it Next to Your Bed Before You Sleep at Night to Gain These Great Benefits ,"[0, 0, 0, 0]","[0, 0, 0, 0]","[0, 0, 0, 0]","[0, 0, 0, 0]",14684,"[7, 13, 12, 11]",0.0,0.0,1.0
402,"Ah, but his crime was _saying_ it while being Trump.","[0, 0, 0, 0]","[0, 0, 0, 0]","[0, 0, 0, 0]","[0, 0, 0, 0]",15013,"[2, 7, 12, 11]",0.0,0.0,1.0
784,Damn!! She sho is working hard for the people ,"[0, 0, 0, 0]","[0, 0, 0, 0]","[0, 0, 0, 0]","[0, 0, 0, 0]",20655,"[2, 7, 12, 11]",0.0,0.0,1.0
770,"This controversy over women in Battlefield 5 is ridiculous. For one thing, there are actual problems that plague Battlefield 1, 4 and Hardline multiplayer mode which EA and Dice should be fixing before they release Battlefield 5. For example, they should ban non-US players from East Coast US servers. Brazilians lag the living hell out of them and it makes the game play experience very negative. Bu...","[0, 0, 0, 1]","[0, 0, 0, 1]","[0, 0, 0, 0]","[0, 0, 0, 0]",6121,"[4, 15, 10, 8]",0.8112781244591328,0.25,0.75
735,"Now more than ever, we need this.","[0, 0, 0, 0]","[0, 0, 0, 0]","[0, 0, 0, 0]","[0, 0, 0, 0]",24054,"[7, 2, 12, 11]",0.0,0.0,1.0
913,Who do you think has the upper hand Check out @prayingmedic’s Tweet: https://twitter.com/prayingmedic/status/1005513392239599616?s=09,"[0, 0, 0, 0]","[0, 0, 0, 0]","[0, 0, 0, 0]","[0, 0, 0, 0]",23415,"[13, 11, 6, 3]",0.0,0.0,1.0
219,"30 odd years ago when I worked retail,  we had a work birthday for a colleague. Someone had the bright idea for an erotic cake. A giant sheet cake with a pair of boobs. It was hilarious and quite tasty. Could you even do that nowadays?","[0, 0, 0, 0, 0]","[0, 0, 0, 0, 0]","[0, 0, 0, 0, 0]","[0, 0, 0, 0, 1]",25147,"[4, 15, 10, 8, 14]",0.0,0.0,1.0
641,"... the name of YHWH ...  Lord is a title, not a proper name.","[0, 0, 0, 0]","[0, 0, 0, 0]","[0, 0, 0, 0]","[0, 0, 0, 0]",16396,"[2, 7, 12, 11]",0.0,0.0,1.0
915,"The whole lot of the royal leeches make me sick. I remember when Prince (for every of questionable DNA) Harry was caught bollock naked standing next to a pool table in a US penthouse, the apartment was $5,000/night!! ","[1, 0, 0, 0]","[1, 0, 0, 0]","[0, 0, 0, 0]","[0, 0, 0, 0]",12227,"[7, 2, 12, 11]",0.8112781244591328,0.25,0.75
752,Yes.  And simultaneously announce the wholesale firing of all senior DOJ and FBI officials. ,"[0, 0, 0, 0]","[0, 0, 0, 0]","[0, 0, 0, 0]","[0, 0, 0, 0]",24203,"[7, 13, 12, 11]",0.0,0.0,1.0
806,Another black mother stated that a parent making EXCUSES that they never read the DRESS CODE book for the reason their Child did not meet the Dress Code - is IRRESPONSIBLE.,"[0, 1, 0, 1]","[0, 1, 0, 1]","[0, 0, 0, 0]","[0, 0, 0, 0]",9526,"[2, 7, 12, 11]",1.0,0.5,0.5
919,https://www.cbsnews.com/news/march-for-our-lives-39-days-how-parkland-students-turned-grief-into-action/  ,"[1, 0, 0, 0]","[1, 0, 0, 0]","[0, 0, 0, 0]","[0, 0, 0, 0]",23560,"[3, 11, 6, 16]",0.8112781244591328,0.25,0.75
624,"Do you think we should boycott Twitter, Facebook, YouTube etc. or try to stay on those platforms to reach out to people that still haven't found Gab and other free speech alternatives? Vote, share and if you have the time, please motivate your answer in a reply.","[0, 0, 0, 0]","[0, 0, 0, 0]","[0, 0, 0, 0]","[0, 0, 0, 0]",7789,"[4, 15, 10, 8]",0.0,0.0,1.0
874,You can't write this kind of headline. No one would believe you:  'Democratic Congressional Candidate from Minnesota Divorces Her Brother' https://bit.ly/2OYaVZG,"[0, 0, 0, 0]","[0, 0, 0, 0]","[0, 0, 0, 0]","[0, 0, 0, 0]",4861,"[4, 15, 10, 8]",0.0,0.0,1.0
760,"Just making sure to clear the legit waste from my fellows... people who legitimately identify as Nazis and Fascists are a disgrace to humanity and liberty. =) TY. Is it okay to punch someone for words? No, but if you legit want genocide of any race or the suppression of speech I don't want to freely associate with you.","[0, 0, 0, 1]","[0, 0, 0, 1]","[0, 0, 0, 0]","[0, 0, 0, 1]",8328,"[4, 15, 10, 8]",0.8112781244591328,0.25,0.75
386,Chairman of CA Democrats wants to boycott in and out for donating to GOP.  Time for red states to boycott any business donating to democrats. #maga #gabfam https://twitter.com/EricBauman/status/103505678555...  @a @Amy @Microchip,"[0, 0, 0, 1]","[0, 0, 0, 1]","[0, 0, 0, 0]","[0, 0, 0, 0]",339,"[4, 15, 10, 8]",0.8112781244591328,0.25,0.75
972,Conservatives propose tough measures against Facebook.  They're going to lower their taxes.,"[0, 0, 0, 0]","[0, 0, 0, 0]","[0, 0, 0, 0]","[0, 0, 0, 0]",25377,"[7, 2, 12, 11]",0.0,0.0,1.0
509,The blacks don’t tip. All this talk about making it rain but we don’t get even a drizzle,"[1, 0, 0, 1]","[1, 0, 0, 1]","[0, 0, 0, 0]","[0, 0, 0, 0]",19726,"[7, 13, 12, 11]",1.0,0.5,0.5
267,alex jones was imprisoned in the cube by the globalists only quads can free him https://www.bitchute.com/video/khTvXOZHHvrg/,"[0, 0, 0, 0]","[0, 0, 0, 0]","[0, 0, 0, 0]","[0, 0, 0, 0]",1922,"[4, 15, 10, 8]",0.0,0.0,1.0
819,"Having dead voters on the roles doesn’t mean that every single one of these would-be voters are actually voting. Even a large portion of dead voters can’t seem to pull themselves off the couch to make the trek to the voting booth After all, #IfYouDontVoteYouCantComplain, right?","[0, 0, 0, 0]","[0, 0, 0, 0]","[0, 0, 0, 0]","[0, 0, 0, 0]",19943,"[4, 15, 10, 8]",0.0,0.0,1.0
441,"Google, Amazon and IBM all trying to acquire your hospital records; issue statement demanding end of patient privacy https://www.naturalnews.com/2018-08-22-google-amaz...  #Health","[0, 0, 0, 0]","[0, 0, 0, 0]","[0, 0, 0, 0]","[0, 0, 0, 0]",20061,"[4, 15, 10, 8]",0.0,0.0,1.0
496,"I am flexible, I do not require that I sell you the rope I hang you with.","[1, 0, 0, 0]","[1, 0, 0, 0]","[0, 0, 0, 0]","[0, 0, 0, 0]",25184,"[7, 13, 12, 11]",0.8112781244591328,0.25,0.75
112,FBI arrests five New Mexico compound suspects days after multiple charges were dropped http://www.foxnews.com/us/2018/08/31/fbi-arrests-f...,"[0, 0, 0, 0, 1]","[0, 0, 0, 0, 1]","[0, 0, 0, 0, 0]","[0, 0, 0, 0, 0]",11241,"[4, 15, 10, 8, 14]",0.7219280948873623,0.2,0.8
691,British Spy Christopher Steele IS FOREIGN INTERFERENCE!,"[0, 0, 0, 0]","[0, 0, 0, 0]","[0, 0, 0, 0]","[0, 0, 0, 0]",5774,"[4, 15, 10, 8]",0.0,0.0,1.0
232,Sara Carter’s report on DC judge ordering DOJ to preserve personal emails of James Comey. https://saraacarter.com/breaking-dc-court-orders-d...,"[0, 0, 0, 0]","[0, 0, 0, 0]","[0, 0, 0, 0]","[0, 0, 0, 0]",21769,"[4, 15, 10, 8]",0.0,0.0,1.0
869,Hey #BrazilOnGab please include a short English translation with your Titles for us hillbilly's that can hardly speak English much less Portuguese. lol Signed ~ Hillbilly Kitty,"[0, 0, 0, 0]","[0, 0, 0, 0]","[0, 0, 0, 0]","[0, 0, 0, 0]",23070,"[4, 15, 10, 8]",0.0,0.0,1.0
607,http://casino.bz: Casino.bz is a valued online casino resource,"[0, 0, 0, 0]","[0, 0, 0, 0]","[0, 0, 0, 0]","[0, 0, 0, 0]",26522,"[6, 7, 11, 3]",0.0,0.0,1.0
671,"So Justice Kennedy is stepping down from SCOTUS.   While liberals throw a new tantrum, in MAGA-country you get this : https://youtu.be/3GwjfUFyY6M","[1, 0, 0, 0]","[1, 0, 0, 0]","[0, 0, 0, 0]","[0, 0, 0, 0]",7414,"[4, 15, 8, 10]",0.8112781244591328,0.25,0.75
373,Is there anything whites AREN'T better at? Anything we take from blacks is improved by us.,"[1, 0, 1, 1]","[1, 0, 1, 1]","[0, 0, 0, 0]","[0, 0, 0, 1]",11956,"[4, 15, 10, 8]",0.8112781244591328,0.75,0.25
981,I feel raped just reading this. #MeThree,"[0, 0, 0, 0]","[0, 0, 0, 0]","[0, 0, 0, 0]","[0, 0, 0, 0]",26126,"[7, 13, 12, 11]",0.0,0.0,1.0
842,Pro-Israel think tank funds Tommy Robinson’s legal costs https://www.middleeastmonitor.com/20180710-pro-isr...,"[0, 0, 0, 0]","[0, 0, 0, 0]","[0, 0, 0, 0]","[0, 0, 0, 0]",21529,"[13, 17, 9, 10]",0.0,0.0,1.0
233,"Savage - The Chad Trump pays playmate of the year $150k so his supermodel wife doesn’t find out. The Virgin Bourdain pays a 16 year old boy $380,000 so the world doesn’t find out his aging ugly feminazi life partner cucked him.  https://heartiste.wordpress.com/2018/08/25/comment...","[0, 0, 0, 1]","[0, 0, 0, 1]","[0, 0, 0, 0]","[0, 0, 0, 1]",19788,"[4, 15, 10, 8]",0.8112781244591328,0.25,0.75
785,US space force to cost $8 bn over 5 years. ROTFLMFAO!!!  The US government can’t keep the floors waxed in the pentagon for $8 bn.  That’s barely the price of two NRO satellite launches.,"[0, 0, 0, 0]","[0, 0, 0, 0]","[0, 0, 0, 0]","[0, 0, 0, 0]",3646,"[4, 15, 10, 8]",0.0,0.0,1.0
676,"Of course he is here, we are the pulse of his support. And likely, a big portion of the reason he is President. Remember the memes ?","[0, 0, 0, 0]","[0, 0, 0, 0]","[0, 0, 0, 0]","[0, 0, 0, 0]",11012,"[4, 15, 10, 8]",0.0,0.0,1.0
317,God Bless America and #NeverForget   I was there so I never will 🇺🇸🇺🇸🇺🇸,"[0, 0, 0, 0]","[0, 0, 0, 0]","[0, 0, 0, 0]","[0, 0, 0, 0]",530,"[13, 14, 17, 9]",0.0,0.0,1.0
648,You know your country is MULTICULTURAL . . . .When there's armed patrols on the streets.,"[1, 0, 0, 1]","[1, 0, 0, 1]","[0, 0, 0, 0]","[0, 0, 0, 1]",9937,"[4, 15, 10, 8]",1.0,0.5,0.5
410,Its  a particular kind of independence worth fighting for. Just ask the founding fathers.,"[0, 0, 0, 0]","[0, 0, 0, 0]","[0, 0, 0, 0]","[0, 0, 0, 0]",11008,"[4, 15, 10, 8]",0.0,0.0,1.0
898,A pro-Trump rally at an NRA convention would be the safest place on Earth for any Jew or black man. An Antifa rally isn't safe for anyone.,"[0, 0, 0, 1]","[0, 0, 0, 1]","[0, 0, 0, 0]","[0, 0, 0, 1]",24944,"[4, 15, 10, 8]",0.8112781244591328,0.25,0.75
709,We'll wait. No BFD man. Ya are or Ya aren't. It all comes out at the end. We'll see.,"[0, 0, 0, 0]","[0, 0, 0, 0]","[0, 0, 0, 0]","[0, 0, 0, 0]",9612,"[7, 13, 12, 11]",0.0,0.0,1.0
358,Something to ponder: The United States is a free country. Several European countries try to claim they are freer than the US. They might just be. People love and flock to get free things and will even get mean about claiming something free. Lots of free countries ready to be claimed in the EU.,"[0, 0, 0, 0]","[0, 0, 0, 0]","[0, 0, 0, 0]","[0, 0, 0, 0]",21837,"[2, 7, 12, 11]",0.0,0.0,1.0
258,I love when conservatives and baby boomers get triggered!! ,"[0, 0, 0, 0]","[0, 0, 0, 0]","[0, 0, 0, 0]","[0, 0, 0, 0]",6789,"[2, 7, 12, 11]",0.0,0.0,1.0
744,"Sorry fellow Gabbers, in New Zealand we have our share of idiots and this one found out the hard way about the 2nd amendment. Who in their right mind would travel halfway around the world and break into someone's home armed with a knife, pepper spray and duct tape? He's lucky he's alive but will face the consequences in a court of law. As a New Zealander I 100% support the 2nd amendment and th...","[0, 1, 0, 0]","[0, 1, 0, 0]","[0, 0, 0, 0]","[1, 0, 0, 0]",7415,"[4, 15, 8, 10]",0.8112781244591328,0.25,0.75
627,Bill's nose looks like a Flame Thrower !!,"[0, 0, 0, 1]","[0, 0, 0, 1]","[0, 0, 0, 0]","[0, 0, 1, 0]",16305,"[11, 6, 7, 3]",0.8112781244591328,0.25,0.75
632,What an f'ing joke. Waste of taxpayer $$ in the worst way.,"[1, 0, 0, 0]","[1, 0, 0, 0]","[0, 0, 0, 0]","[0, 1, 0, 0]",9118,"[7, 2, 12, 11]",0.8112781244591328,0.25,0.75
282,"Enough Whites are currently being killed by Blacks in South Africa, that it can easily be classified as a form of genocide against the White population. For a first hand look into the violence and its victims, watch Lauren Southern's 2018 documentary 'Farmlands.'","[0, 0, 1, 0]","[0, 0, 1, 0]","[0, 0, 0, 0]","[0, 0, 1, 0]",7604,"[4, 15, 8, 10]",0.8112781244591328,0.25,0.75
376,"Deserve: ""do something or have or show qualities worthy of (reward or punishment)""  You don't ""deserve"" respect by taking off your clothes ....  ","[0, 0, 0, 0]","[0, 0, 0, 0]","[0, 0, 0, 0]","[0, 0, 0, 0]",9734,"[2, 7, 12, 11]",0.0,0.0,1.0
384,"What I wouldn't give to see Sharpton, Sanders, Warren, and any other debating during the primaries.  It would be comedy gold.","[0, 0, 0, 0]","[0, 0, 0, 0]","[0, 0, 0, 0]","[0, 0, 0, 0]",5747,"[4, 15, 10, 8]",0.0,0.0,1.0
224,Show of REPOSTS... who is voting for Trump 2020?  #gabfam #trump2020 #geotus #basedpresident,"[0, 0, 0, 0]","[0, 0, 0, 0]","[0, 0, 0, 0]","[0, 0, 0, 0]",2354,"[4, 15, 10, 8]",0.0,0.0,1.0
953,"If jack steps down, and twaddle unbans everyone, who would go back and who would stay here on gab?  /just curious.... ","[0, 0, 0, 0]","[0, 0, 0, 0]","[0, 0, 0, 0]","[0, 0, 0, 0]",2279,"[2, 7, 12, 11]",0.0,0.0,1.0
814,"We need to get this to President Trump, so I'm putting it on twitter and I suggest you do too, don't forget to : #TrumpGetOnGab @GetOnGab","[0, 0, 0, 0]","[0, 0, 0, 0]","[0, 0, 0, 0]","[0, 0, 0, 0]",6033,"[4, 15, 10, 8]",0.0,0.0,1.0
472,Tried in n out in az...not impressed. Almost the samething as steak n shake in georgia but Steak n shake is better.,"[0, 0, 0, 0]","[0, 0, 0, 0]","[0, 0, 0, 0]","[0, 0, 0, 0]",17910,"[6, 11, 7, 3]",0.0,0.0,1.0
347,“It’s very sad that we’re still being kept in the dark about it. [...] They think they’re above the law and don’t have to respond to the families—and the world. It’s disgusting.” https://www.newsweek.com/cia-and-saudi-arabia-cons...,"[0, 0, 0, 0]","[0, 0, 0, 0]","[0, 0, 0, 0]","[0, 0, 0, 0]",25271,"[4, 15, 10, 8]",0.0,0.0,1.0
505,"yes, they definitely do. Do it our way or go to Hell. Once a friend took me to her church with her parents, unbeknownst to my dad. When they dropped me off, I told my dad. He had words with the parents and told me to not let it happen again. ","[0, 0, 0, 0]","[0, 0, 0, 0]","[0, 0, 0, 0]","[0, 0, 0, 0]",12843,"[7, 13, 12, 11]",0.0,0.0,1.0
639,"I really enjoy the creativity of your posts!  But damn, they are starting to look like a Rothschild costume party.","[0, 0, 0, 0]","[0, 0, 0, 0]","[0, 0, 0, 0]","[0, 0, 0, 0]",16843,"[7, 2, 12, 11]",0.0,0.0,1.0
987,"Time to put him out to pasture. He's not only useless, he's derelict in his duty, bordering on seditious.","[0, 0, 0, 0]","[0, 0, 0, 0]","[0, 0, 0, 0]","[0, 0, 0, 0]",2377,"[7, 13, 12, 11]",0.0,0.0,1.0
928,AHHHH Yesss #8CHBAKERS Much meme powa,"[0, 0, 0, 0]","[0, 0, 0, 0]","[0, 0, 0, 0]","[0, 0, 0, 0]",7073,"[7, 13, 12, 11]",0.0,0.0,1.0
905,"Lewis's brother, Charles, King of Italy (also known as Charles the Fat, as he was an obese slob) sat by idly while all this was happening and did nothing.  The Pope gave him the title of Emperor, hoping he this would spur him to action, but still he did nothing.  When Lewis died, Charles became ruler over his lands as well.  Messengers hastened to him, begging him to come save his people from d...","[0, 0, 0, 0]","[0, 0, 0, 0]","[0, 0, 0, 0]","[0, 0, 0, 0]",16809,"[4, 15, 10, 8]",0.0,0.0,1.0
619,Jay youre back !!!  ,"[0, 0, 0, 0]","[0, 0, 0, 0]","[0, 0, 0, 0]","[0, 0, 0, 1]",1869,"[2, 7, 12, 11]",0.0,0.0,1.0
855,"Ok, good so it's not just me.  Thanks for responding.  I was wondering how ppl were following me when I couldn't see any recommended anymore.","[0, 0, 0, 0]","[0, 0, 0, 0]","[0, 0, 0, 0]","[0, 0, 0, 0]",10300,"[2, 7, 12, 11]",0.0,0.0,1.0
803,"Ahhhh.  It's been eleventy meelyun years since I got to sit down, have a beer, and make an ass of myself on Gab. I missed this so hard.   :  )","[0, 0, 0, 0]","[0, 0, 0, 0]","[0, 0, 0, 0]","[1, 0, 0, 0]",23633,"[4, 15, 10, 8]",0.0,0.0,1.0
645,Facebook Engineer Quits Over Company’s Mob-Like Attacks On Anyone Opposed To 'Left-Leaning Ideology’ ,"[0, 1, 0, 0]","[0, 1, 0, 0]","[0, 0, 0, 0]","[0, 0, 0, 0]",13622,"[13, 0, 11, 16]",0.8112781244591328,0.25,0.75
846,"https://blogs.spectator.co.uk/2018/08/the-real-les...  This kind of pathological altruism is what the 'left' appears to be all about at the moment. It's vain, stupid, and is against the rule of law. #immigration #deportation #Islam #news","[1, 0, 0, 1]","[1, 0, 0, 1]","[0, 0, 0, 0]","[0, 0, 0, 1]",25286,"[4, 15, 10, 8]",1.0,0.5,0.5
556,"If you are right-wing and pay to send your daughter to college, you are retarded. Woman are submissive and much more prone to peer pressure. They are not equipped (NAWALT) to handle life in a re-education center. By sending her to college, you are destroying her future and increasing the risk she'll die in childless misery.","[1, 1, 0, 1]","[1, 1, 0, 1]","[0, 0, 0, 0]","[0, 1, 0, 1]",18275,"[4, 15, 10, 8]",0.8112781244591328,0.75,0.25
957,"California wet dream:  Rip it's star from our flag.  Attach thousands of boats to the coastline, wrench it from the mainland, tow it out to sea, and sink it with a all aboard.  #Gab #GabFam #SpeakFreely #Chat #Americans","[0, 0, 0, 0]","[0, 0, 0, 0]","[0, 0, 0, 0]","[0, 0, 0, 0]",15608,"[2, 7, 12, 11]",0.0,0.0,1.0
577,"Best comment on gab, ever made ... lol ","[0, 0, 0, 0]","[0, 0, 0, 0]","[0, 0, 0, 0]","[0, 0, 0, 0]",17171,"[2, 7, 12, 11]",0.0,0.0,1.0
795,"Well, I guess some cultures ARE better than others. ","[0, 0, 0, 0]","[0, 0, 0, 0]","[0, 0, 0, 0]","[0, 0, 0, 0]",4532,"[2, 7, 12, 11]",0.0,0.0,1.0
85,"Little, cute, dark gray Toe Beans!! I love toe beans.","[0, 0, 0, 0, 0, 0]","[0, 0, 0, 0, 0, 0]","[0, 0, 0, 0, 0, 0]","[0, 0, 0, 0, 0, 0]",9690,"[13, 17, 9, 14, 8, 10]",0.0,0.0,1.0
242,An extremely important and illustrative post by Anonymous Conservative on the silent takeover of American society. Please read. https://www.anonymousconservative.com/blog/of-corr...,"[0, 0, 0, 0]","[0, 0, 0, 0]","[0, 0, 0, 0]","[0, 0, 0, 0]",2970,"[4, 15, 10, 8]",0.0,0.0,1.0
698,UK needs a leader with balls who will look after the people. My god I am jealous the US has Trump.,"[0, 0, 0, 0]","[0, 0, 0, 0]","[0, 0, 0, 0]","[0, 0, 0, 0]",11151,"[4, 15, 10, 8]",0.0,0.0,1.0
159,Here's Why Ditching Facebook Is Becoming a Thing Among Conservatives | PoliZette http://bit.ly/2LH5Cej #Socialmedia #Conservatives,"[0, 0, 0, 0, 0]","[0, 0, 0, 0, 0]","[0, 0, 0, 0, 0]","[0, 0, 0, 0, 0]",17566,"[4, 15, 10, 8, 14]",0.0,0.0,1.0
524,Just want to recommend this album. If you're into Post-Rock or Post-Metal you should love it. ,"[0, 0, 0, 0]","[0, 0, 0, 0]","[0, 0, 0, 0]","[0, 0, 0, 0]",7207,"[7, 2, 12, 11]",0.0,0.0,1.0
35,Change My Mind: Trump Is Not A Fascist https://www.blazingcatfur.ca/2018/09/01/change-my-...,"[0, 0, 0, 0, 0]","[0, 0, 0, 0, 0]","[0, 0, 0, 0, 0]","[0, 0, 0, 0, 1]",4260,"[4, 15, 10, 8, 14]",0.0,0.0,1.0
540,USA: Mass brawl between Patriot Prayer and Antifa breaks out during Portland rally https://www.youtube.com/watch?time_continue=136&v=NyzTFrEQDr0,"[0, 0, 0, 0]","[0, 0, 0, 0]","[0, 0, 0, 0]","[0, 0, 0, 0]",27560,"[7, 13, 12, 11]",0.0,0.0,1.0
170,"Thought I’d share the news that my science fiction alternate history conspiracy thriller, A Rambling Wreck,will be on sale for $0.99 for the next couple of weeks. https://amzn.to/2M5r6SS #scifi #GabBooks #GabBookClub #CLFA","[0, 0, 0, 0, 0, 0]","[0, 0, 0, 0, 0, 0]","[0, 0, 0, 0, 0, 0]","[0, 0, 0, 0, 0, 0]",18950,"[13, 17, 9, 14, 8, 10]",0.0,0.0,1.0
654,"Why do people here believe the Holocaust happened? Why would you WANT TO BELIEVE SUCH AN ATROCITY HAPPENED TO THE JEWS? Of course it didn't happen, otherwise the world wouldn't have Israel and all the Nobel prize winners that came after WW2.","[0, 1, 1, 0]","[0, 1, 1, 0]","[0, 0, 0, 0]","[0, 1, 0, 0]",13110,"[4, 15, 10, 8]",1.0,0.5,0.5
890,"RT @JamesHasson20: “F*ck the police,” “no USA at all,” the mostly peaceful anti-hate protestors chanted as they threw smoke bombs at cops and broke journalists’ equipment.","[0, 0, 0, 0]","[0, 0, 0, 0]","[0, 0, 0, 0]","[1, 0, 0, 1]",21066,"[2, 7, 12, 11]",0.0,0.0,1.0
857,"OM GOSH.... Now they wantus to believe that ALIENS directed asteroid or weapon, which killed dinosaurs, at Mexico... COME ON NOW... HISTORY CHANNEL GOING OFF DEEP END","[0, 0, 0, 0]","[0, 0, 0, 0]","[0, 0, 0, 0]","[0, 0, 0, 0]",13446,"[2, 7, 12, 11]",0.0,0.0,1.0
847,Plutocracy. ,"[0, 0, 0, 0]","[0, 0, 0, 0]","[0, 0, 0, 0]","[0, 0, 0, 0]",11017,"[2, 7, 12, 11]",0.0,0.0,1.0
944,"Well, yea, but they also believe the greeks were israelites ...  ","[1, 0, 0, 1]","[1, 0, 0, 1]","[0, 0, 0, 0]","[0, 0, 0, 1]",4588,"[7, 13, 12, 11]",1.0,0.5,0.5
733,"GOP CONGRESSMEN: The FISA Abuse at the DOJ Shithole Has Hit the Fan; THEY ALL Spied on Trump, Flynn #QAnon https://truepundit.com/watch-gop-congressmen-fisa-abuse-doj-shithole-hit-fan-spied-trump-flynn-videos/","[0, 0, 0, 0]","[0, 0, 0, 0]","[0, 0, 0, 0]","[0, 0, 0, 1]",7010,"[7, 2, 12, 11]",0.0,0.0,1.0
95,"#Gabfam, the leftists (and degenerates) are pushing hard to normalize pedophilia.  This is the third and final time I'll be posting this.  If you're interested in doing something to stop this, read the link. https://www.scribd.com/document/383096570/Destroy-...  #MAGA","[1, 1, 1, 1, 0, 1, 1, 0]","[1, 1, 1, 1, 0, 1, 1, 0]","[0, 0, 0, 0, 0, 0, 0, 0]","[0, 0, 1, 0, 0, 1, 1, 0]",10363,"[13, 17, 9, 4, 15, 14, 8, 10]",0.8112781244591328,0.75,0.25
563,"Thank you to ICE for continuing to do your job, despite the verbal attacks by the left! ","[0, 0, 0, 0]","[0, 0, 0, 0]","[0, 0, 0, 0]","[0, 0, 0, 0]",9090,"[7, 13, 12, 11]",0.0,0.0,1.0
240,"Democrat, Gavin Newsom is running for Governor in California. He wants to give illegal immigrants free heath care. Wow! Many tax paying legal citizens can't afford healthcare and he wants to use tax dollars to buy free health care for illegals?? https://www.youtube.com/watch?v=z12Vp4o5zgU","[0, 0, 0, 1]","[0, 0, 0, 1]","[0, 0, 0, 0]","[0, 0, 0, 1]",24418,"[4, 15, 10, 8]",0.8112781244591328,0.25,0.75
742,Whorporate Media & Libtards INFURIATED Someone Falsely Accused Of Sexual Assault Would Be Upset ,"[0, 1, 0, 0]","[0, 1, 0, 0]","[0, 0, 0, 0]","[0, 0, 0, 0]",17866,"[7, 13, 12, 11]",0.8112781244591328,0.25,0.75
574,"This is Antifa, folks.  Filthy, degenerate communist subhumans.  Every single one.","[0, 1, 0, 1]","[0, 1, 0, 1]","[0, 0, 0, 0]","[0, 0, 0, 1]",12455,"[4, 15, 10, 8]",1.0,0.5,0.5
690,"Blue checks like her say whatever they please. But I was locked out for saying ""Tranny"".  Twitter is nothing but a Blue Check echo chamber.","[0, 0, 0, 1]","[0, 0, 0, 1]","[0, 0, 0, 0]","[0, 0, 1, 0]",17904,"[2, 7, 12, 11]",0.8112781244591328,0.25,0.75
460,Dumbass #JackProsobiec outs himself again as a self important ego shill trying to counter #Qanon. 'XBox and PS don't have chat logs'. -Jack Even on the surface for a non-gamer this is an idiotic statement.  https://twitter.com/intheMatrixxx/status/103013226...,"[0, 0, 0, 0]","[0, 0, 0, 0]","[0, 0, 0, 0]","[1, 0, 0, 0]",23950,"[4, 15, 10, 8]",0.0,0.0,1.0
553,"Texans in the vast plains, rivers, and the farmlands must gather, arm up, and declare independence from the United States of America. We are a nation of warriors that fell at the Alamo only to rise victorious, just as the Spartans did in the narrow pass against the Persians.  The USA needs us. We do not need those sickening fucktards","[0, 1, 1, 0]","[0, 1, 1, 0]","[0, 0, 0, 0]","[1, 0, 0, 0]",888,"[4, 15, 8, 10]",1.0,0.5,0.5
888,https://youtu.be/paYLbGNHQj0?t=13,"[0, 0, 0, 0]","[0, 0, 0, 0]","[0, 0, 0, 0]","[0, 0, 0, 0]",6987,"[7, 13, 12, 11]",0.0,0.0,1.0
206,"1)   TY for any notifications, I'm so sorry I can't respond politely at the moment 2) I'm leaving in less than 3 days to spend 2 months about 1 hour from my niece EEEEEEE 3) That's so many numbers, ew math 4) I do still love the #gabfam and I'm not gone, just, STUPID busy.  Should have peace and 'vacation' soon, to come derp at you all.  :  )  5) Never give up, never surrender!","[0, 0, 0, 0, 0, 0, 0]","[0, 0, 0, 0, 0, 0, 0]","[0, 0, 0, 0, 0, 0, 0]","[0, 0, 0, 1, 0, 0, 0]",23639,"[13, 17, 9, 4, 14, 8, 10]",0.0,0.0,1.0
392,NASA Researcher: Antarctica Still GAINING Ice  https://principia-scientific.org/nasa-researcher-antarctica-still-gaining-ice/,"[0, 0, 0, 0]","[0, 0, 0, 0]","[0, 0, 0, 0]","[0, 0, 0, 0]",2134,"[7, 13, 12, 11]",0.0,0.0,1.0
794,"I practice to win . Click , rerack ,Click , rerack  click , rerack ! ","[0, 0, 0, 0]","[0, 0, 0, 0]","[0, 0, 0, 0]","[0, 0, 0, 0]",25593,"[2, 7, 12, 11]",0.0,0.0,1.0
397,It will be their time someday... have faith. As a Caps fan I know how that feels.,"[0, 0, 0, 0]","[0, 0, 0, 0]","[0, 0, 0, 0]","[0, 0, 0, 0]",2581,"[2, 7, 12, 11]",0.0,0.0,1.0
766,"Good to know ""admission"" is proof of anything.  ","[0, 0, 0, 0]","[0, 0, 0, 0]","[0, 0, 0, 0]","[0, 0, 0, 0]",22797,"[2, 7, 12, 11]",0.0,0.0,1.0
848,The time for revolution has passed.,"[0, 0, 0, 0]","[0, 0, 0, 0]","[0, 0, 0, 0]","[0, 0, 0, 0]",9576,"[2, 7, 12, 11]",0.0,0.0,1.0
217,"Another  fascist  'newspaper'  nears death,   Has a long history of publishing idiots  https://www.cjr.org/business_of_news/village-voice...","[1, 1, 0, 1, 1]","[1, 1, 0, 1, 1]","[0, 0, 0, 0, 0]","[0, 0, 0, 0, 1]",24678,"[4, 15, 10, 8, 14]",0.7219280948873623,0.8,0.19999999999999996
4,John McCain The word Humility does not apply to that family. What a disgrace,"[0, 0, 0, 0, 1]","[0, 0, 0, 0, 1]","[0, 0, 0, 0, 0]","[0, 0, 0, 0, 0]",1315,"[4, 15, 10, 8, 14]",0.7219280948873623,0.2,0.8
768,"Hi, I know what you mean. But the trad paper currencies are really the peoples currency. It's not the politicians, bankers or anyone else's currency. Even though they dropped the gold standard, making the currencies near worthless.","[0, 0, 0, 0]","[0, 0, 0, 0]","[0, 0, 0, 0]","[0, 0, 0, 0]",10981,"[7, 13, 12, 11]",0.0,0.0,1.0
642,Just cast my ballot here in Michigan. Praying Debbie 'StabYouNow' Stabenow is told  'YOU'RE FIRED' today.  #Michigander #Vote #MAGA,"[0, 0, 0, 0]","[0, 0, 0, 0]","[0, 0, 0, 0]","[0, 0, 0, 0]",11890,"[4, 15, 10, 8]",0.0,0.0,1.0
929,If there is an uprising which I think there will be. You morons will be the first ones put in chains. All for the Muh White Race Man.,"[0, 1, 0, 0]","[0, 1, 0, 0]","[0, 0, 0, 0]","[1, 0, 0, 0]",22117,"[7, 13, 12, 11]",0.8112781244591328,0.25,0.75
612,"As you read about the Jacksonville game tournament shooting incident, keep in mind which outlets are blaming 'gamers' & 'toxic masculinity.' Feel free to download & use GGBlocker to block those anti-gamer websites. https://chrome.google.com/webstore/detail/ggblocke...","[0, 0, 0, 1]","[0, 0, 0, 1]","[0, 0, 0, 0]","[0, 0, 0, 0]",4740,"[4, 15, 10, 8]",0.8112781244591328,0.25,0.75
738,Justin Trudeau launches embarrassing “Gender Equality Week” in wake of groping allegations ,"[0, 0, 0, 1]","[0, 0, 0, 1]","[0, 0, 0, 0]","[0, 0, 0, 0]",14015,"[2, 7, 12, 11]",0.8112781244591328,0.25,0.75
546,Ezekiel  20:7,"[0, 0, 0, 0]","[0, 0, 0, 0]","[0, 0, 0, 0]","[0, 0, 0, 0]",16743,"[2, 7, 12, 11]",0.0,0.0,1.0
725,Don’t get me started on McCarthy. I have every FBI investigation note available under the FOI process about that heroic American. 99% of Americans have no clue about their nation’s fall during the 20th century. The “Swamp” completely fills DC and most of the Northeast. Trump is fighting waste deep in that cesspool and only God can protect him. This is truly a last ditch effort to save our nation.,"[0, 0, 0, 0]","[0, 0, 0, 0]","[0, 0, 0, 0]","[0, 0, 0, 0]",23459,"[4, 15, 10, 8]",0.0,0.0,1.0
683,#FakeNews stunts your children's growthFeed your children #RealNews Do Millennials think that America was 'never that great'?  #fboLoud #tcot #maga #TrumpTrain #tpot #AmericaFirst #ycotfboLoud⦁com http://video.foxnews.com/v/5825273648001/#sp=show-...,"[0, 0, 0, 0]","[0, 0, 0, 0]","[0, 0, 0, 0]","[0, 0, 0, 0]",9998,"[4, 15, 10, 8]",0.0,0.0,1.0
98,"So I get accused of being an Islamophobe by a Muzlime on Twitter, I agree with him that I am an Islamofauxb and tell him why and I'm the one who gets suspended?","[1, 1, 1, 0, 0, 1, 1, 1]","[1, 1, 1, 0, 0, 1, 1, 1]","[0, 0, 0, 0, 0, 0, 0, 0]","[0, 0, 0, 0, 0, 0, 0, 0]",10424,"[13, 17, 9, 4, 15, 14, 8, 10]",0.8112781244591328,0.75,0.25
804,"Dispute his recent faults, Nigel Farage is still an inspiration to all of western civilisation. He can still make bloody good speeches! Ireland is next, the EU is crumbling, has he not heard of Identity Ireland? They can mobilise, patriots make your voices heard! #Irexit #Brexit #UKIP #IdentityIreland ","[0, 0, 0, 0]","[0, 0, 0, 0]","[0, 0, 0, 0]","[0, 0, 0, 0]",23294,"[7, 13, 12, 11]",0.0,0.0,1.0
727,how is your food inventory?  cannibalism makes people angrier!  ,"[0, 0, 0, 0]","[0, 0, 0, 0]","[0, 0, 0, 0]","[0, 0, 0, 0]",8196,"[2, 7, 12, 11]",0.0,0.0,1.0
573,"I wonder if Bezos, Dorsey, Zuckerberg, et al, realize that they're becoming the Evil MegaCorporations depicted throughout Science Fiction. #TyrellCorp #WeylandYutani #InTheFutureAllRestaurantsAreTacoBell... just to name a few.","[0, 0, 0, 0]","[0, 0, 0, 0]","[0, 0, 0, 0]","[0, 0, 0, 0]",17482,"[4, 15, 10, 8]",0.0,0.0,1.0
406,"The KKK sought to use violence to achieve their un-American aims, but the gov't cracked down on them as they should any group that violates American rights. All while hiding their identities, because they knew they were wrong. Now they want to use gov't to achieve aims, but society rightly rejects them. Fuck the Klan. Their time is done.","[1, 0, 0, 0]","[1, 0, 0, 0]","[0, 0, 0, 0]","[0, 0, 0, 1]",26060,"[7, 13, 12, 11]",0.8112781244591328,0.25,0.75
502,Freakin A man.  I believe a normal human mind would encourage any peace talks.  I wonder what type of cumulative mind the media has?,"[1, 0, 0, 0]","[1, 0, 0, 0]","[0, 0, 0, 0]","[0, 0, 0, 0]",3139,"[7, 13, 12, 11]",0.8112781244591328,0.25,0.75
47,"This is how sick the left is. They keep trying to push this shit that the KKK is right wing, and the Nazis were conservatives. Both are 180 degrees from truth. But they can fuck up a good painting for their obscene propaganda. Pepe doesnt have blue eyes either idiots.","[1, 1, 1, 1, 1]","[1, 1, 1, 1, 1]","[0, 0, 0, 0, 0]","[1, 1, 0, 0, 1]",4831,"[4, 15, 10, 8, 14]",0.0,1.0,0.0
32,"2/3 of Republicans and a 1/3 of independents think special counsel Robert Mueller’s #Russia investigation should be shut down, according to a new Axios poll. https://www.breitbart.com/big-government/2018/08/3...","[0, 0, 0, 0, 0]","[0, 0, 0, 0, 0]","[0, 0, 0, 0, 0]","[0, 0, 0, 0, 0]",3845,"[4, 15, 10, 8, 14]",0.0,0.0,1.0
779,I'm just repeating the word of your abrahamic Lord. ,"[0, 0, 0, 0]","[0, 0, 0, 0]","[0, 0, 0, 0]","[0, 0, 0, 0]",3614,"[2, 7, 12, 11]",0.0,0.0,1.0
839,What kind of faith promotes self worship over humbleness? 👹,"[0, 0, 0, 1]","[0, 0, 0, 1]","[0, 0, 0, 0]","[0, 0, 0, 0]",24336,"[4, 15, 10, 8]",0.8112781244591328,0.25,0.75
200,Of course they do. That's where informed leftists get their arguing points for their social media posts.,"[0, 1, 0, 0, 1, 0, 0]","[0, 1, 0, 0, 1, 0, 0]","[0, 0, 0, 0, 0, 0, 0]","[0, 0, 0, 0, 0, 0, 0]",22892,"[13, 17, 4, 15, 14, 8, 10]",0.863120568566631,0.2857142857142857,0.7142857142857143
134,Seems only fair that lefties who enjoy harassing ICE agents at home get equal treatment.,"[1, 1, 1, 1, 0, 1, 1, 0]","[1, 1, 0, 1, 0, 1, 1, 0]","[0, 0, 1, 0, 0, 0, 0, 0]","[0, 0, 0, 0, 0, 1, 0, 0]",14413,"[13, 17, 9, 4, 15, 14, 8, 10]",0.8112781244591328,0.75,0.25
27,Antifa Protesting George Soros for non payment. Soros where's our money...... https://twitter.com/Jamierodr10/status/10356866243...,"[0, 0, 0, 0, 0]","[0, 0, 0, 0, 0]","[0, 0, 0, 0, 0]","[0, 0, 0, 0, 0]",3252,"[4, 15, 10, 8, 14]",0.0,0.0,1.0
880,https://m.youtube.com/watch?v=rEpQaFtvx_E  ,"[1, 0, 0, 0]","[1, 0, 0, 0]","[0, 0, 0, 0]","[0, 0, 1, 1]",2410,"[7, 13, 12, 11]",0.8112781244591328,0.25,0.75
230,Billy Bongo should join the Met Police.,"[0, 0, 0, 0]","[0, 0, 0, 0]","[0, 0, 0, 0]","[0, 0, 0, 0]",2106,"[2, 7, 12, 11]",0.0,0.0,1.0
489,"They will never care about the unemployment rate or tax cuts. Sorry, Republicans!  Now please focus on the people who vote for you.","[0, 0, 0, 0]","[0, 0, 0, 0]","[0, 0, 0, 0]","[0, 0, 0, 0]",16811,"[4, 15, 10, 8]",0.0,0.0,1.0
772,"Peter Strzok, the FBI agent who exchanged anti-Trump text messages with his co-worker girlfriend, was fired today. #DrainTheSwamp https://www.usatoday.com/story/news/politics/2018/...","[0, 0, 0, 0]","[0, 0, 0, 0]","[0, 0, 0, 0]","[0, 0, 0, 0]",24423,"[4, 15, 10, 8]",0.0,0.0,1.0
378,Some on the left claim the only reason Conservatives don't like Obama is that he's black. Hillary claimed her loss was because of sexism. So... I'd prefer a white Obama to a black Reagan? I'd vote for a white Maxine Waters before I'd back a black Rush Limbaugh?,"[0, 0, 0, 1]","[0, 0, 0, 1]","[0, 0, 0, 0]","[0, 0, 0, 0]",19912,"[4, 15, 10, 8]",0.8112781244591328,0.25,0.75
288,Take another GULP of Koolaide and enjoy your trip. ,"[0, 0, 0, 0]","[0, 0, 0, 0]","[0, 0, 0, 0]","[0, 0, 0, 0]",13105,"[2, 7, 12, 11]",0.0,0.0,1.0
418,"‘Large numbers of inherited (genetic) mistakes—i.e. mutations—are known which affect respiratory function, virtually all harmful. Not a single beneficial one, let alone one which adds any information, has been described in relation to the respira­­tory system.‘ https://creation.com/the-breath-of-life","[1, 0, 0, 0]","[1, 0, 0, 0]","[0, 0, 0, 0]","[1, 0, 0, 0]",23014,"[7, 13, 12, 11]",0.8112781244591328,0.25,0.75
674,LOL @BackChannel17 is mad at me for calling them out a disinfo Queen.,"[0, 0, 0, 0]","[0, 0, 0, 0]","[0, 0, 0, 0]","[0, 0, 0, 0]",15317,"[7, 13, 12, 11]",0.0,0.0,1.0
391,"I actually do have an idea on a post about that... about how Dr. Frank N. Furter at least kept his activities behind closed doors and by invitation only, and had the decency to not parade it down Main Street or demand we bake it a cake.","[0, 0, 0, 0]","[0, 0, 0, 0]","[0, 0, 0, 0]","[0, 0, 0, 0]",3532,"[7, 13, 12, 11]",0.0,0.0,1.0
592,"Japanese crypto exchange Coincheck told authorities that it has lost 500 million NEM cryptocurrency coins in today's cyberheist, which at the current exchange rate amounts to roughly $400 million! ","[0, 0, 0, 0]","[0, 0, 0, 0]","[0, 0, 0, 0]","[0, 0, 0, 0]",18465,"[7, 13, 12, 11]",0.0,0.0,1.0
498,"It's a damn shame we can't turn this magnificent beast loose on Congress.  Maybe next year's SOTU.  Stop feeding her a week or two beforehand.  Lock the doors and enjoy the screaming.  I'd probably sell my house to be able to hear it in person.  Oh, nice picture of a lion, too.","[1, 0, 1, 0]","[0, 0, 0, 0]","[1, 0, 1, 0]","[0, 0, 0, 0]",6499,"[6, 7, 11, 3]",1.0,0.5,0.5
138,'First Man' is a liberal's wet dream. So pretty much a fantasy fiction movie. I'll pass.,"[0, 0, 0, 1, 1]","[0, 0, 0, 1, 1]","[0, 0, 0, 0, 0]","[0, 0, 0, 0, 1]",15684,"[4, 15, 10, 8, 14]",0.9709505944546686,0.4,0.6
62,"#SJW ‘s  are the natural end state of post modernist thinking. Where your value is not judged on the goodness of your deeds, but on your group identity. When race, gender, sexuality and colour are more important then #character, and quality of your argument, then your society & culture are doomed.  #wakeupamerica","[0, 0, 0, 0, 0, 0]","[0, 0, 0, 0, 0, 0]","[0, 0, 0, 0, 0, 0]","[0, 0, 0, 0, 0, 0]",6965,"[13, 9, 15, 14, 8, 10]",0.0,0.0,1.0
471,The left REALLY wants Texas.    Pathetic.  https://www.marketwatch.com/story/beto-orourke-hai...,"[0, 0, 0, 1]","[0, 0, 0, 1]","[0, 0, 0, 0]","[0, 0, 0, 0]",2562,"[4, 15, 10, 8]",0.8112781244591328,0.25,0.75
647,'...all three rapes occurred after this guy was let out of prison after local authorities ignored his fugitive warrant issued by immigration officials back in 2012.' https://www.mrctv.org/blog/illegal-alien-who-beat-...,"[0, 0, 0, 0]","[0, 0, 0, 0]","[0, 0, 0, 0]","[0, 0, 0, 0]",19013,"[4, 15, 10, 8]",0.0,0.0,1.0
128,"Me muting idiot Globalist groupies on Gab, on my own little account, is not the same as giant Twatter muting Trump’s base from almost the entire platform. Let’s just clear that brain fart out now should it come up again.","[0, 1, 0, 1, 1]","[0, 1, 0, 1, 1]","[0, 0, 0, 0, 0]","[0, 1, 0, 0, 1]",13775,"[4, 15, 10, 8, 14]",0.9709505944546686,0.6,0.4
976,"Jesus ‘was likely black, female and plus-size’ say researchers.","[0, 1, 0, 0]","[0, 1, 0, 0]","[0, 0, 0, 0]","[0, 0, 0, 0]",15366,"[4, 15, 10, 8]",0.8112781244591328,0.25,0.75
520,Kind of funny this guy claims to be a Progressive. He is making an argument that Hispanics are under Suspended for disruptive behavior. He's a retired Juvenile Hall Supervisor/Principal that ran for School Board in Fresno.  He wanted old timey discipline. #maga #gabfam @a @amy @microchip https://twitter.com/jxjarvix/status/81672007009309...,"[0, 0, 0, 1]","[0, 0, 0, 1]","[0, 0, 0, 0]","[0, 0, 0, 0]",338,"[4, 15, 10, 8]",0.8112781244591328,0.25,0.75
838,"I disarrange, every black man I have heard sing sounds like they have a dick in their mouth.","[1, 1, 0, 1]","[1, 1, 0, 1]","[0, 0, 0, 0]","[0, 0, 0, 1]",22452,"[7, 13, 12, 11]",0.8112781244591328,0.75,0.25
962,"I have learned some great things from Perry, but I'm post Triber so I lean towards skywatchTv, Tom Horn, Steve Quayle Pastor Begley, Henry Gruver, David Lankford, Coach Dave, Dr. Micheal Heiser, Ravi Zacharias just to name a few. I think there's something to be learned from a lot of good teachers such as Rob Skiba even tho I don't believe in flat earth.","[0, 0, 0, 0]","[0, 0, 0, 0]","[0, 0, 0, 0]","[0, 0, 0, 0]",23073,"[4, 15, 10, 8]",0.0,0.0,1.0
64,"Hard times make hard men. Hard men make good times, good times make weak boys, weak boys make hard times.  #trump s back track on #immigration just weakens #America.  #maga #wakeupamerica","[1, 1, 0, 0, 0, 0, 0]","[1, 1, 0, 0, 0, 0, 0]","[0, 0, 0, 0, 0, 0, 0]","[0, 0, 0, 0, 0, 0, 0]",6967,"[13, 17, 9, 15, 14, 8, 10]",0.863120568566631,0.2857142857142857,0.7142857142857143
812,#FreeAlexJones #FreeInfowars https://www.dallasnews.com/news/texas/2018/08/10/p...,"[0, 0, 0, 0]","[0, 0, 0, 0]","[0, 0, 0, 0]","[0, 0, 0, 0]",19198,"[4, 15, 10, 8]",0.0,0.0,1.0
14,"IMO-If the Establishment media stops bashing Trump, that's when we should be concerned.","[0, 0, 0, 0, 1]","[0, 0, 0, 0, 1]","[0, 0, 0, 0, 0]","[0, 0, 0, 0, 0]",2066,"[4, 15, 10, 8, 14]",0.7219280948873623,0.2,0.8
156,President Trump Says Three Tech Titans Are in a ‘Very Anti-Trust Situation’ | LifeZette http://bit.ly/2PnFZRZ  #Antitrust #Tech #BigTech #SocialMedia,"[0, 0, 0, 0, 0]","[0, 0, 0, 0, 0]","[0, 0, 0, 0, 0]","[0, 0, 0, 0, 0]",17563,"[4, 15, 10, 8, 14]",0.0,0.0,1.0
40,"President Trump has a little can of whoopass for Cuba, Venezuela and Nicaragua...By Monica Showalter President Trump has always been adept at spotting talent, and he's reeled in a big one with his new appointment of Mauricio Claver-Carone, to the top White House post on Latin America.  https://www.americanthinker.com/blog/2018/08/presi......","[0, 0, 0, 0, 0]","[0, 0, 0, 0, 0]","[0, 0, 0, 0, 0]","[0, 0, 0, 0, 1]",4355,"[4, 15, 10, 8, 14]",0.0,0.0,1.0
492,"This meme good sir, is too true.","[0, 0, 0, 0]","[0, 0, 0, 0]","[0, 0, 0, 0]","[0, 0, 0, 0]",14977,"[2, 7, 12, 11]",0.0,0.0,1.0
379,The only way to change things is to have compassion and being as rational as possible. The left vs right stuff isn't all life is about lol.,"[0, 0, 0, 0]","[0, 0, 0, 0]","[0, 0, 0, 0]","[0, 0, 0, 0]",2273,"[4, 15, 10, 8]",0.0,0.0,1.0
187,#MetalMonday  https://youtu.be/5a8nPCBXMo0,"[0, 0, 0, 0, 0, 0]","[0, 0, 0, 0, 0, 0]","[0, 0, 0, 0, 0, 0]","[0, 0, 0, 0, 0, 0]",22038,"[13, 17, 9, 4, 8, 10]",0.0,0.0,1.0
763,The whole world dodged a bullet this election with Trump. We now have the same problem in CANADA under Obama' buddy Justin Trudeau.,"[0, 0, 0, 0]","[0, 0, 0, 0]","[0, 0, 0, 0]","[1, 0, 0, 0]",1231,"[7, 13, 12, 11]",0.0,0.0,1.0
216,"Appeasement has no upside . Pure as driven snow FaceBook  XXXXXXXXXXXXXXXXXX The United Nations has warned Facebook that it risks being dragged into international war crimes trials for its role in future human rights violations, as it called on the social network to address hate speech more quickly. Zeid Ra'ad Al-Hussein, the UN’s human rights chief, said the company risked becoming an acc...","[0, 0, 0, 0, 0]","[0, 0, 0, 0, 0]","[0, 0, 0, 0, 0]","[0, 0, 0, 0, 0]",24675,"[4, 15, 10, 8, 14]",0.0,0.0,1.0
791,"Ohhh I'm so hurt, some deranged overweight virgin Dosent like me ","[0, 1, 0, 0]","[0, 1, 0, 0]","[0, 0, 0, 0]","[0, 0, 0, 0]",8555,"[13, 0, 11, 16]",0.8112781244591328,0.25,0.75
52,I see you 👋 Ditch Google.  Download Brave browser & use DuckDuckGo search engine.  They don't suck your data like Google; it's faster & has built in Adblocker. Works wonderfully with Gab.  Just enter !gab on DDG & it brings you straight to Gab \o/  #GabTips,"[0, 0, 0, 0, 1]","[0, 0, 0, 0, 1]","[0, 0, 0, 0, 0]","[0, 0, 0, 0, 0]",5550,"[4, 15, 10, 8, 14]",0.7219280948873623,0.2,0.8
878,"Senator Booker, it's because she didn't give a hoot.  She knew the media would protect her.  Judge Kavanaugh will never recover from this and thus, his tears.","[0, 0, 0, 0]","[0, 0, 0, 0]","[0, 0, 0, 0]","[0, 0, 0, 0]",20731,"[6, 3, 11, 7]",0.0,0.0,1.0
337,Such a fag   TWITTER CEO Apologizes For Eating Chick-Fil-A... http://amp.dailycaller.com/2018/06/10/twitter-ceo-chick-fil-a-gay-marriage/  #SoyBoy #BetaMale ,"[0, 1, 1, 0]","[0, 1, 0, 0]","[0, 0, 1, 0]","[0, 1, 0, 1]",13239,"[7, 2, 12, 11]",1.0,0.5,0.5
748,YOU SUCK DICK DURBIN!!! You decide where to place the comma.,"[0, 1, 0, 0]","[0, 1, 0, 0]","[0, 0, 0, 0]","[1, 0, 0, 0]",6312,"[4, 15, 10, 8]",0.8112781244591328,0.25,0.75
719,"""I wholeheartedly endorse the March For Our Lives. Godspeed, ye brave young children!"" - Gen. Thomas Gage","[0, 0, 0, 0]","[0, 0, 0, 0]","[0, 0, 0, 0]","[0, 0, 0, 0]",18065,"[2, 7, 12, 11]",0.0,0.0,1.0
724,"Over 5,000 Kenyans have dumped #Twitter for #Gab following the suspension of influential blogger @Cyprian. #KenyansOnGab @a   https://britsinkenya.com/2018/07/31/over-5000-keny...","[0, 0, 0, 0]","[0, 0, 0, 0]","[0, 0, 0, 0]","[0, 0, 0, 0]",13254,"[4, 15, 10, 8]",0.0,0.0,1.0
295,"Fakeugee from Gambia plotting terrorist attack arrested in Napoli, Italy ","[0, 0, 0, 1]","[0, 0, 0, 1]","[0, 0, 0, 0]","[0, 0, 0, 0]",8843,"[2, 7, 12, 11]",0.8112781244591328,0.25,0.75
701,"RT @JordanSchachtel: So CNN is now entertaining the possibility that the president is signaling to Q Anon, citing a random number but showing absolutely no evidence to back their crazy conspiracy theory. #ThisIsCNN ","[0, 0, 0, 0]","[0, 0, 0, 0]","[0, 0, 0, 0]","[0, 0, 0, 0]",26642,"[7, 13, 12, 11]",0.0,0.0,1.0
251,"It's really important that the Republican drop out of this race. If not, Johnson will be a likely second, and both Republicans and Libertarians will lose. https://fivethirtyeight.com/features/could-a-liber...","[0, 0, 0, 0]","[0, 0, 0, 0]","[0, 0, 0, 0]","[0, 0, 0, 0]",9789,"[4, 15, 10, 8]",0.0,0.0,1.0
726,The Jacksonville shooter was a raging liberal who routinely went after Trump supporters online  If he was a Republican or Trump voter it would be headline news and the media would blame Trump for inciting violence in our society,"[0, 0, 0, 0]","[0, 0, 0, 0]","[0, 0, 0, 0]","[0, 0, 1, 0]",9667,"[2, 7, 12, 11]",0.0,0.0,1.0
461,"Fuck that boring-ass Twitter. Go with Gab, it's a party here!","[0, 1, 0, 0]","[0, 1, 0, 0]","[0, 0, 0, 0]","[1, 1, 0, 0]",3192,"[4, 15, 10, 8]",0.8112781244591328,0.25,0.75
455,"Read the attached article, it explans why your Receiver isn't working  https://en.m.wikipedia.org/wiki/Narcissism","[0, 0, 0, 0]","[0, 0, 0, 0]","[0, 0, 0, 0]","[0, 0, 0, 0]",22206,"[7, 13, 12, 11]",0.0,0.0,1.0
996,February has Failed! Now we must endure This Marchmas!! https://www.youtube.com/watch?v=jD2ox8PkfG8,"[0, 0, 0, 0]","[0, 0, 0, 0]","[0, 0, 0, 0]","[0, 0, 0, 0]",21047,"[7, 13, 12, 11]",0.0,0.0,1.0
815,"THIS IS EXCELLENT. Growing #WhiteRights is not an initiation of #racism , it's a reaction to awareness of what others have initiated towards us. #SelfDefense -- just words (for now?) https://gab.ai/lovelymiss/posts/33260749 (and 6 other posts) (quoted here since they weren't in a 'thread') LMA @lovelymiss Donor15 hours ago · in Politics 1/ Most white people just wanted to be left alone. M...","[0, 0, 0, 1]","[0, 0, 0, 1]","[0, 0, 0, 0]","[0, 0, 0, 0]",17956,"[4, 15, 10, 8]",0.8112781244591328,0.25,0.75
862,The Truth About Why Tommy Robinson Was Jailed ,"[0, 0, 0, 0]","[0, 0, 0, 0]","[0, 0, 0, 0]","[0, 0, 0, 0]",16457,"[7, 2, 12, 11]",0.0,0.0,1.0
269,"The city of New York released thousands of documents from the 1989 Central Park rape case last week, provoking more weeping and gnashing of teeth over Donald Trump’s full-page ads in four New York newspapers taken out soon after that attack  http://humanevents.com/2018/07/26/central-park-rap...","[0, 0, 0, 0]","[0, 0, 0, 0]","[0, 0, 0, 0]","[0, 0, 0, 0]",18967,"[4, 15, 10, 8]",0.0,0.0,1.0
201,maybe a library instead of social media.,"[0, 0, 0, 0, 0, 0]","[0, 0, 0, 0, 0, 0]","[0, 0, 0, 0, 0, 0]","[0, 0, 0, 0, 0, 0]",22893,"[13, 17, 9, 4, 8, 10]",0.0,0.0,1.0
161,Flags have been at half-mast all week here because of that bastard McCain. I would be hard to find a more rotten statesman to memorialize. My flag stays flying high! FUCK JOHN MCCAIN http://halfstaff.org/,"[0, 1, 1, 0, 1]","[0, 1, 1, 0, 1]","[0, 0, 0, 0, 0]","[1, 1, 0, 0, 0]",17870,"[4, 15, 10, 8, 14]",0.9709505944546686,0.6,0.4
555,Like 3rd or 4th one today,"[0, 0, 0, 0]","[0, 0, 0, 0]","[0, 0, 0, 0]","[0, 0, 0, 0]",16987,"[7, 13, 12, 11]",0.0,0.0,1.0
729,Apparently the NYT forgot they they wrote an article saying that Trump might be the best president ever for the U.S. Amnesia is a horrible thing. https://www.nytimes.com/1984/04/08/magazine/the-ex...,"[0, 0, 0, 0]","[0, 0, 0, 0]","[0, 0, 0, 0]","[0, 0, 0, 0]",11179,"[4, 15, 10, 8]",0.0,0.0,1.0
401,"Donald Trump Taunts Cryin’ Chuck Schumer: ‘If There Is No Wall, There Is No DACA’ http://www.breitbart.com/big-government/2018/01/24/donald-trump-taunts-cryin-chuck-schumer-no-wall-no-daca/","[0, 0, 0, 0]","[0, 0, 0, 0]","[0, 0, 0, 0]","[0, 0, 0, 0]",18172,"[7, 2, 12, 11]",0.0,0.0,1.0
702,Islamic terrorists...they're not all bad. #NotAllTerrorists,"[0, 0, 0, 1]","[0, 0, 0, 1]","[0, 0, 0, 0]","[0, 0, 0, 0]",19149,"[4, 15, 10, 8]",0.8112781244591328,0.25,0.75
476,"This is so much b*******. She's corrupt and deeply unpopular, so she's pulling a Hillary Clinton!","[0, 1, 0, 0]","[0, 1, 0, 0]","[0, 0, 0, 0]","[0, 0, 0, 0]",14119,"[4, 15, 8, 10]",0.8112781244591328,0.25,0.75
821,"When it comes to entertainment, wether it’s sports or Hollywood, we are the organ grinders and you are our monkeys.  If you don’t perform for us and stop entertaining us, we can always find another monkey.","[0, 0, 0, 0]","[0, 0, 0, 0]","[0, 0, 0, 0]","[0, 0, 0, 0]",12746,"[7, 13, 12, 11]",0.0,0.0,1.0
771,TRUMP HITS THE AP AS MEDIA FACT-CHECK HIS NONSTOP INTERVIEWS  https://www.foxnews.com/politics/trump-hits-the-ap-as-media-fact-check-his-nonstop-interviews via @gabnewstoday,"[0, 0, 0, 0]","[0, 0, 0, 0]","[0, 0, 0, 0]","[0, 0, 0, 0]",13875,"[2, 7, 12, 11]",0.0,0.0,1.0
105,"We pay TAX over #TAX over TAX we are not only being robbed, we are being robbed multiple times over and over again...  #communism #socialism #government  #finance  #theft  #unBEARables","[0, 0, 0, 0, 1]","[0, 0, 0, 0, 1]","[0, 0, 0, 0, 0]","[0, 0, 0, 0, 0]",10509,"[4, 15, 10, 8, 14]",0.7219280948873623,0.2,0.8
565,"Mollie died so Dems could have a extra voter and so a GOP member could save $3,600. The ruling class elites hates our guts http://fashthenation.com/2018/08/gop-official-empl...","[0, 0, 0, 0]","[0, 0, 0, 0]","[0, 0, 0, 0]","[0, 0, 0, 0]",19791,"[4, 15, 10, 8]",0.0,0.0,1.0
389,"To follow the tide for the 'right' way in this world is to follower your ultimate doom,to follow the tide of risk and ultimatum is to make a difference in this world.","[0, 0, 0, 0]","[0, 0, 0, 0]","[0, 0, 0, 0]","[0, 0, 0, 0]",116,"[4, 15, 10, 8]",0.0,0.0,1.0
1,"A White House petition calling on Congress to defend free speech online is set to surpass 100,000 signatures by the end of today, just three days after it was launched. https://www.infowars.com/white-house-petition-to-d...","[0, 0, 0, 0, 0]","[0, 0, 0, 0, 0]","[0, 0, 0, 0, 0]","[0, 0, 0, 0, 0]",1303,"[4, 15, 10, 8, 14]",0.0,0.0,1.0
937,"WOW, perfection. And as an update to my previous post, seeing this I now for sure will be using this -- instead of just that single static image** showing #Wikipedia #Hypocrisy, I for sure want to re-tweet this VIDEO showing how #WhiteRights are the only 'flavor' of [ #TribePride #TribeLivesMatter #TribeRights #ItsOkToBeTribe ] that aren't allowed or don't matter on the dying blue bird. #Censo...","[0, 0, 0, 0]","[0, 0, 0, 0]","[0, 0, 0, 0]","[0, 0, 0, 0]",17958,"[4, 15, 10, 8]",0.0,0.0,1.0
982,Who needs an economy?  The sell off of #Canadian #RealEstate is a #PonziScheme that will sustain #Canada FOREVER!!   https://torontosun.com/opinion/columnists/guest-co...,"[0, 0, 0, 0]","[0, 0, 0, 0]","[0, 0, 0, 0]","[0, 0, 0, 0]",18410,"[4, 15, 10, 8]",0.0,0.0,1.0
561,🇸🇪Sweden: Embracing Islam; Banning Christianity. ,"[1, 0, 0, 0]","[1, 0, 0, 0]","[0, 0, 0, 0]","[0, 0, 0, 0]",14324,"[7, 2, 12, 11]",0.8112781244591328,0.25,0.75
80,"Aw. One of mine (I have 5 adults, too) loves to stretch out next to or on my legs. He'll stay there the whole night if I don't kick him when I roll over.","[0, 0, 0, 0, 0, 0]","[0, 0, 0, 0, 0, 0]","[0, 0, 0, 0, 0, 0]","[0, 0, 0, 0, 0, 0]",9685,"[13, 17, 9, 14, 8, 10]",0.0,0.0,1.0
205,"The lovely #prayingmantis lady Audrina did not survive her molt, though she did seem to enjoy my company and foodstuffs before that. I am sad. The empty space for her boudoir...sucks, you guys. A lot. I made her a tiny tinfoil coffin and packed her a tiny tinfoil lunch of honey. I am even MORE determined to befriend her people. That experience was AMAZING.","[0, 0, 0, 0, 0, 0, 0]","[0, 0, 0, 0, 0, 0, 0]","[0, 0, 0, 0, 0, 0, 0]","[0, 0, 0, 0, 0, 0, 0]",23638,"[13, 17, 9, 4, 14, 8, 10]",0.0,0.0,1.0
34,"In-N-Out Refuses to Back Down, Responds to Democrats Boycotting Them with Fierce Statement.  Yikes. That’s the chair of the California Democratic Party acting like he’s ten years old. https://www.chicksonright.com/youngcons/2018/08/31...","[1, 0, 0, 0, 1]","[1, 0, 0, 0, 1]","[0, 0, 0, 0, 0]","[0, 0, 0, 0, 0]",3847,"[4, 15, 10, 8, 14]",0.9709505944546686,0.4,0.6
775,Someone Tried to Get Mister Metokur Depersoned by Brigading https://www.bitchute.com/video/nibJI2LI5Os/ #BitChute,"[0, 0, 0, 0]","[0, 0, 0, 0]","[0, 0, 0, 0]","[0, 0, 0, 0]",25032,"[4, 15, 10, 8]",0.0,0.0,1.0
508,"If we do not face the facts about voting in Canada, trudeau will be placed in once again and in the second round, Soros and the rest will be able to, in the span of 8 years, complete the destruction of a 150 + year old Western country with a proud history. ... Get out to vote Conservative CANADA!!!!! We all must rid ourselves of this pimple on our ass!!","[0, 0, 0, 0]","[0, 0, 0, 0]","[0, 0, 0, 0]","[0, 0, 0, 1]",22171,"[7, 13, 12, 11]",0.0,0.0,1.0
427,"Apparently NOT the POTUS account I was fooled into believing it was. Why no, I don't feel stupid AT ALL, thank you. 😵😡😠🤬","[0, 0, 0, 0]","[0, 0, 0, 0]","[0, 0, 0, 0]","[0, 0, 0, 0]",11178,"[4, 15, 10, 8]",0.0,0.0,1.0
454,"It would be cool if Gab had paid advertising to support the site but only real user projects and so forth, not corporate ads","[0, 0, 0, 0]","[0, 0, 0, 0]","[0, 0, 0, 0]","[0, 0, 0, 0]",423,"[4, 15, 10, 8]",0.0,0.0,1.0
366,"Swedish female learns that someone is to be deported to Afghanistan, buys a ticket for the same flight, and refuses to sit down (so that the pilot can't take off) until the would-be deportee is removed from the plane. She succeeds.  Surrounding people listen to her and bend to her will, defying proper procedure.  Is this the future? https://www.youtube.com/watch?v=DHz4ZGgO53U","[1, 0, 0, 0]","[1, 0, 0, 0]","[0, 0, 0, 0]","[0, 0, 0, 0]",15892,"[4, 15, 8, 10]",0.8112781244591328,0.25,0.75
91,"Thank you to everyone that has supported freedom of speech.  In spite of our political differences, this is the one thematic unifying principle that brings us here.","[0, 0, 0, 0, 0, 0, 0, 0]","[0, 0, 0, 0, 0, 0, 0, 0]","[0, 0, 0, 0, 0, 0, 0, 0]","[0, 0, 0, 0, 0, 0, 0, 0]",9914,"[13, 17, 9, 4, 15, 14, 8, 10]",0.0,0.0,1.0
339,"It honestly sickens me that the AZ jihadists got no charges.    A child died in their care, other kids were starving. They were plotting to kill people.    No. Charges.     Our nation is doomed if things don't change.","[0, 0, 0, 1]","[0, 0, 0, 1]","[0, 0, 0, 0]","[0, 0, 0, 0]",4579,"[4, 15, 10, 8]",0.8112781244591328,0.25,0.75
897,The right is shifting into a 'taking scalps' mode and I absolutely love it.,"[0, 0, 0, 0]","[0, 0, 0, 0]","[0, 0, 0, 0]","[0, 0, 0, 0]",40,"[4, 15, 8, 10]",0.0,0.0,1.0
564,"The Belgium government is demanding that Gab remove “hate speech” content. Lol, not gonna happen.","[0, 0, 0, 0]","[0, 0, 0, 0]","[0, 0, 0, 0]","[0, 0, 0, 0]",27050,"[4, 15, 10, 8]",0.0,0.0,1.0
345,"I made a silly Bogdanoff brothers youtube vid, and the comments are full of people mad that I implied the Earth is round. WTF is happening? https://youtu.be/_GdveVWfn6U","[0, 0, 0, 0]","[0, 0, 0, 0]","[0, 0, 0, 0]","[0, 0, 0, 0]",5608,"[4, 15, 10, 8]",0.0,0.0,1.0
776,I was thinking that maybe legalizing it would enable people like incels to fulfill their own reasons  on women .there are many weirdos like them out there ... That's all nothing cuck about it...,"[0, 0, 0, 0]","[0, 0, 0, 0]","[0, 0, 0, 0]","[0, 0, 0, 0]",16778,"[7, 13, 12, 11]",0.0,0.0,1.0
241,From Sanity4Sweden...The Remarkable Mr. TRUDEAU / EU support at a '35-year High' https://youtu.be/E0EH5eUBXt0,"[0, 0, 0, 0]","[0, 0, 0, 0]","[0, 0, 0, 0]","[0, 0, 0, 0]",18140,"[4, 15, 10, 8]",0.0,0.0,1.0
13,"IMO-If there is anything good anywhere in the world, America had something to do with it.","[0, 0, 0, 0, 0]","[0, 0, 0, 0, 0]","[0, 0, 0, 0, 0]","[0, 0, 0, 0, 0]",2065,"[4, 15, 10, 8, 14]",0.0,0.0,1.0
315,Elon Musk Supports Government that Benefits Him ,"[0, 1, 0, 0]","[0, 1, 0, 0]","[0, 0, 0, 0]","[0, 0, 0, 0]",17629,"[6, 7, 11, 3]",0.8112781244591328,0.25,0.75
600,"CCW News - Dumber Than Dirt: Democrat Senator Mazie Hirono Still ""Confused"" After ICE Official Explains How Immigration Law Works http://counterculturewarrior.altervista.org","[0, 0, 0, 0]","[0, 0, 0, 0]","[0, 0, 0, 0]","[0, 0, 0, 0]",4501,"[7, 13, 12, 11]",0.0,0.0,1.0
387,Sarkozy is a Jew. He deserves a lamp post as well.,"[1, 0, 1, 1]","[1, 0, 1, 1]","[0, 0, 0, 0]","[0, 0, 0, 0]",19669,"[6, 3, 11, 7]",0.8112781244591328,0.75,0.25
273,Retirement calculator. Have a quick look at your overall picture: ,"[0, 0, 0, 0]","[0, 0, 0, 0]","[0, 0, 0, 0]","[0, 0, 0, 0]",4895,"[2, 7, 12, 11]",0.0,0.0,1.0
166,"'...a group of men who worked towards a plot to bomb the Toronto Stock Exchange, shoot up the CBC headquarters and storm Parliament Hill in Ottawa. They wanted to behead then-prime minister Stephen Harper.'  https://torontosun.com/opinion/columnists/malcolm-...  The point where The Cowardly Maggot #CdnMedia #CBC became #Muslim sympathizers??","[0, 1, 0, 1, 1]","[0, 1, 0, 1, 1]","[0, 0, 0, 1, 0]","[0, 1, 0, 1, 1]",18407,"[4, 15, 10, 8, 14]",0.9709505944546686,0.6,0.4
840,Another of McCain's 'success' stories. Supporting islamic terrorists and helping given them a state in the heart of Europe https://www.washingtonpost.com/amphtml/world/2018/...,"[0, 0, 0, 1]","[0, 0, 0, 1]","[0, 0, 0, 0]","[0, 0, 0, 0]",3444,"[4, 15, 10, 8]",0.8112781244591328,0.25,0.75
992,California legislature votes to transition the state completely off of fossil fuels by 2045 assuming they can obtain enough pixie dust and unicorn farts by then ... https://twitchy.com/brettt-3136/2018/08/29/califor...,"[0, 1, 0, 0]","[0, 1, 0, 0]","[0, 0, 0, 0]","[0, 0, 0, 0]",15464,"[4, 15, 10, 8]",0.8112781244591328,0.25,0.75
646,Are the Democrats going to shut down the government again?  http://www.unz.com/isteve/democrats-reject-trumps-extremely-generous-daca-offer/,"[0, 0, 0, 0]","[0, 0, 0, 0]","[0, 0, 0, 0]","[0, 0, 0, 0]",17396,"[2, 7, 12, 11]",0.0,0.0,1.0
818,I own shares in twitter and am not allowed on it lol. I used to have so much fun calling journalists retards.,"[0, 1, 0, 0]","[0, 1, 0, 0]","[0, 0, 0, 0]","[1, 0, 0, 0]",22819,"[4, 15, 10, 8]",0.8112781244591328,0.25,0.75
484,"Nothing needs to be done. If he survives his eventual and certain cultural enrichment, then he'll see things our way.","[0, 0, 0, 0]","[0, 0, 0, 0]","[0, 0, 0, 0]","[0, 0, 0, 0]",12297,"[7, 2, 12, 11]",0.0,0.0,1.0
980,Our basement flooded in our rental property Worcester. We called ServiceMaster By Williams and they  - http://smbywilliams.com/flooded-basements-in-worcester/ #basement_flooding_Worcester,"[0, 0, 0, 0]","[0, 0, 0, 0]","[0, 0, 0, 0]","[0, 0, 0, 0]",22385,"[2, 7, 12, 11]",0.0,0.0,1.0
504,https://youtu.be/PfCWbie68_k  ,"[0, 0, 0, 0]","[0, 0, 0, 0]","[0, 0, 0, 0]","[0, 0, 0, 0]",10521,"[7, 13, 12, 11]",0.0,0.0,1.0
831,Pound Sterling Climbs Above $1.40 to New Post-Brexit-Vote High ,"[0, 0, 0, 0]","[0, 0, 0, 0]","[0, 0, 0, 0]","[0, 0, 0, 0]",16202,"[7, 2, 12, 11]",0.0,0.0,1.0
243,"Yes, I have to remember that He doesn't do anything without purpose. I have learned to wait on Him. ","[0, 0, 0, 0]","[0, 0, 0, 0]","[0, 0, 0, 0]","[0, 0, 0, 0]",15294,"[2, 12, 7, 11]",0.0,0.0,1.0
566,Exactly! No wonder kids today are so devoid of solid foundations.  ,"[0, 0, 0, 0]","[0, 0, 0, 0]","[0, 0, 0, 0]","[0, 0, 0, 0]",20434,"[7, 13, 12, 11]",0.0,0.0,1.0
875,Thanks Julia! My morning laugh.,"[1, 0, 0, 0]","[1, 0, 0, 0]","[0, 0, 0, 0]","[0, 0, 0, 0]",18764,"[6, 11, 7, 3]",0.8112781244591328,0.25,0.75
562,"I rate Facebook's trustworthiness at -100. Seriously, people, STOP supporting your enemies. This is not a game. They really want you dead and gone.  http://thehill.com/policy/technology/402829-facebo...","[0, 0, 0, 0]","[0, 0, 0, 0]","[0, 0, 0, 0]","[0, 0, 0, 0]",12482,"[4, 15, 10, 8]",0.0,0.0,1.0
686,"These 'glitches', 'algorithm mistakes', and 'flaggings' by Big Tech companies aren't bugs. They're features.","[0, 0, 0, 0]","[0, 0, 0, 0]","[0, 0, 0, 0]","[0, 0, 0, 0]",4644,"[4, 15, 10, 8]",0.0,0.0,1.0
189,What’s appalling is if the parents aborted their twins at 7months of pregnancy it would have been legal Mindlessly pray that the underdeveloped lungs work and they get prison time #Trump #Abortion #SCOTUS https://www.buzzfeed.com/tasneemnashrulla/religiou...,"[1, 0, 0, 0, 0, 0, 0]","[1, 0, 0, 0, 0, 0, 0]","[0, 0, 0, 0, 0, 0, 0]","[0, 0, 0, 0, 0, 0, 0]",22051,"[13, 17, 9, 15, 14, 8, 10]",0.5916727785823275,0.14285714285714285,0.8571428571428572
782,#memes I'm looking for memes about how truly enslaved you are if you are fat cuckold to the NWO 'freedom' of capitalism. Who gots em?,"[0, 1, 0, 1]","[0, 1, 0, 1]","[0, 0, 0, 0]","[0, 1, 0, 1]",19750,"[4, 15, 10, 8]",1.0,0.5,0.5
699,Sloppy fat girl get trolled http://www.dailymail.co.uk/news/article-6120557/Me...,"[0, 1, 1, 1]","[0, 1, 1, 1]","[0, 0, 0, 0]","[0, 0, 1, 1]",24677,"[4, 10, 8, 14]",0.8112781244591328,0.75,0.25
475,Hey a true libertarian is much better looking.,"[0, 0, 0, 0]","[0, 0, 0, 0]","[0, 0, 0, 0]","[0, 0, 0, 0]",25104,"[7, 13, 12, 11]",0.0,0.0,1.0
681,"Fucking hell, they sure do love spouting crap like this. Would be nice if they could just outright say they hate white people, would love to see how well that shit flies with all the passive lemmings out there.","[0, 1, 1, 1]","[0, 1, 1, 1]","[0, 0, 0, 0]","[1, 0, 1, 1]",14613,"[2, 7, 12, 11]",0.8112781244591328,0.75,0.25
510,"218 House of Rep votes needed to pass articles of impeachment and thus launch a trial in the Senate. In order to impeach President Trump, they would then need another 67 votes to oust him. Then the liberals get the real far right individual in Mike Pence. Please try to impeach Trump so all of this nonsense will be exposed to the public.","[0, 0, 0, 0]","[0, 0, 0, 0]","[0, 0, 0, 0]","[0, 0, 0, 0]",22802,"[4, 15, 10, 8]",0.0,0.0,1.0
58,"“Minds is officially adopting the Manila Principles On Intermediary Liability, a digital bill of rights, outlined by the Electronic Frontier Foundation and other leading digital rights organizations.” Nice :) https://www.breitbart.com/tech/2018/08/30/alternat...","[0, 0, 0, 0, 0]","[0, 0, 0, 0, 0]","[0, 0, 0, 0, 0]","[0, 0, 0, 0, 0]",6468,"[4, 15, 10, 8, 14]",0.0,0.0,1.0
474,: ,"[0, 0, 0, 0]","[0, 0, 0, 0]","[0, 0, 0, 0]","[0, 0, 0, 0]",11374,"[7, 13, 12, 11]",0.0,0.0,1.0
560,"That fact that you reference Darwin suggests you are somewhat out-of-date with your reading (though in broad terms, his theory is demonstrably true).  The choice of words for the theory is irrelevant.  If you actually care (I doubt it) you might try starting here: http://evolutionfaq.com/articles/five-proofs-evolution","[0, 0, 0, 0]","[0, 0, 0, 0]","[0, 0, 0, 0]","[0, 0, 0, 0]",7518,"[7, 13, 12, 11]",0.0,0.0,1.0
856,"Yeah, I'm pretty sure that people like Che Guevara were executing faggots on the daily in Cuba lol.","[0, 0, 0, 0]","[0, 0, 0, 0]","[0, 0, 0, 0]","[0, 0, 0, 1]",25841,"[7, 13, 12, 11]",0.0,0.0,1.0
747,"The British government seems determined to create free speech martyrs by the ton, something that may very well backfire on the government.  https://www.fahrenheit211.net/2018/03/13/the-british-government-creating-free-speech-martyrs-by-the-ton/","[0, 0, 0, 0]","[0, 0, 0, 0]","[0, 0, 0, 0]","[0, 0, 0, 0]",19141,"[7, 2, 12, 11]",0.0,0.0,1.0
252,Nope. Not a camera man,"[0, 0, 0, 0]","[0, 0, 0, 0]","[0, 0, 0, 0]","[0, 0, 0, 0]",5487,"[13, 0, 11, 12]",0.0,0.0,1.0
21,I'm sure Bill Clinton has a donut for Ariana Grande to lick...https://www.youtube.com/watch?v=Oja97POVbM8,"[0, 1, 0, 0, 1]","[0, 1, 0, 0, 1]","[0, 0, 0, 0, 0]","[0, 0, 0, 0, 1]",3079,"[4, 15, 10, 8, 14]",0.9709505944546686,0.4,0.6
313,all black women look like bull mastiffs,"[1, 1, 1, 1]","[1, 1, 1, 1]","[0, 0, 0, 0]","[0, 0, 0, 1]",11040,"[4, 15, 10, 8]",0.0,1.0,0.0
459,"Trump ought to publicly announce he will meet with Mueller with exactly the same conditions Hillary had in place when she was interviewed in July, 2016 regarding her multiple Federal felonies -- not under oath, no notes or recordings allowed, lawyer (who was a material witness to at least one of the felonies) present to screen all questions. Nothing less.","[0, 0, 0, 0]","[0, 0, 0, 0]","[0, 0, 0, 0]","[0, 0, 0, 0]",11464,"[4, 15, 10, 8]",0.0,0.0,1.0
160,Did Sarah Palin really deserve that? | American Thinker http://bit.ly/2MDjLyp,"[0, 0, 0, 0, 0]","[0, 0, 0, 0, 0]","[0, 0, 0, 0, 0]","[0, 0, 0, 0, 0]",17567,"[4, 15, 10, 8, 14]",0.0,0.0,1.0
276,"I'm not surprised. By the time they arrive at the border, some are predicting the number to be more than 6K.","[0, 0, 0, 0]","[0, 0, 0, 0]","[0, 0, 0, 0]","[0, 0, 0, 0]",4115,"[2, 7, 12, 11]",0.0,0.0,1.0
955,"Feds: 1-in-5 Illegal Aliens Crossing with Toddlers Are Criminals, a Danger http://bit.ly/2LfrYUY #RedNationRising #MAGA #KAG #BuildtheWall","[0, 0, 0, 0]","[0, 0, 0, 0]","[0, 0, 0, 0]","[0, 0, 0, 0]",26653,"[7, 13, 12, 11]",0.0,0.0,1.0
191,LOLOLOLOLOLLOLOLOLOLOLLOLOLOLOLOLLOLOLOLOLOLLOLOLOLOLOLOLOLOLOLOLLOLOLOLOLOLLOLOLOLOLOLLOLOLOLOLOLLOLOLOLOLOLOLOLOLOLOLLOLOLOLOLOLLOLOLOLOLOLLOLOLOLOLOLLOLOLOLOLOLOLOLOLOLOLLOLOLOLOLOLLOLOLOLOLOLLOLOLOLOLOLLOLOLOLOLOL,"[0, 0, 0, 0, 0]","[0, 0, 0, 0, 0]","[0, 0, 0, 0, 0]","[0, 0, 0, 0, 0]",22177,"[13, 17, 9, 8, 10]",0.0,0.0,1.0
385,"Media: That McCain was a real heroBasedAms: How?Media: Uh, crashed plane and captured by Viet CongBasedAms: That makes him a hero?Media: [Angrily] Well, uh, he pushed more amnesties, started more wars and bankrupted more future gens than you ever did! https://anepigone.blogspot.com/2018/08/whatcha-wan...","[0, 0, 0, 0]","[0, 0, 0, 0]","[0, 0, 0, 0]","[0, 0, 0, 0]",24613,"[4, 15, 10, 8]",0.0,0.0,1.0
805,Brilliant. Replace us and get us to pay for it. Top tier left wing trolling. ,"[0, 0, 0, 0]","[0, 0, 0, 0]","[0, 0, 0, 0]","[0, 0, 0, 0]",26064,"[7, 13, 12, 11]",0.0,0.0,1.0
413,https://www.puppetstringnews.com/blog/clapper-says-no-smoking-gun-evidence-of-collusion Clapper says no smoking gun evidence of collusion,"[0, 0, 0, 0]","[0, 0, 0, 0]","[0, 0, 0, 0]","[0, 0, 0, 0]",21275,"[2, 7, 12, 11]",0.0,0.0,1.0
491,"I actually doubt this, and here's why: TDS needs Eric Striker for shekels. The only show worth listening to behind the paywall is Strike and Mike, and everyone knows it.   Jazz and Jesse fucking blows, and an extra episode of TDS isn't worth it for a lot of people. I'm sure they would love to get rid of him though, but they can't.","[0, 0, 0, 0]","[0, 0, 0, 0]","[0, 0, 0, 0]","[0, 0, 0, 1]",2144,"[7, 13, 12, 11]",0.0,0.0,1.0
343,"The wearing of the Hijab is not even a necessity in Islam, just as Majid Nawaz. The hijab is basically a giant virtue signal and that's it. What's she complaining about?","[0, 0, 0, 0]","[0, 0, 0, 0]","[0, 0, 0, 0]","[0, 0, 0, 0]",2623,"[7, 13, 12, 11]",0.0,0.0,1.0
769,"Croatia is doing it right“Ten days ago they took all our money.... More than €1,000. They ripped up my passport, and then started beating us with batons. You risk your life in the hills. You don’t sleep. Maybe you die. OK, the police catch you and send you back, that would be normal. But why do they beat us? Why do they humiliate us?” https://www.theguardian.com/world/2018/aug/15/refu......","[0, 0, 0, 0]","[0, 0, 0, 0]","[0, 0, 0, 0]","[0, 0, 0, 0]",4645,"[4, 15, 10, 8]",0.0,0.0,1.0
308,Save #FreeSpeech,"[0, 0, 0, 0]","[0, 0, 0, 0]","[0, 0, 0, 0]","[0, 0, 0, 0]",521,"[4, 15, 10, 8]",0.0,0.0,1.0
661,"finally, they no longer coddle the people whom wish to cause them harm ","[0, 0, 0, 0]","[0, 0, 0, 0]","[0, 0, 0, 0]","[0, 0, 0, 0]",3212,"[2, 7, 12, 11]",0.0,0.0,1.0
130,"I’ve often wondered what it would be like for Globalist groupies once they realized they’re living a lie, but now, I’m seeing that it is we patriotic Americans who have been living in a lie for decades... Our country, branches of gov, our MSM and our schools.. ALL are hijacked.","[0, 0, 0, 1, 1]","[0, 0, 0, 1, 1]","[0, 0, 0, 0, 0]","[0, 0, 0, 0, 1]",13778,"[4, 15, 10, 8, 14]",0.9709505944546686,0.4,0.6
663,INFOWARS IS ON GAB TV NOW.. YEAH..,"[0, 0, 0, 0]","[0, 0, 0, 0]","[0, 0, 0, 0]","[0, 0, 0, 0]",9725,"[13, 0, 11, 12]",0.0,0.0,1.0
871,Just a reminder | #RedNationRising,"[0, 0, 0, 0]","[0, 0, 0, 0]","[0, 0, 0, 0]","[0, 0, 0, 0]",22105,"[4, 15, 10, 8]",0.0,0.0,1.0
99,#Chemnitz #Protests  And the people are sick of it. The unelected #EU must go!! https://www.youtube.com/watch?v=0NeKupUnOOw,"[0, 0, 0, 1, 0]","[0, 0, 0, 1, 0]","[0, 0, 0, 0, 0]","[0, 0, 0, 0, 0]",10501,"[4, 15, 10, 8, 14]",0.7219280948873623,0.2,0.8
372,"Oh really Nancy?  You're sharp as a tack these days aren't you....this must be so hard to watch.  You have no more influence and it really bothers you.  Too bad, suck it up, your days are numbered!!  Nancy Pelosi: Russia has something on Trump, explains ‘his refusal to stand up to Putin’ at summit. https://tiny.iavian.net/nue3","[1, 0, 0, 1]","[0, 0, 0, 1]","[1, 0, 0, 0]","[0, 1, 0, 0]",1584,"[6, 7, 11, 3]",1.0,0.5,0.5
87,Look what we did today! Meet Pearl.,"[0, 0, 0, 0, 0]","[0, 0, 0, 0, 0]","[0, 0, 0, 0, 0]","[0, 0, 0, 0, 0]",9692,"[13, 17, 9, 8, 10]",0.0,0.0,1.0
458,TRANSLATION: Wokers who pay taxes will have to pay.,"[0, 0, 0, 0]","[0, 0, 0, 0]","[0, 0, 0, 0]","[0, 0, 0, 0]",6073,"[7, 13, 12, 11]",0.0,0.0,1.0
330,"Ok, I've checked it out but I'm still not sure: http://www.berkshireandreadingroofing.co.uk/maintenance/re-roofing-garden-sheds-to-last #reading_roofers","[0, 0, 0, 0]","[0, 0, 0, 0]","[0, 0, 0, 0]","[0, 0, 0, 0]",10092,"[2, 7, 12, 11]",0.0,0.0,1.0
214,We need some 'real' Republicans in office.   President Trump can't solve the problem of high health insurance costs with these traitors blocking his efforts.  Everyone needs to VOTE REPUBLICAN in the upcoming primaries.,"[0, 0, 0, 0, 0]","[0, 0, 0, 0, 0]","[0, 0, 0, 0, 0]","[0, 0, 0, 0, 0]",24416,"[4, 15, 10, 8, 14]",0.0,0.0,1.0
466,"My kid sister and I LOVED #SkyKing when we were kids. I'd put the B&W TV on the floor, make a tent with blankets, and we'd eat Devil Dogs in milk with Froot Loops watching Saturday morning TV: it started with ""The Modern Farmer"" at 6AM, then ""CrusaderRabbit"" (with Ragland T. Tiger!), then ""Andy's Gang"" with Andy Devine and Froggy the Gremlin, then ""Hopalong Cassidy,"" finishing up with ""Sky King."" What a morning! @Yammit","[1, 0, 0, 0]","[0, 0, 0, 0]","[1, 0, 0, 0]","[0, 0, 0, 0]",1899,"[7, 13, 12, 11]",0.8112781244591328,0.25,0.75
121,"Listening to patriotic songs, and I'm tearing up. So much love for our beautiful country and her good people.","[0, 0, 0, 0, 0, 0, 0]","[0, 0, 0, 0, 0, 0, 0]","[0, 0, 0, 0, 0, 0, 0]","[0, 0, 0, 0, 0, 0, 0]",12486,"[13, 17, 9, 4, 14, 8, 10]",0.0,0.0,1.0
614,"im not sure about this article.  the author kind of bounces around and the whole thing reads like a disingenuous appeal to emotions.  in one paragraph, Iran is a threat to peace yet in another Iran is a peaceful state with no bad intentions...","[0, 0, 0, 0]","[0, 0, 0, 0]","[0, 0, 0, 0]","[0, 0, 0, 0]",321,"[7, 13, 12, 11]",0.0,0.0,1.0
20,So David Brock's shitposters are back?I haven't noticed.,"[0, 0, 0, 0, 0]","[0, 0, 0, 0, 0]","[0, 0, 0, 0, 0]","[1, 0, 0, 0, 1]",3078,"[4, 15, 10, 8, 14]",0.0,0.0,1.0
700,"DACA must end. Chain migration must end. Hold firm, Mr. President!","[0, 0, 0, 0]","[0, 0, 0, 0]","[0, 0, 0, 0]","[0, 0, 0, 0]",4134,"[11, 6, 7, 3]",0.0,0.0,1.0
71,"May we all take a moment to mourn the newfound circumstances of thousands of children who will now, thanks to our president's recent EO, get the privilege of staying by the side of the traffickers and exploiters which bring them into the country.","[0, 1, 0, 0, 0, 0, 0]","[0, 1, 0, 0, 0, 0, 0]","[0, 0, 0, 0, 0, 0, 0]","[0, 0, 0, 0, 0, 0, 0]",7946,"[13, 17, 9, 4, 15, 8, 10]",0.5916727785823275,0.14285714285714285,0.8571428571428572
106,#Chemnitz Fights Back   the unelected  #EU needs to go!!  https://www.youtube.com/watch?v=AuXpQz5onxs,"[0, 0, 0, 1, 0]","[0, 0, 0, 1, 0]","[0, 0, 0, 0, 0]","[0, 0, 0, 0, 0]",10511,"[4, 15, 10, 8, 14]",0.7219280948873623,0.2,0.8
270,Soon we got to stoop taken care of oiur enemy too.what kind if mess is this we take care of piece of no good for nothing that got in their mind to hurt us.not good.,"[0, 0, 0, 0]","[0, 0, 0, 0]","[0, 0, 0, 0]","[0, 0, 0, 0]",3035,"[2, 7, 12, 11]",0.0,0.0,1.0
860,"They just dont know what is going on. I didn't either, until I studied what Muslims are.","[0, 0, 0, 0]","[0, 0, 0, 0]","[0, 0, 0, 0]","[0, 0, 0, 0]",2365,"[6, 7, 11, 3]",0.0,0.0,1.0
435,"Alterna Comics, Antarctic Press, and other independents. ","[0, 0, 0, 0]","[0, 0, 0, 0]","[0, 0, 0, 0]","[0, 0, 0, 0]",21086,"[2, 7, 12, 11]",0.0,0.0,1.0
102,"Turning the frogs #Gay or children #Trans all part of the #Marxist #Communist take over, turn all white men into weak little twigs so they would have to become a bundle of faggots #Leftism #Agenda  at: 8:59 / 36:58  https://www.youtube.com/watch?v=RAacfrQc7sE","[1, 1, 1, 1, 0]","[1, 1, 1, 1, 0]","[0, 0, 0, 0, 0]","[1, 1, 0, 0, 1]",10504,"[4, 15, 10, 8, 14]",0.7219280948873623,0.8,0.19999999999999996
