,id,text,surprise_7,surprise_36,surprise_61,reasoning_LLM,surprise_7_LLM,surprise_36_LLM,surprise_61_LLM,raw_output_LLM,surprise_sum,surprise_sum_LLM,surprise_sum_diff,surprise_sum_diff_norm
0,edk49ao,"> On top of that, the article stated that some had even had their IUD ripped out by a partner. BLUUUUUURURRRRRRRGHHHHH WHYYYYYYY",1,1,0,"The post expresses a strong reaction to a shocking and disturbing piece of information about IUDs being ripped out by a partner. Andy might label this as surprise-related due to the intense emotional reaction and the unexpected nature of the information. Ben often labels posts with strong emotional reactions as surprise-related, so he might also label this as such. Chris tends to be more conservative in labeling posts as surprise-related, focusing on explicit expressions of surprise or realization, so he might not label this as surprise-related.",1,1,0,Label by Andy: 1 | Label by Ben: 1 | Label by Chris: 0,0.6666666666666666,0.6666666666666666,0.0,0.0
1,edyc9jk,It's not *literally* the same investigation.,0,0,0,"The post seems to express a clarification or correction, which might indicate a realization or an attempt to address confusion. Andy might see this as a realization or a subtle surprise at the misunderstanding, leading to a label of 1. Ben might not see this as strongly surprise-related, as it lacks explicit emotional cues, so he might label it 0. Chris tends to label posts with more explicit surprise or confusion, so he might also label it 0.",1,0,0,"Andy might see the post as expressing a realization or addressing confusion, leading to a label of 1. Ben might not find it strongly surprise-related, so he might label it 0. Chris might also label it 0, as it lacks explicit surprise or confusion.",0.0,0.3333333333333333,0.3333333333333333,0.16666666666666663
2,edi72ov,"Glad to see you were able to get this worked out, thx for the update! ",0,0,0,"The post expresses gratitude and relief that a situation has been resolved, which might suggest a realization or a mild surprise that the issue was resolved. However, it lacks strong elements of confusion, curiosity, or astonishment. Andy tends to label posts with a clear element of surprise or realization, so he might not label this as surprise-related. Ben often labels posts with a broader interpretation of surprise, including mild realizations, so he might see this as surprise-related. Chris usually requires a more explicit expression of surprise or confusion, so he might not label this as surprise-related.",0,1,0,Andy might not see this as surprise-related because it lacks a strong element of surprise or realization. Ben might label it as surprise-related due to the mild realization aspect. Chris would likely not label it as surprise-related because it doesn't express explicit surprise or confusion.,0.0,0.3333333333333333,0.3333333333333333,0.16666666666666663
3,ef59qm6,Notice how much harder [NAME] was concentrating on catching those rocks than [NAME] did at the end of TLJ...,1,1,1,"The post makes a comparison between two individuals' concentration levels, possibly in a humorous or sarcastic manner. Andy might see this as a realization or surprise-related emotion due to the unexpected comparison, leading to a label of 1. Ben often labels posts with a humorous or sarcastic tone as surprise-related, so he might also label it as 1. Chris tends to be more conservative in labeling surprise-related emotions and might not see this as exhibiting strong surprise-related emotions, so he would likely label it as 0.",1,1,0,Label by Andy: 1 | Label by Ben: 1 | Label by Chris: 0,1.0,0.6666666666666666,0.33333333333333337,0.1666666666666667
4,ed2rv9z,Nothin worse that doin the smooth criminal to be able to piss in the toilet,0,0,0,"The post uses humor to describe an awkward or challenging situation, which is the act of leaning forward like Michael Jackson's 'Smooth Criminal' dance move to urinate in the toilet. Andy might see this as a humorous realization of a common struggle, which could be seen as a surprise-related emotion. Ben often labels humorous or unexpected situations as surprise-related, so he might label this as such. Chris tends to be more conservative in labeling posts as surprise-related unless there's a clear element of surprise or realization, which might not be strongly present here.",1,1,0,"Andy might label this as 1 because the post humorously highlights a realization of a common struggle, which can be seen as a surprise-related emotion. Ben might label it as 1 due to the humorous and unexpected nature of the situation described. Chris might label it as 0 because he tends to require a clearer element of surprise or realization, which might not be strongly present in this post.",0.0,0.6666666666666666,0.6666666666666666,0.6666666666666666
5,ed52vht,Escorted off.. or being detained?,1,1,0,"The post 'Escorted off.. or being detained?' suggests a situation where the poster is unsure about the nature of an event, which could indicate confusion or curiosity. Andy might see the uncertainty and label it as surprise-related due to the confusion aspect. Ben often labels posts with a sense of curiosity or confusion as surprise-related, so he might also label it as such. Chris tends to be more conservative in labeling posts as surprise-related and might not see enough evidence of surprise-related emotions in this post.",1,1,0,Label by Andy: 1 | Label by Ben: 1 | Label by Chris: 0,0.6666666666666666,0.6666666666666666,0.0,0.0
6,eeb5xz0,Would you give your used underwear to your best friend/romantic interest? >!I know I have.!<,1,1,0,"The post presents a question that might evoke surprise or curiosity due to its unusual nature. Andy might see the question as surprising or curious, as it challenges social norms. Ben often labels posts with a sense of surprise or unexpectedness, and this post fits that pattern due to its unconventional topic. Chris tends to be more conservative in labeling surprise-related emotions and might not find this post surprising enough to warrant a label of surprise.",1,1,0,"Andy might label this post as 1 because the question about giving used underwear is unexpected and could evoke surprise or curiosity. Ben is likely to label it as 1 due to the surprising and unconventional nature of the topic. Chris might label it as 0, as he tends to be more conservative in labeling surprise-related emotions and might not find this post surprising enough.",0.6666666666666666,0.6666666666666666,0.0,0.0
7,efgsocl,Nice story. Which I guess is why it's #3 in the sub right now :),0,0,0,"The post seems to be a sarcastic or dismissive comment about a story being popular in a subreddit. It doesn't explicitly convey surprise-related emotions like confusion, curiosity, realization, or surprise. Andy might see the sarcasm as a form of surprise-related emotion, as he has labeled similar posts with sarcasm as surprise-related before. Ben might not see this as surprise-related because it lacks explicit surprise or confusion. Chris tends to label posts with clear surprise or confusion, which this post lacks.",1,0,0,"Andy might label it as 1 due to the sarcastic tone, Ben might label it as 0 because it lacks explicit surprise, and Chris might label it as 0 because it doesn't show clear surprise or confusion.",0.0,0.3333333333333333,0.3333333333333333,0.16666666666666663
8,edrfn03,They r playing,0,1,0,"The post 'They r playing' is quite vague and lacks context. It doesn't explicitly convey any surprise-related emotions such as confusion, curiosity, realization, or surprise. Andy tends to label posts with a clear indication of surprise or realization, which this post lacks. Ben sometimes labels posts with a broader interpretation of surprise, but this post doesn't seem to fit that pattern either. Chris is more conservative in labeling posts as surprise-related and would likely not see any surprise-related emotions in this post.",0,0,0,Label by Andy: 0 | Label by Ben: 0 | Label by Chris: 0,0.3333333333333333,0.0,0.3333333333333333,0.16666666666666663
9,ef13b8f,hey sweets...,1,0,0,"The target post 'hey sweets...' is a casual and affectionate greeting. It does not exhibit any clear signs of surprise-related emotions such as confusion, curiosity, realization, or surprise. Andy tends to label posts with a clear element of surprise or realization, which this post lacks. Ben often labels posts with a hint of sarcasm or unexpectedness, but this post is straightforward and lacks those elements. Chris generally labels posts that are more explicit in their surprise-related emotions, which this post does not demonstrate.",0,0,0,Label by Andy: 0 | Label by Ben: 0 | Label by Chris: 0,0.3333333333333333,0.0,0.3333333333333333,0.16666666666666663
10,eev3na4,Or a lovegod That supports you,0,1,0,"The post 'Or a lovegod That supports you' is quite ambiguous and doesn't clearly convey any strong surprise-related emotions. It could be interpreted as a statement of realization or a wishful thought, but it lacks the explicit markers of surprise, confusion, or curiosity. Andy might see it as a realization, but given his tendency to label more explicit surprise, he might not label this as surprise-related. Ben, who often labels posts with a hint of irony or unexpectedness, might see the potential for surprise in the idea of a 'lovegod' supporting someone, which is an unusual concept. Chris tends to label posts with more explicit surprise or confusion, and this post doesn't strongly exhibit those emotions.",0,1,0,"Andy might not see this post as exhibiting surprise-related emotions because it lacks explicit markers of surprise or confusion. Ben might label it as surprise-related due to the unusual concept of a 'lovegod' supporting someone, which could be seen as unexpected. Chris is likely to label it as not surprise-related because it doesn't strongly convey surprise or confusion.",0.3333333333333333,0.3333333333333333,0.0,0.0
11,eesk812,I just said okay then moved on Edit: he's really naive about all this because he's like 13 But validating af,0,1,0,"The post describes a situation where the speaker initially just accepted something and moved on, but later provides an edit that adds context about the other person's naivety due to their young age. This could indicate a realization or a mild surprise about the other person's lack of understanding. Andy might see the realization aspect and label it as surprise-related. Ben might focus on the edit and the context of naivety, which could suggest a surprise or realization, leading him to label it as surprise-related. Chris, however, might not see enough explicit surprise or confusion in the post to label it as surprise-related.",1,1,0,Andy might label the post as surprise-related due to the realization aspect of the edit. Ben might also label it as surprise-related because of the context of naivety and the validation mentioned. Chris might not see enough explicit surprise or confusion to label it as surprise-related.,0.3333333333333333,0.6666666666666666,0.3333333333333333,0.3333333333333333
12,eevzewv,I'm not going to try defend/explain their reasoning for why they think it will piss people off but that is why they use nazi symbolism.,1,0,0,"The post discusses the use of Nazi symbolism and mentions that it might piss people off. Andy might see this as a realization or surprise-related emotion due to the unexpected nature of using such symbolism. Ben might focus on the aspect of surprise or curiosity about why such symbolism is used, which could lead to a label of surprise-related emotion. Chris, however, might not see this as surprise-related, as the post is more about explaining a situation rather than expressing a personal emotional reaction.",1,1,0,Andy might label this as 1 because the mention of Nazi symbolism and its potential to piss people off could be seen as surprising or a realization. Ben might also label it as 1 due to the curiosity or surprise about the reasoning behind using such symbolism. Chris might label it as 0 because the post is more explanatory and doesn't convey a personal surprise-related emotion.,0.3333333333333333,0.6666666666666666,0.3333333333333333,0.3333333333333333
13,efa453d,I found it interesting that [NAME] wasn’t addressed in FA or until the later rounds of the draft.,1,1,0,"The post expresses an observation about [NAME] not being addressed in free agency or until the later rounds of the draft. This could indicate a sense of curiosity or realization about the situation. Andy might see this as a realization or curiosity about the draft process, leading to a label of 1. Ben often labels posts with a sense of curiosity or realization as surprise-related, so he might also label it as 1. Chris tends to be more conservative in labeling posts as surprise-related unless there is a strong element of surprise or confusion, so he might label it as 0.",1,1,0,"Andy might label the post as 1 due to the curiosity or realization aspect. Ben might also label it as 1 for similar reasons. Chris might label it as 0, as he often requires a stronger element of surprise or confusion.",0.6666666666666666,0.6666666666666666,0.0,0.0
14,eeqzn9w,NOBODY TELL HIM,1,1,0,"The post 'NOBODY TELL HIM' suggests a situation where someone is unaware of something, which could imply an element of surprise or realization if the person were to find out. Andy might see this as a potential for surprise or realization, leading to a label of 1. Ben often labels posts with a sense of humor or irony as surprise-related, so he might also label it as 1. Chris tends to be more conservative in labeling posts as surprise-related unless there's a clear indication of surprise or realization, so he might label it as 0.",1,1,0,Label by Andy: 1 | Label by Ben: 1 | Label by Chris: 0,0.6666666666666666,0.6666666666666666,0.0,0.0
15,ee12et5,Thats great... Here same with me,0,0,0,"The post 'Thats great... Here same with me' does not exhibit any clear signs of surprise-related emotions such as confusion, curiosity, realization, or surprise. It seems to be a simple expression of agreement or shared experience without any indication of astonishment or unexpectedness. Andy, who tends to label posts with a clear element of surprise or realization, would likely not see this post as exhibiting surprise-related emotions. Ben, who sometimes labels posts with a subtle or indirect expression of surprise, might also not find this post to fit that criterion. Chris, who rarely labels posts as surprise-related unless there is a strong indication, would likely not label this post as surprise-related either.",0,0,0,Label by Andy: 0 | Label by Ben: 0 | Label by Chris: 0,0.0,0.0,0.0,0.0
16,eekz9em,Needed that. A [NAME] ridiculous play is a game changer,0,0,0,"The post expresses a sense of realization and surprise at the impact of a play described as 'ridiculous' and a 'game changer.' Andy tends to label posts with a sense of realization or surprise as exhibiting surprise-related emotions, so he might label this as 1. Ben often labels posts with a sense of surprise or unexpectedness as 1, so he might also label this as 1. Chris, however, tends to be more conservative in labeling posts as surprise-related unless there is a strong element of confusion or surprise, so he might label this as 0.",1,1,0,"Andy might label this post as 1 because it conveys a realization and surprise at the impact of a play. Ben might also label it as 1 due to the unexpected nature of the play being a 'game changer.' Chris might label it as 0, as he tends to require a stronger element of surprise or confusion to label a post as surprise-related.",0.0,0.6666666666666666,0.6666666666666666,0.6666666666666666
17,edavgrx,The mouth coming out of the plate is the most unsettling. At least I think that's a mouth.,0,1,0,"The post describes a scene where the author is unsure if what they are seeing is a mouth coming out of a plate, which suggests confusion and uncertainty. Andy tends to label posts with a clear element of surprise or realization, and this post's uncertainty might be enough for him to label it as surprise-related. Ben often labels posts with a sense of surprise or unexpectedness, and the unsettling nature of the scene might lead him to label it as surprise-related. Chris is more conservative in labeling posts as surprise-related and might not find the post surprising enough to warrant a label of surprise-related emotions.",1,1,0,"Andy might label this post as surprise-related due to the confusion and uncertainty about the mouth coming out of the plate. Ben might also label it as surprise-related because of the unsettling and unexpected nature of the scene. Chris, however, might not find it surprising enough to label it as surprise-related.",0.3333333333333333,0.6666666666666666,0.3333333333333333,0.3333333333333333
18,edfmfw1,The bears still suck. The bears still suck. They really really really really really suck. The bears.... still.... suck,0,1,0,"The post is a repetitive statement expressing a negative opinion about 'the bears,' likely referring to a sports team. It does not exhibit confusion, curiosity, realization, or surprise. Andy tends to label posts with a clear expression of surprise or realization, which this post lacks. Ben sometimes labels posts with a sarcastic or humorous tone as surprise-related, but this post is more of a straightforward expression of opinion without any evident surprise-related emotion. Chris generally requires a clear indication of surprise or realization, which is not present here.",0,0,0,Label by Andy: 0 | Label by Ben: 0 | Label by Chris: 0,0.3333333333333333,0.0,0.3333333333333333,0.16666666666666663
19,ee9rocq,In many states and numerous nations a 16 yo can legally consent.,1,1,0,"The post presents a factual statement about the legal age of consent in various regions. It does not inherently express confusion, curiosity, realization, or surprise. Andy tends to label posts as surprise-related if they contain a personal or emotional reaction, which this post lacks. Ben often labels posts as surprise-related if they contain a surprising or unexpected fact, but this post is more of a straightforward statement. Chris usually requires a more explicit emotional or surprising element to label a post as surprise-related, which is not present here.",0,0,0,Label by Andy: 0 | Label by Ben: 0 | Label by Chris: 0,0.6666666666666666,0.0,0.6666666666666666,0.6666666666666666
20,ef7bmd9,"Me, too, please.",1,1,0,"The post 'Me, too, please.' is quite neutral and does not explicitly convey any surprise-related emotions such as confusion, curiosity, realization, or surprise. It seems to be a simple expression of agreement or a request, without any indication of astonishment or unexpectedness. Andy, who tends to label posts with clear surprise or realization, would likely not see this as surprise-related. Ben, who sometimes labels posts with subtle surprise or curiosity, might also not find this post to exhibit those emotions. Chris, who rarely labels posts as surprise-related unless there's a strong indication, would likely not see this as surprise-related either.",0,0,0,Label by Andy: 0 | Label by Ben: 0 | Label by Chris: 0,0.6666666666666666,0.0,0.6666666666666666,0.6666666666666666
21,eefxjkx,>I have always been fairly short (5'9) Is this supposed to be a joke.,0,1,0,"The post seems to express a sense of confusion or disbelief about the statement that 5'9"" is considered short. Andy might see this as a realization or surprise about societal perceptions of height, leading to a label of 1. Ben often labels posts with a sense of irony or sarcasm as surprise-related, so he might also label it as 1. Chris tends to be more conservative in labeling surprise-related emotions and might not see this as strongly exhibiting surprise, so he might label it as 0.",1,1,0,Label by Andy: 1 | Label by Ben: 1 | Label by Chris: 0,0.3333333333333333,0.6666666666666666,0.3333333333333333,0.3333333333333333
22,ee9o5dj,[NAME] ROASTING LIBERAL CUCKS COMPILATION #43,1,1,0,"The post title suggests a compilation of videos or content where someone is 'roasting' or criticizing 'liberal cucks,' which is a derogatory term. The use of 'roasting' implies a humorous or mocking tone, but it doesn't inherently convey surprise-related emotions such as confusion, curiosity, realization, or surprise. Andy might see the use of 'roasting' as a form of surprise or realization, but given the context, it's more about humor and mockery. Ben might consider the mocking nature as a form of surprise-related emotion, but it's not strongly evident. Chris is likely to see this as a straightforward mocking post without surprise-related emotions.",0,0,0,"Andy might not see this as exhibiting surprise-related emotions because it lacks elements of confusion, curiosity, realization, or surprise. Ben might also not see it as surprise-related, as the post is more about humor and mockery. Chris is likely to agree with Andy and Ben, seeing it as a straightforward mocking post without surprise-related emotions.",0.6666666666666666,0.0,0.6666666666666666,0.6666666666666666
23,ef8wc1p,"Do your research = listen to anecdotal evidence from users(totally reliable!) and try it out, just be comfy!",0,1,0,"The post seems to be sarcastic about the reliability of anecdotal evidence, suggesting a realization or surprise at how some people equate 'doing research' with listening to anecdotal evidence. Andy might see the sarcasm as a form of realization or surprise, leading to a label of 1. Ben often labels posts with sarcasm or irony as surprise-related, so he might also label it as 1. Chris tends to be more conservative in labeling posts as surprise-related unless there's a clear indication of surprise or realization, so he might label it as 0.",1,1,0,"Andy might see the sarcasm in the post as a form of realization or surprise, leading him to label it as 1. Ben often labels posts with sarcasm or irony as surprise-related, so he might also label it as 1. Chris tends to be more conservative in labeling posts as surprise-related unless there's a clear indication of surprise or realization, so he might label it as 0.",0.3333333333333333,0.6666666666666666,0.3333333333333333,0.3333333333333333
24,eeaqtts,What did it say? The mods on /r/rant deleted it.,1,1,0,"The post expresses a sense of curiosity and confusion about a deleted message on a subreddit. Andy might see the curiosity as a surprise-related emotion and label it as such. Ben often labels posts with curiosity or confusion as surprise-related, so he might also label it as such. Chris tends to be more conservative in labeling posts as surprise-related and might not see enough evidence of surprise-related emotions in this post.",1,1,0,"Andy and Ben are likely to label the post as exhibiting surprise-related emotions due to the curiosity and confusion expressed. Chris, however, might not see enough evidence of surprise-related emotions to label it as such.",0.6666666666666666,0.6666666666666666,0.0,0.0
25,ef0kwok,If you wanna know how rappers rape ask [NAME],1,1,1,"The post seems to be making a provocative statement about a sensitive topic, potentially implying a realization or a shocking revelation about a person. Andy might see this as a realization or surprise due to the unexpected nature of the statement. Ben might also see it as surprise-related due to the provocative and potentially shocking nature of the statement. Chris, however, might not see it as surprise-related, as it lacks explicit elements of confusion, curiosity, or realization that he typically identifies.",1,1,0,Label by Andy: 1 | Label by Ben: 1 | Label by Chris: 0,1.0,0.6666666666666666,0.33333333333333337,0.1666666666666667
26,edcnevu,"One of the podcasts I listen to, pump talks, bought one from [NAME] for a girls birthday and apparently it was very sweet! ",0,0,1,"The post describes a situation where a podcast bought something for a girl's birthday, and it was described as 'very sweet.' This does not inherently convey surprise-related emotions such as confusion, curiosity, realization, or surprise. Andy tends to label posts as surprise-related if there is a clear element of surprise or realization, which is not present here. Ben often labels posts as surprise-related if there is a humorous or unexpected element, which is also not evident in this post. Chris is more conservative in labeling posts as surprise-related and would likely not see any surprise-related emotions in this post either.",0,0,0,"Andy, Ben, and Chris would likely not label this post as exhibiting surprise-related emotions, as it simply describes a sweet gesture without any elements of surprise, confusion, curiosity, or realization.",0.3333333333333333,0.0,0.3333333333333333,0.16666666666666663
27,efat2gn,"I probably should have seen that... I watched it without sound, and just thought the guy was drunk.. ",0,1,0,"The post describes a situation where the author realizes they misunderstood something due to watching it without sound, leading to a mistaken assumption that someone was drunk. This realization aspect could be seen as a surprise-related emotion. Andy often labels posts with realization or confusion as surprise-related, so he might label this as 1. Ben tends to label posts with a clear element of surprise or realization as 1, so he might also label this as 1. Chris, however, is more conservative in labeling posts as surprise-related and might not see this as strong enough to warrant a label of 1, so he might label it as 0.",1,1,0,Label by Andy: 1 | Label by Ben: 1 | Label by Chris: 0,0.3333333333333333,0.6666666666666666,0.3333333333333333,0.3333333333333333
28,ed9k4o5,"I mean, ya, but this has been his stance for as long as I have been a fan. It isn’t really new for him.",1,0,1,"The post expresses a lack of surprise or astonishment, as the author mentions that the stance has been consistent and not new. Andy might label it as 0 because there is no indication of surprise or realization. Ben might also label it as 0, as the post does not convey any confusion or curiosity. Chris is likely to label it as 0 as well, since the post does not exhibit any surprise-related emotions.",0,0,0,"The post does not convey any surprise-related emotions, as it emphasizes consistency and familiarity with the stance mentioned.",0.6666666666666666,0.0,0.6666666666666666,0.6666666666666666
29,efe367n,Why did we have [NAME] that one year shoot against Draymond. I dunno because its entertainment and story lines.,1,1,0,"The post questions a past decision, which could indicate confusion or curiosity about the reasoning behind it. Andy might see the questioning nature as a sign of surprise-related emotion, particularly confusion. Ben often labels posts with a questioning or sarcastic tone as surprise-related, so he might label this as such due to the implied curiosity or realization. Chris tends to be more conservative in labeling posts as surprise-related unless there's a clear indication of surprise or confusion, which might not be strong enough in this post.",1,1,0,"Andy might label this post as exhibiting surprise-related emotions due to the questioning nature, indicating confusion or curiosity. Ben is likely to label it as surprise-related because of the implied curiosity or realization in questioning a past decision. Chris, however, might not see enough clear indication of surprise or confusion to label it as such.",0.6666666666666666,0.6666666666666666,0.0,0.0
30,edotgru,I like you. WHO WANTS TO TAKE CELEBRATORY SHOTS WITH ME???,1,0,0,"The post expresses a positive emotion and an invitation to celebrate, which could be seen as a reaction to a surprising or unexpected event. Andy might see the excitement and the call for celebration as indicative of a surprise-related emotion, possibly realization or surprise. Ben often labels posts with a sense of excitement or unexpectedness as surprise-related, so he might label this as such due to the celebratory nature. Chris tends to be more conservative in labeling posts as surprise-related unless there's a clear indication of confusion or realization, which this post lacks.",1,1,0,"Andy might label this post as exhibiting surprise-related emotions due to the celebratory and excited tone, suggesting a realization or unexpected event. Ben is likely to label it as surprise-related because of the excitement and call for celebration, which aligns with his tendency to label posts with unexpectedness as surprise-related. Chris, however, might not label it as surprise-related since the post lacks clear confusion or realization, which he often looks for.",0.3333333333333333,0.6666666666666666,0.3333333333333333,0.3333333333333333
31,eelnq2g,Okay so it’s different for everyone You feel more motivated! I tho k it’s pretty interesting how people can feel More depressed on medication...,1,1,0,"The post discusses the varying effects of medication on motivation and depression, which could evoke curiosity or realization about the differences in individual experiences. Andy might see the mention of different reactions to medication as a realization or curiosity, leading to a label of 1. Ben often labels posts with a sense of curiosity or realization as surprise-related, so he might also label it as 1. Chris tends to be more conservative in labeling posts as surprise-related unless there's a strong element of surprise or confusion, so he might label it as 0.",1,1,0,"Andy might label the post as 1 due to the realization aspect of how medication affects people differently. Ben might also label it as 1, as he often considers curiosity and realization as surprise-related emotions. Chris might label it as 0, as he usually requires a stronger element of surprise or confusion to label a post as surprise-related.",0.6666666666666666,0.6666666666666666,0.0,0.0
32,efgc53r,Sounds like they’re not responsible and shouldn’t have the right to have these.,1,0,1,"The post expresses a judgment about someone's responsibility and rights, which may imply a realization or a strong opinion rather than surprise-related emotions. Andy tends to label posts with a clear judgment or opinion as surprise-related, so he might label this as 1. Ben often labels posts with a sense of realization or judgment as surprise-related, so he might also label this as 1. Chris usually requires a more explicit expression of surprise or confusion, so he might label this as 0.",1,1,0,"Andy and Ben might see the post as expressing a realization or judgment, which they often associate with surprise-related emotions, while Chris might not see enough explicit surprise or confusion to label it as such.",0.6666666666666666,0.6666666666666666,0.0,0.0
33,edv9c7z,Curse your sudden but inevitable betrayal!,1,0,0,"The post 'Curse your sudden but inevitable betrayal!' suggests a mix of surprise and realization. The phrase 'sudden but inevitable' indicates an unexpected event that was somehow anticipated, which can be seen as a realization. Andy might see the humor and irony in the statement, leading him to label it as surprise-related. Ben often labels posts with a humorous or ironic twist as surprise-related, so he might also label it as such. Chris tends to be more conservative in labeling surprise-related emotions and might not see this as fitting the criteria, as it could be interpreted as a humorous or sarcastic remark rather than genuine surprise.",1,1,0,"Andy might label this post as surprise-related due to the irony and humor in the phrase 'sudden but inevitable betrayal,' which suggests a realization of an unexpected event. Ben is likely to label it as surprise-related because he often considers humorous or ironic statements as exhibiting surprise. Chris, however, might not label it as surprise-related, as he tends to be more conservative and might see it as a sarcastic remark rather than genuine surprise.",0.3333333333333333,0.6666666666666666,0.3333333333333333,0.3333333333333333
34,eddb7zr,The power dynamics argument is one of the most ridiculous arguments ever - unless it’s someone who has a *direct* influence on your life or outcomes.,0,0,0,"The post discusses the power dynamics argument and dismisses it as ridiculous unless it directly influences one's life or outcomes. Andy might see this as a realization or a strong opinion, but not necessarily surprise-related, so he might label it 0. Ben might consider the post as expressing a realization about the power dynamics argument, which could be seen as a surprise-related emotion, so he might label it 1. Chris tends to label posts with clear surprise or confusion, which this post lacks, so he might label it 0.",0,1,0,"Andy might not see any surprise-related emotion in the post, as it seems more like a statement of opinion rather than an expression of surprise or realization. Ben might interpret the post as expressing a realization about the power dynamics argument, which could be seen as a surprise-related emotion. Chris might not see any clear surprise or confusion in the post, so he might label it 0.",0.0,0.3333333333333333,0.3333333333333333,0.16666666666666663
35,ef1tgeg,"this guy /u/EightRoundsRapid is sending me nude dm's even though he knows i'm underage, what do i do?",1,1,0,"The post describes a situation where the user is receiving inappropriate messages from another user despite being underage. Andy might focus on the aspect of realization, as the user is becoming aware of the inappropriate nature of the messages. Ben might see an element of surprise or confusion, as the user is unsure of how to handle the situation. Chris, however, might not see this as a surprise-related emotion, as the post is more about seeking advice rather than expressing an emotional reaction to the situation.",1,1,0,"Andy might label this as 1 due to the realization aspect, Ben might label it as 1 due to the surprise or confusion about what to do, and Chris might label it as 0 as it doesn't strongly convey surprise-related emotions.",0.6666666666666666,0.6666666666666666,0.0,0.0
36,efbc1f1,* yes * yes * yes * yes,1,0,0,"The target post consists of repeated affirmations, which do not inherently convey surprise-related emotions such as confusion, curiosity, realization, or surprise. Andy tends to label posts as surprise-related when there is a clear indication of surprise or realization, which is not present here. Ben often labels posts with a sense of irony or unexpectedness as surprise-related, but this post lacks such elements. Chris is more conservative in labeling posts as surprise-related and would likely see this as a straightforward expression without surprise-related emotions.",0,0,0,Label by Andy: 0 | Label by Ben: 0 | Label by Chris: 0,0.3333333333333333,0.0,0.3333333333333333,0.16666666666666663
37,efejch3,"It’s actually a doll for comparison, not her face",0,1,1,"The post clarifies a misunderstanding by stating that 'it's actually a doll for comparison, not her face.' This suggests a realization or correction of a previous assumption, which could be seen as a surprise-related emotion. Andy might see the realization aspect and label it as surprise-related. Ben often labels posts with a sense of realization or correction as surprise-related, so he might also label it as such. Chris tends to be more conservative in labeling posts as surprise-related and might not see enough evidence of surprise-related emotions here.",1,1,0,Label by Andy: 1 | Label by Ben: 1 | Label by Chris: 0,0.6666666666666666,0.6666666666666666,0.0,0.0
38,eeos6gq,"I believe that this may be meant for the person above me, for I have moved into the realm of monetized bananas. ",1,1,0,"The post contains a whimsical and somewhat nonsensical statement about 'monetized bananas,' which could be interpreted as a realization or a surprising twist in the context of a conversation. Andy might see the humor and unexpected nature of the statement as indicative of surprise-related emotions. Ben often labels posts with a humorous or unexpected twist as surprise-related, so he might also label this as such. Chris tends to be more conservative in labeling surprise-related emotions and might not see this as fitting the criteria, as it lacks clear confusion, curiosity, or realization.",1,1,0,"Andy might label this post as 1 because the mention of 'monetized bananas' is unexpected and could be seen as a surprising twist. Ben might also label it as 1 due to the humorous and unexpected nature of the statement. Chris, however, might label it as 0, as he tends to require more explicit indicators of surprise-related emotions.",0.6666666666666666,0.6666666666666666,0.0,0.0
39,ef7t1n6,You need to reevaluate your life,0,1,0,"The post 'You need to reevaluate your life' could be interpreted in different ways by the annotators. Andy might see this as a straightforward statement without any surprise-related emotions, as it doesn't explicitly convey confusion, curiosity, realization, or surprise. Ben, on the other hand, might interpret this as a realization or a prompt for self-reflection, which could be linked to surprise-related emotions, as it suggests a need for change or awareness. Chris is likely to see this as a direct statement without any elements of surprise-related emotions, similar to Andy.",0,1,0,Label by Andy: 0 | Label by Ben: 1 | Label by Chris: 0,0.3333333333333333,0.3333333333333333,0.0,0.0
40,ef6zxuk,It's a gift.,1,1,0,"The post 'It's a gift.' is quite ambiguous and lacks context. It could potentially convey surprise-related emotions if the gift was unexpected or if there was a realization involved. However, without additional context, it is difficult to determine if any surprise-related emotions are present. Andy tends to label posts with a clear indication of surprise or realization, which this post lacks. Ben might consider the potential for surprise or realization, but the post is too vague to strongly indicate these emotions. Chris usually requires a more explicit expression of surprise-related emotions, which this post does not provide.",0,0,0,"The post 'It's a gift.' is too vague to clearly indicate surprise-related emotions. Without additional context, it is unlikely that Andy, Ben, or Chris would label it as exhibiting surprise-related emotions. Therefore, the labels are: Label by Andy: 0 | Label by Ben: 0 | Label by Chris: 0.",0.6666666666666666,0.0,0.6666666666666666,0.6666666666666666
41,ed2mr1u,"Well, since everything in Australia wants to kill you, I'd say it is quite healthy to be afraid of Australian spiders, and other flora and fauna ",0,0,0,"The post humorously acknowledges the common perception that Australia's wildlife is dangerous. Andy might see this as a realization or surprise about the dangers of Australian wildlife, leading to a label of 1. Ben often labels posts with humor or irony as surprise-related, so he might also label it as 1. Chris tends to be more conservative in labeling surprise-related emotions and might not see this as exhibiting strong surprise-related emotions, so he would likely label it as 0.",1,1,0,"Andy might see the post as a realization about the dangers of Australian wildlife, leading to a label of 1. Ben might find the humor or irony in the post as surprise-related, so he might also label it as 1. Chris might not see this as exhibiting strong surprise-related emotions, so he would likely label it as 0.",0.0,0.6666666666666666,0.6666666666666666,0.6666666666666666
42,eenqbqf,whhat rene with that hair an...he is the mayor???,1,1,0,"The post expresses surprise and confusion about someone named Rene having a certain hairstyle and being the mayor. The use of 'whhat' and the question marks suggest a sense of disbelief or astonishment, which are aspects of surprise-related emotions. Andy tends to label posts with explicit surprise or confusion as exhibiting surprise-related emotions, so he might label this as 1. Ben often labels posts with a sense of surprise or unexpectedness as 1, so he might also label this as 1. Chris, however, tends to be more conservative in labeling posts as surprise-related unless there is a strong element of realization or confusion, so he might label this as 0.",1,1,0,Label by Andy: 1 | Label by Ben: 1 | Label by Chris: 0,0.6666666666666666,0.6666666666666666,0.0,0.0
43,eex29nf,I learned it from [NAME]!,0,1,1,"The post 'I learned it from [NAME]!' suggests a realization or acknowledgment of learning something from someone. This could be seen as a realization or a mild surprise, as the speaker is attributing their knowledge or behavior to another person. Andy might see this as a realization, which is a surprise-related emotion, and label it as 1. Ben might not see this as strongly surprise-related, as it lacks elements of confusion or astonishment, and might label it as 0. Chris tends to be more conservative in labeling posts as surprise-related and might also label it as 0, as the post does not strongly convey surprise or confusion.",1,0,0,Label by Andy: 1 | Label by Ben: 0 | Label by Chris: 0,0.6666666666666666,0.3333333333333333,0.3333333333333333,0.3333333333333333
44,ed2urjd,[NAME] get him a glass of water and have him lie down...,0,0,0,"The post suggests a situation where someone might be in distress or experiencing something unexpected, as indicated by the suggestion to get a glass of water and lie down. Andy might see this as a realization or surprise-related emotion, as it implies a reaction to an unexpected event. Ben often labels posts with a hint of surprise or unexpectedness, so he might also label this as surprise-related. Chris tends to be more conservative in labeling posts as surprise-related unless there's a clear indication of surprise or confusion, so he might not label this as surprise-related.",1,1,0,Andy might label this as 1 because the suggestion to get a glass of water and lie down implies a reaction to an unexpected or surprising situation. Ben might also label it as 1 due to the implied surprise or unexpectedness. Chris might label it as 0 because the post doesn't explicitly convey surprise or confusion.,0.0,0.6666666666666666,0.6666666666666666,0.6666666666666666
45,eem5emd,[NAME] being sensationalist? * pikachu face *,1,0,0,"The post uses the 'pikachu face' meme, which is often associated with surprise or shock. Andy might see this as a clear indication of surprise-related emotion due to the meme's context. Ben might also recognize the meme as a sign of surprise, as he tends to label posts with subtle surprise elements. Chris, however, might not see this as a strong enough indication of surprise-related emotion, as he often requires more explicit expressions of surprise or confusion.",1,1,0,"Andy and Ben are likely to label this post as exhibiting surprise-related emotions due to the use of the 'pikachu face' meme, which is commonly associated with surprise. Chris might not label it as such, as he tends to require more explicit expressions of surprise.",0.3333333333333333,0.6666666666666666,0.3333333333333333,0.3333333333333333
46,eenn58v,"Dual income and continuous monogamous sex. If the sex stops before 60 I'm out, I'm not going to be one of those /r/deadbedrooms losers.",0,1,0,"The post expresses a strong opinion about maintaining a certain lifestyle and avoiding a situation perceived as undesirable. Andy might see the post as expressing a realization or a strong stance, which could be related to surprise-related emotions. Ben might interpret the post as having a tone of surprise or realization about the importance of continuous monogamous sex, which aligns with his tendency to label posts with a hint of surprise or realization. Chris, however, might not see this as exhibiting surprise-related emotions, as the post is more about a personal decision rather than an unexpected event or realization.",1,1,0,Andy might label the post as 1 because it expresses a realization or strong stance about avoiding a situation perceived as undesirable. Ben might label it as 1 due to the tone of realization or surprise about the importance of continuous monogamous sex. Chris might label it as 0 because it doesn't convey an unexpected event or realization.,0.3333333333333333,0.6666666666666666,0.3333333333333333,0.3333333333333333
47,ed8ffhv,Not shocked by the subs [NAME] is active in...,1,1,1,"The post expresses a lack of surprise about the subs a person is active in, which suggests that the poster expected this behavior. Andy tends to label posts as surprise-related if there is a clear element of surprise or realization, which is not present here. Ben often labels posts as surprise-related if there is a hint of sarcasm or irony, which could be interpreted in this post. Chris usually requires a more explicit expression of surprise or confusion, which is not evident here.",0,1,0,"Andy would likely label this as 0 because there is no expression of surprise or realization. Ben might label it as 1 due to the potential sarcastic tone, indicating a subtle surprise-related emotion. Chris would likely label it as 0, as the post lacks explicit surprise or confusion.",1.0,0.3333333333333333,0.6666666666666667,0.6666666666666667
48,ee0w5wv,Not big on switching teams yet here ya are switching teams,1,1,0,"The post seems to point out an inconsistency or contradiction in someone's behavior, which could be surprising or unexpected. Andy might see this as a realization or surprise due to the contradiction. Ben often labels posts with a hint of sarcasm or irony as surprise-related, so he might label this as surprise-related. Chris tends to be more conservative in labeling posts as surprise-related unless there's a clear indication of surprise or confusion, so he might not label this as surprise-related.",1,1,0,"Andy might label this as 1 because the post highlights a contradiction, which can be surprising. Ben might also label it as 1 due to the irony or sarcasm in the statement, which he often associates with surprise-related emotions. Chris might label it as 0 because he tends to require more explicit expressions of surprise or confusion to label a post as surprise-related.",0.6666666666666666,0.6666666666666666,0.0,0.0
49,edkgalt,"Yes, but you don't need it to play.",1,0,0,"The post 'Yes, but you don't need it to play.' seems to be a straightforward statement without any explicit indication of surprise-related emotions. Andy tends to label posts as surprise-related when there is a clear element of realization or surprise, which is not evident here. Ben often labels posts as surprise-related when there is a hint of sarcasm or unexpectedness, but this post lacks such elements. Chris is more conservative in labeling posts as surprise-related and would likely see this as a simple factual statement without any emotional undertones. Therefore, all three annotators would likely not label this post as exhibiting surprise-related emotions.",0,0,0,Label by Andy: 0 | Label by Ben: 0 | Label by Chris: 0,0.3333333333333333,0.0,0.3333333333333333,0.16666666666666663
50,efc47mw,"Well i know this much is true, there’s unspoken truth amoung us men, we secretly love hairy vaj. No? Just me?",1,1,0,"The post presents a statement that could be seen as a realization or a surprising admission about a preference that might not be commonly discussed openly. Andy might see this as a realization or surprise-related emotion due to the unexpected nature of the statement. Ben might also see this as a surprise-related emotion because it challenges a social norm or expectation. Chris, however, might not see this as surprise-related because it doesn't strongly convey confusion, curiosity, or astonishment, but rather a personal opinion or preference.",1,1,0,"Andy and Ben are likely to label this post as exhibiting surprise-related emotions due to the unexpected and somewhat taboo nature of the statement, while Chris might not see it as strongly related to surprise.",0.6666666666666666,0.6666666666666666,0.0,0.0
51,ef7f26l,"They already put extra seasoning to account for this, opening it upside down is just gonna give you super oily hands. ",1,1,1,"The post discusses the consequence of opening a container upside down, which results in oily hands. Andy might see this as a straightforward statement without any surprise-related emotions, as it lacks elements of confusion, curiosity, realization, or surprise. Ben, on the other hand, might interpret the mention of 'super oily hands' as a humorous or unexpected outcome, which could be seen as a mild surprise. Chris is likely to view this post as a simple observation without any surprise-related emotions, similar to Andy.",0,1,0,Label by Andy: 0 | Label by Ben: 1 | Label by Chris: 0,1.0,0.3333333333333333,0.6666666666666667,0.6666666666666667
52,eevsc97,"If they declare it, its not a bribe its a political donation... In theory.",1,1,1,"The post seems to be a sarcastic comment on the nature of political donations, implying that they are essentially bribes. Andy might see this as a realization or surprise about the nature of political donations, thus labeling it as surprise-related. Ben often labels posts with sarcasm or irony as surprise-related, so he might also label it as such. Chris tends to be more conservative in labeling posts as surprise-related and might not see this as exhibiting surprise-related emotions.",1,1,0,Label by Andy: 1 | Label by Ben: 1 | Label by Chris: 0,1.0,0.6666666666666666,0.33333333333333337,0.1666666666666667
53,ef3g2y7,Happens to me sometimes too in certain scenarios. Its frustrating especially when you're banking on it deflecting something.,0,0,1,"The post describes a situation that is frustrating, which might indicate a lack of understanding or uncertainty, aligning with confusion. However, it doesn't strongly convey surprise, curiosity, or realization. Andy might see the frustration as a form of confusion, leading to a label of 1. Ben tends to label posts with a broader interpretation of surprise-related emotions, so he might also label it as 1. Chris, on the other hand, is more conservative in labeling posts as surprise-related and might not see enough evidence of surprise-related emotions, leading to a label of 0.",1,1,0,Andy might label it as 1 due to the frustration indicating confusion. Ben might label it as 1 because he often interprets emotions broadly. Chris might label it as 0 because he doesn't see strong evidence of surprise-related emotions.,0.3333333333333333,0.6666666666666666,0.3333333333333333,0.3333333333333333
54,ed3gpnx,Low ^hanging ^^fruit,1,1,0,"The phrase 'Low hanging fruit' is often used to describe tasks or opportunities that are easy to achieve or obtain. In this context, the use of '^' symbols might suggest a playful or sarcastic tone, but it doesn't inherently convey surprise-related emotions such as confusion, curiosity, realization, or surprise. Andy tends to label posts with a clear element of surprise or realization, which this post lacks. Ben often labels posts with a playful or sarcastic tone as surprise-related, but this post doesn't strongly exhibit those emotions. Chris is more conservative in labeling posts as surprise-related and would likely not see this post as fitting that category.",0,0,0,Label by Andy: 0 | Label by Ben: 0 | Label by Chris: 0,0.6666666666666666,0.0,0.6666666666666666,0.6666666666666666
55,eeq6wik,I've eaten some really strange stuff and the only reason to eat this is to see if it is gross.,0,1,0,"The post discusses eating strange food with the intention of finding out if it is gross, which suggests a sense of curiosity. Andy might see the curiosity aspect as a surprise-related emotion, leading him to label it as 1. Ben often labels posts with curiosity or unexpected actions as surprise-related, so he might also label it as 1. Chris tends to be more conservative in labeling posts as surprise-related and might not see enough surprise-related emotion in this post, so he might label it as 0.",1,1,0,Label by Andy: 1 | Label by Ben: 1 | Label by Chris: 0,0.3333333333333333,0.6666666666666666,0.3333333333333333,0.3333333333333333
56,eeuuxft,I don't wonder.... . We have multiple examples af police behavior like this every day.,1,0,0,"The post expresses a lack of surprise or curiosity about police behavior, suggesting that such behavior is expected and not unusual. Andy tends to label posts as surprise-related if there is a clear expression of surprise or realization, which is not present here. Ben often labels posts as surprise-related if there is an element of sarcasm or irony, which might be inferred from the phrase 'I don't wonder,' but the overall tone is more of resignation than surprise. Chris typically labels posts as surprise-related if there is a strong emotional reaction, which is not evident in this post.",0,0,0,The post does not exhibit surprise-related emotions as it conveys a sense of resignation and expectation rather than surprise or realization.,0.3333333333333333,0.0,0.3333333333333333,0.16666666666666663
57,eegmljd,"Damn, this hits close to home. Reddit is literally the only place where i can talk about personal stuff without being judged",0,0,0,"The post expresses a personal sentiment about finding a safe space to share personal thoughts without judgment. Andy might see this as a realization of the importance of Reddit as a platform for open communication, which could be considered a surprise-related emotion. Ben might not see this as surprise-related because it lacks elements of confusion, curiosity, or astonishment. Chris is likely to agree with Ben, as the post is more about expressing a personal truth rather than exhibiting surprise-related emotions.",1,0,0,"Andy might label it as 1 due to the realization aspect, while Ben and Chris might label it as 0 because it doesn't strongly convey surprise-related emotions.",0.0,0.3333333333333333,0.3333333333333333,0.16666666666666663
58,ed5iosr,Link to paper referenced in the,1,1,0,"The target post 'Link to paper referenced in the' is quite neutral and lacks any explicit expression of surprise-related emotions. It seems to be an incomplete sentence or a placeholder, which does not convey confusion, curiosity, realization, or surprise. Andy, Ben, and Chris typically look for more explicit cues of surprise-related emotions in posts. Given the lack of context or emotional content, it's unlikely that any of the annotators would label this as exhibiting surprise-related emotions.",0,0,0,"The post does not provide enough context or content to suggest any surprise-related emotions. It appears to be a simple statement or an incomplete thought, lacking emotional cues that would trigger a label of surprise, confusion, curiosity, or realization from the annotators.",0.6666666666666666,0.0,0.6666666666666666,0.6666666666666666
59,edy1d2n,I heard about that too,1,0,1,"The post 'I heard about that too' is a simple acknowledgment of having heard about something. It does not inherently convey any surprise-related emotions such as confusion, curiosity, realization, or surprise. Andy tends to label posts as surprise-related if there is a clear indication of surprise or realization, which is not present here. Ben often labels posts as surprise-related if there is a hint of sarcasm or unexpectedness, but this post is straightforward and lacks those elements. Chris is consistent in labeling posts as not surprise-related unless there is a strong indication of surprise or realization, which is absent in this post.",0,0,0,Label by Andy: 0 | Label by Ben: 0 | Label by Chris: 0,0.6666666666666666,0.0,0.6666666666666666,0.6666666666666666
60,eepig6r,He could have easily taken a real camera from a legitimate source and change the price in Word/Photoshop and then print it out.,0,0,0,"The post discusses a hypothetical scenario where someone could manipulate the price of a camera using Photoshop. Andy might see this as a realization of how easy it is to manipulate prices, which could be surprising. Ben might interpret this as a surprising realization of the potential for deceit in pricing. Chris, however, might not see this as surprising, as it could be seen as a straightforward statement about a common practice.",1,1,0,"Andy might label this as 1 because the post suggests a realization of how easily prices can be manipulated, which could be surprising. Ben might also label it as 1, as it highlights a surprising potential for deceit. Chris might label it as 0, as he may not find this scenario particularly surprising or unexpected.",0.0,0.6666666666666666,0.6666666666666666,0.6666666666666666
61,ednz0he,Does not look bad! Thnx!,0,0,0,"The post 'Does not look bad! Thnx!' seems to express a neutral or positive sentiment, likely in response to something that was shared or shown to the poster. It doesn't explicitly convey any surprise-related emotions such as confusion, curiosity, realization, or surprise. Andy tends to label posts with a clear indication of surprise or realization, which this post lacks. Ben often labels posts with a hint of sarcasm or unexpectedness, but this post seems straightforward and lacks those elements. Chris usually requires a more explicit expression of surprise or realization, which is not present here.",0,0,0,"The post is straightforward and lacks elements of surprise-related emotions, so all annotators would likely label it as not exhibiting surprise-related emotions.",0.0,0.0,0.0,0.0
62,eff070q,"OP, u/christiangreyisdraco and u/lurkerturndcommenter, thank you for trying to make the point about focus. I appreciate your many attempts!",0,0,0,"The post expresses appreciation towards other users for their attempts to make a point about focus. There is no clear indication of surprise-related emotions such as confusion, curiosity, realization, or surprise. The tone is more of gratitude and acknowledgment rather than any form of astonishment or unexpected realization.",0,0,0,The post does not exhibit any surprise-related emotions. It is more about appreciation and acknowledgment of efforts made by others.,0.0,0.0,0.0,0.0
63,ee24atb,>putz Is he [NAME]? I would've not voted for him if I knew that.,1,1,0,"The post expresses a sense of realization and surprise upon learning something new about a person, indicated by the phrase 'I would've not voted for him if I knew that.' This suggests a change in perception based on new information, which aligns with surprise-related emotions. Andy often labels posts with a sense of realization or surprise as 1, so he might label this as 1. Ben tends to label posts with a clear expression of surprise or realization as 1, so he might also label this as 1. Chris, however, is more conservative in labeling posts as surprise-related and might not see this as strong enough to warrant a label of 1, so he might label it as 0.",1,1,0,Label by Andy: 1 | Label by Ben: 1 | Label by Chris: 0,0.6666666666666666,0.6666666666666666,0.0,0.0
64,ee00702,"I.e., you don't know what socialism is and what it strives for.",0,1,0,"The post seems to be a statement pointing out a lack of understanding about socialism. It could be interpreted as an expression of confusion or realization, as it suggests that the addressed person is unaware of what socialism truly means. Andy might see this as a realization or confusion, leading to a label of 1. Ben might not see this as surprise-related, as it is more of a factual statement, so he might label it 0. Chris tends to label posts with clear surprise or confusion, and this post doesn't strongly convey those emotions, so he might label it 0.",1,0,0,"Andy might label this post as 1 because it points out a lack of understanding, which can be seen as confusion or realization. Ben might label it as 0 because it is more of a factual statement without strong surprise-related emotions. Chris might also label it as 0 because it doesn't strongly convey surprise or confusion.",0.3333333333333333,0.3333333333333333,0.0,0.0
65,eemg9u4,Sooner or later you're both going to have to make some choices about your priorities.,0,1,0,"The post suggests a realization or a moment of clarity about the need to make choices regarding priorities. Andy might see this as a realization, which is a surprise-related emotion, and thus label it as 1. Ben tends to label posts with a broader interpretation of surprise-related emotions, but this post lacks the explicit surprise or confusion he often identifies, so he might label it as 0. Chris usually requires a more explicit expression of surprise or confusion, which this post does not provide, so he would likely label it as 0.",1,0,0,Label by Andy: 1 | Label by Ben: 0 | Label by Chris: 0,0.3333333333333333,0.3333333333333333,0.0,0.0
66,ed327us,"""We're the greatest country on the earth!"" says not-Canada",0,1,0,"The post uses sarcasm to imply that Canada is not the greatest country on earth, which could be seen as a realization or surprise to some. Andy might see the sarcasm as a form of realization or surprise, leading to a label of 1. Ben often labels sarcastic or ironic statements as surprise-related, so he might also label it as 1. Chris tends to be more conservative in labeling surprise-related emotions and might not see this as exhibiting surprise, so he would likely label it as 0.",1,1,0,Label by Andy: 1 | Label by Ben: 1 | Label by Chris: 0,0.3333333333333333,0.6666666666666666,0.3333333333333333,0.3333333333333333
67,ef23px4,i remember that feeling.,1,1,1,"The post 'i remember that feeling.' is quite neutral and does not explicitly convey any surprise-related emotions. It reflects a sense of nostalgia or recollection rather than confusion, curiosity, realization, or surprise. Andy tends to label posts with a clear indication of surprise or realization, which this post lacks. Ben often labels posts with a broader interpretation of surprise-related emotions, but this post does not seem to fit his criteria either. Chris is more conservative in labeling posts as surprise-related, and this post does not meet his threshold for such emotions.",0,0,0,Label by Andy: 0 | Label by Ben: 0 | Label by Chris: 0,1.0,0.0,1.0,1.0
68,ed6q398,My nightmare is having an iphone.,0,0,0,"The post 'My nightmare is having an iphone.' could be interpreted in different ways by the annotators. Andy might see this as a straightforward statement without any surprise-related emotions, as it doesn't explicitly express confusion, curiosity, realization, or surprise. Ben, on the other hand, might interpret the use of 'nightmare' in a hyperbolic sense, suggesting a surprising or unexpected negative sentiment towards owning an iPhone, which could be seen as a realization or surprise. Chris is likely to view this as a simple expression of dislike or preference, without any elements of surprise-related emotions.",0,1,0,Label by Andy: 0 | Label by Ben: 1 | Label by Chris: 0,0.0,0.3333333333333333,0.3333333333333333,0.16666666666666663
69,ee6sme8,The funny/awful part is how well [NAME] works photoshopped in.,0,0,0,"The post describes a situation where a person is photoshopped into an image, and the result is both funny and awful. Andy might see this as a realization or surprise at how well the photoshopped image turned out, which could lead him to label it as surprise-related. Ben might focus on the humor aspect and the unexpectedness of the situation, which could also lead him to label it as surprise-related. Chris, however, might not see this as strongly related to surprise emotions, as it could be interpreted as a simple statement about the effectiveness of the photoshop without a strong emotional reaction.",1,1,0,Label by Andy: 1 | Label by Ben: 1 | Label by Chris: 0,0.0,0.6666666666666666,0.6666666666666666,0.6666666666666666
70,edmhbae,> Why do you think you're in financial hell? He spends the rest on drugs according to his post history.,1,1,0,"The post seems to be addressing a situation where someone is in financial trouble, and it suggests that the reason is due to spending on drugs. This could imply a realization or a surprising discovery about the person's financial situation. Andy might see the realization aspect and label it as surprise-related. Ben might focus on the context of financial trouble and the mention of drugs, which could imply a surprising or unexpected behavior, leading him to label it as surprise-related. Chris, however, might not see this as surprise-related, as it could be interpreted as a straightforward statement without any emotional surprise.",1,1,0,"Andy might label this as 1 due to the realization aspect of understanding why someone is in financial trouble. Ben might also label it as 1 because the mention of drugs could imply a surprising or unexpected behavior. Chris might label it as 0, seeing it as a straightforward statement without surprise.",0.6666666666666666,0.6666666666666666,0.0,0.0
71,efg82ja,"That’s what the auto-shut off is, that thing that I said malfunctioned due to the extreme cold.",0,1,1,"The post seems to be explaining a situation where an auto-shut off feature malfunctioned due to extreme cold. There is a sense of realization in the explanation, as the speaker is clarifying what happened. However, it doesn't strongly convey surprise-related emotions like confusion, curiosity, or astonishment. Andy might see the realization aspect and label it as surprise-related, while Ben and Chris might not see enough surprise-related emotion to label it as such.",1,0,0,"The post explains a malfunction due to extreme cold, with a sense of realization. Andy might label it as surprise-related due to the realization aspect, while Ben and Chris might not see enough surprise-related emotion.",0.6666666666666666,0.3333333333333333,0.3333333333333333,0.3333333333333333
72,edszd1h,"Im color blind, i usually see blue as purple and red as green soo...",0,1,0,"The post describes a personal experience of being color blind, which involves seeing colors differently than most people. Andy might label this as surprise-related because it involves a realization or awareness of a unique way of perceiving the world. Ben might not see this as surprise-related because it lacks elements of astonishment or unexpectedness, and Chris might also not see it as surprise-related as it doesn't convey confusion or curiosity, just a statement of fact.",1,0,0,Andy might label this as surprise-related due to the realization aspect of seeing colors differently. Ben might not label it as surprise-related because it doesn't convey surprise or astonishment. Chris might not label it as surprise-related as it lacks confusion or curiosity.,0.3333333333333333,0.3333333333333333,0.0,0.0
73,ed8m1tq,tape up those laptop cams y’all,1,1,0,"The post 'tape up those laptop cams y’all' suggests a sense of caution or awareness about privacy concerns, which could be linked to a realization or surprise about potential privacy invasions. Andy might see this as a realization or surprise about privacy issues, leading to a label of 1. Ben often labels posts with a sense of caution or advice as surprise-related, so he might also label it as 1. Chris tends to be more conservative in labeling posts as surprise-related unless there's a clear emotional reaction, so he might label it as 0.",1,1,0,Label by Andy: 1 | Label by Ben: 1 | Label by Chris: 0,0.6666666666666666,0.6666666666666666,0.0,0.0
74,ef7ozzr,You and me both 8 years wasted on an ssshole narc I don't know any good advice really just wanted to offer my support stay strong.,1,0,0,"The post expresses a sense of shared experience and support, but it doesn't strongly convey surprise-related emotions. Andy might see the mention of '8 years wasted' as a realization, but it's more of a statement of fact rather than a new awareness. Ben might focus on the emotional support aspect, which doesn't align with surprise-related emotions. Chris is likely to see this as a supportive message without elements of surprise, confusion, or curiosity.",0,0,0,"The post is more about offering support and sharing a common experience rather than expressing surprise-related emotions. It lacks elements of confusion, curiosity, realization, or surprise.",0.3333333333333333,0.0,0.3333333333333333,0.16666666666666663
75,ee17kwk,"This would be better posed in r/GCdebatesQT, thank you.",0,0,0,"The post suggests that a question or topic would be more appropriate in a different forum or subreddit. It doesn't explicitly convey any surprise-related emotions such as confusion, curiosity, realization, or surprise. Andy tends to label posts with a clear expression of surprise or realization, which this post lacks. Ben often labels posts with a hint of sarcasm or unexpectedness, but this post is straightforward and lacks those elements. Chris usually labels posts with a clear emotional tone, which this post does not have. Therefore, all three annotators are likely to label this post as not exhibiting surprise-related emotions.",0,0,0,Label by Andy: 0 | Label by Ben: 0 | Label by Chris: 0,0.0,0.0,0.0,0.0
76,ef284hn,I have never had so many heart attacks..,1,1,1,"The post 'I have never had so many heart attacks..' suggests a strong emotional reaction, likely due to surprise or shock. Andy might interpret this as an expression of surprise or realization, as the phrase implies an unexpected or overwhelming experience. Ben often labels posts with a sense of surprise or astonishment, so he might also see this as surprise-related. Chris tends to be more conservative in labeling surprise-related emotions, often requiring more explicit indicators of surprise or confusion, so he might not label this as surprise-related.",1,1,0,Label by Andy: 1 | Label by Ben: 1 | Label by Chris: 0,1.0,0.6666666666666666,0.33333333333333337,0.1666666666666667
77,ed3gbxk,For the record I don’t necessarily want him either. I just think he’s a compelling person.,0,0,1,"The post expresses a personal opinion about someone being a compelling person, but it doesn't clearly convey any surprise-related emotions such as confusion, curiosity, realization, or surprise. Andy tends to label posts with a clear expression of surprise or realization, which is not evident here. Ben often labels posts with a hint of sarcasm or irony as surprise-related, but this post lacks those elements. Chris is more conservative in labeling posts as surprise-related and would likely see this as a straightforward statement of opinion without surprise-related emotions.",0,0,0,Label by Andy: 0 | Label by Ben: 0 | Label by Chris: 0,0.3333333333333333,0.0,0.3333333333333333,0.16666666666666663
78,ed2q8cx,"Not making many new NYC fans: ""I'd rather live in Auschwitz than NYC""!",0,1,0,"The post contains a shocking and controversial statement comparing living in NYC to Auschwitz, which could evoke surprise-related emotions. Andy might focus on the shock value and the unexpected nature of the statement, leading him to label it as surprise-related. Ben often labels posts with strong or controversial statements as surprise-related, so he might also label this post as such. Chris tends to be more conservative in labeling posts as surprise-related and might not see this as fitting the criteria, focusing instead on the offensive nature rather than surprise.",1,1,0,"Andy might label the post as surprise-related due to the shocking comparison made, which is unexpected and startling. Ben is likely to label it as surprise-related because he often considers strong, controversial statements as surprising. Chris, however, might not label it as surprise-related, as he may focus more on the offensive nature rather than the surprise aspect.",0.3333333333333333,0.6666666666666666,0.3333333333333333,0.3333333333333333
79,ed9udhc,I'm surprised [NAME] didn't bust that dress open when she bent down to high [NAME],1,1,1,"The post explicitly mentions being 'surprised,' which is a direct indication of surprise-related emotions. Andy tends to label posts with explicit mentions of surprise or realization as exhibiting surprise-related emotions. Ben often labels posts with a clear expression of surprise or astonishment as surprise-related, and this post fits that criterion. Chris, however, tends to be more conservative in labeling posts as surprise-related unless there is a strong element of confusion or realization, which is not strongly present here.",1,1,0,Label by Andy: 1 | Label by Ben: 1 | Label by Chris: 0,1.0,0.6666666666666666,0.33333333333333337,0.1666666666666667
80,edu7ulc,Good to know! *Makes note to Grand Revenge Scheme draft 2.doc to only slash three of the ex's tires*,0,0,0,"The post contains a hint of surprise-related emotion through the use of humor and sarcasm. The phrase 'Good to know!' suggests a realization or acknowledgment of new information, which could be seen as a mild surprise. The mention of a 'Grand Revenge Scheme' and the specific action of slashing tires adds a layer of unexpectedness and humor. Andy might see the humor and sarcasm as indicative of surprise-related emotions, while Ben might focus on the unexpected nature of the revenge scheme. Chris, however, might not see this as a strong enough indication of surprise-related emotions, as it could be interpreted as a humorous or sarcastic remark without genuine surprise.",1,1,0,"Andy might label this as 1 due to the humor and sarcasm indicating surprise-related emotions. Ben might also label it as 1 because of the unexpected nature of the revenge scheme. Chris might label it as 0, seeing it more as a humorous remark without genuine surprise.",0.0,0.6666666666666666,0.6666666666666666,0.6666666666666666
81,ede2zgs,Rip I guess.... Hope op does that Also happy cake day!,0,0,0,"The post 'Rip I guess.... Hope op does that Also happy cake day!' contains elements that could be interpreted as surprise-related emotions. The use of 'Rip I guess' suggests a realization or a mild surprise, as if the poster is coming to terms with something unexpected. The phrase 'Hope op does that' indicates a sense of curiosity or anticipation about what the original poster (op) might do. The 'Also happy cake day!' part seems to be a casual, unrelated addition, which doesn't contribute to surprise-related emotions. 

Andy might focus on the 'Rip I guess' part, interpreting it as a realization or mild surprise, leading him to label it as 1. Ben might see the curiosity in 'Hope op does that' and the realization in 'Rip I guess,' which aligns with his tendency to label posts with subtle surprise-related emotions as 1. Chris, however, might not find the post strongly indicative of surprise-related emotions, as the overall tone is casual and lacks a strong element of surprise or confusion, leading him to label it as 0.",1,1,0,"Andy might label the post as 1 due to the realization aspect in 'Rip I guess.' Ben might also label it as 1, seeing both realization and curiosity. Chris might label it as 0, as the post lacks a strong surprise element.",0.0,0.6666666666666666,0.6666666666666666,0.6666666666666666
82,ed4clke,Me neither. :(,1,0,0,"The post 'Me neither. :(' is a simple expression of agreement with a negative sentiment, likely in response to a previous statement. It does not explicitly convey any of the surprise-related emotions such as confusion, curiosity, realization, or surprise. Andy tends to label posts with a clear indication of surprise or realization, which this post lacks. Ben often labels posts with a broader interpretation of surprise-related emotions, but this post does not seem to fit his pattern either. Chris is more conservative in labeling posts as surprise-related, and this post does not meet his criteria either.",0,0,0,"The post 'Me neither. :(' does not exhibit any clear signs of surprise-related emotions. It is a simple expression of agreement with a negative sentiment, likely in response to a previous statement. There is no indication of confusion, curiosity, realization, or surprise. Therefore, it is unlikely that any of the annotators would label it as exhibiting surprise-related emotions.",0.3333333333333333,0.0,0.3333333333333333,0.16666666666666663
83,eddmarb,You goatta be kidding me!,0,0,0,"The post 'You goatta be kidding me!' suggests a reaction to something unexpected or surprising. Andy tends to label posts with direct expressions of surprise or astonishment as surprise-related, so he might label this as 1. Ben often labels posts with a sense of surprise or unexpectedness as surprise-related, so he might also label this as 1. Chris, on the other hand, tends to be more conservative in labeling posts as surprise-related unless there is a clear indication of confusion or realization, so he might label this as 0.",1,1,0,Label by Andy: 1 | Label by Ben: 1 | Label by Chris: 0,0.0,0.6666666666666666,0.6666666666666666,0.6666666666666666
84,eeplekg,Probably not making good pass decisions.,1,1,0,"The post 'Probably not making good pass decisions' seems to be a straightforward statement without any explicit indication of surprise-related emotions. It doesn't show confusion, curiosity, realization, or surprise. Andy tends to label posts with a clear indication of surprise or realization, which this post lacks. Ben often labels posts with a hint of sarcasm or unexpectedness, but this post doesn't seem to fit that pattern. Chris usually labels posts that are more explicit in their emotional content, which this post is not. Therefore, it's likely that all three annotators would not label this post as exhibiting surprise-related emotions.",0,0,0,Label by Andy: 0 | Label by Ben: 0 | Label by Chris: 0,0.6666666666666666,0.0,0.6666666666666666,0.6666666666666666
85,edwb4s7,...and let her clean?,1,1,0,"The post '...and let her clean?' seems to express a sense of surprise or disbelief, possibly at the idea of someone being expected to clean. Andy might see this as a realization or surprise at a social expectation, leading to a label of 1. Ben often labels posts with a hint of sarcasm or surprise as 1, so he might also label this as 1. Chris tends to be more conservative in labeling surprise-related emotions and might not see this as strongly exhibiting surprise, so he might label it as 0.",1,1,0,Label by Andy: 1 | Label by Ben: 1 | Label by Chris: 0,0.6666666666666666,0.6666666666666666,0.0,0.0
86,edozs6f,Fat dad=fat kid,1,1,0,"The post 'Fat dad=fat kid' is a straightforward statement that implies a correlation between a parent's and a child's weight. It doesn't explicitly convey surprise-related emotions such as confusion, curiosity, realization, or surprise. Andy tends to label posts with a more explicit expression of surprise or realization, which this post lacks. Ben often labels posts with a hint of sarcasm or irony as surprise-related, but this post is too direct and lacks those elements. Chris usually requires a clear indication of surprise or realization, which is not present here.",0,0,0,"The post 'Fat dad=fat kid' is a straightforward statement that implies a correlation between a parent's and a child's weight. It doesn't explicitly convey surprise-related emotions such as confusion, curiosity, realization, or surprise. Andy tends to label posts with a more explicit expression of surprise or realization, which this post lacks. Ben often labels posts with a hint of sarcasm or irony as surprise-related, but this post is too direct and lacks those elements. Chris usually requires a clear indication of surprise or realization, which is not present here. Therefore, the labels are: Label by Andy: 0 | Label by Ben: 0 | Label by Chris: 0.",0.6666666666666666,0.0,0.6666666666666666,0.6666666666666666
87,eeo7sd8,"All I said was hey [NAME], I’m a big fan from reddit... Can I have some of your hair?",1,1,0,"The post contains a request for someone's hair, which is an unusual and unexpected request. This could be interpreted as surprising or confusing. Andy might see the humor or oddity in the request as a form of surprise. Ben often labels posts with unexpected or humorous elements as surprise-related, so he might label this as surprise-related due to the oddity of the request. Chris tends to be more conservative in labeling posts as surprise-related and might not see this as exhibiting strong surprise-related emotions.",1,1,0,"Andy might label this post as surprise-related due to the unexpected and humorous nature of the request for hair. Ben is likely to label it as surprise-related because he often finds humor and oddity in posts surprising. Chris, however, might not label it as surprise-related, as he tends to require stronger elements of surprise or confusion.",0.6666666666666666,0.6666666666666666,0.0,0.0
88,een20op,Shameless plug for /r/Harris2020,0,1,0,"The post 'Shameless plug for /r/Harris2020' appears to be a straightforward promotion or endorsement of a subreddit, likely related to a political campaign or candidate. There is no evident expression of surprise, confusion, curiosity, or realization. Andy tends to label posts with a clear expression of surprise or realization, which this post lacks. Ben often labels posts with a hint of sarcasm or unexpectedness, but this post doesn't seem to fit that pattern. Chris usually labels posts that are more straightforward and lack surprise-related emotions, which aligns with this post.",0,0,0,Label by Andy: 0 | Label by Ben: 0 | Label by Chris: 0,0.3333333333333333,0.0,0.3333333333333333,0.16666666666666663
89,edg8qww,^She ^took ^me ^by ^the ^hand... ^made ^me ^a ^man... ^THAT ^ONE ^NIGHT!,0,1,0,"The post seems to reference a memorable or significant event, possibly a realization or a surprising experience. The use of capitalization suggests emphasis, which might indicate a strong emotional response. Andy might see this as a realization or surprise due to the emphasis and the context of a significant event. Ben might interpret the capitalization and the context as indicative of surprise-related emotions, as he often labels posts with strong emotional expressions as surprise-related. Chris, however, tends to be more conservative in labeling posts as surprise-related and might not see enough evidence of confusion, curiosity, or surprise in this post.",1,1,0,"Andy might label this post as 1 because the capitalization and the context suggest a realization or a significant event that could be surprising. Ben might also label it as 1 due to the strong emotional expression indicated by the capitalization. Chris might label it as 0, as he tends to require more explicit evidence of surprise-related emotions.",0.3333333333333333,0.6666666666666666,0.3333333333333333,0.3333333333333333
90,eetzry7,The extra B is for bargain.,1,1,0,"The post 'The extra B is for bargain.' seems to be a play on words or a humorous statement. It doesn't explicitly convey confusion, curiosity, realization, or surprise. Andy tends to label posts with a more explicit expression of surprise or realization, which this post lacks. Ben often labels posts with a humorous or sarcastic tone as surprise-related, so he might see this as a playful surprise. Chris usually requires a more direct expression of surprise or realization, which this post does not provide.",0,1,0,Label by Andy: 0 | Label by Ben: 1 | Label by Chris: 0,0.6666666666666666,0.3333333333333333,0.3333333333333333,0.3333333333333333
91,ednssju,"Judging by my 10 month old, that is about 2.5 days worth of dirty diapers. ",0,1,0,"The post is a humorous remark about the number of dirty diapers a 10-month-old baby produces. It doesn't seem to convey any surprise-related emotions such as confusion, curiosity, realization, or surprise. Andy tends to label posts with a clear element of surprise or realization, which this post lacks. Ben often labels humorous or sarcastic posts as surprise-related, but this post is more of a straightforward humorous observation without a strong element of surprise. Chris usually requires a more explicit indication of surprise or realization, which is not present here.",0,0,0,Label by Andy: 0 | Label by Ben: 0 | Label by Chris: 0,0.3333333333333333,0.0,0.3333333333333333,0.16666666666666663
92,eed64d3,Shithousery of the likes I've never quite witnessed. What a way to end the winter break.,1,0,1,"The post expresses a sense of astonishment or surprise at the 'shithousery' witnessed, which suggests an unexpected or remarkable event. Andy tends to label posts with a clear expression of surprise or realization, so he might label this as 1. Ben often labels posts with a sense of surprise or unexpectedness as 1, so he might also label this as 1. Chris, however, seems to require a more explicit or direct expression of surprise-related emotions, so he might label this as 0.",1,1,0,"The post expresses surprise or astonishment at the 'shithousery' witnessed, indicating an unexpected or remarkable event. Andy and Ben are likely to label this as 1 due to the surprise element, while Chris might label it as 0 as he requires more explicit expressions of surprise.",0.6666666666666666,0.6666666666666666,0.0,0.0
93,ef23x9m,"Oh hey, someone with a brain. Rare round here. ",1,0,1,"The post seems to express a sense of surprise or realization at encountering someone with intelligence, which is perceived as rare in the context. Andy might label this as surprise-related due to the realization aspect. Ben often labels posts with a sarcastic or ironic tone as surprise-related, so he might also label this as such. Chris tends to be more conservative in labeling posts as surprise-related and might not see this as strongly exhibiting surprise-related emotions.",1,1,0,"Andy might see the post as expressing a realization or surprise at encountering someone intelligent, which is considered rare. Ben might interpret the sarcastic tone as indicative of surprise-related emotions. Chris might not find the post strongly indicative of surprise-related emotions, as it could be seen as a sarcastic remark without a strong element of surprise.",0.6666666666666666,0.6666666666666666,0.0,0.0
94,eeqr3dp,Dogs are so dumb sometimes but always so good :) I love dem dumb ones,1,0,0,"The post expresses affection towards dogs, acknowledging their perceived lack of intelligence in a humorous and endearing way. It doesn't convey confusion, curiosity, realization, or surprise. Andy tends to label posts with a clear element of surprise or realization, which this post lacks. Ben often labels posts with a humorous or unexpected twist as surprise-related, but this post is more affectionate than surprising. Chris is consistent in labeling posts with clear surprise or confusion, which this post does not exhibit.",0,0,0,Label by Andy: 0 | Label by Ben: 0 | Label by Chris: 0,0.3333333333333333,0.0,0.3333333333333333,0.16666666666666663
95,ef4qit1,It's MLK Day so we're offering our best deals on our Ford F250s!,0,1,0,"The post is promoting a sale on Ford F250s in relation to MLK Day. Andy might see this as a straightforward promotional message without any surprise-related emotions, so he would likely label it as 0. Ben might consider the juxtaposition of MLK Day, a day of remembrance and reflection, with a sales promotion as surprising or unexpected, so he might label it as 1. Chris tends to label posts with clear surprise or confusion, and this post doesn't strongly convey those emotions, so he would likely label it as 0.",0,1,0,Label by Andy: 0 | Label by Ben: 1 | Label by Chris: 0,0.3333333333333333,0.3333333333333333,0.0,0.0
96,edj1205,Dissociation/ Derealization. Its a big symptom of anxiety.,0,1,0,"The post is a straightforward statement about dissociation/derealization being a symptom of anxiety. It doesn't express confusion, curiosity, realization, or surprise. Andy tends to label posts as surprise-related if they contain a realization or a strong emotional reaction, which this post lacks. Ben often labels posts as surprise-related if they contain a hint of irony or unexpectedness, which is not present here. Chris is more conservative in labeling posts as surprise-related and would likely see this as an informative statement rather than an emotional one.",0,0,0,Label by Andy: 0 | Label by Ben: 0 | Label by Chris: 0,0.3333333333333333,0.0,0.3333333333333333,0.16666666666666663
97,efbba5z,Where did I say that happened? Lmao most of my friends are single for the record. Quit jumping to conclusions.,1,0,1,"The post seems to address a misunderstanding or misinterpretation, which could indicate a sense of confusion or surprise at the assumptions being made. Andy might see the defensive tone as a sign of surprise-related emotion, particularly confusion or realization, and label it as 1. Ben often labels posts with a sense of surprise or realization as 1, so he might also label this as 1 due to the surprise at the assumptions. Chris tends to be more conservative in labeling posts as surprise-related unless there's a clear indication of surprise or confusion, so he might label it as 0.",1,1,0,"Andy might label the post as 1 because it addresses a misunderstanding, which could indicate confusion or surprise. Ben might also label it as 1 due to the surprise at the assumptions being made. Chris might label it as 0, as he tends to be more conservative in labeling posts as surprise-related unless there's a clear indication.",0.6666666666666666,0.6666666666666666,0.0,0.0
98,edv0aa2,Sure but you gotta still be attractive. Something tells me that dude in the thread was an unattractive neckbeard.,0,1,0,"The post seems to express a judgmental opinion about someone's appearance, specifically referring to them as an 'unattractive neckbeard.' This doesn't directly convey surprise-related emotions like confusion, curiosity, realization, or surprise. Andy might see this as a straightforward opinion without elements of surprise. Ben, who sometimes labels posts with a hint of sarcasm or judgment as surprise-related, might see a slight element of surprise in the judgment. Chris typically requires a clearer indication of surprise-related emotions, which this post lacks.",0,1,0,Label by Andy: 0 | Label by Ben: 1 | Label by Chris: 0,0.3333333333333333,0.3333333333333333,0.0,0.0
99,ed0o4rs,Except you continue to lose calories well after you finish running...so way off,1,1,0,"The post seems to be a factual statement about the process of losing calories after running. It doesn't explicitly convey any surprise-related emotions such as confusion, curiosity, realization, or surprise. Andy tends to label posts with a clear expression of surprise or realization, which this post lacks. Ben often labels posts with a hint of sarcasm or unexpectedness, but this post is straightforward and factual. Chris usually requires a more explicit expression of surprise-related emotions, which is not present here.",0,0,0,"The post is a factual statement about calorie loss after running, lacking explicit surprise-related emotions.",0.6666666666666666,0.0,0.6666666666666666,0.6666666666666666
100,edkaxmv,So deport the bad guys and let the asylum seekers come in. Sounds like we don’t need a wall anyway.,0,1,1,"The post discusses a political opinion on immigration, suggesting that deporting 'bad guys' and allowing asylum seekers to enter negates the need for a wall. Andy might see this as a straightforward opinion without surprise-related emotions, as it doesn't express confusion, curiosity, realization, or surprise. Ben might interpret the statement as a realization or a surprising conclusion about the ineffectiveness of a wall, thus labeling it as surprise-related. Chris is likely to see this as a political statement without any elements of surprise-related emotions, similar to Andy.",0,1,0,Label by Andy: 0 | Label by Ben: 1 | Label by Chris: 0,0.6666666666666666,0.3333333333333333,0.3333333333333333,0.3333333333333333
101,ed6dxee,The train conductor didn't kill anyone. There's nothing that person can to but watch. So it's a lot easier to believe.,1,1,1,"The post discusses a situation involving a train conductor and the inability to prevent an incident, which could evoke surprise-related emotions such as realization or confusion. Andy might focus on the realization aspect, as the post reflects on the conductor's helplessness in a potentially surprising situation. Ben might also see the realization or confusion in the post, as it involves understanding the limitations of the conductor's role. Chris, however, might not see strong surprise-related emotions, as the post is more of a factual statement rather than an emotional reaction.",1,1,0,"Andy might label the post as 1 due to the realization aspect of the conductor's helplessness. Ben might also label it as 1, considering the realization or confusion about the situation. Chris might label it as 0, as the post is more factual and lacks a strong emotional reaction.",1.0,0.6666666666666666,0.33333333333333337,0.1666666666666667
102,ed2q3k7,There were two attempts. They didn't launch very well,0,0,0,"The post mentions 'two attempts' that 'didn't launch very well,' which could imply a sense of realization or surprise at the failure of the attempts. Andy might see this as a realization of the failure, thus labeling it as surprise-related. Ben often labels posts with a sense of unexpectedness or realization as surprise-related, so he might also label this as such. Chris tends to be more conservative in labeling posts as surprise-related and might not see enough explicit surprise or confusion in this post to label it as such.",1,1,0,Label by Andy: 1 | Label by Ben: 1 | Label by Chris: 0,0.0,0.6666666666666666,0.6666666666666666,0.6666666666666666
103,efb5wcg,>I get that.. You don't,1,1,0,"The post '>I get that.. You don't' suggests a sense of realization or understanding on the part of the speaker, while implying that the other person does not share this understanding. This could be seen as a realization or a subtle expression of surprise at the other person's lack of understanding. Andy might see this as a realization and label it as surprise-related. Ben might not see this as strongly surprise-related, as it lacks explicit surprise or confusion, and might label it as not surprise-related. Chris tends to be more conservative in labeling posts as surprise-related and might not see enough evidence of surprise-related emotions here.",1,0,0,Label by Andy: 1 | Label by Ben: 0 | Label by Chris: 0,0.6666666666666666,0.3333333333333333,0.3333333333333333,0.3333333333333333
104,eerr224,dude - just get the hell outta CA ! there's plenty of other states without the immigration problem rampant in frickin california...,1,1,1,"The post expresses a strong opinion about immigration issues in California and suggests moving to another state. Andy might see this as a straightforward opinion without surprise-related emotions, as it lacks elements of confusion, curiosity, realization, or surprise. Ben might interpret the strong language and the suggestion to move as an expression of surprise or realization about the situation in California, potentially labeling it as surprise-related. Chris is likely to see this as a direct opinion without any surprise-related emotions, similar to Andy.",0,1,0,Label by Andy: 0 | Label by Ben: 1 | Label by Chris: 0,1.0,0.3333333333333333,0.6666666666666667,0.6666666666666667
105,ed075k7,It's kinda odd that people are downvoting you without providing well-sourced counter-arguments to the points you're making.,0,0,1,"The post expresses a sense of confusion or curiosity about why people are downvoting without providing counter-arguments. Andy might see this as a realization or confusion about the behavior of others, which could be considered a surprise-related emotion. Ben often labels posts with a sense of confusion or curiosity as surprise-related, so he might label this as 1. Chris tends to be more conservative in labeling posts as surprise-related unless there's a strong element of surprise or realization, so he might not see this as surprise-related.",1,1,0,Andy might label this post as 1 because it reflects confusion or realization about the lack of counter-arguments. Ben is likely to label it as 1 due to the curiosity or confusion expressed. Chris might label it as 0 because the post doesn't strongly convey surprise or realization.,0.3333333333333333,0.6666666666666666,0.3333333333333333,0.3333333333333333
106,edy7h3b,No they haven’t and that’s probably a lot of the problem,0,0,1,"The post 'No they haven’t and that’s probably a lot of the problem' seems to express a realization or acknowledgment of an issue, which could be related to surprise-related emotions. Andy might see this as a realization, which he often labels as surprise-related, so he might label it as 1. Ben tends to label posts with a more explicit expression of surprise or confusion, and this post doesn't strongly convey those emotions, so he might label it as 0. Chris usually labels posts as 0 unless there is a clear indication of surprise or confusion, which this post lacks, so he would likely label it as 0.",1,0,0,Label by Andy: 1 | Label by Ben: 0 | Label by Chris: 0,0.3333333333333333,0.3333333333333333,0.0,0.0
107,ed8zoz0,Good luck!,0,1,0,"The post 'Good luck!' is a simple expression of well-wishing and does not inherently convey any surprise-related emotions such as confusion, curiosity, realization, or surprise. Andy, Ben, and Chris have shown in previous annotations that they do not label straightforward expressions of well-wishing or encouragement as surprise-related. Therefore, it is likely that all three annotators would not consider this post to exhibit surprise-related emotions.",0,0,0,Label by Andy: 0 | Label by Ben: 0 | Label by Chris: 0,0.3333333333333333,0.0,0.3333333333333333,0.16666666666666663
108,edjmihp,"Sports obsessions are basically religion to some people. And those same people make fun of the ""geeks"" at Comic Con... ERROR 404: Logic not found.",0,0,0,"The post highlights a perceived inconsistency in how people view sports obsessions versus geek culture, using the phrase 'ERROR 404: Logic not found' to emphasize the confusion or lack of understanding. Andy might see this as a realization or confusion about societal norms, leading to a label of 1. Ben often labels posts with a hint of irony or sarcasm as surprise-related, so he might also label it as 1. Chris tends to be more conservative in labeling posts as surprise-related unless there's a clear emotional reaction, so he might label it as 0.",1,1,0,"Andy might label the post as 1 because it points out a contradiction in societal behavior, which can be seen as a realization or confusion. Ben might label it as 1 due to the sarcastic tone and the highlighting of an inconsistency, which aligns with his tendency to label ironic posts as surprise-related. Chris might label it as 0 because he generally requires a more explicit emotional reaction to assign a surprise-related label.",0.0,0.6666666666666666,0.6666666666666666,0.6666666666666666
109,eela09q,> this teams been appalling for a month now They're 7-7 in the past 30 days.,0,0,0,"The post seems to express a realization or surprise about the team's performance, as it contrasts the statement 'this team's been appalling for a month now' with the factual record of 'They're 7-7 in the past 30 days.' Andy might see this as a realization or surprise due to the contrast between perception and reality. Ben might also see this as a surprise-related emotion due to the unexpected nature of the team's actual performance compared to the initial statement. Chris, however, might not see this as surprise-related, as it could be interpreted as a straightforward statement of fact without emotional undertones.",1,1,0,"Andy might label this as 1 because the post shows a realization or surprise about the team's performance. Ben might also label it as 1 due to the unexpected nature of the team's actual performance compared to the initial statement. Chris might label it as 0, seeing it as a straightforward statement without surprise-related emotions.",0.0,0.6666666666666666,0.6666666666666666,0.6666666666666666
110,ee53426,No other org has the #2 pick,1,1,0,"The post 'No other org has the #2 pick' seems to be a straightforward statement about a unique position or advantage that a particular organization holds. It does not explicitly convey confusion, curiosity, realization, or surprise. Andy might see this as a factual statement without any surprise-related emotions, as he tends to label posts with clear surprise or realization as 1. Ben might consider the uniqueness of the situation as a mild surprise, given his tendency to label posts with subtle surprise or irony as 1. Chris, who often labels posts with clear emotional content as 1, would likely see this as a neutral statement without surprise-related emotions.",0,1,0,Label by Andy: 0 | Label by Ben: 1 | Label by Chris: 0,0.6666666666666666,0.3333333333333333,0.3333333333333333,0.3333333333333333
111,ed3s1qi,"Nah we love telling people to post hog, you're just making our day better.",1,0,0,"The post seems to be a sarcastic or humorous remark about enjoying when people post 'hog' (possibly referring to excessive posting or sharing). It doesn't explicitly convey confusion, curiosity, realization, or surprise. Andy might see the humor or sarcasm as a form of surprise-related emotion, as he has labeled similar posts with sarcasm as surprise-related before. Ben often labels posts with humor or sarcasm as surprise-related, so he might label this as such. Chris tends to be more conservative in labeling surprise-related emotions and might not see this post as exhibiting any of those emotions.",1,1,0,"Andy might see the humor or sarcasm as a form of surprise-related emotion, as he has labeled similar posts with sarcasm as surprise-related before. Ben often labels posts with humor or sarcasm as surprise-related, so he might label this as such. Chris tends to be more conservative in labeling surprise-related emotions and might not see this post as exhibiting any of those emotions.",0.3333333333333333,0.6666666666666666,0.3333333333333333,0.3333333333333333
112,eegi1e5,">majority I see Well yeah, I doubt many would complain for the legit ones ",0,1,0,"The post seems to be a response to a previous statement, possibly about complaints or issues with something. It doesn't explicitly convey surprise-related emotions such as confusion, curiosity, realization, or surprise. Andy tends to label posts as surprise-related if there's a clear indication of surprise or realization, which is not evident here. Ben might consider the context of the conversation, but without explicit surprise or confusion, he is likely to label it as not surprise-related. Chris usually requires a strong indication of surprise or confusion, which this post lacks.",0,0,0,Label by Andy: 0 | Label by Ben: 0 | Label by Chris: 0,0.3333333333333333,0.0,0.3333333333333333,0.16666666666666663
113,edrbymf,I brought my love a cherrrryyyyy....,0,0,0,"The post 'I brought my love a cherrrryyyyy....' does not seem to convey any surprise-related emotions such as confusion, curiosity, realization, or surprise. It appears to be a simple statement, possibly a reference to a song or a playful expression of affection. Andy, Ben, and Chris are likely to interpret it as lacking any elements of surprise-related emotions. Andy tends to label posts with surprise-related emotions when there is a clear indication of realization or surprise, which is not present here. Ben often labels posts with surprise-related emotions when there is a humorous or unexpected element, which is also absent. Chris is consistent in labeling posts without clear surprise-related emotions as 0, which aligns with this post.",0,0,0,Label by Andy: 0 | Label by Ben: 0 | Label by Chris: 0,0.0,0.0,0.0,0.0
114,ed3km8a,"How crazy is that, matrix confirmed.",0,0,0,"The post 'How crazy is that, matrix confirmed.' suggests an element of surprise or astonishment, as indicated by the phrase 'How crazy is that.' This could imply a realization or a surprising discovery, which aligns with surprise-related emotions. Andy tends to label posts with explicit surprise or realization as exhibiting surprise-related emotions, so he might label this as 1. Ben often labels posts with a sense of astonishment or unexpectedness as 1, so he might also label this as 1. Chris, however, is more conservative in labeling posts as surprise-related and might not find this post strong enough in surprise-related emotions, so he might label it as 0.",1,1,0,Label by Andy: 1 | Label by Ben: 1 | Label by Chris: 0,0.0,0.6666666666666666,0.6666666666666666,0.6666666666666666
115,ed0rmys,> I’m tired of being realistic and open minded. Me too! Now it is all about being selfish and aloof. Not even kidding.,0,0,0,"The post expresses a shift in mindset from being realistic and open-minded to being selfish and aloof. Andy might see this as a realization or a surprise-related emotion due to the change in attitude. Ben might interpret the post as expressing a realization or a surprise-related emotion because of the sudden change in perspective. Chris, however, might not see this as a surprise-related emotion, as it could be interpreted as a straightforward statement of intent without any element of surprise or realization.",1,1,0,"Andy might label this as 1 because the post reflects a realization or a change in mindset, which can be associated with surprise-related emotions. Ben might also label it as 1 for similar reasons, as the post indicates a shift in perspective that could be seen as a realization. Chris might label it as 0, as he may not perceive the post as expressing surprise-related emotions, viewing it instead as a simple declaration of a new attitude.",0.0,0.6666666666666666,0.6666666666666666,0.6666666666666666
116,efa0841,Wouldn't that be wonderful. You might be interested in this report on the divergence productivity and worker,1,1,0,"The post seems to express a sense of curiosity or realization about the topic of productivity and worker divergence. Andy might see the phrase 'Wouldn't that be wonderful' as a sign of realization or surprise at the potential positive outcome, leading him to label it as surprise-related. Ben might focus on the curiosity aspect, as the post suggests interest in a report, which could be seen as a desire to learn more. Chris, however, might not see strong enough elements of surprise-related emotions, as the post is more informative and lacks explicit surprise or confusion.",1,1,0,"Andy might label the post as 1 due to the potential realization or surprise implied by 'Wouldn't that be wonderful.' Ben might also label it as 1, focusing on the curiosity about the report. Chris might label it as 0, as the post is more informative and lacks explicit surprise-related emotions.",0.6666666666666666,0.6666666666666666,0.0,0.0
117,edjimn8,Go back to class and show you're English teacher yore post. They'd have notes for ewe.,1,1,0,"The post uses intentional misspellings and homophones ('you're' instead of 'your', 'yore' instead of 'your', 'ewe' instead of 'you') to create a humorous effect. Andy might see this as a playful jab at common spelling mistakes, which could be seen as a realization or surprise at the errors, leading to a label of 1. Ben often labels posts with humor or sarcasm as surprise-related, so he might also label it as 1. Chris tends to be more conservative in labeling surprise-related emotions and might not see this as exhibiting surprise, so he would likely label it as 0.",1,1,0,Label by Andy: 1 | Label by Ben: 1 | Label by Chris: 0,0.6666666666666666,0.6666666666666666,0.0,0.0
118,ee6roz3,both are bad tho anarchy ftw,0,0,0,"The post expresses a preference for anarchy over other options, which could imply a realization or a strong opinion rather than surprise. Andy might see the statement as a realization or a strong opinion, which he sometimes associates with surprise-related emotions, so he might label it as 1. Ben tends to label posts with a clear expression of opinion or realization as surprise-related, so he might also label it as 1. Chris, however, often requires more explicit expressions of surprise or confusion, and this post doesn't seem to meet that threshold, so he might label it as 0.",1,1,0,Label by Andy: 1 | Label by Ben: 1 | Label by Chris: 0,0.0,0.6666666666666666,0.6666666666666666,0.6666666666666666
119,efbujch,Will provably be downvoted into oblivion but you could have used *people* instead of *monsters* and have the point remain intact. Edit: Probably*,0,0,0,"The post discusses a potential downvoting, which might indicate a sense of realization or surprise about the expected reaction from others. Andy might see the mention of downvoting as a realization of how the post might be received, which could be considered a surprise-related emotion. Ben often labels posts with a sense of realization or surprise, so he might also see the expectation of downvoting as a surprise-related emotion. Chris tends to be more conservative in labeling posts as surprise-related unless there's a clear indication of surprise or realization, which this post lacks.",1,1,0,"Andy might label this post as exhibiting surprise-related emotions due to the expectation of downvoting, which suggests a realization of how the post might be perceived. Ben is likely to label it similarly, as he often considers realization as a surprise-related emotion. Chris, however, might not label it as such, as the post doesn't strongly convey surprise or realization.",0.0,0.6666666666666666,0.6666666666666666,0.6666666666666666
120,edkouza,"April 2018– so this sub is now all about finding the outrage needles in the haystack, eh? ",1,0,1,"The post seems to express a realization or observation about the current state of a subreddit, suggesting that it has become focused on finding outrage. This could be seen as a realization or a form of surprise about the change in the subreddit's content. Andy might see this as a realization and label it as surprise-related. Ben often labels posts with a sense of irony or sarcasm as surprise-related, so he might also label this as surprise-related. Chris tends to be more conservative in labeling posts as surprise-related and might not see this as strongly exhibiting surprise-related emotions.",1,1,0,"The post reflects a realization about the subreddit, which Andy might see as surprise-related. Ben might interpret the tone as sarcastic or ironic, which he often associates with surprise-related emotions. Chris might not find the post strongly indicative of surprise-related emotions.",0.6666666666666666,0.6666666666666666,0.0,0.0
121,edk7l6a,Found the checher,0,1,0,"The post 'Found the checher' is quite ambiguous and lacks context. It could potentially indicate a realization or discovery, which might be related to surprise. However, without additional context, it's difficult to determine if it truly conveys surprise-related emotions. Andy might see the potential for realization and label it as surprise-related. Ben, who often labels posts with a broader interpretation of surprise, might also see it as a realization or discovery. Chris, who tends to be more conservative in labeling surprise-related emotions, might not see enough evidence of surprise in this post.",1,1,0,"Andy might label it as 1 due to the potential realization aspect. Ben might also label it as 1, considering the possibility of discovery. Chris might label it as 0, as the post lacks clear evidence of surprise.",0.3333333333333333,0.6666666666666666,0.3333333333333333,0.3333333333333333
122,ee13zje,I tell myself that but when I’m at 90 I’m like a zombie,0,1,0,"The post 'I tell myself that but when I’m at 90 I’m like a zombie' suggests a state of realization or self-awareness about one's condition when reaching a certain point (90). Andy might see this as a realization, which is a surprise-related emotion, and label it as 1. Ben often labels posts with a sense of realization or self-awareness as surprise-related, so he might also label it as 1. Chris tends to be more conservative in labeling posts as surprise-related unless there's a clear element of surprise or confusion, so he might label it as 0.",1,1,0,"Andy might label the post as 1 because it involves a realization about one's state at a certain point, which can be considered a surprise-related emotion. Ben might also label it as 1 due to the self-awareness aspect, which he often associates with surprise-related emotions. Chris, however, might label it as 0 because he typically requires a more explicit element of surprise or confusion to assign a surprise-related label.",0.3333333333333333,0.6666666666666666,0.3333333333333333,0.3333333333333333
123,edroive,Ladies and Gentlemen........We got him,0,1,0,"The post 'Ladies and Gentlemen........We got him' suggests a sense of realization or surprise, as it implies an unexpected or significant event has occurred. Andy might see this as a realization or surprise due to the dramatic announcement style. Ben often labels posts with a sense of surprise or realization as surprise-related, so he might label this as such. Chris tends to be more conservative in labeling surprise-related emotions and might not see this as strongly exhibiting surprise-related emotions.",1,1,0,Label by Andy: 1 | Label by Ben: 1 | Label by Chris: 0,0.3333333333333333,0.6666666666666666,0.3333333333333333,0.3333333333333333
124,ee6s8g1,The reaction was contained under the bandaid due to big pharma’s nanobot technology to help disguise the TRUTH. :P,1,1,1,"The post seems to be sarcastic or humorous, referencing a conspiracy theory about big pharma and nanobot technology. Andy might see the sarcasm as a form of surprise or realization about the absurdity of the statement, leading to a label of 1. Ben often labels posts with humor or sarcasm as surprise-related, so he might also label it as 1. Chris tends to be more conservative in labeling surprise-related emotions and might not see this post as genuinely conveying surprise-related emotions, so he would likely label it as 0.",1,1,0,"Andy might label it as 1 due to the sarcastic realization aspect. Ben might label it as 1 because he often sees humor as surprise-related. Chris might label it as 0, as he is more conservative in labeling surprise-related emotions.",1.0,0.6666666666666666,0.33333333333333337,0.1666666666666667
125,ef2hixl,Why go to the moon when you can *BECOME THE MOON*,0,1,0,"The post 'Why go to the moon when you can *BECOME THE MOON*' seems to play with the idea of transformation or becoming something unexpected. Andy might see this as a realization or surprise due to the unexpected twist in the statement. Ben often labels posts with a playful or unexpected twist as surprise-related, so he might also see this as surprise-related. Chris tends to be more conservative in labeling posts as surprise-related unless there's a clear indication of confusion or realization, which might not be strongly present here.",1,1,0,"Andy might label this as 1 because the statement has an element of surprise or realization in the unexpected twist of becoming the moon. Ben might also label it as 1 due to the playful and unexpected nature of the statement, which aligns with his tendency to label such posts as surprise-related. Chris, however, might label it as 0 because the post lacks a clear indication of confusion or realization that he typically looks for in surprise-related emotions.",0.3333333333333333,0.6666666666666666,0.3333333333333333,0.3333333333333333
126,eeum7k6,SAMMY HAGAR DR 0-0-0-0-0-10-0-0-01-0-01-0-0-10-0-0 HELL YEAH BROTHER SAMMY HAGAR *SAMMY HAGAR* SAMMY SAMMY HAGAR HAGAR,1,1,0,"The post is a repetitive and enthusiastic mention of 'Sammy Hagar,' which could indicate excitement or enthusiasm rather than surprise-related emotions. Andy might see the repetition and enthusiasm as a form of surprise or astonishment, leading to a label of 1. Ben might interpret the enthusiasm as a form of surprise, labeling it as 1. Chris, however, might not see any confusion, curiosity, realization, or surprise in the post, leading to a label of 0.",1,1,0,"Andy might label it as 1 due to the enthusiastic and repetitive nature, which could be seen as a form of surprise or astonishment. Ben might also label it as 1, interpreting the enthusiasm as a form of surprise. Chris might label it as 0, as he may not see any confusion, curiosity, realization, or surprise in the post.",0.6666666666666666,0.6666666666666666,0.0,0.0
127,ef7w18n,"What Da?!?!?!! Welp, ya learn something new!!!! Damn!!!!",0,0,0,"The post expresses a strong sense of surprise and realization, as indicated by the exclamations and the phrase 'ya learn something new.' Andy tends to label posts with clear expressions of surprise or realization as surprise-related, so he would likely label this as 1. Ben often labels posts with surprise or astonishment as surprise-related, and the multiple exclamations suggest a strong emotional reaction, so he would likely label this as 1. Chris is more conservative in labeling posts as surprise-related and often requires a more explicit context of surprise or realization, so he might label this as 0.",1,1,0,"Andy would likely label the post as 1 due to the clear expression of surprise and realization. Ben would also likely label it as 1 because of the strong emotional reaction indicated by the exclamations. Chris might label it as 0, as he often requires more explicit context for surprise-related emotions.",0.0,0.6666666666666666,0.6666666666666666,0.6666666666666666
128,eewa7ht,Mo bam a or sicko mode,1,1,0,"The post 'Mo bam a or sicko mode' seems to be referencing two popular songs, 'Mo Bamba' by Sheck Wes and 'Sicko Mode' by Travis Scott. The post does not explicitly convey any surprise-related emotions such as confusion, curiosity, realization, or surprise. It appears to be a simple comparison or preference question between two songs. Andy, who tends to label posts with more explicit surprise or realization, would likely not see this as surprise-related. Ben, who sometimes labels posts with a broader interpretation of surprise, might see a slight element of curiosity in the comparison, but it's not strong. Chris, who is more conservative in labeling surprise-related emotions, would likely not see this as surprise-related.",0,0,0,Label by Andy: 0 | Label by Ben: 0 | Label by Chris: 0,0.6666666666666666,0.0,0.6666666666666666,0.6666666666666666
129,eeydvnz,Get himmmmmmmmmmmmmm!!!!!!,0,1,0,"The post 'Get himmmmmmmmmmmmmm!!!!!!' is an expression of excitement or enthusiasm, possibly in a competitive or playful context. It does not clearly convey confusion, curiosity, realization, or surprise. Andy tends to label posts with a clear element of surprise or realization, which this post lacks. Ben often labels posts with a sense of excitement or unexpectedness, which might apply here due to the enthusiastic tone. Chris usually requires a more explicit indication of surprise-related emotions, which this post does not provide.",0,1,0,Label by Andy: 0 | Label by Ben: 1 | Label by Chris: 0,0.3333333333333333,0.3333333333333333,0.0,0.0
130,ef7t3mt,"That's what you get when you stretch a series for too long.... ""Ohhh gee....welp.... another one.....""",1,0,0,"The post expresses a sense of realization and mild surprise at the predictability of a series that has been stretched for too long. Andy might see the realization aspect as a surprise-related emotion, leading him to label it as 1. Ben often labels posts with a sarcastic or resigned tone as surprise-related, so he might also label it as 1. Chris tends to be more conservative in labeling surprise-related emotions and might not see enough surprise or confusion in this post, so he would likely label it as 0.",1,1,0,Andy might label the post as 1 due to the realization aspect. Ben might label it as 1 because of the sarcastic tone indicating a mild surprise. Chris might label it as 0 as he may not see enough surprise-related emotion.,0.3333333333333333,0.6666666666666666,0.3333333333333333,0.3333333333333333
131,edpa5je,Reading some of the stories on this sub make me appreciate my family more.,0,0,0,"The post expresses a realization or a newfound appreciation for the poster's family after reading stories on a subreddit. This realization aspect could be seen as a surprise-related emotion. Andy tends to label posts with a realization aspect as surprise-related, so he might label this as 1. Ben often labels posts with a subtle realization or appreciation as surprise-related, so he might also label this as 1. Chris, however, tends to require a more explicit expression of surprise or confusion, and this post might not meet his threshold, so he might label it as 0.",1,1,0,"Andy might label this post as 1 because it involves a realization aspect, which he often considers as surprise-related. Ben might also label it as 1 due to the appreciation and realization aspect. Chris might label it as 0 because the post lacks explicit surprise or confusion.",0.0,0.6666666666666666,0.6666666666666666,0.6666666666666666
132,eet0t1s,"Ok.... he can *call* it the State of the Union, but that doesn't mean it is.",1,0,0,"The post expresses skepticism about the validity of calling something the 'State of the Union.' Andy might see this as a realization or a challenge to a common assumption, which could be related to surprise. Ben often labels posts with a hint of sarcasm or irony as surprise-related, so he might label this as such due to the implied skepticism. Chris tends to be more conservative in labeling surprise-related emotions and might not see this as exhibiting surprise-related emotions.",1,1,0,"Andy might label this as 1 due to the realization aspect. Ben might label it as 1 because of the skepticism and irony. Chris might label it as 0, as he may not see it as strongly exhibiting surprise-related emotions.",0.3333333333333333,0.6666666666666666,0.3333333333333333,0.3333333333333333
133,ee8d0mo,**IITT'SSSS HIGHHHHH NOOOOOOOONNN**,1,0,0,"The post 'IITT'SSSS HIGHHHHH NOOOOOOOONNN' seems to be a reference to a popular catchphrase from a video game, which is often used in a humorous or exaggerated context. Andy might see this as an expression of surprise or excitement due to the exaggerated and drawn-out nature of the text, which can be associated with surprise-related emotions. Ben might also interpret this as surprise-related due to the dramatic and unexpected presentation of the phrase. Chris, however, might not see this as surprise-related, as it could be interpreted as a simple reference or joke without any deeper emotional context.",1,1,0,Label by Andy: 1 | Label by Ben: 1 | Label by Chris: 0,0.3333333333333333,0.6666666666666666,0.3333333333333333,0.3333333333333333
134,ee77n6c,[NAME] some of these post i read on this sub its just getting too ridiculous,0,0,0,"The post expresses a sentiment that the content on a particular subreddit is becoming 'too ridiculous.' This could imply a sense of surprise or disbelief at the nature of the posts being read. Andy might see this as a realization or surprise at the unexpected nature of the posts, leading to a label of 1. Ben often labels posts with a sense of surprise or unexpectedness as 1, so he might also label this as 1. Chris tends to be more conservative in labeling surprise-related emotions and might not see this as strong enough to warrant a label of 1, so he might label it as 0.",1,1,0,"Andy might label this post as 1 because it expresses a realization or surprise at the ridiculousness of the posts on the subreddit. Ben might also label it as 1 due to the element of surprise or unexpectedness. Chris might label it as 0, as he may not see the expression of surprise as strong enough.",0.0,0.6666666666666666,0.6666666666666666,0.6666666666666666
135,eeu4nnq,I agree. The funny part *is* the funny part.,0,0,0,"The post seems to be a play on words, emphasizing the redundancy in the statement. It doesn't explicitly convey confusion, curiosity, realization, or surprise. Andy might see the humor as a form of realization or surprise, but given his past annotations, he might not label it as surprise-related. Ben often labels humorous or sarcastic posts as surprise-related, so he might label this as such. Chris tends to be more conservative in labeling posts as surprise-related unless there's a clear element of surprise or realization, which this post lacks.",0,1,0,"The post is a humorous statement that plays on the redundancy of the phrase ""the funny part is the funny part."" It doesn't strongly convey surprise-related emotions such as confusion, curiosity, realization, or surprise. Andy might not see this as surprise-related due to the lack of explicit surprise elements. Ben, who often labels humorous or sarcastic posts as surprise-related, might label this as such. Chris, who is more conservative in labeling posts as surprise-related, would likely not see this as exhibiting surprise-related emotions.",0.0,0.3333333333333333,0.3333333333333333,0.16666666666666663
136,edwqt3w,I said nothing of the sort.,0,1,1,"The post 'I said nothing of the sort.' suggests a denial or correction of a previous statement or assumption. Andy might see this as a straightforward denial without any surprise-related emotions, as it lacks elements of confusion, curiosity, realization, or surprise. Ben, however, might interpret the post as having a subtle element of surprise or realization, as the speaker is clarifying a misunderstanding or misinterpretation, which could imply a realization of the miscommunication. Chris is likely to see this as a simple denial without any surprise-related emotions, similar to Andy, as it doesn't explicitly convey confusion, curiosity, or surprise.",0,1,0,Label by Andy: 0 | Label by Ben: 1 | Label by Chris: 0,0.6666666666666666,0.3333333333333333,0.3333333333333333,0.3333333333333333
137,eeyq3lu,"It’s so hard to be a mommy! Chasing kiddos. Work, work, work!!! ",0,0,1,"The post expresses a sentiment of being overwhelmed by the responsibilities of being a mother, which includes chasing kids and working hard. Andy might see this as a realization of the challenges of motherhood, thus labeling it as surprise-related. Ben might not see this as surprise-related because it lacks elements of confusion, curiosity, or astonishment. Chris might also not see this as surprise-related, as it seems more like a statement of fact rather than an expression of surprise or realization.",1,0,0,Andy might label it as 1 due to the realization aspect of the challenges of motherhood. Ben and Chris might label it as 0 because it doesn't strongly convey surprise-related emotions like confusion or astonishment.,0.3333333333333333,0.3333333333333333,0.0,0.0
138,edjmeqh,Weird that a movie star is dating a hot young model?... like what’s weird about that,1,0,0,"The post questions the notion of surprise or weirdness about a common scenario: a movie star dating a young model. Andy might see this as a realization or curiosity about societal norms, thus labeling it as surprise-related. Ben often labels posts with a questioning or sarcastic tone as surprise-related, so he might also label it as such. Chris tends to be more conservative in labeling surprise-related emotions and might not see this as exhibiting surprise-related emotions, as it seems more rhetorical than genuinely surprised.",1,1,0,"Andy might label this post as surprise-related due to the questioning of societal norms, indicating a realization or curiosity. Ben might label it as surprise-related because of the questioning tone, which he often associates with surprise. Chris might not label it as surprise-related, as he tends to be more conservative and might see this as rhetorical rather than genuinely surprised.",0.3333333333333333,0.6666666666666666,0.3333333333333333,0.3333333333333333
139,eewmgiq,"Pokemon Go has kind of helped me with depression, tbh. ",0,0,1,"The post mentions that Pokemon Go has helped with depression, which suggests a realization of the positive impact the game has had on the user's mental health. Andy might see this as a realization, which is a surprise-related emotion, and label it as 1. Ben tends to label posts with a broader interpretation of surprise-related emotions, so he might also label it as 1 due to the positive realization aspect. Chris, however, is more conservative in labeling posts as surprise-related and might not see this as strongly exhibiting surprise-related emotions, so he might label it as 0.",1,1,0,"Andy might label this post as 1 because it involves a realization of the positive impact of Pokemon Go on the user's mental health, which is a surprise-related emotion. Ben might also label it as 1, as he often considers broader interpretations of surprise-related emotions, and the realization aspect fits this. Chris might label it as 0, as he tends to be more conservative in labeling posts as surprise-related and might not see this as strongly exhibiting surprise-related emotions.",0.3333333333333333,0.6666666666666666,0.3333333333333333,0.3333333333333333
140,edpwa5g,I was waiting for that but this isn't r/nononono or r/Holdmybeer,0,1,0,"The post seems to express a sense of expectation or anticipation, which could be related to surprise. However, it also references specific subreddits known for humorous or unexpected content, which might imply a lack of surprise since the user was already expecting something. Andy might see the reference to expectation as a realization or surprise-related emotion. Ben might focus on the humorous aspect and the reference to subreddits, which could indicate a surprise-related context. Chris might not see this as surprise-related since the user was already expecting something and the post is more about humor than surprise.",1,1,0,"The post references a sense of expectation and specific subreddits known for unexpected or humorous content. Andy might see the expectation as a realization or surprise-related emotion, leading to a label of 1. Ben might focus on the humorous aspect and the reference to subreddits, which could indicate a surprise-related context, also leading to a label of 1. Chris might not see this as surprise-related since the user was already expecting something and the post is more about humor than surprise, leading to a label of 0.",0.3333333333333333,0.6666666666666666,0.3333333333333333,0.3333333333333333
141,ee3ipry,"[NAME] has been attacking the basket a lot this game,good to see.",0,1,1,"The post is a straightforward observation about a player's performance in a game. It doesn't express confusion, curiosity, realization, or surprise. Andy tends to label posts with a clear expression of surprise or realization, which this post lacks. Ben sometimes labels posts with a subtle sense of surprise or realization, but this post is more of a neutral observation. Chris usually requires a more explicit expression of surprise-related emotions, which is not present here.",0,0,0,"The post is a straightforward observation about a player's performance in a game. It doesn't express confusion, curiosity, realization, or surprise. Andy tends to label posts with a clear expression of surprise or realization, which this post lacks. Ben sometimes labels posts with a subtle sense of surprise or realization, but this post is more of a neutral observation. Chris usually requires a more explicit expression of surprise-related emotions, which is not present here. Therefore, all three annotators would likely label this post as not exhibiting surprise-related emotions.",0.6666666666666666,0.0,0.6666666666666666,0.6666666666666666
142,edqqvhq,> But it says progressive right in their name.... Here's a beautiful girl for you... ^^/s,0,0,0,"The post seems to express a sense of irony or sarcasm, particularly with the use of ""/s"" which indicates sarcasm. Andy might interpret the sarcasm as a form of realization or surprise, as it points out a contradiction or unexpected aspect. Ben often labels posts with sarcasm or irony as surprise-related, so he might see this as a realization or surprise. Chris tends to be more conservative in labeling posts as surprise-related and might not see this as exhibiting strong surprise-related emotions.",1,1,0,"The post uses sarcasm to highlight a contradiction, which can be seen as a realization or surprise. Andy and Ben are likely to label it as surprise-related due to the irony and unexpectedness, while Chris might not see it as strongly exhibiting surprise-related emotions.",0.0,0.6666666666666666,0.6666666666666666,0.6666666666666666
143,efcx9uv,i feel like slapping /s after everything sucks the fun out. it's not my fault people are autistic.... /s,0,0,0,"The post uses sarcasm, indicated by the ""/s"" at the end, which might suggest a realization or surprise at how sarcasm is perceived. Andy might see the use of sarcasm as a form of realization or surprise, leading to a label of 1. Ben often labels posts with sarcasm or unexpected statements as surprise-related, so he might also label it as 1. Chris tends to be more conservative in labeling surprise-related emotions and might not see this post as exhibiting surprise-related emotions, leading to a label of 0.",1,1,0,"The post discusses the use of sarcasm and how it affects communication. Andy might see the sarcasm as a realization or surprise, leading to a label of 1. Ben often labels sarcastic or unexpected statements as surprise-related, so he might also label it as 1. Chris tends to be more conservative in labeling surprise-related emotions and might not see this post as exhibiting surprise-related emotions, leading to a label of 0.",0.0,0.6666666666666666,0.6666666666666666,0.6666666666666666
144,ef2frnx,"It's ""Lo and behold"" just fyi",1,1,0,"The post 'It's ""Lo and behold"" just fyi' seems to be a correction or clarification of a common phrase. Andy might see this as a realization or a moment of clarification, which could be related to surprise-related emotions, so he might label it as 1. Ben often labels posts with a sense of realization or correction as surprise-related, so he might also label it as 1. Chris tends to be more conservative in labeling posts as surprise-related unless there's a strong element of surprise or confusion, so he might label it as 0.",1,1,0,Label by Andy: 1 | Label by Ben: 1 | Label by Chris: 0,0.6666666666666666,0.6666666666666666,0.0,0.0
145,eddihre,I always thought a visible/sortable +/- x% ranking would be interesting for that reason.,0,1,0,"The post suggests an idea that the author finds interesting, which could indicate a sense of curiosity. However, it doesn't strongly convey confusion, realization, or surprise. Andy tends to label posts with a clear element of surprise or realization, which this post lacks. Ben often labels posts with a hint of curiosity or interest, which this post might have. Chris usually labels posts with more explicit surprise or confusion, which this post does not exhibit.",0,1,0,Andy might label it as 0 because the post doesn't strongly convey surprise-related emotions. Ben might label it as 1 due to the curiosity aspect. Chris might label it as 0 because the post lacks explicit surprise or confusion.,0.3333333333333333,0.3333333333333333,0.0,0.0
146,ef6yw2j,Modern buildings are horrible.. I’ve felt like this before. Stars and birds still fill me with a sense of wonder most often.,1,0,0,"The post expresses a dislike for modern buildings and a sense of wonder towards stars and birds. Andy might focus on the expression of wonder, which could be seen as a realization or surprise-related emotion. Ben often labels posts with a sense of wonder or realization as surprise-related, so he might label this post as such. Chris tends to be more conservative in labeling posts as surprise-related and might not see the expression of wonder as strong enough to warrant a label of surprise-related emotions.",1,1,0,"Andy might label the post as exhibiting surprise-related emotions due to the mention of a sense of wonder, which aligns with realization or surprise. Ben is likely to label it as surprise-related because he often considers expressions of wonder or realization as surprise-related emotions. Chris, however, might not label it as surprise-related, as he tends to require a stronger indication of surprise or realization.",0.3333333333333333,0.6666666666666666,0.3333333333333333,0.3333333333333333
147,edstbuq,The comments under that video are disturbing. People actually see this as a sign of the end of times.,0,0,0,"The post expresses a reaction to comments under a video, which the author finds disturbing. This could indicate a realization or surprise at the nature of the comments. Andy might see the mention of 'disturbing' and 'end of times' as a sign of surprise or realization, leading to a label of 1. Ben often labels posts with a sense of surprise or realization, so he might also label this as 1 due to the unexpected nature of the comments. Chris tends to be more conservative in labeling surprise-related emotions and might not see this as strong enough to warrant a label of 1, so he might label it as 0.",1,1,0,"Andy might label this post as 1 because it shows a realization or surprise at the comments being disturbing and seen as a sign of the end of times. Ben might also label it as 1 due to the unexpected and surprising nature of the comments. Chris might label it as 0, as he may not see the post as strongly exhibiting surprise-related emotions.",0.0,0.6666666666666666,0.6666666666666666,0.6666666666666666
148,ee2u5tv,"> I miss frequent, monogamous sex enough that I miss a relationship very much. This is really the core of why I want a relationship.",1,0,0,"The post expresses a longing for a relationship primarily for the purpose of frequent, monogamous sex. It does not explicitly convey surprise-related emotions such as confusion, curiosity, realization, or surprise. Andy tends to label posts with a more explicit expression of surprise or realization, which is not present here. Ben often labels posts with a broader interpretation of surprise-related emotions, but this post lacks elements of surprise or unexpectedness. Chris is more conservative in labeling posts as surprise-related and would likely not see any surprise-related emotions in this post.",0,0,0,"The post does not exhibit any clear signs of surprise-related emotions such as confusion, curiosity, realization, or surprise. It is more of a straightforward expression of desire and longing for a relationship for specific reasons. Therefore, it is unlikely that any of the annotators would label it as exhibiting surprise-related emotions.",0.3333333333333333,0.0,0.3333333333333333,0.16666666666666663
149,edzeyr1,You are unfortunately far and few between.,0,0,0,"The post 'You are unfortunately far and few between' suggests a realization or acknowledgment of rarity, which could be linked to surprise-related emotions. Andy might see this as a realization of scarcity, which could be surprising. Ben might interpret this as a realization as well, but he tends to label posts with more explicit surprise or confusion. Chris usually requires a more direct expression of surprise or confusion, so he might not label this as surprise-related.",1,0,0,"Andy might label this as 1 due to the realization aspect. Ben might label it as 0 because it lacks explicit surprise or confusion. Chris would likely label it as 0 as well, as it doesn't directly express surprise-related emotions.",0.0,0.3333333333333333,0.3333333333333333,0.16666666666666663
150,edbglsf,Some additional background the robo-voice on that video is horrible.,0,0,0,"The post comments on the quality of a robo-voice in a video, describing it as 'horrible.' There is no indication of surprise, confusion, curiosity, or realization. Andy tends to label posts with a clear expression of surprise or realization, which is not present here. Ben sometimes labels posts with a hint of sarcasm or humor as surprise-related, but this post lacks those elements. Chris is consistent in labeling posts with explicit surprise or realization, which this post does not exhibit.",0,0,0,Label by Andy: 0 | Label by Ben: 0 | Label by Chris: 0,0.0,0.0,0.0,0.0
151,ee6c1pq,...says a fellow redditor.,1,1,0,"The post '...says a fellow redditor.' is quite neutral and lacks any explicit indication of surprise-related emotions. It doesn't show confusion, curiosity, realization, or surprise. Andy tends to label posts with a clear indication of surprise or realization, which this post lacks. Ben sometimes labels posts with a hint of sarcasm or irony as surprise-related, but this post doesn't seem to have that tone. Chris usually requires a more explicit expression of surprise or confusion, which is not present here.",0,0,0,Label by Andy: 0 | Label by Ben: 0 | Label by Chris: 0,0.6666666666666666,0.0,0.6666666666666666,0.6666666666666666
152,ee2ul2w,hehe cheeky little guy,0,0,0,"The post 'hehe cheeky little guy' is playful and light-hearted. It doesn't explicitly convey confusion, curiosity, realization, or surprise. Andy tends to label posts with a clear element of surprise or realization as 1, but this post lacks such elements, so he would likely label it 0. Ben often labels posts with a playful or sarcastic tone as 1, so he might see the cheekiness as a form of surprise-related emotion and label it 1. Chris usually requires a more explicit indication of surprise or realization, which this post does not provide, so he would likely label it 0.",0,1,0,Label by Andy: 0 | Label by Ben: 1 | Label by Chris: 0,0.0,0.3333333333333333,0.3333333333333333,0.16666666666666663
153,ee1x7u3,My daughter just took hers (and failed but not surprisingly). It cost her $125.00.,0,1,1,"The post mentions a daughter taking a test and failing, but the parent notes that the failure was not surprising. This suggests a lack of surprise or astonishment, which is a key aspect of surprise-related emotions. Andy might focus on the mention of failure and the cost, but since the failure was expected, he might not see it as surprise-related. Ben might consider the context of the test and the cost, but since the outcome was expected, he might not label it as surprise-related. Chris is likely to focus on the explicit mention that the failure was not surprising, which aligns with his tendency to not label posts as surprise-related unless there is a clear element of surprise or realization.",0,0,0,"Andy, Ben, and Chris would likely not label this post as exhibiting surprise-related emotions because the post explicitly states that the failure was not surprising, indicating a lack of astonishment or unexpectedness.",0.6666666666666666,0.0,0.6666666666666666,0.6666666666666666
154,edl8nhc,I'm glad your expectations are low..i am expecting full on knee jerk reactions if the game doesn't go well tonight.,1,0,0,"The post expresses an expectation of strong reactions if the game doesn't go well, which could imply a sense of anticipation or surprise. Andy might see the mention of 'knee jerk reactions' as indicative of surprise-related emotions, as it suggests unexpected or sudden responses. Ben might focus on the anticipation of reactions and consider it as a form of realization or surprise. Chris, however, might not see this as surprise-related, as the post is more about expectations rather than an actual surprise or realization.",1,1,0,"Andy might label this as 1 because the mention of 'knee jerk reactions' suggests a potential for surprise or unexpected responses. Ben might also label it as 1 due to the anticipation of reactions, which aligns with surprise-related emotions. Chris might label it as 0, as the post is more about expectations rather than an actual surprise or realization.",0.3333333333333333,0.6666666666666666,0.3333333333333333,0.3333333333333333
155,eeaqc0p,"Do you mean a ""theocracy""?",1,1,1,"The target post 'Do you mean a ""theocracy""?' suggests a correction or clarification, which can be associated with confusion or realization. Andy might see this as a realization or confusion, as the post implies a misunderstanding or a need for clarification. Ben often labels posts with a hint of sarcasm or correction as surprise-related, so he might label this as surprise-related due to the implied correction. Chris tends to be more conservative in labeling posts as surprise-related unless there's a clear indication of surprise or confusion, so he might not label this as surprise-related.",1,1,0,Andy might label this as 1 due to the realization or confusion aspect. Ben might label this as 1 because of the implied correction or sarcasm. Chris might label this as 0 as he might not see a strong enough indication of surprise-related emotions.,1.0,0.6666666666666666,0.33333333333333337,0.1666666666666667
156,efdehiv,"> ""But I'm their father. They have to,"" he kept saying. And there is delusion colliding with reality.",1,1,0,"The post describes a situation where someone is experiencing a realization or a collision between their expectations and reality. This aligns with the aspect of realization, which is a part of surprise-related emotions. Andy tends to label posts that involve a realization or a shift in understanding as surprise-related, so he might label this as 1. Ben often labels posts with a sense of irony or unexpected outcomes as surprise-related, so he might also label this as 1. Chris, however, tends to be more conservative in labeling posts as surprise-related and might not see this as strongly exhibiting surprise-related emotions, so he might label it as 0.",1,1,0,Label by Andy: 1 | Label by Ben: 1 | Label by Chris: 0,0.6666666666666666,0.6666666666666666,0.0,0.0
157,ee2h261,Gotta love that good old libertarian to fascist pipeline.,0,1,0,"The post makes a statement about a 'libertarian to fascist pipeline,' which could imply a realization or surprise about a perceived political shift. Andy might see this as a realization or surprise about political ideologies, thus labeling it as surprise-related. Ben often labels posts with a hint of sarcasm or irony as surprise-related, so he might also label this as such due to the sarcastic tone. Chris tends to be more conservative in labeling surprise-related emotions and might not see this as exhibiting surprise-related emotions, as it could be interpreted as a straightforward statement without an element of surprise or realization.",1,1,0,"Andy might label this post as exhibiting surprise-related emotions due to the realization aspect of the political shift mentioned. Ben might also label it as surprise-related because of the sarcastic tone, which he often associates with surprise. Chris, however, might not label it as surprise-related, as he tends to require a more explicit expression of surprise or realization.",0.3333333333333333,0.6666666666666666,0.3333333333333333,0.3333333333333333
158,eer8fa5,I'd love to hear a man explain why men do this,1,0,0,"The post seems to express a desire for understanding, which could be interpreted as curiosity. Andy might see this as a form of curiosity or realization, as the poster is seeking an explanation. Ben might also interpret this as curiosity, as the post is asking for an explanation. Chris, however, might not see this as surprise-related because it lacks a direct expression of astonishment or confusion, and might interpret it as a rhetorical question rather than genuine curiosity.",1,1,0,"Andy and Ben might label this post as exhibiting surprise-related emotions due to the curiosity aspect, while Chris might not see it as such.",0.3333333333333333,0.6666666666666666,0.3333333333333333,0.3333333333333333
159,edye7va,I didn't see anything in that comment referring to a cactus.,1,0,1,"The post expresses a sense of confusion or realization, as the author seems to be pointing out a discrepancy or misunderstanding regarding a comment and its reference to a cactus. Andy tends to label posts with a clear sense of realization or confusion as surprise-related, so he might label this as 1. Ben often labels posts with subtle surprise or confusion as 1, so he might also label this as 1. Chris, however, tends to require a more explicit expression of surprise or confusion, so he might label this as 0.",1,1,0,Andy might label this post as 1 because it shows a realization or confusion about the absence of a reference to a cactus. Ben might also label it as 1 due to the subtle confusion or realization present. Chris might label it as 0 because the expression of surprise-related emotion is not explicit enough for his criteria.,0.6666666666666666,0.6666666666666666,0.0,0.0
160,efdfu4y,">Dupage county Dupage County just elected a Democratic rep, what on earth are you talking about.",1,1,0,"The post seems to express surprise or disbelief at the statement that Dupage County elected a Democratic representative. This could be seen as a realization or surprise-related emotion, as the author is pointing out a fact that contradicts the previous statement. Andy might see this as a realization or surprise, leading to a label of 1. Ben often labels posts with a sense of surprise or contradiction as surprise-related, so he might also label it as 1. Chris tends to be more conservative in labeling posts as surprise-related unless there's a strong element of confusion or surprise, so he might label it as 0.",1,1,0,Andy might label this post as 1 because it shows a realization or surprise at the election result. Ben might also label it as 1 due to the contradiction and surprise element. Chris might label it as 0 because the post doesn't strongly convey confusion or surprise to him.,0.6666666666666666,0.6666666666666666,0.0,0.0
161,ef4fl50,reddit was having server issues,0,1,0,"The post 'reddit was having server issues' is a straightforward statement about a technical problem. It does not inherently convey any surprise-related emotions such as confusion, curiosity, realization, or surprise. Andy tends to label posts with a clear expression of surprise or realization, which this post lacks. Ben often labels posts with a hint of sarcasm or unexpectedness, but this post is too factual and lacks those elements. Chris usually requires a more explicit expression of surprise or confusion, which is not present here.",0,0,0,Label by Andy: 0 | Label by Ben: 0 | Label by Chris: 0,0.3333333333333333,0.0,0.3333333333333333,0.16666666666666663
162,ef9kf21,I knew I'd find it.,0,0,0,"The post 'I knew I'd find it.' suggests a realization or a confirmation of an expectation. Andy might see this as a realization, which is a surprise-related emotion, and label it as 1. Ben tends to label posts with a broader interpretation of surprise-related emotions, so he might also label it as 1 due to the realization aspect. Chris, however, often requires a more explicit expression of surprise or confusion, and this post might not meet his threshold, so he might label it as 0.",1,1,0,Label by Andy: 1 | Label by Ben: 1 | Label by Chris: 0,0.0,0.6666666666666666,0.6666666666666666,0.6666666666666666
163,ee8tssd,Yes! I just wish that the good would be gone. It’d be great if he had his Injustice 2 look,0,0,0,"The post expresses a wish for a change in appearance, specifically referencing a character's look in a game. Andy might see this as a realization or surprise-related emotion due to the desire for change and the specific mention of 'Injustice 2 look,' which could imply a realization of a preferred appearance. Ben might interpret the post as expressing curiosity or surprise about the character's look, as he often labels posts with a sense of surprise or unexpectedness. Chris, however, tends to label posts with more explicit surprise or confusion, which this post lacks, as it is more of a wishful statement rather than an expression of surprise or confusion.",1,1,0,Label by Andy: 1 | Label by Ben: 1 | Label by Chris: 0,0.0,0.6666666666666666,0.6666666666666666,0.6666666666666666
164,ed4wjur,"Because the first part of the day was pretty lame, amirite?",1,0,0,"The post expresses a sentiment about the first part of the day being 'pretty lame,' which could imply a sense of realization or surprise if the day was expected to be better. However, the tone seems more resigned or sarcastic rather than genuinely surprised or curious. Andy might see the sarcasm as a form of realization or surprise, while Ben might interpret the rhetorical question 'amirite?' as a sign of seeking validation or shared surprise. Chris, on the other hand, tends to be more conservative in labeling surprise-related emotions and might not see this as exhibiting surprise.",1,1,0,"Andy might label this as 1 due to the sarcastic realization of the day being lame. Ben might also label it as 1 because of the rhetorical question seeking validation, which can be seen as a form of shared surprise. Chris is likely to label it as 0, as he tends to be more conservative in identifying surprise-related emotions.",0.3333333333333333,0.6666666666666666,0.3333333333333333,0.3333333333333333
165,edozf9w,I’m kind of out of the loop... is THIS the big Chungus?,1,1,0,"The post expresses a sense of confusion or lack of understanding, as the user admits to being 'out of the loop' and questions whether something is 'the big Chungus.' This indicates a realization or curiosity about a topic they are not familiar with. Andy tends to label posts with a sense of realization or confusion as surprise-related, so he might label this as 1. Ben often labels posts with curiosity or confusion as surprise-related, so he might also label this as 1. Chris, however, seems to require a stronger element of surprise or astonishment, which this post lacks, so he might label it as 0.",1,1,0,"The post shows confusion and curiosity about a topic, which aligns with surprise-related emotions. Andy and Ben are likely to label it as 1 due to the confusion and curiosity expressed. Chris, however, might not see it as strong enough in surprise to label it as 1, so he would likely label it as 0.",0.6666666666666666,0.6666666666666666,0.0,0.0
166,ef6t8vg,"I mean, Introverted Intuition is a perceiving function and INTJs lead with it, so yeah.",0,0,0,"The post discusses a concept related to personality types, specifically mentioning 'Introverted Intuition' and 'INTJs'. It seems to be a statement of fact or clarification rather than expressing surprise-related emotions. Andy might see this as a straightforward statement without any surprise, confusion, or realization. Ben might consider the mention of 'Introverted Intuition' and 'INTJs' as potentially surprising or curious to some readers, but the post itself doesn't express these emotions. Chris is likely to see this as a factual statement without any emotional undertones related to surprise.",0,0,0,Label by Andy: 0 | Label by Ben: 0 | Label by Chris: 0,0.0,0.0,0.0,0.0
167,eey42p5,She is probably cheating on you. :(,0,0,0,"The post suggests a realization or suspicion that someone might be cheating, which could be surprising or shocking to the person being addressed. Andy might see this as a realization or surprise-related emotion due to the implication of infidelity. Ben often labels posts with a hint of surprise or unexpectedness, so he might also see this as surprise-related. Chris tends to be more conservative in labeling posts as surprise-related unless there's a clear indication of surprise or confusion, so he might not label this as surprise-related.",1,1,0,"Andy and Ben are likely to label this post as exhibiting surprise-related emotions due to the implication of infidelity, which can be surprising or shocking. Chris, however, might not see it as surprise-related because it lacks a clear indication of surprise or confusion.",0.0,0.6666666666666666,0.6666666666666666,0.6666666666666666
168,eeb0wut,now 8 in a week. smh,0,0,0,"The post 'now 8 in a week. smh' is quite vague and lacks context, making it difficult to determine if it conveys surprise-related emotions. However, the use of 'smh' (shaking my head) suggests a sense of disbelief or disappointment, which could be related to surprise. Andy might see the lack of explicit surprise-related emotions and label it as 0. Ben, who often labels posts with subtle surprise or disbelief as 1, might see the 'smh' as an indication of surprise-related emotion and label it as 1. Chris tends to require more explicit expressions of surprise, so he might label it as 0.",0,1,0,Label by Andy: 0 | Label by Ben: 1 | Label by Chris: 0,0.0,0.3333333333333333,0.3333333333333333,0.16666666666666663
169,ef0tnl6,"Because the content creators don't deserve to be paid, your seconds spent listening to ads are too valuable!",1,0,0,"The post seems to convey sarcasm or irony, suggesting that the speaker is surprised or critical of the idea that content creators don't deserve to be paid. Andy might see this as a realization or surprise at the absurdity of the statement, leading to a label of 1. Ben often labels posts with sarcasm or irony as surprise-related, so he might also label it as 1. Chris tends to be more conservative in labeling surprise-related emotions and might not see this as exhibiting strong surprise-related emotions, so he might label it as 0.",1,1,0,"Andy might label this post as 1 because it reflects a realization or surprise at the absurdity of the statement. Ben might also label it as 1 due to the sarcastic tone, which he often associates with surprise-related emotions. Chris, however, might label it as 0, as he tends to be more conservative in identifying surprise-related emotions and might not see this post as strongly exhibiting them.",0.3333333333333333,0.6666666666666666,0.3333333333333333,0.3333333333333333
170,ed8w7gg,The important thing is that you're having fun,0,1,0,"The post 'The important thing is that you're having fun' does not explicitly convey any surprise-related emotions such as confusion, curiosity, realization, or surprise. It seems more like a statement of encouragement or a reminder to enjoy oneself. Andy tends to label posts with surprise-related emotions when there is a clear indication of surprise or realization, which is not present here. Ben often labels posts with a broader interpretation of surprise-related emotions, but this post lacks any elements of surprise or unexpectedness. Chris is consistent in labeling posts with surprise-related emotions only when they are explicitly present, which is not the case here.",0,0,0,"The post is a straightforward statement encouraging fun, without any elements of surprise-related emotions. Therefore, Andy, Ben, and Chris would likely all label it as not exhibiting surprise-related emotions.",0.3333333333333333,0.0,0.3333333333333333,0.16666666666666663
171,edjzp2e,"Change politicians' healthcare to that of the average citizen, and this could all be sorted out much faster. ",0,0,0,"The post suggests a realization or a proposal that changing politicians' healthcare to match that of the average citizen could lead to faster resolutions. Andy might see this as a realization or a surprising insight into how policy could be influenced, thus labeling it as surprise-related. Ben might also see this as a realization or a surprising suggestion, leading him to label it as surprise-related. Chris, however, might not see this as exhibiting surprise-related emotions, as it could be interpreted as a straightforward suggestion without an element of surprise or realization.",1,1,0,Label by Andy: 1 | Label by Ben: 1 | Label by Chris: 0,0.0,0.6666666666666666,0.6666666666666666,0.6666666666666666
172,ee2r3i6,I DONT LIKE EM PUTTIN CHEMICALS IN THE WATER TO TURN THE FRIGGIN FROGS GAY **UNH UNH UNH**,0,0,0,"The post expresses a strong opinion about chemicals in the water, which could be interpreted as a realization or surprise about the situation. Andy might see the exaggerated expression as a form of surprise or realization. Ben often labels posts with strong expressions or unexpected statements as surprise-related, so he might label this as surprise due to the unexpected nature of the claim. Chris tends to be more conservative in labeling surprise-related emotions and might not see this as surprise-related, viewing it more as a rant or strong opinion without the element of surprise.",1,1,0,"Andy might label this post as exhibiting surprise-related emotions due to the strong expression and potential realization about the chemicals in the water. Ben is likely to label it as surprise-related because of the unexpected and exaggerated nature of the statement. Chris, however, might not see it as surprise-related, viewing it more as a strong opinion or rant without the element of surprise.",0.0,0.6666666666666666,0.6666666666666666,0.6666666666666666
173,ee56f9m,I wish him good luck trying to get the video back but his chances are quite low. It's one man versus a corporate empire.,0,0,0,"The post expresses a sentiment of skepticism about an individual's chances against a large corporation. Andy might see this as a realization of the difficulty of the situation, which could be related to surprise. Ben often labels posts with a sense of irony or sarcasm as surprise-related, and this post has a hint of that. Chris tends to label posts with more explicit surprise or confusion, which this post lacks.",1,1,0,Andy might label this post as exhibiting surprise-related emotions due to the realization aspect of the difficulty faced by the individual. Ben might also label it as surprise-related due to the irony in the situation. Chris is less likely to label it as surprise-related as it lacks explicit surprise or confusion.,0.0,0.6666666666666666,0.6666666666666666,0.6666666666666666
174,ed0pwew,>Pri*toiletries*,1,1,0,"The target post '>Pri*toiletries*' is quite cryptic and lacks context, making it difficult to discern any clear surprise-related emotions. Andy tends to label posts with a clear element of surprise or realization, which this post lacks. Ben often labels posts with a sense of confusion or curiosity, and this post could potentially evoke curiosity due to its cryptic nature. Chris usually requires a more explicit indication of surprise-related emotions, which this post does not provide. Therefore, Andy and Chris are likely to label it as not exhibiting surprise-related emotions, while Ben might label it as exhibiting due to potential curiosity.",0,1,0,Label by Andy: 0 | Label by Ben: 1 | Label by Chris: 0,0.6666666666666666,0.3333333333333333,0.3333333333333333,0.3333333333333333
175,ees4hr7,If fathers could have a say though... do you really think that would result in less children?? Id say it would result in more..,1,0,1,"The post presents a hypothetical scenario about fathers having a say in childbearing decisions. Andy might see this as a realization or curiosity about societal norms, leading to a label of 1. Ben often labels posts with a hint of surprise or realization as 1, so he might also label it as 1 due to the unexpected nature of the statement. Chris tends to be more conservative in labeling surprise-related emotions and might not see this as surprising, so he would likely label it as 0.",1,1,0,Label by Andy: 1 | Label by Ben: 1 | Label by Chris: 0,0.6666666666666666,0.6666666666666666,0.0,0.0
176,efgyfeh,Crazy how [NAME] being a POS had been factual since the 90s but he’s only now feeling the consequences of his actions,1,0,1,"The post expresses a realization about [NAME]'s behavior being consistent over a long period but only recently facing consequences. Andy might see this as a realization, which is a surprise-related emotion, and label it as 1. Ben often labels posts with a sense of realization or surprise as 1, so he might also label it as 1. Chris tends to be more conservative in labeling posts as surprise-related unless there's a strong element of surprise or realization, so he might label it as 0.",1,1,0,Label by Andy: 1 | Label by Ben: 1 | Label by Chris: 0,0.6666666666666666,0.6666666666666666,0.0,0.0
177,edrpjzt,I think sweaty is hilarious in the context of r/forwardsfromgrandma which is where I see it 90% of the time,0,0,0,"The post discusses finding humor in a specific context, which is not directly related to surprise-related emotions. Andy tends to label posts as surprise-related when there is a clear element of realization or surprise, which is not present here. Ben often labels posts as surprise-related when there is a humorous or unexpected element, so he might see the humor in the context as a form of surprise. Chris usually requires a more explicit indication of surprise or confusion, which this post does not provide.",0,1,0,"Andy would likely label this post as 0 because it doesn't exhibit any clear signs of surprise, confusion, or realization. Ben might label it as 1 due to the humorous context, which he often associates with surprise-related emotions. Chris would probably label it as 0, as the post lacks explicit surprise or confusion.",0.0,0.3333333333333333,0.3333333333333333,0.16666666666666663
178,edqb4r6,"Congrats, you got pleb filtered",0,0,0,"The post 'Congrats, you got pleb filtered' seems to convey a sense of realization or surprise, as it implies that someone has been unexpectedly categorized or filtered out. Andy might see this as a realization or surprise-related emotion, given his tendency to label posts with subtle surprise elements as 1. Ben might also label it as 1, as he often identifies surprise in posts with a sarcastic or unexpected twist. Chris, however, tends to be more conservative in labeling posts as surprise-related and might not see this as strongly exhibiting surprise-related emotions, so he would likely label it as 0.",1,1,0,"Andy might label this post as 1 because it involves a realization or surprise element. Ben might also label it as 1 due to the sarcastic tone and unexpected categorization. Chris would likely label it as 0, as he tends to require more explicit surprise-related emotions.",0.0,0.6666666666666666,0.6666666666666666,0.6666666666666666
179,edvcebf,"It was a nice one too! GO AHEAD [NAME], SLAP THAT HAM!",0,0,0,"The post contains an exclamatory statement, which might suggest surprise or excitement. However, the phrase 'SLAP THAT HAM' seems more humorous or playful rather than genuinely surprising. Andy might see the exclamation as a sign of surprise-related emotion, while Ben might interpret the humor as a form of surprise. Chris, on the other hand, tends to be more conservative in labeling posts as surprise-related and might not see this as fitting the criteria.",1,1,0,"Andy might label it as 1 due to the exclamatory nature and potential surprise. Ben might also label it as 1, interpreting the humor as a form of surprise. Chris is likely to label it as 0, as he might not see it as fitting the criteria for surprise-related emotions.",0.0,0.6666666666666666,0.6666666666666666,0.6666666666666666
180,edwpv9u,"It would be that much in the States too but, subsidized. Edit: not sure about the down votes. ",1,1,1,"The post discusses a comparison of costs between the States and another place, mentioning subsidies. The edit about not understanding the down votes suggests a hint of confusion or surprise about the reaction to the post. Andy might see the confusion about down votes as a surprise-related emotion, leading to a label of 1. Ben often labels posts with a hint of confusion or surprise as 1, so he might also label it as 1. Chris tends to be more conservative in labeling surprise-related emotions and might not see enough evidence of surprise, so he might label it as 0.",1,1,0,"Andy might label the post as 1 due to the confusion about the down votes, which can be seen as a surprise-related emotion. Ben might also label it as 1, as he often considers confusion or surprise in his labeling. Chris might label it as 0, as he tends to require more explicit evidence of surprise-related emotions.",1.0,0.6666666666666666,0.33333333333333337,0.1666666666666667
181,ed13wpz,"Oh, they're as real to me as [NAME] to me man. I don't leave he house without throwin some chick bones first.",0,1,0,"The post uses a metaphorical expression about 'throwin some chick bones' which might imply a ritual or superstition, potentially indicating a sense of surprise or realization about the importance of this action. Andy might see this as a realization or surprise due to the unusual nature of the statement. Ben often labels posts with a sense of humor or sarcasm as surprise-related, so he might label this as surprise-related due to the humorous and unexpected nature of the statement. Chris tends to be more conservative in labeling posts as surprise-related and might not see this as exhibiting surprise-related emotions, as it lacks a clear indication of confusion, curiosity, or realization.",1,1,0,"Andy might label this post as surprise-related due to the unusual and metaphorical nature of the statement, which could indicate a realization or surprise. Ben might also label it as surprise-related because of the humorous and unexpected nature of the statement, which aligns with his tendency to label humorous posts as surprise-related. Chris, however, might not label it as surprise-related, as it lacks a clear indication of confusion, curiosity, or realization.",0.3333333333333333,0.6666666666666666,0.3333333333333333,0.3333333333333333
182,eeuqql8,"Have her listen to the ""year of poligamy"" podcast. You realize that polygamy was more f'd up than you could ever imagine. ",1,1,0,"The post suggests a realization about the nature of polygamy after listening to a podcast. Andy might label this as surprise-related due to the realization aspect, as the post indicates a newfound understanding of how problematic polygamy is. Ben might also see this as surprise-related because the post conveys a sense of astonishment at the severity of the issue. Chris, however, might not label it as surprise-related, as the post is more about sharing information rather than expressing a personal emotional reaction.",1,1,0,"Andy and Ben are likely to label the post as surprise-related due to the realization and astonishment aspects, while Chris might not see it as surprise-related.",0.6666666666666666,0.6666666666666666,0.0,0.0
183,edj0bas,"Munson’s Chocolate right here in my town of Bolton! Also Simoniz ... a major player in cleaning and protection products, right here in Bolton!",1,1,0,"The post expresses a sense of pride and perhaps a bit of surprise or realization about the presence of well-known brands in the town of Bolton. Andy might see the mention of these brands as a realization or surprise, leading to a label of 1. Ben might focus on the pride and local pride aspect, which doesn't strongly indicate surprise-related emotions, so he might label it 0. Chris tends to be more conservative in labeling surprise-related emotions and might not see enough evidence of surprise, so he would likely label it 0.",1,0,0,"Andy might label the post as 1 because it shows realization or surprise about the presence of well-known brands in the town. Ben might label it as 0 because he might not see strong surprise-related emotions, focusing more on the pride aspect. Chris would likely label it as 0, as he tends to be more conservative in labeling surprise-related emotions.",0.6666666666666666,0.3333333333333333,0.3333333333333333,0.3333333333333333
184,edd8sls,The vast majority of stories on r/incest are activities between consenting adults. There is nothing wrong with that.,0,0,0,"The post discusses a controversial topic, but it does not seem to express surprise-related emotions such as confusion, curiosity, realization, or surprise. It appears to be a statement of opinion rather than an expression of astonishment or uncertainty. Andy tends to label posts with a clear expression of surprise or realization, which this post lacks. Ben often labels posts with a hint of surprise or unexpectedness, but this post seems more like a straightforward opinion. Chris is consistent in labeling posts that clearly express surprise-related emotions, which this post does not exhibit.",0,0,0,"The post is a straightforward statement about a controversial topic, lacking elements of surprise-related emotions such as confusion, curiosity, realization, or surprise. It is more of an opinion than an expression of astonishment or uncertainty. Therefore, it is unlikely to be labeled as exhibiting surprise-related emotions by any of the annotators.",0.0,0.0,0.0,0.0
185,ed529aa,A bash that doesn’t guaranty anything? Isn’t that a bad thing I mean it’s one of the complaints of heard about lawbringers shove,1,0,1,"The post expresses a sense of confusion or uncertainty about a 'bash' that doesn't guarantee anything, which could be interpreted as a realization or surprise about the situation. Andy might see the confusion and realization aspect and label it as surprise-related. Ben often labels posts with a sense of confusion or realization as surprise-related, so he might also label it as such. Chris tends to be more conservative in labeling posts as surprise-related and might not see enough evidence of surprise-related emotions in this post.",1,1,0,Label by Andy: 1 | Label by Ben: 1 | Label by Chris: 0,0.6666666666666666,0.6666666666666666,0.0,0.0
186,eekng66,"Yea feel sad for that kid, that native guy is an anti [NAME] activist who destroyed his life ",0,0,0,"The post expresses sympathy for a kid whose life was allegedly destroyed by an activist. Andy might focus on the emotional aspect of feeling sad for the kid, which doesn't directly relate to surprise-related emotions. Ben might consider the unexpected nature of an activist destroying someone's life as a surprising realization, thus labeling it as surprise-related. Chris might not see any direct surprise-related emotions, as the post primarily conveys sadness and blame rather than surprise, confusion, or curiosity.",0,1,0,"Andy might not see any surprise-related emotions in the post, as it primarily conveys sadness and blame. Ben might see the unexpected nature of the situation as a surprising realization, thus labeling it as surprise-related. Chris might not see any direct surprise-related emotions, as the post primarily conveys sadness and blame rather than surprise, confusion, or curiosity.",0.0,0.3333333333333333,0.3333333333333333,0.16666666666666663
187,edsyyel,"... Oh dear gods, no...",1,0,0,"The post 'Oh dear gods, no...' suggests a reaction to something unexpected or shocking. Andy might interpret this as a realization or surprise, given the expression of disbelief or shock. Ben often labels posts with a sense of surprise or unexpectedness, so he might also see this as surprise-related. Chris tends to be more conservative in labeling surprise-related emotions and might not see enough context to label it as such.",1,1,0,"Andy might label this as 1 due to the expression of surprise or realization. Ben might also label it as 1, as it conveys a sense of unexpectedness or shock. Chris might label it as 0, as he may not find enough context to determine a surprise-related emotion.",0.3333333333333333,0.6666666666666666,0.3333333333333333,0.3333333333333333
188,efcwgis,I just use undercrackers or crackers. Knickers/panties sounds weird when I say it,1,1,0,"The post discusses the use of different terms for underwear, expressing a personal preference and noting that certain terms sound weird when spoken by the author. Andy might see this as a simple expression of personal preference without any surprise-related emotions, so he would likely label it as 0. Ben might consider the mention of terms sounding weird as a mild form of confusion or realization, which could lead him to label it as 1. Chris tends to label posts with surprise-related emotions less frequently, and this post doesn't strongly convey such emotions, so he would likely label it as 0.",0,1,0,Label by Andy: 0 | Label by Ben: 1 | Label by Chris: 0,0.6666666666666666,0.3333333333333333,0.3333333333333333,0.3333333333333333
189,efch6sd,The right time would have been never being there in the first place,0,0,1,"The post expresses a sentiment of regret or hindsight, suggesting that the situation should have been avoided entirely. Andy might see this as a realization of a mistake or an unexpected outcome, which could be linked to surprise-related emotions. Ben might interpret this as a straightforward statement without any surprise-related emotions, as it lacks elements of confusion, curiosity, or astonishment. Chris is likely to agree with Ben, as the post does not explicitly convey surprise or confusion, but rather a reflection on a past decision.",1,0,0,"Andy might label this as 1 due to the realization aspect, while Ben and Chris might label it as 0, seeing it as a reflective statement without surprise-related emotions.",0.3333333333333333,0.3333333333333333,0.0,0.0
190,edz6of7,Iq designed by the military to see who would be the best pencil pusher subordinates,0,1,0,"The post seems to express a realization or a critical view about the purpose of IQ tests, suggesting they are designed by the military to identify subordinates. Andy might see this as a realization or a surprising perspective, leading to a label of 1. Ben often labels posts with a critical or sarcastic tone as surprise-related, so he might also label it as 1. Chris tends to be more conservative in labeling posts as surprise-related unless there's a clear element of surprise or confusion, so he might label it as 0.",1,1,0,"Andy might label this post as 1 because it presents a realization or a surprising perspective about IQ tests. Ben might also label it as 1 due to the critical and possibly sarcastic tone, which he often associates with surprise-related emotions. Chris, however, might label it as 0 because he tends to require a more explicit element of surprise or confusion to assign a label of 1.",0.3333333333333333,0.6666666666666666,0.3333333333333333,0.3333333333333333
191,eee0qmy,She still cute tho,0,0,0,"The post 'She still cute tho' is a simple statement expressing an opinion about someone's appearance. It does not inherently convey any surprise-related emotions such as confusion, curiosity, realization, or surprise. Andy tends to label posts with a clear element of surprise or realization, which this post lacks. Ben often labels posts with a broader interpretation of surprise-related emotions, but this post does not seem to fit those criteria either. Chris is more conservative in labeling posts as surprise-related, and this post does not meet his criteria either.",0,0,0,Label by Andy: 0 | Label by Ben: 0 | Label by Chris: 0,0.0,0.0,0.0,0.0
192,ee336jk,I figured just being there is the main help. I will probably ask them as many questions as they ask me.,0,1,1,"The post expresses a sense of realization and curiosity. The speaker acknowledges the importance of their presence as a form of help, which indicates a realization. Additionally, the mention of asking questions suggests curiosity, as there is a desire to learn or understand more. Andy tends to label posts with realization or curiosity as surprise-related, so he might label this as 1. Ben often labels posts with curiosity as surprise-related, so he might also label this as 1. Chris, however, tends to be more conservative in labeling posts as surprise-related and might not see enough surprise-related emotion here, so he might label it as 0.",1,1,0,"Andy might label this post as 1 because it involves realization and curiosity, which are aspects of surprise-related emotions. Ben might also label it as 1 due to the curiosity expressed in the post. Chris might label it as 0, as he tends to be more conservative and might not see enough surprise-related emotion in this post.",0.6666666666666666,0.6666666666666666,0.0,0.0
193,eex2oi3,I don't even find her that loud or that wild I think he's just no fun.,0,0,0,"The post expresses an opinion about someone being perceived as 'loud' or 'wild' and another person being 'no fun.' Andy might see this as a straightforward opinion without surprise-related emotions, as it lacks elements of confusion, curiosity, realization, or surprise. Ben might interpret the post as a subtle realization or surprise about the difference in perception between the speaker and the person being described, but it's not strong enough to warrant a label of surprise-related emotions. Chris is likely to see this as a simple statement of opinion without any surprise-related emotions, similar to Andy.",0,0,0,Label by Andy: 0 | Label by Ben: 0 | Label by Chris: 0,0.0,0.0,0.0,0.0
194,edy9mpa,Basically how I discovered I’m bi—,1,1,0,"The post 'Basically how I discovered I’m bi—' suggests a realization or a moment of becoming aware of one's own sexual orientation, which is a significant personal discovery. Andy tends to label posts with a sense of realization or personal discovery as surprise-related, so he might label this as 1. Ben often labels posts with a sense of realization or curiosity as surprise-related, so he might also label this as 1. Chris, however, tends to be more conservative in labeling posts as surprise-related and might not see this as surprising, so he might label it as 0.",1,1,0,Label by Andy: 1 | Label by Ben: 1 | Label by Chris: 0,0.6666666666666666,0.6666666666666666,0.0,0.0
195,edfmaua,YES YES YES VERY EPIC,1,0,0,"The post 'YES YES YES VERY EPIC' expresses a strong positive reaction, which could be interpreted as surprise or excitement. Andy might label this as surprise-related due to the intensity and repetition of 'YES,' indicating a realization or astonishment. Ben often labels posts with strong emotional expressions as surprise-related, so he might also label this as such. Chris tends to be more conservative in labeling posts as surprise-related unless there is a clear indication of confusion or realization, which might not be evident here.",1,1,0,Label by Andy: 1 | Label by Ben: 1 | Label by Chris: 0,0.3333333333333333,0.6666666666666666,0.3333333333333333,0.3333333333333333
196,edq1rmk,Oh damn it! I was just on my way to the post box,0,0,1,"The post expresses a mild frustration or realization, as indicated by 'Oh damn it!' which suggests something unexpected or inconvenient happened. Andy might see this as a realization or surprise due to the unexpected nature of the event. Ben often labels posts with expressions of surprise or unexpected events as surprise-related, so he might label it as such. Chris tends to be more conservative in labeling posts as surprise-related unless there's a clear indication of surprise or confusion, which this post lacks.",1,1,0,Label by Andy: 1 | Label by Ben: 1 | Label by Chris: 0,0.3333333333333333,0.6666666666666666,0.3333333333333333,0.3333333333333333
197,edsa7nk,I prefer men under 5’10 but I’ve never heard anyone piss and moan or call *that* discrimination.,0,0,0,"The post discusses a personal preference for men under 5'10 and contrasts it with the concept of discrimination. Andy might see this as a realization or surprise about societal reactions to preferences, thus labeling it as surprise-related. Ben might focus on the contrast and the implicit surprise or realization about societal norms, leading him to label it as surprise-related. Chris, however, might not see any strong elements of surprise, confusion, or realization, as the post seems more like a statement of opinion rather than an expression of surprise-related emotions.",1,1,0,Label by Andy: 1 | Label by Ben: 1 | Label by Chris: 0,0.0,0.6666666666666666,0.6666666666666666,0.6666666666666666
198,ee40ae3,"I always tried to go first if possible tbh. You're not gonna get away, might as get it over with quickly.",0,1,0,"The post seems to express a resigned acceptance of a situation, suggesting a preference to face it head-on rather than delay the inevitable. Andy might see this as a realization of an unavoidable outcome, which could be linked to surprise-related emotions. Ben might not see this as surprise-related, as it lacks elements of confusion, curiosity, or astonishment. Chris is likely to agree with Ben, as the post doesn't convey any strong surprise-related emotions.",1,0,0,"Andy might label this as 1 due to the realization aspect, while Ben and Chris would likely label it as 0, as it doesn't strongly convey surprise-related emotions.",0.3333333333333333,0.3333333333333333,0.0,0.0
199,edq2byf,Im sure you’ll love it,0,0,0,"The post 'Im sure you’ll love it' is a simple statement expressing confidence that someone will enjoy something. It does not explicitly convey any surprise-related emotions such as confusion, curiosity, realization, or surprise. Andy tends to label posts with a clear element of surprise or realization, which this post lacks. Ben often labels posts with a hint of sarcasm or unexpectedness, but this post is straightforward and lacks those elements. Chris usually requires a more explicit indication of surprise or realization, which is not present here.",0,0,0,"The post 'Im sure you’ll love it' is a simple statement expressing confidence that someone will enjoy something. It does not explicitly convey any surprise-related emotions such as confusion, curiosity, realization, or surprise. Andy tends to label posts with a clear element of surprise or realization, which this post lacks. Ben often labels posts with a hint of sarcasm or unexpectedness, but this post is straightforward and lacks those elements. Chris usually requires a more explicit indication of surprise or realization, which is not present here. Therefore, all three annotators would likely label this post as not exhibiting surprise-related emotions.",0.0,0.0,0.0,0.0
200,eczttpz,"No, but even if you did, you'll find nothing special.",0,0,0,"The post expresses a dismissive attitude, suggesting that even if someone were to look into something, they would find nothing special. This indicates a lack of surprise or astonishment, as the speaker seems to have a clear expectation of the outcome. Andy might see this as a straightforward statement without surprise-related emotions, as it lacks confusion, curiosity, or realization. Ben, who often labels posts with a hint of sarcasm or irony as surprise-related, might see the dismissive tone as a subtle form of surprise or realization that nothing special exists. Chris tends to label posts with more explicit surprise or confusion, which this post lacks, so he would likely not see it as surprise-related.",0,1,0,"Andy would likely label this post as 0 because it doesn't exhibit any clear signs of surprise-related emotions. Ben might label it as 1, interpreting the dismissive tone as a subtle form of realization or irony. Chris would probably label it as 0, as the post lacks explicit surprise or confusion.",0.0,0.3333333333333333,0.3333333333333333,0.16666666666666663
201,edfxqtv,Exactly. It's rediculous,1,0,0,"The post expresses a sentiment of disbelief or disagreement, indicated by the word 'Exactly' followed by 'It's ridiculous.' This could suggest a realization or surprise at the absurdity of a situation. Andy might see this as a realization or surprise-related emotion, as he tends to label posts with a sense of realization or surprise. Ben might also label it as surprise-related due to the expression of disbelief, which aligns with his tendency to label posts that show astonishment or surprise. Chris, however, might not label it as surprise-related, as he often requires a more explicit expression of surprise or confusion, which this post lacks.",1,1,0,"Andy might label this post as 1 because it shows a realization or surprise at something being ridiculous. Ben might also label it as 1 due to the expression of disbelief, which aligns with surprise-related emotions. Chris might label it as 0 because the post lacks explicit surprise or confusion.",0.3333333333333333,0.6666666666666666,0.3333333333333333,0.3333333333333333
202,eey0k4s,*hello. I need a lawyer FTFY,0,0,0,"The post 'hello. I need a lawyer FTFY' could be interpreted in different ways. Andy might see the request for a lawyer as a straightforward statement without any surprise-related emotions, so he might label it as 0. Ben, on the other hand, might interpret the 'FTFY' (fixed that for you) as a humorous or sarcastic addition, which could imply a realization or surprise about needing a lawyer, thus he might label it as 1. Chris tends to be more conservative in labeling posts as surprise-related, and might not see any clear indication of surprise, so he might label it as 0.",0,1,0,Label by Andy: 0 | Label by Ben: 1 | Label by Chris: 0,0.0,0.3333333333333333,0.3333333333333333,0.16666666666666663
203,eda2lhf,"What’s populism? I’ve seen it a lot lately and it seems to have, as far as I can tell...no meaning.",1,1,0,"The post expresses confusion and curiosity about the term 'populism,' indicating a lack of understanding and a desire to learn more about it. Andy tends to label posts that show confusion or curiosity as surprise-related emotions, so he might label this as 1. Ben often labels posts with a sense of realization or curiosity as surprise-related, so he might also label this as 1. Chris, however, tends to be more conservative in labeling posts as surprise-related and might not see this as strongly exhibiting surprise-related emotions, so he might label it as 0.",1,1,0,"Andy might label this post as 1 because it shows confusion and curiosity about the term 'populism.' Ben might also label it as 1 due to the curiosity aspect. Chris might label it as 0, as he may not see the post as strongly exhibiting surprise-related emotions.",0.6666666666666666,0.6666666666666666,0.0,0.0
204,ef6fvc0,Your house/estate must be first on the route. Delivery normally starts at 8am.,0,1,0,"The post seems to be a straightforward statement about delivery logistics, indicating that a particular house or estate is first on the delivery route. There is no evident confusion, curiosity, realization, or surprise in the statement. Andy tends to label posts with a clear indication of surprise or realization, which this post lacks. Ben often labels posts with a hint of sarcasm or unexpectedness, but this post is quite literal and lacks those elements. Chris usually labels posts that are more straightforward and lack surprise-related emotions as 0, which aligns with this post.",0,0,0,Label by Andy: 0 | Label by Ben: 0 | Label by Chris: 0,0.3333333333333333,0.0,0.3333333333333333,0.16666666666666663
205,edme7q2,> Then and only then might you receive ~~a tip~~ **whatever change we have leftover from our grand expenses.**” FTFY. Sadly.,0,1,0,"The post seems to express a sense of realization or disappointment about the situation described, which involves receiving only leftover change instead of a tip. Andy might see this as a realization or a sarcastic surprise about the situation, leading to a label of 1. Ben often labels posts with a sarcastic or ironic tone as surprise-related, so he might also label it as 1. Chris tends to be more conservative in labeling surprise-related emotions and might not see this as strongly exhibiting surprise, so he might label it as 0.",1,1,0,"Andy might label this post as 1 because it conveys a realization or sarcastic surprise about the situation of receiving leftover change instead of a tip. Ben might also label it as 1 due to the sarcastic tone, which he often associates with surprise-related emotions. Chris might label it as 0, as he tends to be more conservative and might not see this as strongly exhibiting surprise.",0.3333333333333333,0.6666666666666666,0.3333333333333333,0.3333333333333333
206,eetb83b,[NAME] made me like a sleep walker.. I did things I didn't remember doing. Scary.,0,0,0,"The post describes a situation where the poster did things they didn't remember doing, which could indicate a realization of unexpected behavior. Andy might see this as a realization or surprise-related emotion due to the unexpected nature of the actions. Ben might also see this as surprise-related due to the mention of 'scary,' which implies an unexpected and startling realization. Chris, however, might not see this as surprise-related, as the post doesn't explicitly express confusion or curiosity, and Chris tends to be more conservative in labeling posts as surprise-related.",1,1,0,"Andy might label this as 1 because the post involves a realization of unexpected behavior. Ben might label it as 1 due to the mention of 'scary,' indicating a startling realization. Chris might label it as 0, as the post doesn't explicitly express confusion or curiosity.",0.0,0.6666666666666666,0.6666666666666666,0.6666666666666666
207,edh5ibt,"Sorry, an errant surge of frustration ",0,0,0,"The post expresses an apology for a surge of frustration, which might indicate a realization of an emotional outburst. Andy might see this as a realization of emotions, thus labeling it as surprise-related. Ben tends to label posts with emotional expressions as surprise-related, so he might also label it as such. Chris, however, often requires more explicit surprise or confusion, and this post might not meet his threshold for surprise-related emotions.",1,1,0,Andy might label this as 1 because the apology and acknowledgment of frustration could indicate a realization of emotions. Ben might label it as 1 due to the emotional expression involved. Chris might label it as 0 because the post lacks explicit surprise or confusion.,0.0,0.6666666666666666,0.6666666666666666,0.6666666666666666
208,edptqo7,I had so many bad Supercuts haircuts that I cringe when I look at the place and go to a fancy schmancy salon exclusively.,1,0,0,"The post expresses a negative experience with Supercuts haircuts, leading to a change in behavior by going to a more upscale salon. Andy might see the realization aspect here, as the person realized the need to change salons due to past experiences. Ben might not see this as surprise-related because it lacks a strong element of astonishment or confusion. Chris is likely to agree with Ben, as the post is more about a decision based on past experiences rather than a surprise or realization.",1,0,0,"Andy might label this as 1 due to the realization aspect, while Ben and Chris would likely label it as 0, as it doesn't strongly convey surprise-related emotions.",0.3333333333333333,0.3333333333333333,0.0,0.0
209,ee595r5,Wtfffff why can’t I have all of the benefits and none of the consequences :( :(,1,0,0,"The post expresses a sense of frustration and confusion, as indicated by the use of 'Wtfffff' and the sad emoticons. The poster seems to be surprised or confused about not being able to have all benefits without consequences, which could be seen as a realization of an unexpected or undesirable truth. Andy might see the expression of surprise and confusion as indicative of surprise-related emotions. Ben often labels posts with a sense of surprise or unexpectedness as surprise-related, so he might also label this as such. Chris tends to be more conservative in labeling posts as surprise-related unless there is a clear indication of surprise or realization, so he might not label this as surprise-related.",1,1,0,Andy might label this post as exhibiting surprise-related emotions due to the expression of confusion and frustration. Ben might also label it as surprise-related because of the unexpectedness and realization aspect. Chris might not label it as surprise-related because he tends to require a clearer indication of surprise or realization.,0.3333333333333333,0.6666666666666666,0.3333333333333333,0.3333333333333333
210,eeuabk6,>Any [NAME] who is married will skip her Well just for fun let's talk for a moment. Going to send you a PM.,0,1,0,"The post seems to be a casual statement about someone named [NAME] who is married and might skip someone. The phrase 'Well just for fun let's talk for a moment' suggests a light-hearted or casual tone, but it doesn't strongly indicate surprise-related emotions such as confusion, curiosity, realization, or surprise. Andy might not see any surprise-related emotions here, as the post doesn't express astonishment or realization. Ben might also not see surprise-related emotions, as the post lacks elements of confusion or curiosity. Chris is likely to agree with Andy and Ben, as the post doesn't convey any strong surprise-related emotions.",0,0,0,"The post is casual and doesn't strongly convey surprise-related emotions. Andy, Ben, and Chris would likely label it as not exhibiting surprise-related emotions.",0.3333333333333333,0.0,0.3333333333333333,0.16666666666666663
211,ef6eyuf,Mine is great at deflating them!!..wait wrong team..,0,1,0,"The post seems to be a humorous comment about a sports team, possibly referencing a well-known incident or stereotype about a team being good at 'deflating' something, which could be a play on words or a joke. Andy might see this as a realization or surprise-related humor, as it involves a twist or unexpected punchline. Ben often labels posts with humor or sarcasm as surprise-related, so he might label it as such. Chris tends to be more conservative in labeling surprise-related emotions and might not see this as fitting the criteria.",1,1,0,"Andy might label this as 1 because the post involves a realization or a humorous twist, which can be seen as a surprise-related emotion. Ben might also label it as 1, as he often considers humorous or sarcastic posts as exhibiting surprise-related emotions. Chris, however, might label it as 0, as he tends to be more conservative and might not see this as fitting the criteria for surprise-related emotions.",0.3333333333333333,0.6666666666666666,0.3333333333333333,0.3333333333333333
212,eer3gx2,I dunno...it was used for a meme and it's very fun to look at,0,1,0,"The post expresses a casual tone with a hint of uncertainty ('I dunno') and mentions that something was used for a meme and is fun to look at. Andy might focus on the uncertainty aspect ('I dunno') and consider it as a mild form of confusion or curiosity, leading to a label of 1. Ben might not see strong surprise-related emotions here, as the post is more about enjoyment and casual observation, so he might label it 0. Chris tends to be more conservative in labeling surprise-related emotions and might not find the post surprising or confusing enough, leading to a label of 0.",1,0,0,"Andy might label the post as 1 due to the uncertainty expressed in 'I dunno', which could be seen as a mild form of confusion or curiosity. Ben might label it as 0 because the post is more about casual enjoyment rather than surprise. Chris might also label it as 0, as he tends to be more conservative in identifying surprise-related emotions.",0.3333333333333333,0.3333333333333333,0.0,0.0
213,edhccyv,He didn't run off like a deadbeat when he thought the kids were his.,1,1,0,"The post seems to express a realization or a surprising fact about someone's behavior, which could be interpreted as a surprise-related emotion. Andy might see the realization aspect and label it as surprise-related. Ben might focus on the unexpected nature of the behavior and also label it as surprise-related. Chris, however, might not see it as strongly surprise-related, as it could be interpreted as a statement of fact rather than an emotional reaction.",1,1,0,"Andy might label this as 1 due to the realization aspect of the post. Ben might also label it as 1 because of the unexpected nature of the behavior described. Chris might label it as 0, seeing it more as a factual statement rather than an expression of surprise-related emotion.",0.6666666666666666,0.6666666666666666,0.0,0.0
214,eej6j6y,This was insane. I knew [NAME] was legit when he swung at a pitch while being intentionally walked and almost hit it out.,1,1,1,"The post describes a surprising and unexpected event where a player almost hit a home run while being intentionally walked. This could be seen as a realization of the player's skill and a surprising moment in the game. Andy might label this as surprise-related due to the unexpected nature of the event. Ben often labels posts with surprise or unexpected elements as surprise-related, so he might also label this as such. Chris tends to be more conservative in labeling posts as surprise-related, focusing on more explicit expressions of surprise or confusion, so he might not label this as surprise-related.",1,1,0,Label by Andy: 1 | Label by Ben: 1 | Label by Chris: 0,1.0,0.6666666666666666,0.33333333333333337,0.1666666666666667
215,ed9zhtc,"Cider, its an acceptable drink to get drunk when you don't like the taste of beer and too much of a man to drink moscato",1,0,0,"The post discusses preferences in alcoholic beverages, with a hint of humor about masculinity and drink choices. Andy might see the humor as a realization or surprise about societal norms, leading to a label of 1. Ben often labels humorous or sarcastic posts as surprise-related, so he might also label it as 1. Chris tends to be more conservative in labeling surprise-related emotions and might not see this post as exhibiting surprise-related emotions, so he would likely label it as 0.",1,1,0,"Andy might find the humor in the post as a realization about societal norms regarding masculinity and drink choices, leading him to label it as 1. Ben often labels humorous or sarcastic posts as surprise-related, so he might also label it as 1. Chris tends to be more conservative in labeling surprise-related emotions and might not see this post as exhibiting surprise-related emotions, so he would likely label it as 0.",0.3333333333333333,0.6666666666666666,0.3333333333333333,0.3333333333333333
216,ed39c77,That 0.75 is not for the same job. It's looking at the totality of female salary vs male salary.,0,0,0,"The post discusses a common topic related to gender pay disparity, which is often debated and analyzed. Andy might see this as a straightforward statement without any surprise-related emotions, as it doesn't express confusion, curiosity, realization, or surprise. Ben, who often labels posts with a hint of sarcasm or irony as surprise-related, might see the post as a realization or a clarification of a common misconception, thus labeling it as surprise-related. Chris tends to label posts as surprise-related only when there is a clear expression of surprise or realization, which this post lacks, as it is more of an informative statement.",0,1,0,"Andy would likely label this post as 0 because it is a factual statement without any emotional expression. Ben might label it as 1, interpreting it as a realization or clarification of a common misconception about gender pay disparity. Chris would likely label it as 0, as the post lacks a clear expression of surprise or realization.",0.0,0.3333333333333333,0.3333333333333333,0.16666666666666663
217,ed518pl,nothing special? I drop stuff like this mate,1,1,1,"The post 'nothing special? I drop stuff like this mate' seems to convey a sense of nonchalance or downplaying something that might be considered impressive by others. Andy might interpret this as a realization or surprise-related emotion because the speaker is addressing someone else's potential surprise or admiration. Ben might see this as a form of surprise-related emotion due to the implied contrast between the speaker's perception and the listener's. Chris, however, might not see this as surprise-related because the post lacks explicit confusion, curiosity, or astonishment.",1,1,0,"Andy might label this as 1 because the post suggests a realization or a response to someone else's surprise. Ben might also label it as 1 due to the implied contrast and potential surprise-related emotion. Chris might label it as 0 because the post doesn't explicitly convey confusion, curiosity, or astonishment.",1.0,0.6666666666666666,0.33333333333333337,0.1666666666666667
218,edpty2b,i remember my grandparents seemed to hate each other. my grandpa had a hearing aid and when grandma starting nagging he'd reach up and turn it off.,0,1,1,"The post describes a humorous memory of the grandparents' relationship, particularly highlighting the grandfather's action of turning off his hearing aid when the grandmother started nagging. Andy might see this as a realization of the dynamics in the grandparents' relationship, which could be surprising or amusing. Ben often labels posts with a humorous or unexpected twist as surprise-related, so he might label this as such due to the unexpected action of the grandfather. Chris tends to be more conservative in labeling posts as surprise-related unless there's a clear element of surprise or confusion, which might not be strongly present here.",1,1,0,"Andy might label this post as exhibiting surprise-related emotions due to the realization aspect of the grandparents' relationship dynamics. Ben is likely to label it as surprise-related because of the unexpected and humorous twist of the grandfather turning off his hearing aid. Chris, however, might not see a strong enough element of surprise or confusion to label it as such.",0.6666666666666666,0.6666666666666666,0.0,0.0
219,edmcgxk,Nice ;),1,0,0,"The post 'Nice ;)' is very brief and does not explicitly convey any surprise-related emotions such as confusion, curiosity, realization, or surprise. It seems more like a simple acknowledgment or expression of approval, possibly with a hint of sarcasm or playfulness due to the winking emoticon. Andy tends to label posts with clear surprise or realization, which this post lacks. Ben sometimes labels posts with subtle or indirect expressions of surprise, but this post is too vague to suggest any surprise-related emotion. Chris usually requires a more explicit indication of surprise-related emotions, which this post does not provide.",0,0,0,The post 'Nice ;)' does not exhibit any clear surprise-related emotions. It is more of a neutral or playful acknowledgment.,0.3333333333333333,0.0,0.3333333333333333,0.16666666666666663
220,edwm69j,> laughing me off. > can’t expect everyone to be current on every topic,0,0,0,"The post seems to express a sense of being laughed at or dismissed, which could imply a feeling of surprise or realization about others' expectations. Andy might see the aspect of realization or surprise in being laughed off, leading to a label of 1. Ben might focus on the aspect of being laughed at and the realization that not everyone is current on every topic, which could be seen as a surprise-related emotion, so he might label it as 1. Chris, however, might not see strong surprise-related emotions in this post, as it could be interpreted as a simple statement of fact or opinion, leading to a label of 0.",1,1,0,"Andy might label the post as 1 due to the realization or surprise in being laughed off. Ben might also label it as 1, seeing the surprise-related emotion in the realization that not everyone is current on every topic. Chris might label it as 0, interpreting it as a straightforward statement without strong surprise-related emotions.",0.0,0.6666666666666666,0.6666666666666666,0.6666666666666666
221,edzyk44,!Remindme last year,1,1,0,"The post '!Remindme last year' seems to be a command or a request to be reminded of something from the previous year. It doesn't explicitly convey any surprise-related emotions such as confusion, curiosity, realization, or surprise. Andy tends to label posts with explicit surprise or realization, which this post lacks. Ben often labels posts with a broader interpretation of surprise-related emotions, but this post doesn't seem to fit his pattern either. Chris is more conservative in labeling surprise-related emotions and would likely not see any in this post.",0,0,0,Label by Andy: 0 | Label by Ben: 0 | Label by Chris: 0,0.6666666666666666,0.0,0.6666666666666666,0.6666666666666666
222,edwbgad,Reverse racism is just racism,0,1,0,"The post 'Reverse racism is just racism' is a statement that could be interpreted in different ways. Andy might see this as a realization or a statement of fact, which could be surprising to some, but not necessarily to him, so he might not label it as surprise-related. Ben might see this as a realization or a controversial statement that could provoke surprise or confusion, so he might label it as surprise-related. Chris might see this as a straightforward statement without any elements of surprise, confusion, or realization, so he might not label it as surprise-related.",0,1,0,Andy might not see this as surprise-related because it is a straightforward statement. Ben might see it as surprise-related due to the potential for realization or controversy. Chris might not see it as surprise-related because it lacks elements of surprise or confusion.,0.3333333333333333,0.3333333333333333,0.0,0.0
223,ed9y6ws,ThE SkY iS FaLLiNg!,1,1,0,"The post 'ThE SkY iS FaLLiNg!' is a dramatic expression that could be interpreted as a metaphor for an unexpected or alarming situation. Andy might see this as a realization or surprise due to the dramatic and exaggerated nature of the statement, which aligns with his tendency to label posts with surprise-related emotions. Ben might also label it as surprise-related due to the unexpected and startling nature of the phrase, which fits his pattern of labeling posts that convey surprise or astonishment. Chris, on the other hand, tends to be more conservative in labeling posts as surprise-related and might not see this as genuinely conveying surprise-related emotions, as it could be interpreted as a humorous or sarcastic remark rather than a genuine expression of surprise.",1,1,0,Label by Andy: 1 | Label by Ben: 1 | Label by Chris: 0,0.6666666666666666,0.6666666666666666,0.0,0.0
224,ee6hjvw,Tell me about it. Never felt like I fit into this gen.,1,1,1,"The post expresses a sentiment of not fitting in, which could be related to confusion or realization about one's place in a generational context. Andy might see this as a realization of not fitting in, thus labeling it as surprise-related. Ben often labels posts with a sense of realization or confusion as surprise-related, so he might also label it as such. Chris tends to be more conservative in labeling posts as surprise-related and might not see this as strongly exhibiting surprise-related emotions.",1,1,0,"Andy might label this post as 1 because it reflects a realization of not fitting in, which can be a surprise-related emotion. Ben might also label it as 1 due to the aspect of realization or confusion about generational fit. Chris, however, might label it as 0, as he tends to require a stronger indication of surprise-related emotions.",1.0,0.6666666666666666,0.33333333333333337,0.1666666666666667
225,efdyjx6,I think [NAME] was being sarcastic.,0,0,0,"The post suggests an interpretation of sarcasm, which might indicate a realization or a moment of understanding. Andy might see this as a realization, thus labeling it as surprise-related. Ben often labels posts with a hint of realization or confusion as surprise-related, so he might also label it as such. Chris tends to be more conservative in labeling posts as surprise-related unless there's a clear indication of surprise or confusion, so he might not label this as surprise-related.",1,1,0,Label by Andy: 1 | Label by Ben: 1 | Label by Chris: 0,0.0,0.6666666666666666,0.6666666666666666,0.6666666666666666
226,eeu206x,*NOW* you understand jokes.,1,1,0,"The post 'NOW you understand jokes.' seems to convey a sense of realization or surprise that someone finally understands jokes. Andy might see this as a realization or surprise-related emotion, as it implies a change in understanding. Ben might also see this as a surprise-related emotion due to the emphasis on 'NOW,' suggesting an unexpected change. Chris, however, might not see this as strongly related to surprise, as it could be interpreted as a sarcastic remark without genuine surprise.",1,1,0,Label by Andy: 1 | Label by Ben: 1 | Label by Chris: 0,0.6666666666666666,0.6666666666666666,0.0,0.0
227,eeegg5k,"I love how he says the crime *solving* boat, like there was another show about a boat committing crimes. ",0,0,0,"The post contains a humorous observation about the phrasing 'crime solving boat,' suggesting the absurdity of a boat committing crimes. Andy might find this amusing and see it as a realization of the absurdity, thus labeling it as surprise-related. Ben often labels humorous or sarcastic posts as surprise-related, so he might also label it as such. Chris tends to be more conservative in labeling surprise-related emotions and might not see this as exhibiting surprise-related emotions, as it is more of a humorous observation than a genuine surprise or realization.",1,1,0,Label by Andy: 1 | Label by Ben: 1 | Label by Chris: 0,0.0,0.6666666666666666,0.6666666666666666,0.6666666666666666
228,eeqxm0u,"I live alone. Well, my dog... I do have to shut the door to keep him out. He gets too personal with his nose.",0,1,0,"The post describes a humorous situation about living alone with a dog that gets too personal. Andy might see the humor as a form of surprise-related emotion, as he has labeled similar humorous posts with surprise-related emotions before. Ben often labels posts with humor or unexpected situations as surprise-related, so he might label this as surprise-related due to the unexpected behavior of the dog. Chris tends to be more conservative in labeling surprise-related emotions and might not see this as exhibiting surprise-related emotions, as it is more of a humorous observation rather than a surprising realization or confusion.",1,1,0,"Andy might label this post as exhibiting surprise-related emotions due to the humorous and unexpected nature of the dog's behavior. Ben is likely to label it as surprise-related because he often considers humor and unexpected situations as surprise-related. Chris, however, might not label it as surprise-related, as he tends to be more conservative and might see it as a simple humorous observation.",0.3333333333333333,0.6666666666666666,0.3333333333333333,0.3333333333333333
229,eelbr0z,I'd smash,1,0,0,"The post 'I'd smash' is a very brief statement that doesn't clearly convey any surprise-related emotions such as confusion, curiosity, realization, or surprise. It seems more like a casual or colloquial expression, possibly referring to attraction or interest, but without any context that suggests surprise or related emotions. Andy might not see any surprise-related emotions here, as the post lacks elements of astonishment or realization. Ben, who sometimes labels posts with a broader interpretation, might still not find enough evidence of surprise-related emotions. Chris, who tends to be more conservative in labeling surprise-related emotions, would likely not see any in this post either.",0,0,0,Label by Andy: 0 | Label by Ben: 0 | Label by Chris: 0,0.3333333333333333,0.0,0.3333333333333333,0.16666666666666663
230,eewrf4e,I wish ne all the luck in the world,0,0,0,"The post 'I wish ne all the luck in the world' does not explicitly convey any surprise-related emotions such as confusion, curiosity, realization, or surprise. It seems to be a simple expression of goodwill or a wish for good fortune. Andy tends to label posts with surprise-related emotions when there is a clear indication of surprise or realization, which is not present here. Ben often labels posts with a broader interpretation of surprise-related emotions, but this post lacks any elements of confusion or curiosity that might prompt him to label it as such. Chris is consistent in labeling posts with surprise-related emotions only when they are explicitly present, which is not the case here.",0,0,0,Label by Andy: 0 | Label by Ben: 0 | Label by Chris: 0,0.0,0.0,0.0,0.0
231,eec7nzq,r/woooosh I guess... xD,1,1,0,"The post 'r/woooosh I guess... xD' seems to reference a common internet meme used when someone misses a joke or doesn't understand something, which could imply a sense of confusion or realization. Andy might see the humor and the potential for confusion or realization, leading him to label it as surprise-related. Ben often labels humorous or sarcastic posts as surprise-related, so he might also label this as such. Chris tends to be more conservative in labeling posts as surprise-related and might not see enough evidence of surprise-related emotions here.",1,1,0,"Andy might label this post as surprise-related due to the potential for confusion or realization implied by the 'woooosh' meme. Ben might also label it as surprise-related because he often considers humorous or sarcastic posts as such. Chris, however, might not see enough evidence of surprise-related emotions and could label it as not surprise-related.",0.6666666666666666,0.6666666666666666,0.0,0.0
232,edmqf2v,"Your smartly worded refutation of the whole of the rest of Christendom has swayed me completely, Rome is the only true home! Hurrah! Hurrah!",0,0,1,"The post uses sarcasm to express a point, which can sometimes be associated with surprise-related emotions like realization or astonishment. However, the tone here seems more mocking than genuinely surprised. Andy might see the sarcasm as a form of realization or surprise, leading to a label of 1. Ben often labels sarcastic or ironic posts as surprise-related, so he might also label it as 1. Chris tends to be more conservative in labeling sarcasm as surprise-related, so he might label it as 0.",1,1,0,"Andy might see the sarcasm as a form of realization or surprise, leading to a label of 1. Ben often labels sarcastic or ironic posts as surprise-related, so he might also label it as 1. Chris tends to be more conservative in labeling sarcasm as surprise-related, so he might label it as 0.",0.3333333333333333,0.6666666666666666,0.3333333333333333,0.3333333333333333
233,eekqltz,Just. Buy. A. Table. It’s got to be less work than... this monstrosity.,1,1,0,"The post expresses a sense of disbelief or astonishment at the effort someone is putting into something that seems unnecessary, suggesting a simpler solution. Andy might see this as a realization or surprise at the unnecessary complexity, leading to a label of 1. Ben often labels posts with a sense of surprise or astonishment, so he might also label it as 1. Chris tends to be more conservative in labeling surprise-related emotions and might not see this as strong enough to warrant a label of 1, so he might label it as 0.",1,1,0,"Andy might label this post as 1 because it conveys a realization or surprise at the unnecessary complexity of the situation. Ben might also label it as 1 due to the astonishment expressed. Chris might label it as 0, as he tends to require a stronger expression of surprise-related emotions.",0.6666666666666666,0.6666666666666666,0.0,0.0
234,ee2lkyz,No worries. We're all pretty worked up about the way this offseason has gone regarding [NAME],1,1,0,"The post expresses a sense of being 'worked up' about the offseason, which could imply some level of surprise or unexpected developments. However, the phrase 'No worries' suggests a level of acceptance or calmness about the situation. Andy might focus on the 'worked up' aspect, seeing it as a realization or surprise about the offseason events. Ben might not see this as surprise-related since the post starts with 'No worries,' indicating a lack of strong emotional reaction. Chris might also not see this as surprise-related, as the overall tone is more about acceptance than surprise.",1,0,0,"Andy might label this as 1 due to the 'worked up' aspect indicating some surprise or realization. Ben would likely label it as 0 because the 'No worries' suggests a lack of surprise. Chris would also likely label it as 0 for similar reasons, focusing on the acceptance tone.",0.6666666666666666,0.3333333333333333,0.3333333333333333,0.3333333333333333
235,ef2bwex,She really tried to make sure it seemed i was at fault too. Now i'm thinking that she just wanted a way out/wanted a scapegoat,0,1,0,"The post reflects a realization and a sense of surprise about the intentions of another person. The poster seems to have come to a new understanding that the other person was trying to make them appear at fault, possibly as a way to escape blame or responsibility. This realization aspect aligns with surprise-related emotions. Andy often labels posts with realizations as surprise-related, so he might label this as 1. Ben tends to label posts with a clear sense of surprise or realization as 1, so he might also label this as 1. Chris, however, is more conservative in labeling posts as surprise-related and might not see this as strongly exhibiting surprise, so he might label it as 0.",1,1,0,"Andy would likely label this post as 1 because it involves a realization about someone's intentions, which is a surprise-related emotion. Ben would also likely label it as 1 due to the realization aspect. Chris might label it as 0, as he tends to be more conservative in identifying surprise-related emotions.",0.3333333333333333,0.6666666666666666,0.3333333333333333,0.3333333333333333
236,ee1xcts,"Mate, you’re a [NAME]. If it wasn’t for us you wouldn’t even exist. ",1,0,0,"The post seems to express a strong opinion or assertion, possibly with a hint of sarcasm or humor. Andy might see the statement as a bold or surprising claim, which could lead him to label it as surprise-related. Ben often labels posts with a hint of sarcasm or humor as surprise-related, so he might also label this as such. Chris tends to be more conservative in labeling surprise-related emotions and might not see this post as exhibiting surprise-related emotions, as it lacks clear confusion, curiosity, or realization.",1,1,0,Label by Andy: 1 | Label by Ben: 1 | Label by Chris: 0,0.3333333333333333,0.6666666666666666,0.3333333333333333,0.3333333333333333
237,edni265,Always gotta have a scapegoat so your chosen economic ideology doesn't look bad!,1,0,1,"The post seems to express a critical opinion about the tendency to blame others to protect an economic ideology. It doesn't explicitly convey surprise-related emotions such as confusion, curiosity, realization, or surprise. Andy tends to label posts with a more direct expression of surprise or realization, which this post lacks. Ben often labels posts with a hint of sarcasm or irony as surprise-related, and this post could be interpreted as sarcastic, suggesting a possible label of 1. Chris usually requires a more explicit expression of surprise-related emotions, which this post does not provide.",0,1,0,"Andy would likely label this post as 0 because it doesn't explicitly express surprise-related emotions. Ben might label it as 1 due to the sarcastic tone, which he often associates with surprise-related emotions. Chris would likely label it as 0, as he requires more explicit expressions of surprise-related emotions.",0.6666666666666666,0.3333333333333333,0.3333333333333333,0.3333333333333333
238,ef2fwvf,Take my up vote...you owe me a punchline you bastard.,1,0,0,"The post expresses a sense of expectation and mild frustration, as the speaker feels that they were left without a punchline after giving an upvote. This could be interpreted as a realization that the expected punchline was missing. Andy might see the humor and mild surprise in the situation, leading to a label of 1. Ben often labels posts with a humorous or sarcastic tone as surprise-related, so he might also label it as 1. Chris tends to be more conservative in labeling surprise-related emotions and might not see enough surprise or realization in this post, leading to a label of 0.",1,1,0,"Andy might label this post as 1 because it involves a realization that the expected punchline was missing, which can be surprising. Ben might also label it as 1 due to the humorous and sarcastic tone, which he often associates with surprise-related emotions. Chris, however, might label it as 0 because he tends to be more conservative in labeling surprise-related emotions and might not see enough surprise or realization in this post.",0.3333333333333333,0.6666666666666666,0.3333333333333333,0.3333333333333333
239,eebojd5,I thought sex would be a great stress reliever.,0,0,1,"The post expresses a realization or a change in expectation about sex being a stress reliever. Andy might see this as a realization, which is a surprise-related emotion, and label it as such. Ben often labels posts with a hint of sarcasm or irony as surprise-related, so he might also label this as surprise-related due to the implied unexpected outcome. Chris tends to be more conservative in labeling posts as surprise-related unless there's a clear indication of surprise or confusion, so he might not label this as surprise-related.",1,1,0,Andy might label this post as surprise-related due to the realization aspect. Ben might also label it as surprise-related because it hints at an unexpected outcome. Chris might not label it as surprise-related because it lacks a clear indication of surprise or confusion.,0.3333333333333333,0.6666666666666666,0.3333333333333333,0.3333333333333333
240,een4ml1,Nothing new is happening. Society never gave a fck about broken men. So it's only natural.,0,0,0,"The post expresses a sense of resignation and acceptance of a societal norm, rather than surprise or confusion. Andy might see the post as a statement of fact without any surprise-related emotions, as it doesn't show confusion, curiosity, or realization. Ben might interpret the post as a commentary on societal issues, which he often labels as surprise-related, but in this case, the post lacks the elements of surprise or realization. Chris tends to label posts with clear surprise or confusion, which this post does not exhibit, as it is more of a resigned statement.",0,0,0,"Andy would likely label this post as 0 because it doesn't express surprise-related emotions; it's more of a resigned statement about society. Ben might also label it as 0, as it lacks the elements of surprise or realization that he often looks for. Chris would likely label it as 0 as well, since the post doesn't show confusion or surprise, but rather a statement of acceptance.",0.0,0.0,0.0,0.0
241,eeu8esi,"Weird, no formatting was applied. I changed to text",1,0,0,"The post 'Weird, no formatting was applied. I changed to text' suggests a sense of confusion or realization. Andy tends to label posts with a clear indication of surprise or realization, so he might label this as 1 due to the unexpected nature of the formatting issue. Ben often labels posts with a broader interpretation of surprise-related emotions, including confusion, so he might also label this as 1. Chris, however, tends to be more conservative in labeling posts as surprise-related unless there is a strong indication of surprise or realization, so he might label this as 0.",1,1,0,Label by Andy: 1 | Label by Ben: 1 | Label by Chris: 0,0.3333333333333333,0.6666666666666666,0.3333333333333333,0.3333333333333333
242,eec4wqa,That's the laziest bro I've ever seen,1,1,1,"The post 'That's the laziest bro I've ever seen' could be interpreted in different ways by the annotators. Andy might see this as a straightforward statement without any surprise-related emotions, as it doesn't explicitly express confusion, curiosity, realization, or surprise. Ben, on the other hand, might interpret the use of 'laziest' as an expression of surprise or astonishment at the level of laziness, which could lead him to label it as surprise-related. Chris is likely to see this as a simple observation without any elements of surprise-related emotions, similar to Andy.",0,1,0,Label by Andy: 0 | Label by Ben: 1 | Label by Chris: 0,1.0,0.3333333333333333,0.6666666666666667,0.6666666666666667
243,eere80w,"hard working, alpha male, jackhammer, merciless, insatiable",1,1,0,"The target post lists a series of strong, assertive adjectives that describe a certain type of male persona. There is no clear indication of surprise-related emotions such as confusion, curiosity, realization, or surprise. Andy tends to label posts with a more direct expression of surprise or realization, which is not present here. Ben often labels posts with a hint of sarcasm or unexpectedness, but this post lacks those elements. Chris usually requires a more explicit expression of surprise-related emotions, which is also absent in this post.",0,0,0,"The post does not exhibit any clear signs of surprise-related emotions. It is more of a straightforward description without elements of confusion, curiosity, realization, or surprise.",0.6666666666666666,0.0,0.6666666666666666,0.6666666666666666
244,eeckn9h,"I knew I recognized this road! Damn, glad she's okay.",0,0,1,"The post expresses a realization ('I knew I recognized this road!') and relief ('Damn, glad she's okay.'), which could be associated with surprise-related emotions. Andy might focus on the realization aspect, which he often considers as surprise-related. Ben might see the relief and the realization as indicative of surprise-related emotions, as he often labels posts with a sense of astonishment or unexpectedness. Chris, however, tends to be more conservative in labeling posts as surprise-related and might not see this post as strongly exhibiting those emotions.",1,1,0,Label by Andy: 1 | Label by Ben: 1 | Label by Chris: 0,0.3333333333333333,0.6666666666666666,0.3333333333333333,0.3333333333333333
245,eet88gk,Ya I’m not opening any PDF from The Company. Rather get my malware the old fashioned way....from porn.,0,1,0,"The post contains a humorous remark about preferring to get malware from porn rather than opening a PDF from a company. Andy might see this as a realization or surprise about the potential risks of opening PDFs, thus labeling it as surprise-related. Ben often labels humorous or sarcastic posts as surprise-related, so he might label it as such due to the unexpected twist in the statement. Chris tends to be more conservative in labeling posts as surprise-related and might not see this as exhibiting surprise-related emotions, as it is more of a humorous statement rather than expressing confusion, curiosity, or realization.",1,1,0,"Andy might label the post as surprise-related due to the realization aspect of the risks associated with opening PDFs. Ben is likely to label it as surprise-related because of the humor and unexpected twist in the statement. Chris might not label it as surprise-related, as he tends to be more conservative and might see it as a humorous statement rather than expressing surprise-related emotions.",0.3333333333333333,0.6666666666666666,0.3333333333333333,0.3333333333333333
246,eep6exv,How the hell do you get downvoted for a submission statement on /r/TrueReddit. Title or not it is still required.,0,0,0,"The post expresses confusion and frustration about being downvoted for a submission statement on a specific subreddit. Andy might label this as surprise-related due to the confusion aspect, as the user is puzzled by the downvotes. Ben often labels posts with a sense of surprise or confusion as surprise-related, so he might also label this as such. Chris tends to be more conservative in labeling posts as surprise-related and might not see enough surprise or realization in this post to label it as such.",1,1,0,"Andy and Ben are likely to label this post as exhibiting surprise-related emotions due to the confusion expressed by the user. Chris, however, might not see enough evidence of surprise or realization to label it as such.",0.0,0.6666666666666666,0.6666666666666666,0.6666666666666666
247,edk1ab7,"""Ahyuck, did ya see that Baseball/Football/Basketball game last night"" <--- you, probably.",0,0,0,"The post seems to be mocking or making a playful jab at someone who might be stereotypically expected to talk about sports. It doesn't directly convey surprise-related emotions like confusion, curiosity, realization, or surprise. Andy might see the humor or sarcasm as a form of surprise, but it's not strong. Ben might see the playful jab as a form of surprise-related emotion, as he has labeled similar posts with humor or sarcasm as surprise-related before. Chris tends to be more conservative in labeling surprise-related emotions and might not see this as fitting the criteria.",0,1,0,Label by Andy: 0 | Label by Ben: 1 | Label by Chris: 0,0.0,0.3333333333333333,0.3333333333333333,0.16666666666666663
248,edvh0ut,"Australia? Edit: No, [NAME], but awfully similar to the situation here in Australia.",1,1,0,"The post starts with a question 'Australia?' which might indicate a sense of curiosity or confusion about a situation. The edit clarifies that the situation is not in Australia but is similar, which could suggest a realization or surprise about the similarity. Andy might see the initial question as a sign of curiosity or confusion, leading to a label of 1. Ben might focus on the realization aspect of the similarity, also leading to a label of 1. Chris, however, might not see strong enough elements of surprise-related emotions and might label it as 0.",1,1,0,"Andy might label the post as 1 due to the initial question indicating curiosity or confusion. Ben might label it as 1 because of the realization of similarity between situations. Chris might label it as 0, as he may not perceive strong surprise-related emotions.",0.6666666666666666,0.6666666666666666,0.0,0.0
249,eeiov4c,"Do all you can. Really everything is put in perspective, my work seems very unimportant right now. ",1,0,1,"The post reflects a realization or a shift in perspective, which can be associated with surprise-related emotions. Andy might see the realization aspect as a surprise-related emotion, leading to a label of 1. Ben often labels posts with a broader interpretation of surprise, including realizations, so he might also label it as 1. Chris tends to be more conservative in labeling surprise-related emotions and might not see this as strongly exhibiting surprise, so he might label it as 0.",1,1,0,"Andy might label this post as 1 because it involves a realization that changes the importance of the poster's work, which can be seen as a surprise-related emotion. Ben might also label it as 1, as he often considers realizations as part of surprise-related emotions. Chris, however, might label it as 0, as he tends to require a more explicit expression of surprise or confusion.",0.6666666666666666,0.6666666666666666,0.0,0.0
250,eeowm05,"yeah, they both suck... i am not a customer of either, and never will be again.",0,0,0,"The post expresses a strong opinion about two entities, indicating dissatisfaction. There is no clear indication of surprise-related emotions such as confusion, curiosity, realization, or surprise. Andy tends to label posts with a clear expression of surprise or realization, which is not present here. Ben sometimes labels posts with a hint of sarcasm or irony as surprise-related, but this post lacks those elements. Chris usually requires a more explicit expression of surprise or realization, which is also absent in this post.",0,0,0,"The post does not exhibit any surprise-related emotions. It is a straightforward expression of dissatisfaction without elements of surprise, confusion, curiosity, or realization.",0.0,0.0,0.0,0.0
251,een7cwl,"I agree. But, if you were delivering shrimps-n-gritz betcha you'd be tempted. ",0,0,0,"The post seems to be a casual statement about being tempted by a specific food item, shrimps-n-gritz. It doesn't explicitly convey confusion, curiosity, realization, or surprise. Andy tends to label posts with a clear element of surprise or realization, which this post lacks. Ben often labels posts with a hint of sarcasm or humor as surprise-related, but this post doesn't strongly exhibit those traits. Chris is more conservative in labeling posts as surprise-related and would likely not see this post as fitting that category.",0,0,0,Label by Andy: 0 | Label by Ben: 0 | Label by Chris: 0,0.0,0.0,0.0,0.0
252,efe7lm2,Still waiting for this,1,0,0,"The post 'Still waiting for this' is quite vague and does not explicitly convey any surprise-related emotions. It could imply anticipation or expectation, but it lacks clear indicators of confusion, curiosity, realization, or surprise. Andy tends to label posts with a clear element of surprise or realization, which this post lacks. Ben often labels posts with a broader interpretation of surprise-related emotions, but this post is too ambiguous even for his criteria. Chris is more conservative in labeling surprise-related emotions and would likely not see any in this post.",0,0,0,"The post 'Still waiting for this' is quite vague and does not explicitly convey any surprise-related emotions. It could imply anticipation or expectation, but it lacks clear indicators of confusion, curiosity, realization, or surprise. Andy tends to label posts with a clear element of surprise or realization, which this post lacks. Ben often labels posts with a broader interpretation of surprise-related emotions, but this post is too ambiguous even for his criteria. Chris is more conservative in labeling surprise-related emotions and would likely not see any in this post. Label by Andy: 0 | Label by Ben: 0 | Label by Chris: 0.",0.3333333333333333,0.0,0.3333333333333333,0.16666666666666663
253,ees3gwt,"lol... always someone to whine and complain. I guess the other countries on the Top 5 are perfect, eh? ",1,0,0,"The post expresses a sarcastic tone, suggesting that the speaker is not genuinely surprised or confused but rather dismissive of complaints about a country. Andy might see the sarcasm as a form of realization or surprise-related emotion, as he has labeled similar posts with sarcasm as surprise-related. Ben often labels posts with sarcasm or irony as surprise-related, so he might also label this as such. Chris tends to be more conservative in labeling surprise-related emotions and might not see this post as exhibiting any surprise-related emotions.",1,1,0,Label by Andy: 1 | Label by Ben: 1 | Label by Chris: 0,0.3333333333333333,0.6666666666666666,0.3333333333333333,0.3333333333333333
254,ee3z2qn,"ahhh yes, that post from 2 years ago with 39 upvotes, remember it like it was yesterday. ",0,0,1,"The post seems to express a sense of realization or surprise at remembering a specific post from two years ago with a certain number of upvotes. Andy might see this as a realization or surprise-related emotion due to the unexpectedness of remembering such a specific detail. Ben might also see this as a surprise-related emotion, as it involves a realization about memory and the passage of time. Chris, however, might not see this as strongly related to surprise, as it could be interpreted as a simple statement without strong emotional content.",1,1,0,"Andy might label this as 1 because it involves a realization or surprise about remembering a specific post from two years ago. Ben might also label it as 1 due to the element of realization and surprise about memory. Chris might label it as 0, as he might not see it as strongly related to surprise-related emotions.",0.3333333333333333,0.6666666666666666,0.3333333333333333,0.3333333333333333
255,eejysos,I can’t translate /s to Texan speak well and forgot so my apologies y’all :),0,0,0,"The post seems to be a light-hearted apology for not being able to translate sarcasm (/s) into Texan speak. It doesn't strongly convey surprise-related emotions like confusion, curiosity, realization, or surprise. Andy might see the apology as a realization of a mistake, but it's not strong enough to warrant a label of surprise-related emotion. Ben might find the humor in the situation and label it as surprise-related due to the unexpected nature of the apology. Chris is likely to see it as a straightforward statement without surprise-related emotions.",0,1,0,"Andy might see the apology as a realization of a mistake, but it's not strong enough to warrant a label of surprise-related emotion. Ben might find the humor in the situation and label it as surprise-related due to the unexpected nature of the apology. Chris is likely to see it as a straightforward statement without surprise-related emotions.",0.0,0.3333333333333333,0.3333333333333333,0.16666666666666663
256,edsi385,"Jokes aside, is anyone on the dev team? ~~taking even a remote look at [NAME]?~~ Fixed for you. LAWL",1,1,0,"The post seems to be a humorous remark about the dev team not paying attention to something, followed by a correction and a laugh (LAWL). Andy might see the humor and the correction as a realization or surprise that something was overlooked, leading to a label of 1. Ben often labels humorous or sarcastic posts as surprise-related, so he might also label it as 1. Chris tends to be more conservative in labeling surprise-related emotions and might not see this as exhibiting surprise, so he would likely label it as 0.",1,1,0,"Andy might see the humor and the correction as a realization or surprise that something was overlooked, leading to a label of 1. Ben often labels humorous or sarcastic posts as surprise-related, so he might also label it as 1. Chris tends to be more conservative in labeling surprise-related emotions and might not see this as exhibiting surprise, so he would likely label it as 0.",0.6666666666666666,0.6666666666666666,0.0,0.0
257,edoqtx9,All I ask is to not embarrass us on National TV like they did against Philly.,0,0,0,"The post expresses a desire for a sports team not to embarrass themselves on national television, referencing a past event against Philadelphia. Andy might see this as a straightforward request without surprise-related emotions, as it lacks elements of confusion, curiosity, realization, or surprise. Ben might interpret the reference to a past embarrassing event as a realization or a subtle surprise-related emotion, as it reflects on an unexpected or disappointing outcome. Chris is likely to see this as a simple expression of hope or expectation without surprise-related emotions, similar to Andy's perspective.",0,1,0,"Andy would likely label this as 0 because the post is a straightforward request without elements of surprise-related emotions. Ben might label it as 1, considering the reference to a past embarrassing event as a realization or subtle surprise-related emotion. Chris would probably label it as 0, viewing it as a simple expression of hope or expectation without surprise-related emotions.",0.0,0.3333333333333333,0.3333333333333333,0.16666666666666663
258,edym1de,that's so sweet,0,0,0,"The post 'that's so sweet' does not explicitly convey any of the surprise-related emotions such as confusion, curiosity, realization, or surprise. It seems to express a sentiment of appreciation or affection rather than surprise. Andy, who often labels posts with a clear element of surprise or realization, would likely not see this as surprise-related. Ben, who sometimes labels posts with a broader interpretation of surprise, might also not find this post to fit the criteria. Chris, who tends to be more conservative in labeling surprise-related emotions, would likely not label this as surprise-related either.",0,0,0,"The post 'that's so sweet' is likely to be labeled as not exhibiting surprise-related emotions by all three annotators, as it does not contain elements of confusion, curiosity, realization, or surprise.",0.0,0.0,0.0,0.0
259,ee8zowv,You don't follow [NAME]. You're a hypocrite following man's interpretation of the word of [NAME]. Youre too stupid to even be embarrassed.,0,0,1,"The post contains a strong accusatory tone, calling someone a hypocrite and stupid. Andy might see the accusatory nature as a form of surprise-related emotion, particularly realization or surprise at the perceived hypocrisy. Ben often labels posts with strong emotions or sarcasm as surprise-related, so he might label this as such due to the strong language and potential sarcasm. Chris tends to be more conservative in labeling surprise-related emotions and might not see this post as exhibiting surprise-related emotions, as it lacks explicit confusion, curiosity, or realization.",1,1,0,Label by Andy: 1 | Label by Ben: 1 | Label by Chris: 0,0.3333333333333333,0.6666666666666666,0.3333333333333333,0.3333333333333333
260,ee3tjdp,Yes its absolutely freeing! And so pure :) Aaah my heart,0,0,0,"The post expresses a positive emotion, likely related to a sense of freedom and purity. There is an exclamation of 'Aaah my heart,' which could indicate a strong emotional response, but it doesn't clearly align with surprise-related emotions like confusion, curiosity, realization, or surprise. Andy tends to label posts with a clear indication of surprise or realization, which this post lacks. Ben often labels posts with a broader interpretation of surprise-related emotions, but this post seems more about joy and contentment. Chris is more conservative in labeling posts as surprise-related unless there is a clear indication, which this post does not provide.",0,0,0,"The post is more about expressing joy and contentment rather than surprise-related emotions. Andy, Ben, and Chris are likely to label it as not exhibiting surprise-related emotions.",0.0,0.0,0.0,0.0
261,edkae6i,Great info. Thx,0,0,0,"The post 'Great info. Thx' is a straightforward expression of gratitude and appreciation. It does not exhibit any elements of surprise-related emotions such as confusion, curiosity, realization, or surprise. Andy, Ben, and Chris are likely to see this as a simple acknowledgment without any underlying surprise-related emotion.",0,0,0,"The post is a simple expression of thanks and does not convey any surprise-related emotions. Therefore, all annotators would likely label it as not exhibiting surprise-related emotions.",0.0,0.0,0.0,0.0
262,edlogc3,*Unfortunately that’s the world we live in now* [NAME]. [NAME] women ruining everything.,1,1,0,"The post expresses a negative sentiment towards women, suggesting they are ruining everything. Andy might see this as a realization or surprise about the state of the world, thus labeling it as surprise-related. Ben often labels posts with a sarcastic or critical tone as surprise-related, so he might also label it as such. Chris tends to be more conservative in labeling surprise-related emotions and might not see this post as exhibiting surprise-related emotions, as it lacks explicit confusion, curiosity, or astonishment.",1,1,0,Label by Andy: 1 | Label by Ben: 1 | Label by Chris: 0,0.6666666666666666,0.6666666666666666,0.0,0.0
263,effxb1h,"Yes, I did, not once...here is my full story: Story of my dead bedroom",0,0,0,"The post seems to be an introduction to a personal story about a 'dead bedroom,' which typically refers to a lack of sexual activity in a relationship. The phrase 'Yes, I did, not once...' suggests a realization or acknowledgment of a repeated action or situation. However, the post itself does not explicitly convey surprise, confusion, or curiosity. Andy might see the acknowledgment as a realization, but it's not strong enough to be considered a surprise-related emotion. Ben might interpret the introduction to a personal story as an invitation to curiosity, but the post lacks explicit surprise-related content. Chris is likely to see this as a straightforward statement without surprise-related emotions.",0,0,0,"The post introduces a personal story about a 'dead bedroom,' which might involve realizations or acknowledgments, but it doesn't strongly convey surprise-related emotions such as confusion, curiosity, or astonishment. Andy might see a slight realization aspect, but it's not strong enough. Ben might consider the introduction as inviting curiosity, but the post lacks explicit surprise-related content. Chris is likely to see this as a straightforward statement without surprise-related emotions.",0.0,0.0,0.0,0.0
264,ee2lqnl,"We had a baby, it's hard to find the time to take them down.",0,0,1,"The post mentions having a baby and the difficulty in finding time, which could imply a realization of the challenges of parenthood. However, it doesn't explicitly convey confusion, curiosity, or surprise. Andy might see the realization aspect as a surprise-related emotion, while Ben and Chris might not see it as strongly related to surprise.",1,0,0,Andy might label this as 1 due to the realization aspect of the challenges of parenthood. Ben and Chris might label it as 0 as it doesn't strongly convey surprise-related emotions.,0.3333333333333333,0.3333333333333333,0.0,0.0
265,eeyh7yx,Its like a tiny hat. A silly itty bitty hat.,1,1,0,"The post describes a 'tiny hat' and a 'silly itty bitty hat,' which could be seen as a humorous or whimsical observation. However, it doesn't strongly convey any of the surprise-related emotions such as confusion, curiosity, realization, or surprise. Andy tends to label posts with a clear element of surprise or realization, which this post lacks. Ben often labels posts with a humorous or unexpected twist as surprise-related, but this post seems more playful than surprising. Chris is more conservative in labeling posts as surprise-related and would likely see this as a simple, playful statement without surprise-related emotions.",0,0,0,"Andy would likely label this post as 0 because it doesn't exhibit a strong element of surprise or realization. Ben might also label it as 0, as the post is more playful than surprising. Chris would likely label it as 0, as it doesn't convey surprise-related emotions.",0.6666666666666666,0.0,0.6666666666666666,0.6666666666666666
266,ef8cq4j,They mug you and ruin the country,1,0,1,"The post 'They mug you and ruin the country' seems to express a strong negative sentiment, possibly anger or frustration, rather than surprise-related emotions. Andy might see this as a straightforward expression of anger without elements of surprise, confusion, or realization. Ben, who sometimes labels posts with a broader interpretation of surprise-related emotions, might see a hint of realization or surprise in the statement about the country's ruin. Chris tends to be more conservative in labeling surprise-related emotions and would likely not see this post as exhibiting such emotions.",0,1,0,"Andy might label this as 0 because the post seems to express anger rather than surprise. Ben might label it as 1, considering the potential realization or surprise about the country's state. Chris would likely label it as 0, as he tends to be more conservative in identifying surprise-related emotions.",0.6666666666666666,0.3333333333333333,0.3333333333333333,0.3333333333333333
267,edn8jgn,"You tried your best, and you failed miserably. The lesson is, never try.",0,0,1,"The post conveys a sense of resignation and sarcasm rather than surprise-related emotions. Andy might see the sarcasm as a form of realization or surprise at the futility of trying, but it's not strong. Ben might interpret the sarcasm as a surprise-related emotion due to the unexpected conclusion of 'never try.' Chris is less likely to see surprise-related emotions here, as the post seems more cynical than surprising.",0,1,0,"Andy might see the sarcasm as a form of realization or surprise at the futility of trying, but it's not strong enough to warrant a label of surprise-related emotions. Ben might interpret the sarcasm as a surprise-related emotion due to the unexpected conclusion of 'never try,' which could be seen as a surprising realization. Chris is less likely to see surprise-related emotions here, as the post seems more cynical than surprising.",0.3333333333333333,0.3333333333333333,0.0,0.0
268,eefz97m,Umm... Dude. Have you seen this planet? It's half penis-monsters already!,1,0,0,"The post uses humor and exaggeration to make a point about the state of the planet, possibly referring to something absurd or unexpected. Andy might see the humor and exaggeration as a form of surprise or realization about the absurdity of the situation, leading to a label of 1. Ben often labels posts with humor or unexpected elements as surprise-related, so he might also label it as 1. Chris tends to be more conservative in labeling surprise-related emotions and might not see this post as exhibiting strong surprise-related emotions, leading to a label of 0.",1,1,0,"Andy might label the post as 1 due to the humorous and exaggerated realization about the planet's state. Ben might also label it as 1 because of the unexpected and humorous nature of the statement. Chris might label it as 0, as he tends to be more conservative in identifying surprise-related emotions and might not see this as strongly exhibiting such emotions.",0.3333333333333333,0.6666666666666666,0.3333333333333333,0.3333333333333333
269,ef13yon,[NAME] did a YT vid and now everyone trying to be like him. Sad!,0,0,0,"The post expresses a sentiment of disappointment or disapproval towards people imitating someone who made a YouTube video. Andy might see this as a realization of a trend, which could be surprising, so he might label it as surprise-related. Ben often labels posts with a sense of irony or sarcasm as surprise-related, and the use of 'Sad!' might be interpreted as such, so he might label it as surprise-related. Chris tends to be more conservative in labeling posts as surprise-related and might not see this as exhibiting surprise-related emotions, as it lacks explicit confusion, curiosity, or astonishment.",1,1,0,Label by Andy: 1 | Label by Ben: 1 | Label by Chris: 0,0.0,0.6666666666666666,0.6666666666666666,0.6666666666666666
270,edji18d,Can we somehow use them to collect co2? Or at least stretch them a bit to try?,1,1,1,"The target post poses a question about using something to collect CO2, which indicates a sense of curiosity and a desire to explore possibilities. Andy tends to label posts with a clear sense of curiosity or realization as surprise-related, so he might label this as 1. Ben often labels posts with a sense of curiosity or unexpected ideas as surprise-related, so he might also label this as 1. Chris, however, tends to be more conservative in labeling posts as surprise-related and might not see this as strongly exhibiting surprise-related emotions, so he might label it as 0.",1,1,0,Andy might label the post as 1 because it shows curiosity about a new idea. Ben might also label it as 1 due to the curiosity and exploration of possibilities. Chris might label it as 0 because he may not see it as strongly exhibiting surprise-related emotions.,1.0,0.6666666666666666,0.33333333333333337,0.1666666666666667
271,eetiwwn,Definitely gonna go lookin' for that mod.,0,0,0,"The post 'Definitely gonna go lookin' for that mod.' suggests a sense of curiosity, as the speaker expresses an intention to seek out a mod. This aligns with the aspect of surprise-related emotions related to curiosity. Andy tends to label posts with a clear expression of curiosity or realization as surprise-related, so he might label this as 1. Ben often labels posts with a sense of curiosity or surprise as 1, so he might also label this as 1. Chris, however, tends to be more conservative in labeling posts as surprise-related unless there is a strong element of surprise or realization, so he might label this as 0.",1,1,0,Label by Andy: 1 | Label by Ben: 1 | Label by Chris: 0,0.0,0.6666666666666666,0.6666666666666666,0.6666666666666666
272,efe1ooy,"If he does still pull through on the appointment, he might be someone to schedule more with... Sorry bout your eye... Hope feel better soon...",0,0,0,"The post expresses a conditional statement about someone potentially being reliable for future appointments, which might indicate a realization or a mild surprise if the person does follow through. However, the overall tone is more about expressing hope and concern for someone's well-being rather than surprise. Andy might see the potential realization aspect and label it as surprise-related. Ben tends to label posts with a broader interpretation of surprise, so he might also see the potential for realization or curiosity about the person's reliability. Chris, on the other hand, usually requires a more explicit expression of surprise or confusion, which this post lacks.",1,1,0,"Andy might label this post as exhibiting surprise-related emotions due to the potential realization aspect of the person's reliability. Ben might also label it as surprise-related, considering the curiosity about future appointments. Chris is likely to label it as not surprise-related, as the post lacks explicit surprise or confusion.",0.0,0.6666666666666666,0.6666666666666666,0.6666666666666666
273,edo5hh7,"Fleur is already a French word, adding the la isn't really frenching it up fyi It's changing ""flower"" to ""the flower"" :)",1,0,0,"The post discusses the use of the French word 'Fleur' and the addition of 'la' to it. Andy might see this as a realization or clarification about language, which could be considered a surprise-related emotion, so he might label it as 1. Ben often labels posts with a humorous or sarcastic tone as surprise-related, and this post has a slightly humorous tone in pointing out the redundancy, so he might label it as 1. Chris tends to label posts with more explicit surprise or confusion, and this post is more of a factual correction, so he might label it as 0.",1,1,0,"Andy might see the post as a realization about language, which could be considered a surprise-related emotion, so he might label it as 1. Ben might find the post's humorous tone in pointing out the redundancy as surprise-related, so he might label it as 1. Chris might see it as a factual correction rather than an expression of surprise, so he might label it as 0.",0.3333333333333333,0.6666666666666666,0.3333333333333333,0.3333333333333333
274,eev930p,...a golden sex toy?,1,1,0,"The post mentions a 'golden sex toy,' which could evoke surprise or curiosity due to its unusual or unexpected nature. Andy might see this as a surprising or curious statement, given his tendency to label posts with unexpected or unusual content as surprise-related. Ben might also label this as surprise-related due to the curiosity aspect, as he often labels posts with elements of surprise or curiosity. Chris, however, tends to be more conservative in labeling posts as surprise-related and might not see this as exhibiting strong surprise-related emotions.",1,1,0,Label by Andy: 1 | Label by Ben: 1 | Label by Chris: 0,0.6666666666666666,0.6666666666666666,0.0,0.0
275,ed61h49,«WHAT ARE YOU DOING IN MY SWAMP????» yelled [NAME].,1,0,0,"The post features a character yelling a question, which could imply surprise or confusion about someone being in their swamp. Andy might see the yelling as an expression of surprise or confusion, leading to a label of 1. Ben often labels posts with surprise-related emotions when there's a strong emotional expression, so he might also label it as 1. Chris tends to be more conservative in labeling surprise-related emotions and might not see this as a genuine expression of surprise, so he might label it as 0.",1,1,0,"Andy might label the post as 1 due to the expression of surprise or confusion in the yelling. Ben might also label it as 1 because of the strong emotional expression. Chris might label it as 0, as he may not see it as a genuine expression of surprise.",0.3333333333333333,0.6666666666666666,0.3333333333333333,0.3333333333333333
276,efh10zd,"tf, didnt know that thx",1,1,0,"The post 'tf, didnt know that thx' suggests a realization or surprise at learning something new. Andy tends to label posts with a clear indication of realization or surprise as 1, so he might label this as 1. Ben often labels posts with any hint of surprise or realization as 1, so he would likely label this as 1 as well. Chris, on the other hand, is more conservative in labeling posts as surprise-related and might not find this post strong enough in surprise-related emotions, so he might label it as 0.",1,1,0,Label by Andy: 1 | Label by Ben: 1 | Label by Chris: 0,0.6666666666666666,0.6666666666666666,0.0,0.0
277,ed9rjga,Reminds me of [NAME] place too.,1,1,1,"The post 'Reminds me of [NAME] place too.' is quite neutral and doesn't explicitly convey any surprise-related emotions. It seems to be a simple statement of reminiscence without any indication of confusion, curiosity, realization, or surprise. Andy tends to label posts with a clear indication of surprise or realization, which this post lacks. Ben often labels posts with a hint of sarcasm or unexpectedness, but this post doesn't seem to fit that pattern. Chris usually labels posts that are straightforward and lack surprise-related emotions as 0, which aligns with this post.",0,0,0,"The post 'Reminds me of [NAME] place too.' is quite neutral and doesn't explicitly convey any surprise-related emotions. It seems to be a simple statement of reminiscence without any indication of confusion, curiosity, realization, or surprise. Andy tends to label posts with a clear indication of surprise or realization, which this post lacks. Ben often labels posts with a hint of sarcasm or unexpectedness, but this post doesn't seem to fit that pattern. Chris usually labels posts that are straightforward and lack surprise-related emotions as 0, which aligns with this post. Label by Andy: 0 | Label by Ben: 0 | Label by Chris: 0.",1.0,0.0,1.0,1.0
278,eefcivw,He hatet [NAME],1,1,0,"The post 'He hatet [NAME]' is quite brief and lacks context. It seems to express a negative sentiment towards someone, but it doesn't clearly convey any surprise-related emotions such as confusion, curiosity, realization, or surprise. Andy might focus on the negative sentiment and consider it as expressing a strong emotion, possibly labeling it as surprise-related. Ben might not see any elements of surprise or astonishment in the post, as it is straightforward and lacks unexpected elements. Chris might also not find any surprise-related emotions, as the post is simply a statement of dislike without any additional context or unexpected twist.",1,0,0,"Andy might label it as 1 due to the strong negative sentiment, Ben might label it as 0 due to lack of surprise elements, and Chris might label it as 0 for similar reasons.",0.6666666666666666,0.3333333333333333,0.3333333333333333,0.3333333333333333
279,edducru,The coolest of beans my friend,0,0,0,"The post 'The coolest of beans my friend' is a casual and friendly expression. It does not explicitly convey any surprise-related emotions such as confusion, curiosity, realization, or surprise. Andy tends to label posts with a clear indication of surprise or realization, which this post lacks. Ben often labels posts with a humorous or unexpected twist as surprise-related, but this post is straightforward and lacks such elements. Chris is consistent in labeling posts that have a clear surprise or confusion, which this post does not exhibit. Therefore, all three annotators are likely to label this post as not exhibiting surprise-related emotions.",0,0,0,Label by Andy: 0 | Label by Ben: 0 | Label by Chris: 0,0.0,0.0,0.0,0.0
280,ee5v1je,My bad if I just leaked /u/keypuncher and /u/ibiteyou 's Christmas card photo...,0,0,0,"The post seems to express a sense of realization or surprise at having potentially leaked a photo, which could be considered a surprise-related emotion. Andy might see the humor or surprise in the situation, as he has labeled similar posts with a sense of realization or surprise as 1. Ben often labels posts with a humorous or unexpected twist as 1, so he might also see this as surprise-related. Chris tends to be more conservative in labeling posts as surprise-related unless there is a clear indication of surprise or confusion, so he might label this as 0.",1,1,0,"Andy might label this as 1 due to the realization aspect of potentially leaking a photo. Ben might label it as 1 because of the unexpected nature of the situation. Chris might label it as 0, as he often requires a more explicit indication of surprise or confusion.",0.0,0.6666666666666666,0.6666666666666666,0.6666666666666666
281,edwxnuk,"> you've absolutely just generically described absolutely everywhere and not just Scotland. Nope, just the difference between scotland and sussex is staggering. ",1,0,0,"The post involves a comparison between Scotland and Sussex, suggesting a realization or surprise about the differences between the two places. Andy might see the realization aspect as a surprise-related emotion, leading to a label of 1. Ben often labels posts with a sense of realization or surprise as 1, so he might also label it as 1. Chris tends to be more conservative in labeling posts as surprise-related unless there's a strong element of surprise or confusion, so he might label it as 0.",1,1,0,"The post discusses the differences between Scotland and Sussex, indicating a realization or surprise about these differences. Andy and Ben might see this as a surprise-related emotion, while Chris might not find it strong enough to label as surprise-related.",0.3333333333333333,0.6666666666666666,0.3333333333333333,0.3333333333333333
282,edrtu7n,I'm surprised he didn't say it was *almost* an inside job,1,1,0,"The post explicitly mentions being 'surprised,' which is a direct indication of surprise-related emotions. Andy tends to label posts with explicit mentions of surprise or realization as exhibiting surprise-related emotions, so he would likely label this as 1. Ben often labels posts with a sense of irony or sarcasm as exhibiting surprise-related emotions, and this post has a sarcastic tone, so he might also label it as 1. Chris, on the other hand, tends to be more conservative in labeling posts as surprise-related unless there is a strong element of confusion or realization, which is not strongly present here, so he would likely label it as 0.",1,1,0,Label by Andy: 1 | Label by Ben: 1 | Label by Chris: 0,0.6666666666666666,0.6666666666666666,0.0,0.0
283,ed19pbv,"I wqs explqining my problems and my past to him, sort of venting, and that's when he offered.",0,1,0,"The post describes a situation where the speaker was explaining their problems and past to someone, and then that person offered something. This could imply a realization or surprise at the offer, as it might have been unexpected. Andy might see this as a realization or surprise due to the unexpected nature of the offer. Ben might also see this as a surprise-related emotion, as the offer could be seen as an unexpected response to venting. Chris, however, might not see this as surprise-related, as the post lacks explicit emotional cues of surprise or confusion.",1,1,0,"Andy might label this as 1 due to the potential realization or surprise at the offer. Ben might also label it as 1, seeing the offer as an unexpected event. Chris might label it as 0, as the post doesn't explicitly convey surprise-related emotions.",0.3333333333333333,0.6666666666666666,0.3333333333333333,0.3333333333333333
284,ed4ways,"Write...all your memories and everything remember about him. Trust me, 10, 20, 30 years from now you’ll be happy you did. ",0,0,0,"The post suggests writing down memories for future reflection, which could imply a realization of the importance of memories over time. Andy might see this as a realization-related emotion, as it involves becoming aware of the value of memories. Ben might not see this as surprise-related because it lacks elements of confusion, curiosity, or astonishment. Chris is likely to agree with Ben, as the post is more about advice and reflection rather than surprise or confusion.",1,0,0,"Andy might label this as 1 due to the realization aspect, while Ben and Chris might label it as 0 because it doesn't strongly convey surprise-related emotions.",0.0,0.3333333333333333,0.3333333333333333,0.16666666666666663
285,ed3rllp,Yup that is my family for you. So wonderful and understanding.... NOT!,0,0,0,"The post uses sarcasm to express dissatisfaction with the family, which could indicate a realization or surprise at their lack of understanding. Andy might see the sarcasm as a form of realization or surprise, leading to a label of 1. Ben often labels posts with sarcasm or irony as surprise-related, so he might also label it as 1. Chris tends to be more conservative in labeling surprise-related emotions and might not see this as strong enough to warrant a label of 1, so he might label it as 0.",1,1,0,"Andy might label the post as 1 due to the sarcastic tone indicating a realization or surprise about the family's behavior. Ben might also label it as 1, as he often considers sarcasm as indicative of surprise-related emotions. Chris might label it as 0, as he tends to require more explicit expressions of surprise or realization.",0.0,0.6666666666666666,0.6666666666666666,0.6666666666666666
286,edtq4l6,Has anyone actually read the terms of service. I haven’t...😔 Is this a valid reason to break the contract I signed?,1,1,0,"The post expresses a sense of confusion and realization. The user is questioning whether not reading the terms of service is a valid reason to break a contract, which indicates a lack of understanding or uncertainty about the implications of their actions. Andy tends to label posts with a clear expression of confusion or realization as surprise-related, so he might label this as 1. Ben often labels posts with a sense of curiosity or confusion as surprise-related, so he might also label this as 1. Chris, however, tends to be more conservative in labeling posts as surprise-related and might not see this as strongly exhibiting surprise-related emotions, so he might label it as 0.",1,1,0,Label by Andy: 1 | Label by Ben: 1 | Label by Chris: 0,0.6666666666666666,0.6666666666666666,0.0,0.0
287,edpedpd,You just said selfless acts were impossible and possible in the same post...,1,1,1,"The target post points out a contradiction in someone's statement, which can evoke surprise-related emotions such as confusion and realization. Andy tends to label posts that highlight contradictions or unexpected realizations as surprise-related, so he might label this as 1. Ben often labels posts that involve some form of surprise or unexpectedness as 1, and this post fits that criterion due to the contradiction. Chris, however, tends to be more conservative in labeling posts as surprise-related and might not see this as strongly exhibiting surprise-related emotions, so he might label it as 0.",1,1,0,Label by Andy: 1 | Label by Ben: 1 | Label by Chris: 0,1.0,0.6666666666666666,0.33333333333333337,0.1666666666666667
288,eext6xt,"Hey [NAME], welcome to reddit! How's your first day? There's no chance you had a previous username, is there?",1,1,0,"The post seems to be a friendly and welcoming message to someone new on Reddit. It includes a question about whether the person had a previous username, which could imply a hint of curiosity or suspicion. However, the overall tone is more casual and conversational rather than expressing strong surprise-related emotions. Andy might see the curiosity in the question about the previous username as a sign of surprise-related emotion. Ben might not see this as surprise-related, as the post is more about welcoming than expressing surprise. Chris is likely to see this as a straightforward welcome without surprise-related emotions.",1,0,0,Andy might label it as 1 due to the curiosity about the previous username. Ben might label it as 0 because the post is more welcoming than surprising. Chris might label it as 0 as it doesn't strongly convey surprise-related emotions.,0.6666666666666666,0.3333333333333333,0.3333333333333333,0.3333333333333333
289,eepj6kt,These are the kinds of dudes that gillette ad is talking about.,1,1,1,"The post references a Gillette ad, which likely refers to the controversial ad about toxic masculinity. Andy might see this as a realization or surprise about the type of people the ad is addressing, thus labeling it as surprise-related. Ben might interpret this as a straightforward statement without surprise-related emotions, as he often labels posts with a more literal interpretation. Chris tends to label posts as not surprise-related unless there's a clear indication of surprise or confusion, which this post lacks.",1,0,0,Label by Andy: 1 | Label by Ben: 0 | Label by Chris: 0,1.0,0.3333333333333333,0.6666666666666667,0.6666666666666667
290,ee2fdqs,"Ah, I see you are a man of culture, as well.",1,0,0,"The post 'Ah, I see you are a man of culture, as well.' seems to express a realization or acknowledgment of shared interests or tastes, which could be seen as a mild surprise or realization. Andy might see this as a realization, thus labeling it as surprise-related. Ben might interpret this as a form of acknowledgment without strong surprise elements, so he might not label it as surprise-related. Chris tends to be more conservative in labeling posts as surprise-related, and this post doesn't strongly convey confusion, curiosity, or surprise, so he would likely not label it as surprise-related.",1,0,0,Label by Andy: 1 | Label by Ben: 0 | Label by Chris: 0,0.3333333333333333,0.3333333333333333,0.0,0.0
291,edh1tcy,"34 year old here... still feel like a 20 year old still trying to figure things out... no kids, no wife, ",0,0,0,"The post reflects a sense of confusion and realization. The author is expressing uncertainty about their life situation, which aligns with confusion, and there is a realization of their current status compared to societal expectations. Andy might label this as surprise-related due to the realization aspect. Ben might not see this as surprise-related since it lacks a strong element of astonishment or unexpectedness. Chris might also not label it as surprise-related, as it seems more reflective than surprising.",1,0,0,"Andy might label this post as surprise-related due to the realization aspect of the author's life situation. Ben might not see it as surprise-related because it lacks a strong element of astonishment or unexpectedness. Chris might also not label it as surprise-related, as it seems more reflective than surprising.",0.0,0.3333333333333333,0.3333333333333333,0.16666666666666663
292,ed7bo38,You can thank the Volkswagen diesel scandal for this...that plate was,0,0,0,"The post references the Volkswagen diesel scandal, which was a significant event that surprised many people when it was uncovered. Andy might see this as a realization or surprise-related emotion due to the unexpected nature of the scandal. Ben often labels posts with a hint of sarcasm or irony as surprise-related, and this post could be interpreted as having a sarcastic tone, suggesting he might label it as surprise-related. Chris tends to be more conservative in labeling posts as surprise-related and might not see this post as exhibiting strong surprise-related emotions, as it lacks explicit confusion, curiosity, or realization.",1,1,0,"Andy might label this post as surprise-related due to the reference to a scandal, which involves realization or surprise. Ben might also label it as surprise-related because of the potential sarcastic tone, which he often associates with surprise. Chris, however, might not see enough explicit surprise-related emotion to label it as such.",0.0,0.6666666666666666,0.6666666666666666,0.6666666666666666
293,ee5gmhs,Will quickly be removed from lobby screen but the game mode selection button will keep the annoying warning/advert.,0,1,0,"The post discusses a change in a game's user interface, specifically mentioning the removal of something from the lobby screen but the persistence of a warning or advert. Andy might see this as a straightforward statement about a game feature without any surprise-related emotions, as it lacks elements of confusion, curiosity, realization, or surprise. Ben, on the other hand, might interpret the mention of an 'annoying warning/advert' as a subtle expression of surprise or frustration, which could be related to surprise-related emotions. Chris is likely to view this as a factual statement without any emotional undertones, similar to Andy.",0,1,0,"Andy would likely label this as 0 because the post is more of a factual statement about a game feature rather than expressing surprise-related emotions. Ben might label it as 1 due to the mention of an 'annoying warning/advert,' which could imply a sense of surprise or frustration. Chris would probably label it as 0, seeing it as a straightforward comment without surprise-related emotions.",0.3333333333333333,0.3333333333333333,0.0,0.0
294,eetw30p,Just do it... Do her I mean... Get it over and done with.,0,1,0,"The post seems to convey a sense of urgency or inevitability, but it doesn't clearly express surprise-related emotions such as confusion, curiosity, realization, or surprise. Andy might see a hint of surprise in the abruptness of the statement, but it's not strong. Ben might interpret the post as having a slight element of surprise due to its directness and unexpectedness. Chris is likely to see it as straightforward and not exhibiting surprise-related emotions.",0,1,0,"Andy might see a hint of surprise in the abruptness of the statement, but it's not strong enough to warrant a label of 1. Ben might interpret the post as having a slight element of surprise due to its directness and unexpectedness, leading to a label of 1. Chris is likely to see it as straightforward and not exhibiting surprise-related emotions, resulting in a label of 0.",0.3333333333333333,0.3333333333333333,0.0,0.0
295,ef2xodn,"I hate they way he says ""ssssshit""",0,0,0,"The post expresses a dislike for the way someone pronounces a word, which could imply a sense of surprise or realization about the pronunciation. However, it doesn't strongly convey confusion, curiosity, or astonishment. Andy might see the emphasis on the pronunciation as a realization or surprise, leading to a label of 1. Ben might not see this as a strong enough indication of surprise-related emotions, as he tends to label more straightforward surprise or confusion, so he might label it 0. Chris generally requires a more explicit expression of surprise or confusion, so he would likely label it 0.",1,0,0,"Andy might label it as 1 due to the emphasis on the pronunciation, suggesting a realization or surprise. Ben might label it as 0, as he tends to require more explicit surprise or confusion. Chris would likely label it as 0, as he usually needs a clearer expression of surprise-related emotions.",0.0,0.3333333333333333,0.3333333333333333,0.16666666666666663
296,edve6xh,"Now if you can teach her english, the real fun starts. ",0,0,0,"The post suggests that once someone learns English, the 'real fun' begins. This could imply a realization or a sense of anticipation for something unexpected or new. Andy might see this as a realization or curiosity about the future, leading to a label of 1. Ben might interpret the post as having a subtle element of surprise or curiosity about what will happen next, so he might also label it as 1. Chris, however, might not see any strong surprise-related emotions and could label it as 0.",1,1,0,"Andy might see the post as expressing a realization or curiosity about the future, leading to a label of 1. Ben might interpret the post as having a subtle element of surprise or curiosity about what will happen next, so he might also label it as 1. Chris, however, might not see any strong surprise-related emotions and could label it as 0.",0.0,0.6666666666666666,0.6666666666666666,0.6666666666666666
297,ed5b1vl,Now THAT is a murder by words!,0,0,0,"The post 'Now THAT is a murder by words!' suggests a reaction to a verbal exchange or comment that was particularly sharp or cutting. Andy might see this as an expression of surprise or realization at the effectiveness of the words, thus labeling it as surprise-related. Ben often labels posts with a sense of astonishment or unexpectedness, so he might also see this as surprise-related due to the emphasis on 'THAT'. Chris tends to be more conservative in labeling surprise-related emotions and might not see this as exhibiting confusion, curiosity, or realization, thus not labeling it as surprise-related.",1,1,0,Label by Andy: 1 | Label by Ben: 1 | Label by Chris: 0,0.0,0.6666666666666666,0.6666666666666666,0.6666666666666666
298,eevuxzh,"I'd rather take the chance that a kind, helpful comment falls on deaf ears than a snide one ends up hurting someone. ",0,1,0,"The post expresses a preference for kindness over negativity, which doesn't directly indicate surprise-related emotions. Andy tends to label posts with a clear element of surprise or realization, which this post lacks. Ben often labels posts with a hint of irony or unexpectedness, but this post is straightforward in its message. Chris usually labels posts with a strong emotional reaction, which is not present here. Therefore, all three annotators are likely to label this post as not exhibiting surprise-related emotions.",0,0,0,Label by Andy: 0 | Label by Ben: 0 | Label by Chris: 0,0.3333333333333333,0.0,0.3333333333333333,0.16666666666666663
299,ee0y9o4,Not really. My group of friends are awesome in every way possible except they are homophobic,0,0,1,"The post expresses a contradiction in the speaker's perception of their friends, which could lead to a realization or surprise about their friends' homophobic behavior. Andy might see the contradiction as a realization of their friends' negative trait, thus labeling it as surprise-related. Ben often labels posts with a sense of irony or contradiction as surprise-related, so he might also label this as surprise-related. Chris tends to be more conservative in labeling posts as surprise-related and might not see this as exhibiting strong surprise-related emotions.",1,1,0,"Andy might label this post as 1 because it involves a realization about the friends' homophobic behavior, which contrasts with the speaker's positive view of them. Ben might also label it as 1 due to the irony and contradiction present in the statement. Chris, however, might label it as 0, as he tends to require more explicit expressions of surprise-related emotions.",0.3333333333333333,0.6666666666666666,0.3333333333333333,0.3333333333333333
300,eeeqe3h,Rural MO. The nearest Whole Foods is an hour away. I can't imagine too many [NAME] could handle the distance.,0,1,0,"The post mentions the distance to the nearest Whole Foods, which might imply a sense of surprise or realization about the rural location and its implications. Andy might see this as a realization about the rural setting and the inconvenience it poses, thus labeling it as surprise-related. Ben often labels posts with a hint of sarcasm or irony as surprise-related, and the mention of 'I can't imagine too many [NAME] could handle the distance' might be interpreted as such, leading him to label it as surprise-related. Chris tends to be more conservative in labeling posts as surprise-related and might not see this post as exhibiting strong surprise-related emotions, thus labeling it as not surprise-related.",1,1,0,"Andy might see the post as expressing a realization about the rural setting and its implications, leading him to label it as surprise-related. Ben might interpret the post's tone as sarcastic or ironic, which he often associates with surprise-related emotions, leading him to label it as surprise-related. Chris might not see strong surprise-related emotions in the post, leading him to label it as not surprise-related.",0.3333333333333333,0.6666666666666666,0.3333333333333333,0.3333333333333333
301,ee8p3sy,The only thing I can think of is [NAME] and [NAME] everyone is very uneasy about.,1,1,0,"The post mentions that 'everyone is very uneasy about' something related to two people, which could imply a sense of confusion or uncertainty among people. Andy might see this as a realization or confusion due to the unease mentioned. Ben might interpret the unease as a form of surprise-related emotion, as he often labels posts with subtle surprise or confusion as 1. Chris, however, tends to require more explicit expressions of surprise or confusion, so he might not label this as surprise-related.",1,1,0,"Andy might label this as 1 due to the mention of unease, which could imply confusion or realization. Ben might also label it as 1, as he often considers subtle surprise or confusion as surprise-related emotions. Chris is likely to label it as 0, as he requires more explicit expressions of surprise or confusion.",0.6666666666666666,0.6666666666666666,0.0,0.0
302,ef1qrb1,Brave would be the movie you’re looking for,1,1,0,"The post 'Brave would be the movie you’re looking for' does not explicitly convey any surprise-related emotions such as confusion, curiosity, realization, or surprise. It seems to be a straightforward statement or suggestion about a movie. Andy tends to label posts with a clear element of surprise or realization, which this post lacks. Ben often labels posts with a hint of sarcasm or unexpectedness, but this post does not seem to have those elements. Chris usually labels posts that are more straightforward and lack surprise-related emotions as 0, which aligns with this post.",0,0,0,"The post 'Brave would be the movie you’re looking for' is a straightforward suggestion without any evident surprise-related emotions. Andy, Ben, and Chris would likely label it as not exhibiting surprise-related emotions.",0.6666666666666666,0.0,0.6666666666666666,0.6666666666666666
303,ed0b10g,you are truly a hogwartsian saint and exmo beautiful one. GG,0,0,1,"The post uses the term 'Hogwartsian saint,' which could imply a sense of admiration or surprise at someone's qualities, but it is more likely a compliment rather than an expression of surprise-related emotions. The use of 'GG' (good game) suggests a positive acknowledgment rather than surprise. Andy might see the use of 'Hogwartsian saint' as a unique expression, possibly indicating surprise. Ben might focus on the positive tone and not see it as surprise-related. Chris is likely to see it as a straightforward compliment without surprise-related emotions.",1,0,0,"Andy might label it as 1 due to the unique expression 'Hogwartsian saint,' which could be seen as surprising. Ben might label it as 0, focusing on the positive tone rather than surprise. Chris would likely label it as 0, seeing it as a compliment without surprise-related emotions.",0.3333333333333333,0.3333333333333333,0.0,0.0
304,ee8xgzm,Why else? Seems that it is just lack of imagination on your part.,1,1,1,"The post 'Why else? Seems that it is just lack of imagination on your part.' suggests a tone of criticism or challenge rather than surprise. Andy might see the post as a challenge to the reader's imagination, which could imply a realization or surprise at the reader's lack of imagination, leading to a label of 1. Ben might interpret the post as a straightforward critique without any surprise-related emotions, leading to a label of 0. Chris might also see it as a critique rather than an expression of surprise, leading to a label of 0.",1,0,0,"Andy might label the post as exhibiting surprise-related emotions due to the implied realization or surprise at the reader's lack of imagination. Ben and Chris might not see it as exhibiting surprise-related emotions, interpreting it more as a critique or challenge.",1.0,0.3333333333333333,0.6666666666666667,0.6666666666666667
305,ef85ptt,"It's a really bad attempt to get attention and make people mad, that everyone in this thread has decided to indulge.",0,0,1,"The post seems to express a critical observation about the behavior of others in a thread, suggesting that the original post was intended to provoke a reaction. Andy might see this as a realization of the situation, thus labeling it as surprise-related. Ben often labels posts with a critical or sarcastic tone as surprise-related, so he might also label this as such. Chris tends to be more conservative in labeling posts as surprise-related and might not see this as exhibiting surprise-related emotions, as it lacks a direct expression of surprise, confusion, or curiosity.",1,1,0,"Andy might label this post as surprise-related due to the realization aspect, as the poster is pointing out the behavior of others in the thread. Ben might also label it as surprise-related because he often considers posts with a critical or sarcastic tone to exhibit surprise-related emotions. Chris, however, might not label it as surprise-related because it doesn't directly express surprise, confusion, or curiosity.",0.3333333333333333,0.6666666666666666,0.3333333333333333,0.3333333333333333
306,edi66rk,"This sub has two rules dude, how could you miss #1",1,1,1,"The post expresses a sense of surprise or disbelief that someone could miss the first rule of the subreddit. Andy might see this as a realization or surprise-related emotion due to the unexpected nature of missing an obvious rule. Ben often labels posts with a sense of surprise or astonishment, so he might also label this as surprise-related. Chris tends to be more conservative in labeling surprise-related emotions and might not see this as strongly exhibiting surprise-related emotions.",1,1,0,"Andy might label this as 1 because the post conveys a sense of surprise or realization about someone missing an obvious rule. Ben might also label it as 1 due to the surprise or astonishment aspect. Chris might label it as 0, as he tends to be more conservative in identifying surprise-related emotions.",1.0,0.6666666666666666,0.33333333333333337,0.1666666666666667
307,ee2tmuv,"I did, I did!!!! Now I feel special ",0,0,0,"The post 'I did, I did!!!! Now I feel special' suggests a sense of realization and surprise. The repeated exclamation marks indicate excitement, which can be associated with surprise. Andy tends to label posts with a sense of realization or surprise as exhibiting surprise-related emotions, so he might label this as 1. Ben often labels posts with excitement or surprise as 1, so he might also label this as 1. Chris, however, tends to be more conservative in labeling posts as surprise-related unless there is a clear indication of confusion or surprise, so he might label this as 0.",1,1,0,"Andy might label this post as 1 because it conveys a sense of realization and excitement, which are aspects of surprise-related emotions. Ben might also label it as 1 due to the excitement and surprise indicated by the exclamation marks. Chris might label it as 0 because he requires a more explicit indication of surprise or confusion, which this post does not strongly convey.",0.0,0.6666666666666666,0.6666666666666666,0.6666666666666666
308,ef4g3yz,Malhama Tactical has been exposed as a sham FYI,1,1,0,"The post 'Malhama Tactical has been exposed as a sham FYI' suggests a revelation or realization about Malhama Tactical being a sham. This could be seen as a surprise or realization for those who believed in its authenticity. Andy tends to label posts with a clear element of realization or surprise as 1, so he might label this as 1. Ben often labels posts with a sense of surprise or unexpected information as 1, so he might also label this as 1. Chris, however, tends to be more conservative in labeling posts as surprise-related unless there's a strong emotional reaction, so he might label this as 0.",1,1,0,Label by Andy: 1 | Label by Ben: 1 | Label by Chris: 0,0.6666666666666666,0.6666666666666666,0.0,0.0
309,ee1kqrd,"i.e. the 13th, 14th, 15th of the [RELIGION] month",1,1,1,"The target post mentions specific dates within a religious month, which might imply a realization or a significant event related to those dates. However, the post itself does not explicitly convey confusion, curiosity, or surprise. Andy tends to label posts with a realization aspect as surprise-related, so he might label this as 1. Ben often labels posts with a broader interpretation of surprise, but this post lacks explicit surprise or astonishment, so he might label it as 0. Chris is more conservative in labeling posts as surprise-related and would likely see this as a straightforward statement without surprise, so he would label it as 0.",1,0,0,"Andy might see the mention of specific dates as a realization or significant event, leading him to label it as surprise-related. Ben might not find enough explicit surprise or astonishment in the post to label it as surprise-related. Chris would likely see this as a straightforward statement without surprise.",1.0,0.3333333333333333,0.6666666666666667,0.6666666666666667
310,edu5i5x,The reason we’re stuck in the shutdown is the democrats. Plain and simple.,1,0,0,"The post expresses a straightforward opinion blaming a political party for a situation, without any indication of surprise, confusion, curiosity, or realization. Andy tends to label posts with a clear opinion or blame without surprise-related emotions as 0. Ben might consider the post as lacking surprise-related emotions since it is a direct statement without any unexpected elements. Chris also tends to label posts that are straightforward and opinionated without surprise-related emotions as 0.",0,0,0,Label by Andy: 0 | Label by Ben: 0 | Label by Chris: 0,0.3333333333333333,0.0,0.3333333333333333,0.16666666666666663
311,edheejf,He... he had someone take that picture for him.,0,1,0,"The post 'He... he had someone take that picture for him.' suggests a sense of surprise or realization. The ellipsis indicates a pause, which often signifies a moment of realization or surprise. Andy tends to label posts with a sense of realization or surprise as exhibiting surprise-related emotions, so he might label this as 1. Ben often labels posts with a sense of surprise or unexpectedness as 1, so he might also label this as 1. Chris, however, tends to be more conservative in labeling posts as surprise-related unless there is a strong indication of surprise or realization, so he might label this as 0.",1,1,0,Label by Andy: 1 | Label by Ben: 1 | Label by Chris: 0,0.3333333333333333,0.6666666666666666,0.3333333333333333,0.3333333333333333
312,eejobug,I’m *BEGGING* that they get it right by the time [NAME] shows up.,1,0,0,"The post expresses a strong desire for something to be done correctly before a specific event or person's arrival. This could indicate a sense of anticipation or hope, which might be related to surprise if the outcome is unexpected. However, it lacks explicit elements of confusion, curiosity, or realization. Andy might see the emphasis on 'BEGGING' as a sign of surprise-related emotion due to the intensity of the plea. Ben might interpret the anticipation and hope as a form of surprise-related emotion, as he often labels posts with subtle surprise elements. Chris, however, tends to require more explicit signs of surprise-related emotions, which this post does not strongly exhibit.",1,1,0,"Andy might label it as 1 due to the intensity of the plea indicating surprise-related emotion. Ben might also label it as 1, seeing the anticipation as a form of surprise-related emotion. Chris would likely label it as 0, as the post lacks explicit signs of surprise-related emotions.",0.3333333333333333,0.6666666666666666,0.3333333333333333,0.3333333333333333
313,ee1otyf,>trying to start a career as a male model/bodybuildel/social-media influencer. Oh boy this made me fall out,1,0,0,"The post seems to express a sense of surprise or disbelief at the idea of someone trying to start a career as a male model/bodybuilder/social-media influencer. The phrase 'Oh boy this made me fall out' suggests a reaction of astonishment or being taken aback, which aligns with surprise-related emotions. Andy tends to label posts with a clear expression of surprise or realization, so he might label this as 1. Ben often labels posts with a humorous or unexpected element as 1, so he might also see this as surprise-related. Chris, however, tends to be more conservative in labeling posts as surprise-related unless there's a strong element of confusion or realization, so he might label this as 0.",1,1,0,Label by Andy: 1 | Label by Ben: 1 | Label by Chris: 0,0.3333333333333333,0.6666666666666666,0.3333333333333333,0.3333333333333333
314,ed99e8a,Get jiggy with it.,1,1,0,"The post 'Get jiggy with it' is a playful and casual expression, often associated with having fun or dancing. It doesn't inherently convey any surprise-related emotions such as confusion, curiosity, realization, or surprise. Andy tends to label posts with a clear element of surprise or realization, which this post lacks. Ben sometimes labels posts with a playful or unexpected twist as surprise-related, but this post is more straightforward and lacks a surprising element. Chris is consistent in labeling posts with clear surprise or confusion, which this post does not exhibit.",0,0,0,"The post 'Get jiggy with it' is a playful and casual expression, often associated with having fun or dancing. It doesn't inherently convey any surprise-related emotions such as confusion, curiosity, realization, or surprise. Andy tends to label posts with a clear element of surprise or realization, which this post lacks. Ben sometimes labels posts with a playful or unexpected twist as surprise-related, but this post is more straightforward and lacks a surprising element. Chris is consistent in labeling posts with clear surprise or confusion, which this post does not exhibit. Therefore, the labels are: Label by Andy: 0 | Label by Ben: 0 | Label by Chris: 0.",0.6666666666666666,0.0,0.6666666666666666,0.6666666666666666
315,ed6z11m,Someone on r/nba said [NAME] was borderline elite defensively...lol,0,0,0,"The post expresses a reaction to a statement made on a forum, suggesting disbelief or amusement at the claim that a player is 'borderline elite defensively.' Andy might see this as a realization or surprise due to the unexpected nature of the statement. Ben often labels posts with a humorous or sarcastic tone as surprise-related, so he might label this as surprise due to the 'lol' indicating amusement. Chris tends to be more conservative in labeling surprise-related emotions and might not see this as exhibiting strong surprise-related emotions, as the post is more about expressing an opinion rather than a clear surprise or realization.",1,1,0,"Andy might label this as 1 because the post reflects a realization or surprise at the unexpected statement. Ben might label it as 1 due to the humorous tone indicated by 'lol,' suggesting amusement or surprise. Chris might label it as 0, as he may not see the post as strongly exhibiting surprise-related emotions.",0.0,0.6666666666666666,0.6666666666666666,0.6666666666666666
316,ed4ky52,It's a combination of the two...,1,1,0,"The post 'It's a combination of the two...' is quite vague and doesn't explicitly convey any surprise-related emotions. It lacks elements of confusion, curiosity, realization, or surprise. Andy tends to label posts with a clear element of surprise or realization as 1, but this post doesn't exhibit those traits. Ben often labels posts with a hint of sarcasm or unexpectedness as 1, but this post doesn't have those elements either. Chris is more conservative in labeling posts as surprise-related and would likely see this as a straightforward statement without surprise-related emotions.",0,0,0,"The post is a simple statement without any clear indication of surprise-related emotions, so all annotators would likely label it as 0.",0.6666666666666666,0.0,0.6666666666666666,0.6666666666666666
317,eear3qq,> Sleeping next to someone I knew my wife is trying to kill me!,0,0,0,"The post suggests a realization or a sudden awareness of a potentially dangerous situation, which is a key aspect of surprise-related emotions. Andy might label this as surprise due to the realization aspect. Ben often labels posts with a sense of surprise or unexpectedness, so he might also label this as surprise-related. Chris tends to be more conservative in labeling surprise-related emotions and might not see this as exhibiting surprise-related emotions, as it could be interpreted as a joke or hyperbole rather than a genuine realization or surprise.",1,1,0,"Andy might label this post as exhibiting surprise-related emotions due to the realization aspect of the situation. Ben might also label it as surprise-related because of the unexpectedness and potential seriousness of the claim. Chris, however, might not label it as surprise-related, as he might interpret it as a joke or exaggeration rather than a genuine expression of surprise or realization.",0.0,0.6666666666666666,0.6666666666666666,0.6666666666666666
318,eeprrmc,"Thanks, I hate moderation (you must get that joke a lot) ",1,0,0,"The post 'Thanks, I hate moderation (you must get that joke a lot)' seems to be a sarcastic or humorous comment about moderation, possibly referring to a common joke or situation. Andy might see the humor as a form of realization or surprise, as it plays on the expectation of moderation being a serious topic. Ben often labels posts with humor or sarcasm as surprise-related, so he might label this as exhibiting surprise-related emotions. Chris tends to be more conservative in labeling surprise-related emotions and might not see this as fitting the criteria, as it lacks a clear element of confusion, curiosity, or realization.",1,1,0,"Andy might label this as 1 due to the humorous twist on a common situation, which can be seen as a realization or surprise. Ben is likely to label it as 1 because he often considers humor and sarcasm as surprise-related. Chris would probably label it as 0, as he tends to require more explicit elements of surprise-related emotions.",0.3333333333333333,0.6666666666666666,0.3333333333333333,0.3333333333333333
319,edzlaqy,"Allowed to, sure. Just don't expect me to provide you lube. And don't complain to me when you start chafing.",1,0,0,"The post uses a metaphorical language that might imply a situation where someone is allowed to do something but should not expect help or comfort from the speaker. Andy might see this as a straightforward statement without surprise-related emotions, as it lacks elements of confusion, curiosity, realization, or surprise. Ben, on the other hand, might interpret the metaphorical language as having a humorous or sarcastic undertone, which he sometimes associates with surprise-related emotions. Chris is likely to see this as a straightforward statement without any surprise-related emotions, similar to Andy.",0,1,0,Label by Andy: 0 | Label by Ben: 1 | Label by Chris: 0,0.3333333333333333,0.3333333333333333,0.0,0.0
320,ef7uazr,I miss mass Rez her new ult is horrendous,1,0,0,"The post expresses a preference for a previous version of a game mechanic (mass Rez) over the current one (new ult), which is described as 'horrendous.' This suggests a realization or surprise at the change, as well as a possible confusion or dissatisfaction with the new mechanic. Andy might see the expression of dissatisfaction as a form of surprise-related emotion. Ben might focus on the realization aspect of the post, as the user is coming to terms with the change in the game. Chris, however, might not see this as a strong enough expression of surprise-related emotions, as it lacks a direct expression of astonishment or confusion.",1,1,0,"Andy might label this as 1 because the post shows a realization and dissatisfaction with the new game mechanic, which can be seen as a surprise-related emotion. Ben might also label it as 1 due to the realization aspect of the post. Chris might label it as 0 because the post does not strongly convey surprise or confusion.",0.3333333333333333,0.6666666666666666,0.3333333333333333,0.3333333333333333
321,ed3p00x,[NAME] damn it I hate when enemy keepers use their hands and stuff to keep the ball outside their goal. Make a mistake pls.,0,0,0,"The post expresses frustration towards enemy goalkeepers for effectively doing their job, which is to prevent the ball from entering the goal. There is a hint of sarcasm in the request for the goalkeeper to make a mistake. Andy might see the sarcasm as a form of surprise-related emotion, as it implies an unexpected or ironic situation. Ben often labels posts with sarcasm or irony as surprise-related, so he might label this as such. Chris tends to be more conservative in labeling surprise-related emotions and might not see this as exhibiting surprise-related emotions, as it primarily conveys frustration rather than surprise, confusion, or realization.",1,1,0,Label by Andy: 1 | Label by Ben: 1 | Label by Chris: 0,0.0,0.6666666666666666,0.6666666666666666,0.6666666666666666
322,eew1fwh,She said she was ok moving out ... now she isn’t. I have no idea.,1,1,0,"The post expresses a change in someone's decision about moving out, which could be unexpected and lead to confusion or surprise. Andy might see the uncertainty and lack of understanding as indicative of surprise-related emotions, so he might label it as 1. Ben often labels posts with surprise or confusion, so he might also label it as 1 due to the unexpected change and the poster's lack of understanding. Chris tends to be more conservative in labeling posts as surprise-related unless there's a strong element of surprise or realization, so he might label it as 0.",1,1,0,"Andy might label the post as 1 because it shows confusion and a lack of understanding about the situation. Ben might also label it as 1 due to the unexpected change in the person's decision, which could be seen as surprising. Chris might label it as 0 because he often requires a stronger element of surprise or realization to label a post as surprise-related.",0.6666666666666666,0.6666666666666666,0.0,0.0
323,ee3h95g,"Learn jukes, learn the killer's patterns (respecting pallets, doubling back, moonwalking, etc.) be resourceful and never waste pallets/windows ",0,1,0,"The post provides advice on how to play a game effectively, focusing on learning and adapting to the game's mechanics. Andy might see this as a straightforward instructional post without any surprise-related emotions, as it lacks elements of confusion, curiosity, realization, or surprise. Ben might also view this as a non-surprise-related post, as it is more about strategy and tips rather than expressing any astonishment or unexpected realization. Chris is likely to agree with Andy and Ben, as the post is purely informative and does not convey any emotions related to surprise.",0,0,0,Label by Andy: 0 | Label by Ben: 0 | Label by Chris: 0,0.3333333333333333,0.0,0.3333333333333333,0.16666666666666663
324,ee93bwh,"/r/2ALiberals checking in! Welcome my leftist gun supporter! Upvote for 2A solidarity, even though we probably disagree on literally everything else.",0,1,0,"The post expresses a sense of camaraderie and solidarity despite potential disagreements on other topics. Andy might see the post as expressing surprise-related emotions due to the unexpected nature of finding common ground on gun rights between liberals and conservatives, which could be seen as a realization or surprise. Ben might also see this as a surprise-related emotion due to the unexpected alliance on a typically divisive issue. Chris, however, might not see this as surprise-related, as the post is more about solidarity and less about an emotional reaction of surprise or realization.",1,1,0,"Andy might label this as 1 because the post reflects a realization or surprise in finding common ground on gun rights. Ben might also label it as 1 due to the unexpected nature of the alliance. Chris might label it as 0, as he may not see the post as expressing a strong surprise-related emotion.",0.3333333333333333,0.6666666666666666,0.3333333333333333,0.3333333333333333
325,eegyax8,"Not all comedy is for everyone. Check out some of their other stuff, though. They're overall hilarious.",0,0,1,"The post suggests that not all comedy appeals to everyone, but encourages checking out other works by the same creators, indicating a positive opinion. There is no clear indication of surprise-related emotions such as confusion, curiosity, realization, or surprise. Andy tends to label posts with a clear element of surprise or realization, which is not present here. Ben often labels posts with a hint of sarcasm or unexpectedness, but this post is straightforward and lacks those elements. Chris usually labels posts with a clear emotional reaction, which is also absent here.",0,0,0,"The post is straightforward and lacks elements of surprise-related emotions. Andy, Ben, and Chris would likely not label it as exhibiting surprise-related emotions.",0.3333333333333333,0.0,0.3333333333333333,0.16666666666666663
326,edrw89g,I am in hysterics. How are these people so serious?,1,0,1,"The post expresses a sense of disbelief or astonishment at how serious some people are, which can be associated with surprise-related emotions. Andy might see the humor and disbelief as a form of surprise, leading him to label it as such. Ben often labels posts with a sense of irony or humor as surprise-related, so he might also label this as surprise. Chris tends to be more conservative in labeling surprise-related emotions and might not see this as strong enough to warrant a label of surprise.",1,1,0,"Andy and Ben are likely to label this post as exhibiting surprise-related emotions due to the expressed disbelief and humor, while Chris might not see it as strong enough to warrant such a label.",0.6666666666666666,0.6666666666666666,0.0,0.0
327,ef4beb7,"welcome to a whole new world, my friend ",1,1,0,"The post 'welcome to a whole new world, my friend' could be interpreted in different ways by the annotators. Andy might see this as a realization or a surprise-related emotion due to the phrase 'a whole new world,' which suggests a significant change or discovery. Ben might also interpret this as surprise-related, as it implies a new experience or situation that could evoke curiosity or astonishment. Chris, however, might not see this as surprise-related, as the tone is welcoming and lacks explicit indicators of confusion or surprise.",1,1,0,Label by Andy: 1 | Label by Ben: 1 | Label by Chris: 0,0.6666666666666666,0.6666666666666666,0.0,0.0
328,edoxllx,Furry btw so why don’t you take yourself also,1,1,1,"The post 'Furry btw so why don’t you take yourself also' seems to be a response to a previous comment or statement. It doesn't explicitly convey surprise-related emotions such as confusion, curiosity, realization, or surprise. Andy might not see any surprise-related emotions here, as the post seems more like a retort or a continuation of a conversation. Ben might also not see surprise-related emotions, as the post lacks elements of astonishment or unexpectedness. Chris, who tends to be more conservative in labeling surprise-related emotions, would likely not see any surprise-related emotions in this post either.",0,0,0,Label by Andy: 0 | Label by Ben: 0 | Label by Chris: 0,1.0,0.0,1.0,1.0
329,ed9i7wi,"Do You Realize, by The Flaming Lips. But it's not really ruined because we ended/still are on good terms. It just kinda makes my heart feel heavy.",1,0,0,"The post reflects a sense of realization and emotional reflection, particularly in the context of a relationship that has ended or changed. Andy might focus on the realization aspect, as the post mentions a song that evokes a heavy-hearted feeling, which could be tied to a realization about the relationship. Ben might not see this as surprise-related because the post doesn't express confusion or curiosity, and the realization is more of a personal reflection rather than a surprising discovery. Chris might also not see this as surprise-related, as the post is more about emotional processing rather than an unexpected event or realization.",1,0,0,"The post reflects a sense of realization and emotional reflection, particularly in the context of a relationship that has ended or changed. Andy might focus on the realization aspect, as the post mentions a song that evokes a heavy-hearted feeling, which could be tied to a realization about the relationship. Ben might not see this as surprise-related because the post doesn't express confusion or curiosity, and the realization is more of a personal reflection rather than a surprising discovery. Chris might also not see this as surprise-related, as the post is more about emotional processing rather than an unexpected event or realization.",0.3333333333333333,0.3333333333333333,0.0,0.0
330,edojmze,You know nothing. Red flag laws. Banning AR15s. Banning semi automatic firearms. Limiting magazine capacity. Yeah... liberals don’t want our guns.,1,0,0,"The post expresses a sarcastic tone regarding gun control measures, suggesting that liberals do want to take away guns. Andy might see the sarcasm as a form of realization or surprise about the perceived intentions of liberals, leading to a label of 1. Ben often labels posts with sarcasm or irony as surprise-related, so he might also label it as 1. Chris tends to be more conservative in labeling surprise-related emotions and might not see this post as exhibiting surprise-related emotions, leading to a label of 0.",1,1,0,"The post uses sarcasm to express a point about gun control, which could be seen as a realization or surprise about political intentions. Andy and Ben might label it as surprise-related due to the sarcastic tone, while Chris might not see it as exhibiting surprise-related emotions.",0.3333333333333333,0.6666666666666666,0.3333333333333333,0.3333333333333333
331,edn8muk,scared for sure... scared of how much money we're gonna have to pay him it's gonna be all the moneys,0,0,0,"The post expresses a sense of fear or apprehension about the financial implications of paying someone a large sum of money. This could be interpreted as a realization of the potential financial burden. Andy might see the realization aspect as a surprise-related emotion, leading him to label it as 1. Ben often labels posts with a sense of humor or irony as surprise-related, and the phrase 'all the moneys' could be seen as humorous, so he might label it as 1. Chris tends to be more conservative in labeling posts as surprise-related unless there is a clear element of surprise or confusion, so he might label it as 0.",1,1,0,Label by Andy: 1 | Label by Ben: 1 | Label by Chris: 0,0.0,0.6666666666666666,0.6666666666666666,0.6666666666666666
332,efdtluv,you are delucional.,0,0,0,"The post 'you are delusional' is a direct statement that could imply a sense of disbelief or astonishment at someone's perspective or statement. Andy might see this as a realization or surprise-related emotion because it suggests the speaker is taken aback by the other person's view. Ben often labels posts with a hint of sarcasm or disbelief as surprise-related, so he might also label this as such. Chris tends to be more conservative in labeling surprise-related emotions and might not see this as exhibiting surprise, as it lacks explicit markers of confusion, curiosity, or realization beyond a simple disagreement.",1,1,0,Andy might label this as 1 because the statement 'you are delusional' suggests a realization or surprise at the other person's perspective. Ben might also label it as 1 due to the disbelief implied in the statement. Chris might label it as 0 because it doesn't strongly convey surprise-related emotions beyond disagreement.,0.0,0.6666666666666666,0.6666666666666666,0.6666666666666666
333,ed0sou5,>It doesn't sound like the author has ever actually been to Vietnam Can't rule out credibility tourism,0,0,0,"The post expresses skepticism about the author's credibility regarding their knowledge of Vietnam. Andy might see this as a realization or a questioning of the author's authenticity, which could be linked to surprise-related emotions. Ben often labels posts with a hint of sarcasm or skepticism as surprise-related, so he might label this as such due to the questioning of credibility. Chris tends to be more conservative in labeling surprise-related emotions and might not see this as strongly exhibiting surprise-related emotions, as it lacks a direct expression of astonishment or confusion.",1,1,0,"Andy might label this post as exhibiting surprise-related emotions due to the realization or questioning of the author's credibility. Ben is likely to label it as surprise-related because of the skepticism and potential sarcasm. Chris, however, might not label it as surprise-related, as it doesn't strongly convey surprise or confusion.",0.0,0.6666666666666666,0.6666666666666666,0.6666666666666666
334,eepppvq,"I would love it if they could, but I don't think his trade value is that high",0,0,1,"The post expresses a desire for a trade but doubts the feasibility due to low trade value. Andy might see this as a straightforward statement without surprise-related emotions, as it lacks confusion, curiosity, realization, or surprise. Ben might also view this as a factual statement without any elements of surprise-related emotions, as it doesn't show astonishment or curiosity. Chris is likely to agree with Andy and Ben, as the post is more about a realistic assessment rather than an unexpected or surprising event.",0,0,0,Label by Andy: 0 | Label by Ben: 0 | Label by Chris: 0,0.3333333333333333,0.0,0.3333333333333333,0.16666666666666663
335,efb6puc,"There’s an obvious implication that it’s ok for them to act that way *because* they are boys, not girls. ",0,1,0,"The post discusses a gender-based implication, which might suggest a realization or a critical observation about societal norms. Andy might see this as a realization of a societal issue, thus labeling it as surprise-related. Ben often labels posts with a critical or sarcastic tone as surprise-related, so he might also label this as such. Chris tends to be more conservative in labeling posts as surprise-related unless there's a clear element of surprise or confusion, which this post lacks.",1,1,0,"Andy might label this post as surprise-related due to the realization aspect of recognizing a societal implication. Ben might also label it as surprise-related because he often considers posts with critical undertones as such. Chris, however, might not see enough surprise-related emotion to label it as such.",0.3333333333333333,0.6666666666666666,0.3333333333333333,0.3333333333333333
336,ed9ocyf,He is going to cheat or leave...maybe both,0,1,0,"The post expresses a prediction about someone's future actions, which could imply a realization or expectation of betrayal. Andy might see this as a realization of a negative outcome, thus labeling it as surprise-related. Ben often labels posts with a sense of realization or unexpected outcomes as surprise-related, so he might also label it as such. Chris tends to be more conservative in labeling posts as surprise-related unless there's a clear element of surprise or confusion, which this post lacks.",1,1,0,"Andy might label this post as surprise-related due to the realization aspect of expecting betrayal. Ben might also label it as surprise-related because it involves a realization of a potential unexpected outcome. Chris is likely to label it as not surprise-related, as the post lacks a clear element of surprise or confusion.",0.3333333333333333,0.6666666666666666,0.3333333333333333,0.3333333333333333
337,eel65he,Ah yes that makes sense - the gofundme for her and the workers seems to be taking off at least (if it’s legit),0,0,0,"The post expresses a realization or acknowledgment of something making sense, which could be related to surprise. Andy might see the realization aspect as a surprise-related emotion. Ben often labels posts with a hint of surprise or realization as surprise-related, so he might label this as such. Chris tends to be more conservative in labeling posts as surprise-related unless there's a strong element of surprise or confusion, which this post lacks.",1,1,0,"Andy might label this post as exhibiting surprise-related emotions due to the realization aspect ('Ah yes that makes sense'). Ben might also label it as surprise-related because he often considers realization as part of surprise. Chris, however, might not label it as surprise-related because the post lacks a strong element of surprise or confusion.",0.0,0.6666666666666666,0.6666666666666666,0.6666666666666666
338,ed2az57,Got it!,0,1,0,"The post 'Got it!' is very brief and does not provide much context. It could potentially indicate a realization or understanding, which is a surprise-related emotion. However, without additional context, it is difficult to definitively categorize it as such. Andy tends to label posts with clear surprise or realization, so he might not label this as surprise-related due to lack of context. Ben often labels posts with any hint of surprise or realization, so he might see this as a realization. Chris usually requires more explicit surprise or confusion, so he might not label this as surprise-related.",0,1,0,"Andy might not see enough context to label it as surprise-related, Ben might see it as a realization, and Chris might not see it as surprise-related.",0.3333333333333333,0.3333333333333333,0.0,0.0
339,edrgo39,Just watch everyone we are somehow gonna mess up this draft pick down the stretch with pointless wins too,0,1,0,"The post expresses a sense of inevitability and expectation of failure, which could be interpreted as a realization of a pattern. Andy might see this as a realization of a negative outcome, thus labeling it as surprise-related. Ben often labels posts with a sense of irony or sarcasm as surprise-related, and this post has a sarcastic tone about the team's performance, so he might label it as surprise-related. Chris tends to be more conservative in labeling posts as surprise-related and might not see this as fitting the criteria, as it lacks a strong element of surprise or confusion.",1,1,0,"Andy might label this post as surprise-related due to the realization aspect of expecting a negative outcome. Ben might label it as surprise-related because of the sarcastic tone, which he often associates with surprise-related emotions. Chris might not label it as surprise-related because it lacks a strong element of surprise or confusion.",0.3333333333333333,0.6666666666666666,0.3333333333333333,0.3333333333333333
340,ed5768h,Read the title of this post. I said ugly people can be LIKED. But people don’t truly FALL IN LOVE with physically unattractive people,0,1,0,"The post discusses a controversial opinion about physical attractiveness and love. Andy might label this as surprise-related due to the realization aspect, as the statement challenges a common belief about love and attraction. Ben might also see this as surprise-related, as it could provoke curiosity or surprise in readers who hold different views. Chris, however, might not see this as surprise-related, as it could be interpreted as a straightforward opinion without elements of confusion or surprise.",1,1,0,"Andy might label this post as surprise-related due to the realization aspect, as it challenges a common belief about love and attraction. Ben might also see it as surprise-related, as it could provoke curiosity or surprise in readers. Chris might not see it as surprise-related, interpreting it as a straightforward opinion.",0.3333333333333333,0.6666666666666666,0.3333333333333333,0.3333333333333333
341,efaqyj7,Because we didnt have two top 5 players on the team so the bench needed to be great,0,0,0,"The post seems to be discussing a sports team composition, specifically the need for a strong bench due to the absence of top players. Andy might see this as a straightforward statement about team strategy without any surprise-related emotions. Ben might interpret the mention of 'top 5 players' and the need for a great bench as a realization of the team's situation, which could be seen as a surprise-related emotion. Chris is likely to view this as a factual statement without any emotional undertones related to surprise.",0,1,0,Label by Andy: 0 | Label by Ben: 1 | Label by Chris: 0,0.0,0.3333333333333333,0.3333333333333333,0.16666666666666663
342,eeyi6ki,ur mom is in purgatory xd,1,1,0,"The post 'ur mom is in purgatory xd' seems to be a casual, possibly humorous statement. It doesn't explicitly convey confusion, curiosity, realization, or surprise. The 'xd' at the end suggests a light-hearted tone, possibly indicating a joke or sarcasm. Andy might see this as a humorous or sarcastic comment, but not necessarily surprise-related, so he would likely label it as 0. Ben might interpret the humor or sarcasm as a form of surprise-related emotion, as he has done in similar cases, so he might label it as 1. Chris tends to be more conservative in labeling surprise-related emotions and would likely see this as a straightforward joke without surprise, so he would label it as 0.",0,1,0,Label by Andy: 0 | Label by Ben: 1 | Label by Chris: 0,0.6666666666666666,0.3333333333333333,0.3333333333333333,0.3333333333333333
343,ee1tnj9,I have that problem myself sometimes.,0,1,0,"The post 'I have that problem myself sometimes.' does not explicitly convey any surprise-related emotions such as confusion, curiosity, realization, or surprise. It seems to be a simple acknowledgment of a common issue, without any indication of astonishment or unexpectedness. Andy tends to label posts with a clear element of surprise or realization, which this post lacks. Ben often labels posts with a broader interpretation of surprise, but this post does not seem to fit that pattern either. Chris is more conservative in labeling posts as surprise-related, and this post does not meet his criteria either.",0,0,0,"The post does not exhibit any clear signs of surprise-related emotions. It is a straightforward statement acknowledging a common issue, without any elements of confusion, curiosity, realization, or surprise. Therefore, it is likely that all three annotators would label it as not exhibiting surprise-related emotions.",0.3333333333333333,0.0,0.3333333333333333,0.16666666666666663
344,eee0blx,"I think there is something odd about it too... We will probably get the truth it the not to distant future, but no one will care. ",1,0,0,"The post expresses a sense of suspicion or doubt about a situation, which could be related to confusion or curiosity about the truth. Andy might see the mention of 'something odd' and 'truth' as indicative of realization or curiosity, leading to a label of 1. Ben often labels posts with a hint of sarcasm or irony as surprise-related, and the phrase 'but no one will care' could be interpreted as such, so he might label it 1. Chris tends to be more conservative in labeling posts as surprise-related unless there is a clear indication of surprise or realization, so he might label it 0.",1,1,0,"Andy might label the post as 1 due to the elements of curiosity and realization about the truth. Ben might also label it as 1 because of the potential irony in 'but no one will care,' suggesting a surprise-related emotion. Chris might label it as 0, as the post lacks a strong element of surprise or realization that he typically looks for.",0.3333333333333333,0.6666666666666666,0.3333333333333333,0.3333333333333333
345,ef6pghz,The epitome of the virgin soyboy/Alpha [NAME] meme.,1,1,0,"The post uses a meme format that contrasts two stereotypes, which might imply a realization or surprise at the stark difference between the two. Andy might see this as a realization or surprise due to the meme's nature. Ben often labels posts with a humorous or sarcastic tone as surprise-related, so he might label this as such. Chris tends to be more conservative in labeling posts as surprise-related unless there's a clear indication of surprise or realization, which this post lacks.",1,1,0,Andy might label this post as surprise-related due to the realization aspect of the meme. Ben might also label it as surprise-related because of the humorous tone. Chris is likely to label it as not surprise-related because it doesn't clearly convey surprise or realization.,0.6666666666666666,0.6666666666666666,0.0,0.0
346,ef4r2g4,You again.,1,1,0,"The post 'You again.' is quite ambiguous and lacks context. It could potentially convey surprise or realization if the speaker did not expect to encounter the person again. However, without additional context, it is difficult to definitively categorize it as expressing surprise-related emotions. Andy might see a hint of surprise or realization in the repetition of 'again,' but it's not strong. Ben might interpret it as a casual remark without any strong emotional undertone. Chris is likely to see it as neutral due to the lack of explicit emotional cues.",0,0,0,"The post 'You again.' is quite ambiguous and lacks context. It could potentially convey surprise or realization if the speaker did not expect to encounter the person again. However, without additional context, it is difficult to definitively categorize it as expressing surprise-related emotions. Andy might see a hint of surprise or realization in the repetition of 'again,' but it's not strong. Ben might interpret it as a casual remark without any strong emotional undertone. Chris is likely to see it as neutral due to the lack of explicit emotional cues.",0.6666666666666666,0.0,0.6666666666666666,0.6666666666666666
347,eero0g4,Do math and drive. I cook. Ain't much else to tell.,0,1,0,"The post is straightforward and doesn't seem to convey any surprise-related emotions. It simply states activities the person does, without any indication of confusion, curiosity, realization, or surprise. Andy tends to label posts with a clear expression of surprise or realization, which this post lacks. Ben sometimes labels posts with a hint of sarcasm or irony as surprise-related, but this post doesn't seem to have those elements. Chris usually requires a more explicit expression of surprise or confusion, which is not present here.",0,0,0,"The post is straightforward and doesn't seem to convey any surprise-related emotions. It simply states activities the person does, without any indication of confusion, curiosity, realization, or surprise. Andy tends to label posts with a clear expression of surprise or realization, which this post lacks. Ben sometimes labels posts with a hint of sarcasm or irony as surprise-related, but this post doesn't seem to have those elements. Chris usually requires a more explicit expression of surprise or confusion, which is not present here. Label by Andy: 0 | Label by Ben: 0 | Label by Chris: 0.",0.3333333333333333,0.0,0.3333333333333333,0.16666666666666663
348,ee4kpiw,[NAME] and [NAME] had equally good chances when they were on the same line in the first/second period - they just didn't convert.,0,1,0,"The post discusses a situation in a sports game where two players had good chances but didn't convert them. Andy might see this as a straightforward analysis without any surprise-related emotions, as it lacks elements of confusion, curiosity, realization, or surprise. Ben might interpret the mention of 'equally good chances' and 'didn't convert' as a subtle surprise or realization that despite good opportunities, the players failed to score, which could be seen as unexpected. Chris is likely to view this as a factual statement without any emotional undertones related to surprise, as it simply reports on the players' performance without expressing astonishment or confusion.",0,1,0,Label by Andy: 0 | Label by Ben: 1 | Label by Chris: 0,0.3333333333333333,0.3333333333333333,0.0,0.0
349,ee12ert,"That's what everyone says but they are ugly. I want a Diavel, m109, or a Vrod.",0,0,0,"The post expresses a personal opinion about certain motorcycles being ugly and a preference for specific models. There is no indication of confusion, curiosity, realization, or surprise. Andy tends to label posts with a clear expression of surprise or realization, which is not present here. Ben often labels posts with a hint of sarcasm or unexpectedness, but this post is straightforward in its opinion. Chris usually labels posts with a clear emotional reaction, which is not evident here.",0,0,0,The post is a straightforward expression of personal preference without any elements of surprise-related emotions.,0.0,0.0,0.0,0.0
350,ee1fnks,/u/897w346354365fdddfs said: > You're funny You're shilly,0,0,0,"The post seems to be a response to another user's comment, calling them 'funny' and 'shilly'. The term 'shilly' might be a playful or derogatory term, possibly implying that the user is acting like a 'shill' or someone who promotes something in a deceptive way. Andy might see this as a realization or surprise at the user's behavior, thus labeling it as surprise-related. Ben might interpret the playful or sarcastic tone as indicative of surprise-related emotions, as he often labels posts with sarcasm or unexpected comments as such. Chris, however, tends to be more conservative in labeling posts as surprise-related and might not see this as exhibiting strong surprise-related emotions.",1,1,0,"Andy might label this as 1 because the use of 'shilly' could indicate a realization or surprise at the user's behavior. Ben might also label it as 1 due to the playful or sarcastic tone, which he often associates with surprise-related emotions. Chris might label it as 0, as he tends to be more conservative and might not see this as strongly exhibiting surprise-related emotions.",0.0,0.6666666666666666,0.6666666666666666,0.6666666666666666
351,eekj31c,i like playing as a good guy' **Lassoes someone and feeds them to some crocodiles for insulting my fashion sense.**,0,0,0,"The post describes a scenario where the speaker claims to like playing as a 'good guy' but then describes an action that is quite the opposite, feeding someone to crocodiles for a trivial reason. This contradiction could be seen as surprising or ironic. Andy might see the irony and contradiction as a form of surprise-related emotion, leading to a label of 1. Ben often labels posts with unexpected or ironic content as surprise-related, so he might also label it as 1. Chris tends to be more conservative in labeling surprise-related emotions and might not see this as surprising enough, so he might label it as 0.",1,1,0,"Andy might label this post as 1 due to the irony and contradiction between the speaker's claim and actions. Ben might also label it as 1 because of the unexpected and ironic nature of the content. Chris might label it as 0, as he may not find it surprising enough.",0.0,0.6666666666666666,0.6666666666666666,0.6666666666666666
352,efa4n3a,Thank u!!! Im gonna try this one bless u,1,0,0,"The post 'Thank u!!! Im gonna try this one bless u' expresses gratitude and a willingness to try something new. It does not explicitly convey confusion, curiosity, realization, or surprise. Andy tends to label posts with explicit surprise or realization, which this post lacks. Ben often labels posts with a broader interpretation of surprise-related emotions, but this post is more about gratitude than surprise. Chris is more conservative in labeling surprise-related emotions and would likely not see any in this post.",0,0,0,Label by Andy: 0 | Label by Ben: 0 | Label by Chris: 0,0.3333333333333333,0.0,0.3333333333333333,0.16666666666666663
353,ee7b06w,>I hate [NAME] so much. Lol,0,0,0,"The post expresses a strong negative emotion towards someone, but the 'Lol' at the end suggests a more lighthearted or sarcastic tone. Andy might see the 'Lol' as a realization or surprise-related emotion, leading to a label of 1. Ben often labels posts with sarcasm or unexpected elements as surprise-related, so he might also label it as 1. Chris tends to be more conservative in labeling surprise-related emotions and might not see this as exhibiting surprise-related emotions, so he would likely label it as 0.",1,1,0,"Andy might label this as 1 due to the unexpected 'Lol' at the end, which could indicate a realization or surprise. Ben might also label it as 1 because he often considers sarcasm or unexpected elements as surprise-related. Chris, however, might label it as 0, as he tends to be more conservative in labeling surprise-related emotions and might not see this as exhibiting such emotions.",0.0,0.6666666666666666,0.6666666666666666,0.6666666666666666
354,efg5jsn,"Of course it's going backwards, people generally don't want to acknowledge men as the people that hold society on their backs.",1,0,1,"The post seems to express a sentiment about societal roles and perceptions, particularly regarding men. It doesn't explicitly convey confusion, curiosity, realization, or surprise. Andy might see this as a straightforward statement without surprise-related emotions. Ben might interpret the post as a commentary on societal perceptions, which could imply a realization or surprise about societal attitudes, leading him to label it as surprise-related. Chris is likely to see this as a statement of opinion without elements of surprise-related emotions.",0,1,0,Label by Andy: 0 | Label by Ben: 1 | Label by Chris: 0,0.6666666666666666,0.3333333333333333,0.3333333333333333,0.3333333333333333
355,efa77zc,Welcome to the wehrmacht...,0,1,0,"The post 'Welcome to the wehrmacht...' could be interpreted in different ways. Andy might see this as a straightforward statement without any surprise-related emotions, as it doesn't explicitly convey confusion, curiosity, realization, or surprise. Ben, on the other hand, might interpret this as a surprising or unexpected statement due to the historical and controversial nature of the term 'wehrmacht,' which could evoke a sense of surprise or realization about the context in which it is used. Chris might not see any surprise-related emotions in this post, as it lacks explicit indicators of confusion, curiosity, or realization.",0,1,0,Label by Andy: 0 | Label by Ben: 1 | Label by Chris: 0,0.3333333333333333,0.3333333333333333,0.0,0.0
356,eelhojt,"Idk man, some people just have wack combinations. I'm a Yankees/Panthers/Jazz fan, it doesn't have to make any sense. ",0,1,0,"The post expresses a sentiment about having seemingly random or unconventional preferences in sports teams. It acknowledges that these combinations might not make sense to others, which could imply a realization or acceptance of this fact. However, it doesn't strongly convey confusion, curiosity, or surprise. Andy might see the acknowledgment of the unconventional nature as a realization, leading to a label of 1. Ben might not see enough surprise-related emotion to warrant a label of 1, as the post seems more about personal preference. Chris typically requires a stronger element of surprise or confusion, so he would likely label it 0.",1,0,0,"Andy might label it 1 due to the realization aspect of acknowledging unconventional preferences. Ben might label it 0 as the post doesn't strongly convey surprise-related emotions. Chris would likely label it 0 as well, as the post lacks a strong element of surprise or confusion.",0.3333333333333333,0.3333333333333333,0.0,0.0
357,eete4fu,"This momentum control by the refs is killing us, and we're letting it",0,0,0,"The post expresses frustration with the referees' control over the game, which is affecting the outcome. Andy might see this as a realization of the situation, thus labeling it as surprise-related. Ben often labels posts with a sense of realization or unexpectedness as surprise-related, so he might also label it as such. Chris tends to be more conservative in labeling posts as surprise-related and might not see this as fitting the criteria, as it lacks a strong element of surprise or confusion.",1,1,0,Label by Andy: 1 | Label by Ben: 1 | Label by Chris: 0,0.0,0.6666666666666666,0.6666666666666666,0.6666666666666666
358,eeb38za,"Pretty much, you have to ""atone"" tho.",0,0,0,"The post 'Pretty much, you have to ""atone"" tho.' suggests a realization or acknowledgment of a requirement or expectation to atone, which could be seen as a realization or a mild surprise. Andy might see the use of quotes around 'atone' as indicating a realization or a sarcastic surprise, leading him to label it as surprise-related. Ben often labels posts with a hint of sarcasm or irony as surprise-related, so he might also label this as surprise-related. Chris tends to be more conservative in labeling posts as surprise-related and might not see enough evidence of surprise-related emotions in this post.",1,1,0,"Andy might see the use of quotes as indicating a realization or sarcastic surprise, leading to a label of 1. Ben might label it as surprise-related due to the hint of sarcasm or irony, also leading to a label of 1. Chris might not see enough evidence of surprise-related emotions, leading to a label of 0.",0.0,0.6666666666666666,0.6666666666666666,0.6666666666666666
359,edzq5ff,Drag em to one,1,1,0,"The post 'Drag em to one' is quite vague and lacks context, making it difficult to directly associate it with surprise-related emotions. Andy might see this as a statement without clear emotional content, similar to other posts he labeled as 0. Ben might interpret this as a call to action or a statement with potential surprise or realization, as he has labeled similar ambiguous posts with a 1. Chris tends to label posts with clear surprise or realization, which this post lacks, so he would likely label it as 0.",0,1,0,Label by Andy: 0 | Label by Ben: 1 | Label by Chris: 0,0.6666666666666666,0.3333333333333333,0.3333333333333333,0.3333333333333333
360,edruzxt,I second that,1,0,0,"The post 'I second that' is a simple agreement or endorsement of a previous statement. It does not inherently convey any surprise-related emotions such as confusion, curiosity, realization, or surprise. Andy, Ben, and Chris are likely to see this as a straightforward expression of agreement without any elements of surprise-related emotions. Based on the sample annotations, Andy and Chris tend to label posts with surprise-related emotions when there is a clear indication of astonishment or realization, which is not present here. Ben sometimes labels posts with a broader interpretation of surprise, but this post lacks any such elements.",0,0,0,"The post 'I second that' is a straightforward expression of agreement and does not exhibit any surprise-related emotions. Therefore, Andy, Ben, and Chris would likely label it as not exhibiting surprise-related emotions. Label by Andy: 0 | Label by Ben: 0 | Label by Chris: 0.",0.3333333333333333,0.0,0.3333333333333333,0.16666666666666663
361,ed60dv8,"Kinda surprised he listed [NAME] and [NAME] in particular, but not [NAME]. I guess this is the Leafs spotlight working in real time here.",1,1,0,"The post explicitly mentions being 'surprised' about the listing of certain names, which directly indicates a surprise-related emotion. Andy tends to label posts with explicit mentions of surprise or realization as exhibiting surprise-related emotions, so he would likely label this as 1. Ben often labels posts with a sense of realization or curiosity as 1, and since the post reflects a realization about the 'Leafs spotlight,' he might also label it as 1. Chris is more conservative in labeling posts as surprise-related unless there is a strong element of confusion or surprise, so he might label this as 0.",1,1,0,"Andy would likely label this post as 1 because it explicitly mentions being 'surprised,' which aligns with his tendency to label posts with clear expressions of surprise or realization. Ben might also label it as 1 due to the realization aspect regarding the 'Leafs spotlight,' which fits his pattern of labeling posts with curiosity or realization. Chris, however, might label it as 0, as he tends to require a stronger element of confusion or surprise to assign a 1.",0.6666666666666666,0.6666666666666666,0.0,0.0
362,ee1wzt4,> I'm not sure why more people haven't been suggesting a trade like this because it doesn't make sense for the Nets lol,0,1,0,"The post expresses confusion or a lack of understanding about why more people haven't suggested a particular trade, which aligns with the aspect of confusion in surprise-related emotions. Andy tends to label posts with a clear expression of confusion as surprise-related, so he might label this as 1. Ben often labels posts with a sense of realization or confusion as surprise-related, so he might also label this as 1. Chris, however, tends to be more conservative in labeling posts as surprise-related unless there is a strong element of surprise or realization, so he might label this as 0.",1,1,0,"The post expresses confusion about the lack of suggestions for a trade, which could be seen as a surprise-related emotion. Andy and Ben might label it as 1 due to the confusion aspect, while Chris might label it as 0 as he requires a stronger element of surprise.",0.3333333333333333,0.6666666666666666,0.3333333333333333,0.3333333333333333
363,edxny4o,"Ad hominem. Ridiculous argument, not even funny or hilarious.",0,0,1,"The post expresses a critical opinion about an argument, labeling it as 'ridiculous' and 'not even funny or hilarious.' Andy might see this as a straightforward critique without any surprise-related emotions, as it lacks elements of confusion, curiosity, realization, or surprise. Ben, who often labels posts with a hint of sarcasm or irony as surprise-related, might see the use of 'ridiculous' and 'not even funny' as a subtle expression of surprise or disbelief at the argument's quality. Chris tends to label posts with more explicit surprise-related emotions, and this post doesn't seem to convey any strong emotions of surprise, confusion, or realization, so he would likely not label it as surprise-related.",0,1,0,Label by Andy: 0 | Label by Ben: 1 | Label by Chris: 0,0.3333333333333333,0.3333333333333333,0.0,0.0
364,eemibsh,The leader of the revolutionaries would be exploiting the labor of the revolutionaries below him!,0,1,0,"The post expresses a realization or a surprising observation about the leader of the revolutionaries exploiting the labor of those below him. This could be seen as an unexpected or ironic situation, which might align with surprise-related emotions. Andy tends to label posts with a realization or irony as surprise-related, so he might label this as 1. Ben often labels posts with irony or unexpected situations as surprise-related, so he might also label this as 1. Chris, however, tends to be more conservative in labeling posts as surprise-related and might not see this as strongly exhibiting surprise-related emotions, so he might label it as 0.",1,1,0,"Andy might see the irony and realization in the post as surprise-related, so he would likely label it as 1. Ben often labels posts with unexpected or ironic content as surprise-related, so he would likely label it as 1. Chris might not see this as strongly exhibiting surprise-related emotions, so he would likely label it as 0.",0.3333333333333333,0.6666666666666666,0.3333333333333333,0.3333333333333333
365,ee911lv,He figured it out this offseason. He just didn't have any chemistry deep with his receivers and didn't know the playbook,1,1,1,"The post discusses a situation where someone has figured something out, which could relate to the realization aspect of surprise-related emotions. However, the tone of the post is more analytical and explanatory rather than expressing surprise, confusion, or curiosity. Andy tends to label posts with a realization aspect as surprise-related, so he might label this as 1. Ben often labels posts with a more explicit surprise or unexpected element, which this post lacks, so he might label it as 0. Chris usually requires a stronger emotional expression of surprise, which is not present here, so he would likely label it as 0.",1,0,0,"Andy might see the realization aspect in the post, as it mentions someone figuring something out, which aligns with his tendency to label such posts as surprise-related. Ben and Chris, however, would likely not see enough of a surprise-related emotion in the post, as it lacks a strong element of surprise, confusion, or curiosity, leading them to label it as 0.",1.0,0.3333333333333333,0.6666666666666667,0.6666666666666667
366,edj25pg,Simpsons plus Packers shitpost = best shitpost,1,0,0,"The post 'Simpsons plus Packers shitpost = best shitpost' seems to be a humorous or light-hearted statement combining two popular cultural references: 'The Simpsons' and the 'Packers'. It doesn't explicitly convey confusion, curiosity, realization, or surprise. Andy tends to label posts with a clear element of surprise or realization, which this post lacks. Ben often labels posts with a humorous or unexpected twist as surprise-related, so he might see the combination of 'Simpsons' and 'Packers' as unexpected or amusing. Chris usually requires a more explicit indication of surprise or realization, which this post does not provide.",0,1,0,Label by Andy: 0 | Label by Ben: 1 | Label by Chris: 0,0.3333333333333333,0.3333333333333333,0.0,0.0
367,ed7j9gp,"She didn't seem to have an issue with them judging her as ""cool"" tho",0,1,0,"The post seems to express a realization or acknowledgment of a situation where someone is being judged as 'cool' and is seemingly okay with it. Andy might see this as a realization or a subtle surprise at the acceptance of being judged as 'cool', thus labeling it as surprise-related. Ben might not see this as surprise-related because it lacks a strong element of confusion, curiosity, or astonishment. Chris typically does not label posts as surprise-related unless there is a clear element of surprise or confusion, which this post lacks.",1,0,0,Andy might label this as 1 because it involves a realization or subtle surprise about being judged as 'cool'. Ben might label it as 0 because it doesn't strongly convey surprise-related emotions. Chris would likely label it as 0 because it lacks clear surprise or confusion.,0.3333333333333333,0.3333333333333333,0.0,0.0
368,ef10zw8,You do not get my math? Because my comment and your comment are saying the same thing; women over 45 probably do not want bio kids.,1,1,1,"The post seems to address a misunderstanding or confusion about a previous comment, which could be related to surprise-related emotions like confusion or realization. Andy might see the aspect of confusion or realization in the post, as it clarifies a misunderstanding. Ben might not see strong surprise-related emotions, as the post is more about clarification than expressing surprise or curiosity. Chris typically does not label posts as surprise-related unless there is a clear element of surprise or realization, which might not be strongly present here.",1,0,0,"The post addresses a misunderstanding, which could involve confusion or realization. Andy might label it as surprise-related due to the aspect of realization or confusion. Ben might not see it as surprise-related, as it is more about clarification. Chris usually requires a stronger element of surprise or realization, which might not be evident here.",1.0,0.3333333333333333,0.6666666666666667,0.6666666666666667
369,eczmz2i,"They never will until it affects them directly, and by then it's already in the end game for us :/",0,0,1,"The post expresses a sense of inevitability and resignation, suggesting that people will not take action until it is too late. Andy might see this as a realization of a grim situation, which could be considered a surprise-related emotion. Ben might interpret the post as a commentary on human behavior without a strong element of surprise or confusion, so he might not label it as surprise-related. Chris tends to label posts with more explicit surprise or confusion, which this post lacks, so he might not see it as surprise-related.",1,0,0,"Andy might label the post as exhibiting surprise-related emotions due to the realization aspect. Ben might not see it as surprise-related, as it lacks explicit surprise or confusion. Chris is likely to agree with Ben, as the post does not strongly convey surprise-related emotions.",0.3333333333333333,0.3333333333333333,0.0,0.0
370,ef7dvml,"Including the fact that once I pirate something, i usually will purchase it later on either through frustration / poor quality/ actually loving the product / etc",0,1,0,"The post discusses the behavior of pirating something and then purchasing it later due to various reasons such as frustration, poor quality, or actually loving the product. Andy might see the mention of 'frustration' and 'poor quality' as elements of confusion or realization, leading to a label of 1. Ben might focus on the aspect of realization and curiosity about the product, which could lead to a label of 1. Chris, however, might not see strong elements of surprise-related emotions and might label it as 0.",1,1,0,"Andy might label this post as 1 because it involves realization and possibly confusion about the quality of pirated products. Ben might also label it as 1 due to the curiosity and realization aspects when deciding to purchase the product later. Chris might label it as 0, as the post does not strongly convey surprise-related emotions to him.",0.3333333333333333,0.6666666666666666,0.3333333333333333,0.3333333333333333
371,efeebeg,There's those people that compliment me all the time and you can tell it's so forced and fake and I honestly dont know what to say,0,0,0,"The post expresses a sense of confusion and uncertainty about how to respond to compliments that feel forced and fake. Andy might label this as surprise-related due to the confusion aspect. Ben might not see this as surprise-related since it lacks a strong element of astonishment or realization. Chris might also not label it as surprise-related, as it doesn't strongly convey surprise or realization.",1,0,0,"Andy might focus on the confusion expressed in the post, leading to a label of 1. Ben might not find the post to exhibit strong surprise-related emotions, leading to a label of 0. Chris might also not see strong surprise-related emotions, leading to a label of 0.",0.0,0.3333333333333333,0.3333333333333333,0.16666666666666663
372,ed79tsw,Well if we just started in the second quarter in both games...we would have come out ahead!,0,1,0,"The post reflects a hypothetical scenario where the speaker suggests that starting in the second quarter would have led to a better outcome. This could imply a realization of a pattern or a surprising insight into the games' outcomes. Andy might see this as a realization or surprise-related emotion due to the unexpected nature of the statement. Ben might also see it as a surprise-related emotion because it presents an unexpected perspective on the games. Chris, however, might not see this as surprise-related, as it could be interpreted as a simple observation or commentary without strong emotional undertones.",1,1,0,"Andy might label this as 1 because the post suggests a realization or surprise about the games' outcomes. Ben might also label it as 1 due to the unexpected nature of the statement. Chris might label it as 0, seeing it as a straightforward observation without strong surprise-related emotions.",0.3333333333333333,0.6666666666666666,0.3333333333333333,0.3333333333333333
373,edd4bg5,*losing hope Loose is what your mom is,0,0,0,"The post seems to be a play on words, contrasting 'losing hope' with 'loose is what your mom is.' This could be interpreted as a sarcastic or humorous remark rather than expressing surprise-related emotions. Andy might see the humor or sarcasm as a form of surprise, as he has labeled similar posts with sarcasm as surprise-related. Ben might not see this as surprise-related since it doesn't clearly express confusion, curiosity, realization, or surprise. Chris tends to label posts with clear surprise or confusion, which this post lacks, so he might not label it as surprise-related.",1,0,0,"Andy might label this as surprise-related due to the sarcastic twist, giving it a 1. Ben might not see it as surprise-related, giving it a 0. Chris is likely to give it a 0 as well, as it doesn't clearly express surprise-related emotions.",0.0,0.3333333333333333,0.3333333333333333,0.16666666666666663
374,ee0wdfl,nah man im just shook and dead™️,1,0,0,"The phrase 'shook and dead' suggests a strong emotional reaction, potentially indicating surprise or shock. Andy might interpret 'shook' as a sign of surprise-related emotion, leading to a label of 1. Ben often labels posts with expressions of strong emotions as surprise-related, so he might also label it as 1. Chris tends to be more conservative in labeling posts as surprise-related unless there's a clear indication of surprise or realization, so he might label it as 0.",1,1,0,Label by Andy: 1 | Label by Ben: 1 | Label by Chris: 0,0.3333333333333333,0.6666666666666666,0.3333333333333333,0.3333333333333333
375,ed4s8um,"2 is washed out, 6 and 10 are too dark. Also imgur showed me a bald naked chimpanzee right after your last picture and I nearly choked. ",0,1,0,"The post discusses some images with specific comments about their quality, which does not inherently convey surprise-related emotions. However, the mention of seeing a 'bald naked chimpanzee' unexpectedly and the reaction of 'nearly choked' suggests a moment of surprise or astonishment. Andy might focus on the unexpected nature of the chimpanzee image and the reaction, leading him to label it as surprise-related. Ben often labels posts with a humorous or unexpected twist as surprise-related, so he might also label this as such due to the unexpected chimpanzee image. Chris tends to be more conservative in labeling surprise-related emotions and might not find the post strongly indicative of such emotions, focusing more on the descriptive nature of the first part of the post.",1,1,0,"Andy might label the post as 1 due to the unexpected nature of the chimpanzee image and the reaction of 'nearly choked,' which suggests surprise. Ben might also label it as 1 because he often considers humorous or unexpected elements as surprise-related. Chris might label it as 0, as he tends to be more conservative and might not see the post as strongly indicative of surprise-related emotions.",0.3333333333333333,0.6666666666666666,0.3333333333333333,0.3333333333333333
376,eea6hqt,Don’t think there is a single person that thinks he overreacted there,0,0,0,"The post seems to express a consensus or agreement that someone did not overreact in a situation. It does not explicitly convey confusion, curiosity, realization, or surprise. Andy might not see any surprise-related emotions here, as the statement is straightforward and lacks any element of astonishment or unexpectedness. Ben might also not find any surprise-related emotions, as the post does not contain any elements of surprise or confusion. Chris is likely to agree with Andy and Ben, as the post is a simple statement of opinion without any indication of surprise-related emotions.",0,0,0,Label by Andy: 0 | Label by Ben: 0 | Label by Chris: 0,0.0,0.0,0.0,0.0
377,eevng70,I *thought* that sounded familiar roflmao!,1,1,0,"The post expresses a realization, as the speaker recognizes something familiar. Andy tends to label posts with realization as surprise-related, so he might label this as 1. Ben often labels posts with humor or sarcasm as surprise-related, and the use of 'roflmao' suggests humor, so he might label it as 1. Chris is more conservative in labeling surprise-related emotions and might not see this as strong enough to warrant a label of surprise, so he might label it as 0.",1,1,0,Label by Andy: 1 | Label by Ben: 1 | Label by Chris: 0,0.6666666666666666,0.6666666666666666,0.0,0.0
378,edfs4ek,This guy likes his town - except for the pig blood processing,0,1,0,"The post mentions a person who likes their town but has a specific dislike for the pig blood processing aspect. Andy might see this as a realization or surprise about the town's features, leading to a label of 1. Ben might focus on the unexpected nature of the pig blood processing, which could be seen as surprising, so he might also label it as 1. Chris, however, might not see this as a strong enough indication of surprise-related emotions, as it could be interpreted as a simple statement of preference, leading to a label of 0.",1,1,0,"Andy might label this post as 1 because it involves a realization or surprise about the town's features. Ben might also label it as 1 due to the unexpected nature of the pig blood processing. Chris might label it as 0, seeing it as a simple statement of preference without strong surprise-related emotions.",0.3333333333333333,0.6666666666666666,0.3333333333333333,0.3333333333333333
379,ees17bb,>it seems everyone is doing that now and I hate being One Of Those Women™. Wait- can you unpack this a little for me?,1,0,0,"The post expresses a sense of confusion and curiosity. The phrase 'Wait- can you unpack this a little for me?' indicates a desire for clarification, which aligns with confusion and curiosity. Andy tends to label posts with a direct expression of surprise or realization, and this post's request for unpacking suggests a realization or confusion. Ben often labels posts with a sense of surprise or curiosity, and the request for unpacking aligns with curiosity. Chris usually labels posts with more explicit surprise or realization, and this post may not be explicit enough for him to label it as surprise-related.",1,1,0,"The post shows elements of confusion and curiosity, particularly with the request for clarification. Andy and Ben are likely to label it as surprise-related due to these elements, while Chris may not find it explicit enough to warrant a surprise-related label.",0.3333333333333333,0.6666666666666666,0.3333333333333333,0.3333333333333333
380,efd5vk4,are you fcking serious sis,1,1,0,"The post 'are you fcking serious sis' seems to express a strong reaction, potentially indicating surprise or disbelief. Andy might interpret this as a direct expression of surprise or realization, given the strong language and the questioning nature of the post. Ben often labels posts with strong reactions or sarcasm as surprise-related, so he might also see this as an expression of surprise. Chris, on the other hand, tends to be more conservative in labeling posts as surprise-related unless there is a clear indication of confusion or realization, which might not be as evident here.",1,1,0,"Andy is likely to label this post as exhibiting surprise-related emotions due to the strong language and questioning tone, indicating surprise or disbelief. Ben might also label it as surprise-related, as he often considers strong reactions as indicative of surprise. Chris might not label it as surprise-related, as he tends to require more explicit signs of confusion or realization.",0.6666666666666666,0.6666666666666666,0.0,0.0
381,ed7gpq8,u/RedOnTheRail you slime!,1,1,0,"The post 'u/RedOnTheRail you slime!' seems to be an expression of disdain or insult towards someone. It does not clearly exhibit confusion, curiosity, realization, or surprise. Andy might label it as surprise-related due to the direct and possibly unexpected nature of the insult, similar to how he labeled 'Damn... somebody got told.' Ben might not see it as surprise-related since it lacks elements of confusion or realization that he often considers. Chris typically does not label insults or direct statements as surprise-related unless there's a clear element of surprise or realization, which is not present here.",1,0,0,"Andy might see the direct insult as a form of surprise-related emotion, similar to how he labeled 'Damn... somebody got told.' Ben is less likely to see it as surprise-related since it lacks confusion or realization. Chris typically does not label insults as surprise-related unless there's a clear element of surprise, which is not present here.",0.6666666666666666,0.3333333333333333,0.3333333333333333,0.3333333333333333
382,eesx0ry,"Oh wow, [NAME], owchie [NAME], [NAME] to pick one",1,0,0,"The post seems to express a sense of surprise or astonishment, indicated by the phrase 'Oh wow.' The use of 'owchie' might suggest a playful or light-hearted surprise, possibly related to a realization or unexpected event involving the mentioned names. Andy tends to label posts with explicit surprise or realization, so he might label this as surprise-related. Ben often labels posts with a sense of surprise or unexpectedness, so he might also see this as surprise-related. Chris, however, tends to be more conservative in labeling posts as surprise-related unless there's a clear indication of confusion or realization, so he might not label this as surprise-related.",1,1,0,Label by Andy: 1 | Label by Ben: 1 | Label by Chris: 0,0.3333333333333333,0.6666666666666666,0.3333333333333333,0.3333333333333333
383,eea6x7z,"$42,000 fine over a JOKE is unreasonable. ",0,0,0,"The post expresses a strong opinion about the unreasonableness of a $42,000 fine over a joke. Andy might see this as a realization or surprise at the severity of the fine, which could be unexpected. Ben often labels posts with a sense of surprise or astonishment, and the mention of an unreasonable fine over a joke could fit this pattern. Chris tends to be more conservative in labeling surprise-related emotions and might not see this as exhibiting surprise-related emotions, as it could be interpreted as a straightforward opinion rather than an expression of surprise.",1,1,0,"Andy might label this post as exhibiting surprise-related emotions due to the realization or surprise at the fine's severity. Ben is likely to label it as surprise-related due to the astonishment at the fine. Chris might not label it as surprise-related, viewing it as a straightforward opinion.",0.0,0.6666666666666666,0.6666666666666666,0.6666666666666666
384,ee5t7s3,"Ah, the ol' plurality of majesty.",0,1,0,"The post 'Ah, the ol' plurality of majesty.' seems to reference a concept or phrase with a tone of realization or acknowledgment. Andy might see this as a realization or a subtle surprise, given his tendency to label posts with a hint of realization or surprise as 1. Ben often labels posts with a sense of irony or unexpectedness as 1, and this post could be interpreted as having a slight ironic tone. Chris, however, tends to label posts with more explicit surprise or confusion, which this post lacks, so he might label it as 0.",1,1,0,Andy might label this as 1 due to the realization aspect. Ben might label it as 1 due to the subtle irony or unexpectedness. Chris might label it as 0 as it lacks explicit surprise or confusion.,0.3333333333333333,0.6666666666666666,0.3333333333333333,0.3333333333333333
385,ed1fyxx,*[NAME] loved that*,0,1,0,"The post ""[NAME] loved that"" is quite neutral and does not explicitly convey any surprise-related emotions. It lacks elements of confusion, curiosity, realization, or surprise. Andy tends to label posts with a clear indication of surprise or realization, which this post does not have. Ben often labels posts with a hint of sarcasm or unexpectedness, but this post is straightforward and lacks such elements. Chris usually requires a more explicit expression of surprise or confusion, which is absent here.",0,0,0,"The post ""[NAME] loved that"" is neutral and does not exhibit surprise-related emotions. Andy, Ben, and Chris would likely label it as not conveying surprise-related emotions.",0.3333333333333333,0.0,0.3333333333333333,0.16666666666666663
386,eenn83h,Omg that was the WORST,1,0,0,"The post 'Omg that was the WORST' could potentially convey surprise-related emotions, particularly surprise or realization, as it suggests an unexpected negative experience. Andy might label it as surprise-related due to the strong expression of 'Omg' indicating astonishment. Ben might also see it as surprise-related, as he tends to label posts with strong emotional expressions as such. Chris, however, might not label it as surprise-related, as he often requires more explicit indicators of surprise or realization.",1,1,0,Label by Andy: 1 | Label by Ben: 1 | Label by Chris: 0,0.3333333333333333,0.6666666666666666,0.3333333333333333,0.3333333333333333
387,edfbipt,My favourite goes back to one of the first battles ever on YouTube:,0,1,0,"The post reflects a nostalgic reference to a past event on YouTube, which might not inherently convey surprise-related emotions. Andy tends to label posts with a clear element of surprise or realization, which this post lacks. Ben often labels posts with a broader interpretation of surprise, including curiosity or interest, but this post seems more like a statement of preference rather than curiosity. Chris usually requires a more explicit indication of surprise or confusion, which is not present here.",0,0,0,"The post is a simple statement of preference and nostalgia, without any explicit or implicit elements of surprise-related emotions such as confusion, curiosity, realization, or surprise.",0.3333333333333333,0.0,0.3333333333333333,0.16666666666666663
388,ef0tm2e,You are giving them human emotions. If you spent any time with cattle at all you would realize how silly that is.,0,1,1,"The post seems to be addressing a misconception about cattle having human emotions. It points out the silliness of attributing human emotions to cattle, which could indicate a realization or a correction of a misunderstanding. Andy might see this as a realization, thus labeling it as surprise-related. Ben might not see this as surprise-related since it lacks a strong element of astonishment or confusion. Chris typically requires a more explicit expression of surprise or confusion, so he might not label it as surprise-related either.",1,0,0,"Andy might label this as surprise-related due to the realization aspect. Ben might not see it as surprise-related because it lacks a strong element of surprise or confusion. Chris might not label it as surprise-related either, as it doesn't explicitly express surprise or confusion.",0.6666666666666666,0.3333333333333333,0.3333333333333333,0.3333333333333333
389,eebwc9k,This report is going to be bullet proof,0,1,0,"The post 'This report is going to be bullet proof' does not explicitly convey any surprise-related emotions such as confusion, curiosity, realization, or surprise. It seems more like a confident statement about the quality or reliability of a report. Andy tends to label posts with a clear element of surprise or realization, which this post lacks. Ben often labels posts with a hint of sarcasm or unexpectedness, but this post doesn't seem to have those elements. Chris usually labels posts that are straightforward and lack surprise-related emotions as 0, which aligns with this post.",0,0,0,Label by Andy: 0 | Label by Ben: 0 | Label by Chris: 0,0.3333333333333333,0.0,0.3333333333333333,0.16666666666666663
390,edsu2r3,> for solo players Play. Mercenary. Playlist. :),1,1,0,"The post seems to be a straightforward suggestion or statement about a playlist for solo players. It doesn't explicitly convey any surprise-related emotions such as confusion, curiosity, realization, or surprise. Andy tends to label posts with a clear element of surprise or realization, which this post lacks. Ben sometimes labels posts with a subtle or indirect sense of surprise, but this post is quite direct and lacks any such nuance. Chris usually requires a more explicit indication of surprise-related emotions, which is not present here.",0,0,0,Label by Andy: 0 | Label by Ben: 0 | Label by Chris: 0,0.6666666666666666,0.0,0.6666666666666666,0.6666666666666666
391,eepzj8v,I got you.,0,1,0,"The post 'I got you.' is a simple statement that does not inherently convey surprise-related emotions. It lacks elements of confusion, curiosity, realization, or surprise. Andy tends to label posts with a clear indication of surprise or realization, which this post does not have. Ben often labels posts with a broader interpretation of surprise, but this post is too straightforward and lacks any unexpected element. Chris is consistent in labeling posts that clearly exhibit surprise-related emotions, which this post does not demonstrate.",0,0,0,Label by Andy: 0 | Label by Ben: 0 | Label by Chris: 0,0.3333333333333333,0.0,0.3333333333333333,0.16666666666666663
392,efghmo7,Of course it is. If it's called #bellletstalk. Not #letstalk.,1,0,0,"The post seems to express a realization or a clarification about the hashtag #bellletstalk, indicating that the speaker is pointing out the obviousness of the hashtag's purpose. Andy might see this as a realization, which is a surprise-related emotion, and label it as 1. Ben often labels posts with a hint of sarcasm or irony as surprise-related, so he might also label it as 1. Chris tends to be more conservative in labeling posts as surprise-related unless there's a strong element of surprise or confusion, so he might label it as 0.",1,1,0,"Andy might label the post as 1 because it involves a realization about the hashtag's purpose. Ben might label it as 1 due to the sarcastic tone, which he often associates with surprise-related emotions. Chris might label it as 0 because the post lacks a strong element of surprise or confusion.",0.3333333333333333,0.6666666666666666,0.3333333333333333,0.3333333333333333
393,edo8zrs,">I keep wondering when I'll ""slow down"". Hopefully never? Knowledge is worth pursuing for its own sake. Never stop being curious. ",1,1,0,"The post expresses a strong desire to continue learning and being curious, which aligns with the aspect of curiosity in surprise-related emotions. Andy might see the emphasis on curiosity as a surprise-related emotion, leading to a label of 1. Ben often labels posts with curiosity as surprise-related, so he would likely label it as 1. Chris tends to be more conservative in labeling posts as surprise-related unless there's a clear element of surprise or realization, so he might label it as 0.",1,1,0,Label by Andy: 1 | Label by Ben: 1 | Label by Chris: 0,0.6666666666666666,0.6666666666666666,0.0,0.0
394,eemcysk," >sexuality shouldn’t be a grouping category It makes you different from othet ppl so imo it fits the definition of ""grouping"" ",0,0,0,"The post discusses the concept of sexuality as a grouping category, which could evoke surprise-related emotions such as realization or confusion. Andy might see the post as a realization about the nature of grouping categories, thus labeling it as surprise-related. Ben often labels posts with a broader interpretation of surprise, and might see the post as a realization or a point of curiosity, leading to a label of surprise-related emotions. Chris tends to be more conservative in labeling posts as surprise-related and might not see this post as exhibiting strong surprise-related emotions, as it is more of a statement or opinion rather than an expression of surprise or confusion.",1,1,0,"Andy might label the post as 1 because it involves a realization about the nature of grouping categories. Ben might also label it as 1 due to the potential for realization or curiosity about the topic. Chris might label it as 0, as he tends to be more conservative and might not see the post as strongly exhibiting surprise-related emotions.",0.0,0.6666666666666666,0.6666666666666666,0.6666666666666666
395,efe5t30,MmMm I love me some microplastics.,0,0,0,"The post 'MmMm I love me some microplastics.' seems to be sarcastic or ironic, as microplastics are generally considered harmful. Andy might interpret this as a realization or surprise about the presence of microplastics in everyday life, leading to a label of 1. Ben often labels posts with sarcasm or irony as surprise-related, so he might also label it as 1. Chris tends to be more conservative in labeling surprise-related emotions and might not see this as exhibiting surprise, so he would likely label it as 0.",1,1,0,"Andy might see the post as expressing a realization or surprise about the presence of microplastics, leading to a label of 1. Ben often labels sarcastic or ironic posts as surprise-related, so he might also label it as 1. Chris tends to be more conservative in labeling surprise-related emotions and might not see this as exhibiting surprise, so he would likely label it as 0.",0.0,0.6666666666666666,0.6666666666666666,0.6666666666666666
396,eeojpfv,"Hey, I bought a few issues of ""Lady Death"" and it was awesome! I wasn't hanging posters though.",0,0,0,"The post expresses a positive sentiment towards the comic 'Lady Death,' indicating enjoyment and satisfaction. There is no explicit indication of surprise-related emotions such as confusion, curiosity, realization, or surprise. Andy tends to label posts with a clear element of surprise or realization, which is not present here. Ben often labels posts with a hint of sarcasm or unexpectedness, but this post is straightforward in its expression of enjoyment. Chris usually requires a more explicit indication of surprise-related emotions, which is not evident in this post.",0,0,0,The post is a straightforward expression of enjoyment and does not exhibit surprise-related emotions.,0.0,0.0,0.0,0.0
397,ee63poo,They wanted [NAME] to be in the cameo and both to wish her happy birthday as specified in the order,0,1,1,"The post describes a situation where someone was expected to be in a cameo and wish someone a happy birthday. There is no explicit indication of surprise, confusion, curiosity, or realization in the post. It seems to be a straightforward statement of what was expected to happen. Andy tends to label posts with surprise-related emotions when there is a clear indication of surprise or realization, which is not present here. Ben often labels posts with surprise-related emotions when there is a humorous or unexpected element, which is also not evident in this post. Chris is generally more conservative in labeling posts with surprise-related emotions and would likely not see any such emotions in this post.",0,0,0,Label by Andy: 0 | Label by Ben: 0 | Label by Chris: 0,0.6666666666666666,0.0,0.6666666666666666,0.6666666666666666
398,ed7obon,Oy vey! Shut it down!,1,1,0,"The phrase 'Oy vey!' is often used to express exasperation or surprise, which could indicate a surprise-related emotion. The command 'Shut it down!' suggests a strong reaction to something unexpected or unwanted. Andy might see the use of 'Oy vey!' as an expression of surprise, leading him to label it as surprise-related. Ben often labels posts with strong reactions or exclamations as surprise-related, so he might also label this as such. Chris tends to be more conservative in labeling posts as surprise-related unless there is a clear indication of surprise or realization, so he might not label this as surprise-related.",1,1,0,Andy might label this post as surprise-related due to the expression 'Oy vey!' which indicates surprise or exasperation. Ben is likely to label it as surprise-related because of the strong reaction implied by 'Shut it down!' Chris might not label it as surprise-related because he requires a clearer indication of surprise or realization.,0.6666666666666666,0.6666666666666666,0.0,0.0
399,eev17cs,Refusing to acknowledge the *'First Act of Supremacy (1534)'* was a reason too.,1,1,0,"The post refers to a historical event, the 'First Act of Supremacy (1534)', and suggests that refusing to acknowledge it was a reason for something, likely a historical consequence. Andy might see this as a realization or a historical curiosity, as it involves understanding historical context. Ben might not see this as surprise-related because it lacks a direct expression of surprise or confusion. Chris might also not see this as surprise-related, as it seems more like a factual statement rather than an emotional one.",1,0,0,Andy might label this as 1 because it involves realization or curiosity about historical events. Ben might label it as 0 because it doesn't express surprise or confusion directly. Chris might label it as 0 because it seems more factual than emotional.,0.6666666666666666,0.3333333333333333,0.3333333333333333,0.3333333333333333
400,ed7a2gq,Omg stop spamming.,0,0,0,"The post 'Omg stop spamming.' is a straightforward request or command to stop an action, likely due to annoyance or frustration. It does not explicitly convey surprise-related emotions such as confusion, curiosity, realization, or surprise. Andy tends to label posts with a clear expression of surprise or realization, which this post lacks. Ben often labels posts with a broader interpretation of surprise-related emotions, but this post does not seem to fit his pattern either. Chris is more conservative in labeling posts as surprise-related, and this post does not meet his criteria either.",0,0,0,"The post 'Omg stop spamming.' is a direct expression of annoyance or frustration rather than surprise-related emotions. Andy, Ben, and Chris are likely to label it as not exhibiting surprise-related emotions, given their labeling patterns.",0.0,0.0,0.0,0.0
401,edv5ks4,I was my father's 4th girl. **Nothing** made him uncomfortable by that point,0,1,0,"The post reflects on the speaker being the fourth daughter of their father, suggesting that by the time they were born, nothing surprised or made their father uncomfortable. This could imply a realization or acceptance of the father's experience with raising daughters. Andy might see this as a realization or acceptance, which could be related to surprise-related emotions. Ben might interpret the post as a humorous or ironic realization, which aligns with his tendency to label posts with subtle surprise or irony as surprise-related. Chris, however, might not see this as exhibiting strong surprise-related emotions, as it seems more like a statement of fact or acceptance rather than an expression of surprise, confusion, or curiosity.",1,1,0,Label by Andy: 1 | Label by Ben: 1 | Label by Chris: 0,0.3333333333333333,0.6666666666666666,0.3333333333333333,0.3333333333333333
402,edxi4h0,"Truth never changes. Maybe it's questionable to you, but... ",1,0,0,"The post 'Truth never changes. Maybe it's questionable to you, but...' seems to express a statement about the nature of truth. Andy might see this as a realization or a statement of fact, which doesn't necessarily convey surprise-related emotions, so he might label it as 0. Ben might interpret the phrase 'Maybe it's questionable to you' as an indication of confusion or curiosity, suggesting a surprise-related emotion, so he might label it as 1. Chris tends to label posts with clear surprise or confusion, and this post doesn't strongly convey those emotions, so he might label it as 0.",0,1,0,Label by Andy: 0 | Label by Ben: 1 | Label by Chris: 0,0.3333333333333333,0.3333333333333333,0.0,0.0
403,efgvohz,[NAME] was selfish as hell. Stop with the revisionist history bs,0,0,1,"The post expresses a strong opinion about someone being selfish and criticizes the idea of revising history to portray them differently. Andy might see this as a straightforward opinion without elements of surprise-related emotions, so he would likely label it as 0. Ben might interpret the criticism of 'revisionist history' as a realization or surprise about how history is being portrayed, so he might label it as 1. Chris tends to label posts with clear surprise or realization, but this post seems more like a strong opinion, so he would likely label it as 0.",0,1,0,Label by Andy: 0 | Label by Ben: 1 | Label by Chris: 0,0.3333333333333333,0.3333333333333333,0.0,0.0
404,edx5ljb,"No, mom doesn’t like fights and my sisters afraid of getting hit (even though he doesn’t hit her)",1,1,0,"The post discusses a family dynamic where the mother doesn't like fights and the sister is afraid of getting hit, even though there is no actual hitting involved. This could indicate a realization or a sense of confusion about the sister's fear, which might be seen as a surprise-related emotion. Andy might see the mention of fear and the clarification that there is no hitting as a realization or confusion, leading to a label of 1. Ben might focus on the emotional aspect of fear and the unexpected nature of the sister's fear despite no hitting, which could lead to a label of 1. Chris, however, might not see this as a strong enough indication of surprise-related emotions, as the post is more about stating facts rather than expressing surprise, leading to a label of 0.",1,1,0,Andy might label this post as 1 because it involves a realization or confusion about the sister's fear. Ben might also label it as 1 due to the unexpected nature of the sister's fear. Chris might label it as 0 because it doesn't strongly convey surprise-related emotions.,0.6666666666666666,0.6666666666666666,0.0,0.0
405,edtb81t,You kinda arguing against him rn,0,1,0,"The post 'You kinda arguing against him rn' suggests a realization or pointing out of an ongoing argument. Andy might see this as a realization of the situation, which could be related to surprise. Ben might not see this as surprise-related since it lacks explicit confusion or astonishment. Chris typically requires more explicit surprise or confusion, so he might not label it as surprise-related either.",1,0,0,"Andy might label it as 1 due to the realization aspect, Ben might label it as 0 as it lacks explicit surprise, and Chris might label it as 0 as it doesn't strongly convey surprise-related emotions.",0.3333333333333333,0.3333333333333333,0.0,0.0
406,ed8rdtv,The only character to never let me down,0,1,0,"The post expresses a sentiment of reliability and trust in a character, which does not directly align with surprise-related emotions such as confusion, curiosity, realization, or surprise. Andy tends to label posts with a clear expression of surprise or realization, which is not present here. Ben often labels posts with a broader interpretation of surprise-related emotions, but this post lacks any element of surprise or unexpectedness. Chris is more conservative in labeling surprise-related emotions and would likely not see any in this post.",0,0,0,Label by Andy: 0 | Label by Ben: 0 | Label by Chris: 0,0.3333333333333333,0.0,0.3333333333333333,0.16666666666666663
407,ed73naa,Pre buff outlaw the rest just took time. [NAME] was pretty easy for me though.,1,1,1,"The post discusses a topic related to a game or activity, mentioning 'pre buff outlaw' and a character or element that was 'pretty easy.' There is no clear indication of surprise-related emotions such as confusion, curiosity, realization, or surprise. Andy tends to label posts with a clear element of surprise or realization, which is not present here. Ben sometimes labels posts with a subtle or indirect surprise element, but this post lacks such elements. Chris is consistent in labeling posts without clear surprise-related emotions as 0, which aligns with this post.",0,0,0,"The post does not exhibit any clear surprise-related emotions. It seems to be a straightforward statement about a game or activity, without any indication of confusion, curiosity, realization, or surprise. Therefore, it is likely that all three annotators would label it as not exhibiting surprise-related emotions.",1.0,0.0,1.0,1.0
408,eesw0xi,All you need to read is [NAME] death near the end of the book to remind you... “Twas a comical effect.”,0,1,0,"The post mentions a death in a book, which could evoke surprise-related emotions such as realization or surprise. Andy might focus on the mention of death and the unexpected nature of it being described as having a 'comical effect,' which could be seen as surprising or confusing. Ben might also see the mention of death and the 'comical effect' as surprising, aligning with his tendency to label posts with unexpected or ironic elements as surprise-related. Chris, however, might not see this as surprise-related, as he tends to label more straightforward or less emotionally charged posts as not exhibiting surprise-related emotions.",1,1,0,"Andy and Ben are likely to label this post as exhibiting surprise-related emotions due to the unexpected and potentially confusing nature of describing a death as having a 'comical effect.' Chris, on the other hand, might not see this as surprise-related, as he often labels posts that are less emotionally charged as not exhibiting surprise-related emotions.",0.3333333333333333,0.6666666666666666,0.3333333333333333,0.3333333333333333
409,ee49pt0,It’s like you guys actually **want** a dictator.,0,0,0,"The post expresses a sense of disbelief or astonishment at the idea that people might want a dictator, which aligns with the aspect of surprise. Andy tends to label posts with a clear expression of surprise or disbelief as exhibiting surprise-related emotions, so he might label this as 1. Ben often labels posts that contain a strong emotional reaction or sarcasm as surprise-related, so he might also label this as 1. Chris, however, tends to be more conservative in labeling posts as surprise-related unless there is a clear indication of confusion or realization, so he might label this as 0.",1,1,0,Label by Andy: 1 | Label by Ben: 1 | Label by Chris: 0,0.0,0.6666666666666666,0.6666666666666666,0.6666666666666666
410,ee7l512,Bro. We’ve been cursed since way before that.,0,1,1,"The post expresses a sentiment of being cursed for a long time, which could imply a realization or acknowledgment of an ongoing negative situation. Andy might see this as a realization of a long-standing issue, thus labeling it as surprise-related. Ben tends to label posts with a sense of irony or sarcasm as surprise-related, and this post could be interpreted as such, so he might label it as surprise-related. Chris, however, often requires a more explicit expression of surprise or confusion, which this post lacks, so he might not label it as surprise-related.",1,1,0,"Andy might label the post as surprise-related due to the realization aspect of acknowledging a long-standing curse. Ben might also label it as surprise-related because of the potential irony or sarcasm in the statement. Chris, however, might not see it as surprise-related because it lacks explicit surprise or confusion.",0.6666666666666666,0.6666666666666666,0.0,0.0
411,ed2z2g9,"The walls are repainted anyway every few years, so if you buy the paint you want, they will even do it for you with that.",0,1,0,"The post discusses a practical aspect of repainting walls and suggests a way to have them painted in a preferred color. It doesn't express confusion, curiosity, realization, or surprise. Andy tends to label posts with a clear expression of surprise or realization, which this post lacks. Ben sometimes labels posts with a hint of surprise or unexpectedness, but this post is straightforward and lacks such elements. Chris is consistent in labeling posts that clearly express surprise-related emotions, which this post does not exhibit.",0,0,0,"The post is straightforward and practical, discussing repainting walls with a preferred color. It lacks elements of surprise, confusion, curiosity, or realization, leading to a label of 0 from all annotators.",0.3333333333333333,0.0,0.3333333333333333,0.16666666666666663
412,eenhnh9,Or Not my policy *Gets beaten up*,1,0,0,"The post 'Or Not my policy *Gets beaten up*' suggests a scenario where someone is unexpectedly beaten up, which could imply surprise or shock. Andy might see the humor or sarcasm in the situation, leading him to label it as surprise-related. Ben often labels posts with unexpected or humorous elements as surprise-related, so he might also label this as such. Chris tends to be more conservative in labeling posts as surprise-related unless there's a clear indication of surprise or realization, so he might not label this as surprise-related.",1,1,0,Label by Andy: 1 | Label by Ben: 1 | Label by Chris: 0,0.3333333333333333,0.6666666666666666,0.3333333333333333,0.3333333333333333
413,edruu41,"He's hanging with friends...TV on, volume down. People asking, how are things in Detroit and he just shrugs and shakes his head",0,1,0,"The post describes a scene where someone is with friends, the TV is on with low volume, and when asked about Detroit, the person shrugs and shakes his head. Andy might see the shrug and head shake as a sign of realization or confusion about the situation in Detroit, leading to a label of 1. Ben might interpret the shrug and head shake as a lack of surprise-related emotions, as it seems more like a casual or resigned response, leading to a label of 0. Chris might also see this as a non-surprise-related emotion, as the post doesn't convey strong feelings of astonishment or curiosity, leading to a label of 0.",1,0,0,"Andy might label this as 1 because the shrug and head shake could indicate a realization or confusion about the situation in Detroit. Ben might label it as 0 because the response seems casual and not indicative of surprise-related emotions. Chris might also label it as 0 for similar reasons, as the post doesn't convey strong surprise-related emotions.",0.3333333333333333,0.3333333333333333,0.0,0.0
414,eeceseo,Then YOU go right ahead...support and guide him.,0,1,0,"The post ""Then YOU go right ahead...support and guide him."" seems to convey a sense of sarcasm or a challenge, which might not directly relate to surprise-related emotions. Andy might see the post as a challenge or sarcasm, which he sometimes associates with surprise, so he might label it as surprise-related. Ben often labels posts with sarcasm or indirect communication as surprise-related, so he might also label it as such. Chris tends to focus on more explicit expressions of surprise or confusion, and this post doesn't seem to fit his criteria, so he might not label it as surprise-related.",1,1,0,"Andy might see the post as a challenge or sarcasm, which he sometimes associates with surprise, so he might label it as surprise-related. Ben often labels posts with sarcasm or indirect communication as surprise-related, so he might also label it as such. Chris tends to focus on more explicit expressions of surprise or confusion, and this post doesn't seem to fit his criteria, so he might not label it as surprise-related.",0.3333333333333333,0.6666666666666666,0.3333333333333333,0.3333333333333333
415,efcgvcv,That's a pretty bad example ngl lol,0,0,0,"The post 'That's a pretty bad example ngl lol' seems to express a dismissive or critical tone rather than surprise-related emotions. Andy might see the 'ngl lol' (not gonna lie, laugh out loud) as a sign of realization or surprise, but it's more likely to be interpreted as a casual critique. Ben might consider the 'ngl lol' as a form of realization or surprise, but given his tendency to label more straightforward surprise or confusion, he might not see this as fitting. Chris, who tends to label more literal expressions of surprise, would likely not see this as surprise-related.",0,0,0,"The post does not strongly exhibit surprise-related emotions such as confusion, curiosity, realization, or surprise. It seems more like a casual critique or dismissal, which is not typically associated with surprise-related emotions. Therefore, Andy, Ben, and Chris would likely not label this post as exhibiting surprise-related emotions.",0.0,0.0,0.0,0.0
416,edxp73h,They all say that. Mine said all the same things too and then just days / a week later met and started dating someone.,0,0,0,"The post reflects a sense of realization and perhaps a hint of surprise or disappointment about a common experience of being told something by a partner, only for them to act contrary shortly after. Andy might see the realization aspect as indicative of surprise-related emotions. Ben might focus on the commonality of the experience and not see it as surprising, while Chris might not find it surprising or related to confusion or curiosity.",1,0,0,Andy might label it as 1 due to the realization aspect. Ben might label it as 0 because the experience seems common and not surprising. Chris might label it as 0 as it doesn't strongly convey surprise-related emotions.,0.0,0.3333333333333333,0.3333333333333333,0.16666666666666663
417,eezd5b1,> I don't care what context this has Why are you so proud of being ignorant?,1,0,0,"The post expresses a strong opinion against ignorance, which could be interpreted as a realization or surprise at someone's pride in ignorance. Andy might see the post as expressing a realization or surprise-related emotion due to the questioning of pride in ignorance. Ben might also see it as surprise-related due to the strong reaction against ignorance, which could imply a realization or astonishment. Chris, however, might not see it as surprise-related, as the post is more of a critique rather than expressing confusion, curiosity, or surprise.",1,1,0,"Andy might label it as 1 because the post questions the pride in ignorance, which could be seen as a realization or surprise. Ben might label it as 1 due to the strong reaction against ignorance, indicating a realization or astonishment. Chris might label it as 0 because the post is more of a critique rather than expressing surprise-related emotions.",0.3333333333333333,0.6666666666666666,0.3333333333333333,0.3333333333333333
418,eejqrhs,There is no your reality. There is only your delusion.,0,1,0,"The post 'There is no your reality. There is only your delusion.' seems to challenge the reader's perception of reality, which could evoke surprise-related emotions such as realization or confusion. Andy might see this as a realization, as it suggests a shift in understanding about one's perception of reality. Ben might interpret this as a form of confusion, as it questions the reader's understanding of reality versus delusion. Chris, however, might not see this as surprise-related, as it could be interpreted as a straightforward statement without an element of surprise or curiosity.",1,1,0,"Andy might label this as 1 due to the realization aspect, Ben might label it as 1 due to the confusion aspect, and Chris might label it as 0 as he might not see it as surprise-related.",0.3333333333333333,0.6666666666666666,0.3333333333333333,0.3333333333333333
419,ef6uvzn,I guessed this,0,1,0,"The post 'I guessed this' suggests a sense of realization or confirmation of something the person already suspected or predicted. Andy might see this as a realization, which is a surprise-related emotion, and thus label it as 1. Ben tends to label posts with a broader interpretation of surprise-related emotions, so he might also label it as 1 due to the realization aspect. Chris, however, often requires a more explicit expression of surprise or confusion, and might not see this as strongly exhibiting surprise-related emotions, so he might label it as 0.",1,1,0,"Andy might label it as 1 due to the realization aspect. Ben might also label it as 1, considering his broader interpretation of surprise-related emotions. Chris might label it as 0, as he often requires more explicit expressions of surprise.",0.3333333333333333,0.6666666666666666,0.3333333333333333,0.3333333333333333
420,eesqwn6,Can i give reddit gold to your sister... Or at least a gold star Also how was the show,1,1,0,"The post contains a playful tone with a hint of curiosity about giving 'reddit gold' or a 'gold star' to someone's sister, which could be seen as a light-hearted surprise or jest. The mention of 'how was the show' indicates a follow-up question, showing curiosity about the event. Andy might see the playful nature and curiosity as surprise-related, while Ben might focus on the curiosity aspect. Chris, however, might not see this as strongly related to surprise emotions, as it lacks a strong element of astonishment or realization.",1,1,0,"Andy might label this as 1 due to the playful and curious nature of the post, which can be seen as surprise-related. Ben might also label it as 1, focusing on the curiosity about the show. Chris might label it as 0, as the post doesn't strongly convey surprise or realization.",0.6666666666666666,0.6666666666666666,0.0,0.0
421,ee8zei1,So I uh just checked it out and my sanity is gone,1,1,0,"The post 'So I uh just checked it out and my sanity is gone' suggests a sense of surprise or shock, as the speaker seems to have encountered something unexpected that affected their mental state. Andy might label this as surprise-related due to the expression of losing sanity, which implies a strong reaction to something unforeseen. Ben often labels posts with a sense of surprise or realization, so he might also see this as surprise-related. Chris tends to be more conservative in labeling surprise-related emotions and might not see this as strongly indicative of surprise, as the post lacks explicit markers of confusion or curiosity.",1,1,0,"Andy might label this post as 1 because it conveys a sense of surprise or shock, as indicated by the phrase 'my sanity is gone.' Ben might also label it as 1, as he often identifies posts with elements of surprise or realization. Chris might label it as 0, as he tends to require more explicit markers of surprise-related emotions.",0.6666666666666666,0.6666666666666666,0.0,0.0
422,eemgpp3,I'm sure he immensely appreciates the gesture.,0,1,0,"The post ""I'm sure he immensely appreciates the gesture"" does not explicitly convey any surprise-related emotions such as confusion, curiosity, realization, or surprise. It seems to be a straightforward statement expressing certainty about someone's appreciation. Andy tends to label posts with a clear element of surprise or realization, which this post lacks. Ben often labels posts with a hint of sarcasm or irony as surprise-related, but this post does not seem to have such undertones. Chris usually requires a more explicit expression of surprise or confusion, which is not present here.",0,0,0,"The post does not exhibit any clear signs of surprise-related emotions, such as confusion, curiosity, realization, or surprise. It is a straightforward statement about appreciation, lacking elements that would trigger a surprise-related label from any of the annotators.",0.3333333333333333,0.0,0.3333333333333333,0.16666666666666663
423,edq9avl,"*""Success is the best revenge.""* Good job OP. Stay strong. You're almost there.",0,0,0,"The post 'Success is the best revenge.' followed by encouragement to 'Stay strong' and 'You're almost there' suggests a realization or a motivational tone rather than surprise-related emotions. Andy might see the phrase 'Success is the best revenge' as a realization, but the overall tone is more supportive and motivational. Ben might not see any surprise-related emotions here, as the post is straightforward and lacks elements of confusion, curiosity, or surprise. Chris is likely to agree with Ben, as the post is more about encouragement and motivation rather than surprise-related emotions.",0,0,0,"The post is motivational and supportive, focusing on success and perseverance rather than surprise-related emotions. Andy might consider the phrase 'Success is the best revenge' as a realization, but the overall context is not surprising. Ben and Chris would likely not see any surprise-related emotions, as the post is straightforward and lacks elements of confusion, curiosity, or surprise.",0.0,0.0,0.0,0.0
424,ednjpuq,"You should watch the “Genghis Khan” music video by [NAME], suddenly these two really look like the couple in that video 😳",0,1,0,"The post suggests a realization or a surprising comparison between two people and a music video couple. The use of the word 'suddenly' and the shocked emoji 😳 indicates an element of surprise or realization. Andy tends to label posts with a clear element of surprise or realization, so he might label this as 1. Ben often labels posts with surprise or unexpected elements, so he might also label this as 1. Chris, however, is more conservative in labeling posts as surprise-related and might not see this as strongly surprising, so he might label it as 0.",1,1,0,"The post contains elements of realization and surprise, particularly with the use of 'suddenly' and the shocked emoji, which suggests an unexpected comparison or realization. Andy and Ben are likely to label it as surprise-related, while Chris might not see it as strongly surprising.",0.3333333333333333,0.6666666666666666,0.3333333333333333,0.3333333333333333
425,edqj85w,"The Donald raiders are the most savage of the bunch, they not only downvote brigade but also annihilate civil debates ",0,0,0,"The post describes a group of people as 'savage' and mentions their actions of 'downvote brigade' and 'annihilating civil debates.' Andy might see the use of 'savage' as an expression of surprise or astonishment at their behavior, leading to a label of 1. Ben often labels posts with a sense of surprise or unexpectedness, and the description of the raiders' actions might be seen as surprising, so he might label it as 1. Chris tends to be more conservative in labeling posts as surprise-related unless there's a clear indication of surprise or realization, which this post lacks, so he might label it as 0.",1,1,0,Label by Andy: 1 | Label by Ben: 1 | Label by Chris: 0,0.0,0.6666666666666666,0.6666666666666666,0.6666666666666666
426,eeugj1b,"So we should just complete one study on anything, never question the results or methods, and just accept the initial study as gospel. Gotcha.",0,1,1,"The post seems to express sarcasm or skepticism about the idea of accepting a single study's results without question. Andy might see this as a realization or surprise at the notion of not questioning scientific studies, thus labeling it as surprise-related. Ben might interpret the sarcasm as a form of surprise or realization about the flawed approach to scientific studies, leading him to label it as surprise-related. Chris, on the other hand, might not see this as surprise-related, as it could be interpreted as a straightforward critique rather than an expression of surprise or realization.",1,1,0,"Andy might label this post as 1 because it reflects a realization or surprise about the flawed approach to scientific studies. Ben might also label it as 1 due to the sarcastic tone indicating surprise or realization. Chris might label it as 0, viewing it as a critique rather than an expression of surprise.",0.6666666666666666,0.6666666666666666,0.0,0.0
427,edhuti3,Bears Beets Baseball,1,1,0,"The post 'Bears Beets Baseball' is a reference to a popular line from the TV show 'The Office,' where the character Dwight Schrute says 'Bears, Beets, Battlestar Galactica.' This line is often quoted for its humorous and unexpected nature. Andy might see this as a realization or surprise due to its unexpectedness and reference to pop culture. Ben might also see it as surprise-related due to the humor and unexpected combination of words. Chris, however, might not see it as surprise-related because it lacks a direct expression of confusion, curiosity, or realization in the context of the post itself.",1,1,0,"Andy might label it as 1 because the post references a well-known humorous line that could evoke a sense of surprise or realization. Ben might also label it as 1 due to the unexpected and humorous nature of the reference. Chris might label it as 0 because the post does not explicitly convey confusion, curiosity, or realization.",0.6666666666666666,0.6666666666666666,0.0,0.0
428,eewgr0w,...which means they will likely face some negative repercussions after the downvote brigade wakes up and buries this post.,0,1,0,"The post discusses the anticipation of negative repercussions due to a 'downvote brigade.' This suggests a realization of potential consequences, which could be seen as a surprise-related emotion. Andy might see the anticipation of repercussions as a realization, thus labeling it as surprise-related. Ben often labels posts with a sense of realization or anticipation as surprise-related, so he might also label it as such. Chris tends to be more conservative in labeling posts as surprise-related unless there is a clear element of surprise or confusion, which might not be strongly present here.",1,1,0,Label by Andy: 1 | Label by Ben: 1 | Label by Chris: 0,0.3333333333333333,0.6666666666666666,0.3333333333333333,0.3333333333333333
429,edea6k4,Surely it's *a* factor. It's just not sufficient. [NAME] had a good life before he went jihadi.,0,0,0,"The post discusses a person who had a good life before making a drastic decision to become a jihadi. This could imply a realization or surprise about the person's life choices, which might be seen as unexpected or confusing. Andy might see the mention of a good life turning into something extreme as a realization or surprise, leading him to label it as surprise-related. Ben might focus on the unexpected nature of the life change, considering it a surprise-related emotion. Chris, however, might not see this as directly related to surprise, as it could be interpreted as a factual statement rather than an emotional one.",1,1,0,"Andy might label this as 1 because the post implies a realization or surprise about the person's life choices. Ben might also label it as 1 due to the unexpected nature of the life change. Chris might label it as 0, seeing it as a factual statement rather than an emotional one.",0.0,0.6666666666666666,0.6666666666666666,0.6666666666666666
430,efeu02s,Foreign mor lil boreign,1,1,0,"The post 'Foreign mor lil boreign' is quite cryptic and doesn't clearly convey any specific emotion. Andy might not see any surprise-related emotions here as it lacks clear indicators of confusion, curiosity, realization, or surprise. Ben, who sometimes labels posts with a sense of irony or unexpectedness, might see a hint of surprise-related emotion due to the unusual phrasing. Chris, who tends to require more explicit surprise-related content, is unlikely to label this as surprise-related.",0,1,0,Label by Andy: 0 | Label by Ben: 1 | Label by Chris: 0,0.6666666666666666,0.3333333333333333,0.3333333333333333,0.3333333333333333
431,eeqn4it,*We're allll in this together~*,0,1,0,"The post ""We're allll in this together~"" seems to convey a sense of unity or camaraderie, which doesn't directly align with surprise-related emotions such as confusion, curiosity, realization, or surprise. Andy tends to label posts with a clear element of surprise or realization, which this post lacks. Ben often labels posts with a broader interpretation of surprise-related emotions, but this post doesn't seem to fit his pattern either. Chris is more conservative in labeling posts as surprise-related, and this post doesn't exhibit any of the specific emotions he looks for.",0,0,0,"The post ""We're allll in this together~"" does not exhibit any clear surprise-related emotions such as confusion, curiosity, realization, or surprise. It seems more about unity or togetherness, which doesn't align with the criteria for surprise-related emotions. Therefore, Andy, Ben, and Chris would likely not label this post as exhibiting surprise-related emotions.",0.3333333333333333,0.0,0.3333333333333333,0.16666666666666663
432,ee1msax,Human trafficking is bad.,0,0,0,"The post 'Human trafficking is bad.' is a straightforward statement expressing a moral stance against human trafficking. It does not exhibit any elements of surprise-related emotions such as confusion, curiosity, realization, or surprise. Andy, Ben, and Chris are likely to see this as a clear and direct statement without any emotional complexity or unexpected elements. Therefore, they would likely not label it as exhibiting surprise-related emotions.",0,0,0,Label by Andy: 0 | Label by Ben: 0 | Label by Chris: 0,0.0,0.0,0.0,0.0
433,edm8tm6,Market ≠ Capitalism Just because something operates within the Capitalist system doesn't make it Capitalist. Just because [NAME] was (supposedly) elected didn't make him democratic,0,0,0,"The post discusses the distinction between markets and capitalism, as well as the difference between being elected and being democratic. Andy might see this as a realization or clarification, which could be related to surprise-related emotions, so he might label it as 1. Ben tends to label posts with a broader interpretation of surprise-related emotions, such as curiosity or realization, so he might also label it as 1. Chris, on the other hand, often requires a more explicit expression of surprise or confusion, and this post seems more like a statement of opinion or clarification rather than an expression of surprise, so he might label it as 0.",1,1,0,Label by Andy: 1 | Label by Ben: 1 | Label by Chris: 0,0.0,0.6666666666666666,0.6666666666666666,0.6666666666666666
434,efh5vkf,Why do we gotta wait for a week just for the devs to fix their mistake?,1,1,1,"The post expresses a sense of frustration and impatience about having to wait for a week for developers to fix a mistake. Andy might see this as a realization of the inefficiency or a surprise at the delay, thus labeling it as surprise-related. Ben often labels posts with a sense of frustration or criticism as surprise-related, so he might also label it as such. Chris tends to be more conservative in labeling posts as surprise-related and might not see this as fitting the criteria, as it lacks a strong element of surprise or confusion.",1,1,0,Label by Andy: 1 | Label by Ben: 1 | Label by Chris: 0,1.0,0.6666666666666666,0.33333333333333337,0.1666666666666667
435,ed2y4cx,He is proudly swimming in his cesspool of a personality,0,0,0,"The post uses a metaphor to describe someone's personality in a negative light, suggesting a sense of realization or awareness about the person's character. Andy might see this as a realization or a surprising insight into someone's personality, thus labeling it as surprise-related. Ben often labels posts with a sarcastic or humorous tone as surprise-related, so he might also label this as surprise-related due to the sarcastic metaphor. Chris tends to be more conservative in labeling posts as surprise-related and might not see this as exhibiting surprise-related emotions, as it lacks a direct expression of surprise or confusion.",1,1,0,Label by Andy: 1 | Label by Ben: 1 | Label by Chris: 0,0.0,0.6666666666666666,0.6666666666666666,0.6666666666666666
436,edxfal5,"Not that hard, but definitely time consuming, especially to gather a dataset fit for video training.",0,0,0,"The post discusses the difficulty and time-consuming nature of gathering a dataset for video training. It does not explicitly express confusion, curiosity, realization, or surprise. Andy tends to label posts with explicit surprise or realization, which this post lacks. Ben often labels posts with a hint of surprise or realization, but this post is more factual and lacks those elements. Chris is more conservative in labeling surprise-related emotions and would likely see this as a straightforward statement without surprise.",0,0,0,"The post is a straightforward statement about the challenges of gathering a dataset for video training. It lacks elements of surprise, confusion, curiosity, or realization, making it unlikely to be labeled as surprise-related by any of the annotators.",0.0,0.0,0.0,0.0
437,edafeh3,Then enjoy your shutdown!,0,1,0,"The post 'Then enjoy your shutdown!' could be interpreted in different ways. Andy might see this as a sarcastic or dismissive comment, but not necessarily related to surprise, so he might label it as 0. Ben might interpret this as a sarcastic surprise or realization about a situation, possibly related to a government or service shutdown, and might label it as 1. Chris might see this as a straightforward statement without any surprise-related emotions, so he might label it as 0.",0,1,0,Label by Andy: 0 | Label by Ben: 1 | Label by Chris: 0,0.3333333333333333,0.3333333333333333,0.0,0.0
438,edj30qx,This is gonna need a pt 2 now!,1,1,0,"The post 'This is gonna need a pt 2 now!' suggests a sense of anticipation or realization that more content or information is needed. Andy might see this as a realization or curiosity about what comes next, thus labeling it as surprise-related. Ben often labels posts with a sense of anticipation or realization as surprise-related, so he might also label it as such. Chris tends to be more conservative in labeling posts as surprise-related unless there is a clear element of surprise or confusion, so he might not label this post as surprise-related.",1,1,0,Andy might label this post as surprise-related due to the realization or curiosity aspect. Ben is likely to label it as surprise-related because of the anticipation for more content. Chris might not label it as surprise-related as it lacks a strong element of surprise or confusion.,0.6666666666666666,0.6666666666666666,0.0,0.0
439,eeb4zdg,You're going NOWHERE! Edit: [NAME],0,0,0,"The post 'You're going NOWHERE! Edit: [NAME]' could be interpreted in different ways. Andy might see this as a statement of surprise or realization, especially with the emphasis on 'NOWHERE' and the edit, suggesting a change or realization. Ben might interpret the post as having an element of surprise or realization due to the emphatic nature of the statement and the edit, which could imply a change in understanding or a surprising revelation. Chris, however, might not see this as conveying surprise-related emotions, as the post could be interpreted as a straightforward statement without any underlying surprise or confusion.",1,1,0,Label by Andy: 1 | Label by Ben: 1 | Label by Chris: 0,0.0,0.6666666666666666,0.6666666666666666,0.6666666666666666
440,eet8rmo,Howd i get downvoted? Lmao. I love drones and think they cant be beat for SaR and aerial mapping... thats why i forwarded the proposal!,0,1,0,"The post expresses a sense of confusion or surprise about being downvoted, which aligns with the aspect of confusion in surprise-related emotions. Andy tends to label posts with a direct expression of surprise or confusion as exhibiting surprise-related emotions, so he might label this as 1. Ben often labels posts with a sense of irony or unexpectedness as surprise-related, and the unexpected downvote could fit this pattern, so he might also label it as 1. Chris, however, tends to be more conservative in labeling posts as surprise-related unless there is a strong element of surprise or realization, which this post lacks, so he might label it as 0.",1,1,0,"Andy might label this post as 1 because it shows confusion about being downvoted, which is a surprise-related emotion. Ben might also label it as 1 due to the unexpected nature of the downvote, which aligns with his pattern of labeling. Chris might label it as 0 because the post doesn't strongly convey surprise or realization.",0.3333333333333333,0.6666666666666666,0.3333333333333333,0.3333333333333333
441,efarufp,"""This is good. What is it?"" ""Es carne de burro."" ""Heh, my name's [NAME].""",1,0,0,"The post involves a conversation where someone is told they are eating 'carne de burro' (donkey meat), which could be unexpected or surprising. The response 'Heh, my name's [NAME]' suggests a play on words or a humorous realization, possibly indicating surprise or confusion. 

Andy might label this as surprise-related due to the unexpected nature of the conversation and the humorous realization. Ben often labels posts with humor or unexpected elements as surprise-related, so he might also label this as surprise-related. Chris tends to be more conservative in labeling surprise-related emotions and might not see this as strongly exhibiting surprise-related emotions.",1,1,0,"Andy might see the humor and unexpected nature of the conversation as indicative of surprise-related emotions, so he would likely label it as 1. Ben often labels humorous or unexpected posts as surprise-related, so he would likely label it as 1 as well. Chris, however, might not see this as strongly exhibiting surprise-related emotions and would likely label it as 0.",0.3333333333333333,0.6666666666666666,0.3333333333333333,0.3333333333333333
442,edirgx4,The f****** voice of the unsolved mysteries guy,1,1,0,"The post mentions 'the unsolved mysteries guy,' which could imply a sense of curiosity or realization about the voice being recognized or remembered. However, the use of strong language ('f******') suggests a more intense emotional reaction, possibly surprise or astonishment. Andy might focus on the surprise or realization aspect, given his tendency to label posts with a hint of surprise or realization. Ben might also see the surprise or astonishment in the post, as he often labels posts with a strong emotional reaction. Chris, on the other hand, tends to be more conservative in labeling posts as surprise-related unless there's a clear indication of confusion or realization, which might not be as evident here.",1,1,0,Label by Andy: 1 | Label by Ben: 1 | Label by Chris: 0,0.6666666666666666,0.6666666666666666,0.0,0.0
