,Text,Surprise_pos,Surprise_neg,Surprise_pos_LLM,Surprise_neg_LLM,Reasoning_LLM,Raw_output_LLM,Surprise_pos_diff,Surprise_pos_diff_norm
0,This is a depressing r/tworedditorsonecup,0.0,1.0,0.2,0.8,"The post expresses a negative sentiment by describing something as 'depressing,' but it does not clearly convey any of the specific aspects of surprise-related emotions such as confusion, curiosity, realization, or surprise. The use of 'depressing' suggests a more straightforward emotional response rather than one of surprise or astonishment. Therefore, it is likely that a smaller percentage of annotators would classify this post as exhibiting surprise-related emotions.","The post 'This is a depressing r/tworedditorsonecup' does not explicitly express surprise-related emotions. The term 'depressing' indicates a negative emotional response, but it lacks elements of confusion, curiosity, realization, or surprise. As a result, the prediction is that 20% of annotators might see some element of surprise-related emotion, while 80% would not.",0.2,0.05000000000000001
1,What country have you move to?,1.0,0.0,0.6,0.4,"The post 'What country have you move to?' suggests a question that could be driven by curiosity, which is an aspect of surprise-related emotions. The question implies a desire to know more about someone's relocation, which aligns with curiosity. However, the post lacks other elements of surprise-related emotions such as confusion, realization, or astonishment. The curiosity aspect is present but not overwhelmingly strong, leading to a moderate percentage of annotators likely classifying it as surprise-related.","The post 'What country have you move to?' suggests a question that could be driven by curiosity, which is an aspect of surprise-related emotions. The question implies a desire to know more about someone's relocation, which aligns with curiosity. However, the post lacks other elements of surprise-related emotions such as confusion, realization, or astonishment. The curiosity aspect is present but not overwhelmingly strong, leading to a moderate percentage of annotators likely classifying it as surprise-related.",0.4,0.2666666666666667
2,When I first saw the title I thought someone was asking for you to become pregnant with their baby,0.8,0.19999999999999996,0.8,0.2,"The post expresses a clear element of surprise and realization. The initial misunderstanding of the title suggests a moment of confusion, followed by a realization of the actual meaning. This combination of confusion and realization is strongly indicative of surprise-related emotions, leading to a higher percentage of annotators likely classifying it as such.","When I first saw the title I thought someone was asking for you to become pregnant with their baby | Percentages of annotators who classify the post as exhibiting surprise-related emotions versus those who do not: [0.8, 0.2]",0.0,0.0
3,I can tell you thought this damp squib was an absolute dinger.,1.0,0.0,0.6,0.4,"The post uses the phrase 'damp squib' which typically indicates something that is disappointing or fails to meet expectations, while 'absolute dinger' suggests something impressive or successful. This contrast can imply a realization or surprise at the difference in perception, suggesting that the speaker is surprised or confused by the other person's positive assessment of something they found underwhelming. This ambiguity and contrast in expectations likely lead to a moderate level of annotators perceiving surprise-related emotions.","The post contrasts two opposing views: 'damp squib' (disappointment) and 'absolute dinger' (success). This suggests surprise or confusion about differing perceptions, leading to a moderate percentage of annotators detecting surprise-related emotions.",0.4,0.2666666666666667
4,oh my gooooood,0.6,0.4,0.8,0.2,"The post 'oh my gooooood' is a strong expression of surprise or astonishment. The elongated 'o' in 'gooooood' emphasizes the intensity of the emotion, suggesting that the speaker is experiencing a significant level of surprise. This is a clear indication of surprise-related emotions, and it is likely that a majority of annotators would classify it as such.","The post 'oh my gooooood' is a strong expression of surprise or astonishment. The elongated 'o' in 'gooooood' emphasizes the intensity of the emotion, suggesting that the speaker is experiencing a significant level of surprise. This is a clear indication of surprise-related emotions, and it is likely that a majority of annotators would classify it as such.",0.20000000000000007,0.10000000000000006
5,I am so relieved,0.0,1.0,0.0,1.0,"The post 'I am so relieved' expresses a clear emotion of relief, which is not directly related to surprise-related emotions such as confusion, curiosity, realization, or surprise. Relief is more associated with the alleviation of stress or anxiety rather than being startled or astonished by something unexpected. Therefore, it is unlikely that annotators would classify this post as exhibiting surprise-related emotions.","The post 'I am so relieved' does not convey any of the aspects of surprise-related emotions. It is a straightforward expression of relief, which is not related to confusion, curiosity, realization, or surprise. As a result, the percentage of annotators who classify the post as exhibiting surprise-related emotions is expected to be very low, if not zero.",0.0,0.0
6,"I've heard vegetarians talking about various sources of cholesterol, maybe try r/vegetarian and ask what meats they prefer?",0.4,0.6,0.6,0.4,"The post contains an element of confusion or misunderstanding, as it suggests asking vegetarians about their preferred meats, which is contradictory since vegetarians do not consume meat. This contradiction could lead to surprise or confusion among readers. The post's content is somewhat ambiguous, as it could be interpreted as a joke or a genuine misunderstanding, leading to a moderate level of annotators perceiving surprise-related emotions.","The post suggests asking vegetarians about their preferred meats, which is inherently contradictory and could lead to confusion or surprise. This contradiction is likely to be perceived by a significant portion of annotators as exhibiting surprise-related emotions, due to the unexpected nature of the suggestion. However, the post could also be interpreted as a joke, which might reduce the perception of surprise-related emotions. Therefore, a moderate percentage of annotators might classify this post as exhibiting surprise-related emotions.",0.19999999999999996,0.19999999999999996
7,"Oh, my [NAME] ",0.6,0.4,0.6,0.4,"The post 'Oh, my [NAME]' suggests a sense of surprise or astonishment, likely due to the use of 'Oh' which often indicates an emotional reaction. The lack of additional context makes it ambiguous, but the initial impression is that it conveys a surprise-related emotion. Therefore, a moderate percentage of annotators might classify it as exhibiting surprise-related emotions.","Oh, my [NAME]",0.0,0.0
8,"How can someone be so stupid to post that online, let alone publicly do that",0.2,0.8,0.8,0.2,"The post expresses a strong sense of astonishment and disbelief at someone's actions, which aligns with the aspect of surprise. The use of 'How can someone be so stupid' indicates a realization of unexpected behavior, contributing to the surprise-related emotion. The post is clear in its expression of surprise and disbelief, which would likely lead a majority of annotators to classify it as exhibiting surprise-related emotions.","The post clearly conveys surprise and disbelief at someone's actions, which are unexpected and perceived as foolish. This aligns with the aspect of surprise and realization, as the poster is coming to terms with the unexpected nature of the behavior. The clarity of the expression of surprise suggests that a significant portion of annotators would classify it as such.",0.6000000000000001,0.6000000000000001
9,I like that idea.,0.0,1.0,0.0,1.0,"The post 'I like that idea.' is straightforward and expresses a positive sentiment towards an idea. There is no indication of surprise-related emotions such as confusion, curiosity, realization, or surprise. The statement is clear and lacks any elements that would suggest uncertainty or unexpectedness.","The post 'I like that idea.' is straightforward and expresses a positive sentiment towards an idea. There is no indication of surprise-related emotions such as confusion, curiosity, realization, or surprise. The statement is clear and lacks any elements that would suggest uncertainty or unexpectedness. Therefore, it is predicted that 0% of annotators would classify this post as exhibiting surprise-related emotions, while 100% would not.",0.0,0.0
10,"Would be really interesting to see how an FMT from a 20 year old would play out in the gut of 60 year old, or vice versa. ",0.5,0.5,0.8,0.2,"The post expresses curiosity about the outcome of a specific medical procedure (FMT) between individuals of different ages. The use of 'interesting' indicates a strong desire to know or learn about the results, which aligns with the aspect of curiosity in surprise-related emotions. The post is clear in its expression of curiosity, making it likely that a significant portion of annotators would classify it as exhibiting surprise-related emotions.","The post expresses curiosity about the outcome of a specific medical procedure (FMT) between individuals of different ages. The use of 'interesting' indicates a strong desire to know or learn about the results, which aligns with the aspect of curiosity in surprise-related emotions. The post is clear in its expression of curiosity, making it likely that a significant portion of annotators would classify it as exhibiting surprise-related emotions.",0.30000000000000004,0.30000000000000004
11,"That sounds like a hot date. ;) I've never been, but friends say just order the cheapest food and enjoy the ambiance.",0.2,0.8,0.2,0.8,"The post expresses a light-hearted and playful tone with the mention of a 'hot date' and a wink emoticon. There is no clear indication of surprise-related emotions such as confusion, curiosity, realization, or surprise. The advice to order the cheapest food and enjoy the ambiance suggests a casual and relaxed attitude rather than any astonishment or unexpected realization. Therefore, it is likely that a small percentage of annotators might perceive some curiosity about the place, but the majority would not classify it as exhibiting surprise-related emotions.","The post is playful and light-hearted, focusing on the idea of a 'hot date' and enjoying the ambiance of a place. There is no strong indication of surprise-related emotions such as confusion, curiosity, realization, or surprise. The advice given is practical and suggests a relaxed approach, which does not align with the aspects of surprise-related emotions. Therefore, the prediction is that a small percentage of annotators might see some curiosity, but most would not classify it as exhibiting surprise-related emotions.",0.0,0.0
12,I bet we have a scene of the new girlfriend fighting with [NAME],0.6,0.4,0.6,0.4,"The post suggests a scenario that might be unexpected or surprising, as it involves a potential conflict between a new girlfriend and another person. This could evoke curiosity about the outcome or realization of the situation. However, the post does not explicitly express confusion or astonishment, which are stronger indicators of surprise-related emotions. Therefore, while there is some element of surprise, it is not overwhelmingly clear, leading to a moderate percentage of annotators likely classifying it as surprise-related.","The post implies a scenario that could be surprising or unexpected, involving a potential conflict. This can evoke curiosity or realization, but lacks explicit confusion or astonishment.",0.0,0.0
13,"She can take her boring, drunk husband with her. He's not interesting at all.",0.2,0.8,0.2,0.8,"The post expresses a negative opinion about someone being boring and uninteresting, which does not strongly align with surprise-related emotions. There is no clear indication of confusion, curiosity, realization, or surprise. The tone is more dismissive and critical rather than surprised or curious.","The post criticizes someone for being boring and uninteresting, which suggests a lack of surprise or curiosity. The focus is on a negative judgment rather than an unexpected realization or confusion. Therefore, the percentage of annotators who might classify this as exhibiting surprise-related emotions is likely low.",0.0,0.0
14,"Oh, I definitely got muted, too.",0.6,0.4,0.6,0.4,"The post 'Oh, I definitely got muted, too.' suggests a realization or surprise at being muted, which aligns with surprise-related emotions. The use of 'definitely' indicates a realization, and the context of being muted can imply an unexpected event, leading to a moderate level of surprise-related emotion detection.","The post expresses a realization and possibly surprise at being muted, which are aspects of surprise-related emotions. Therefore, a moderate percentage of annotators might classify it as such.",0.0,0.0
15,I miss them being alive,0.0,1.0,0.6,0.4,"The post 'I miss them being alive' suggests a realization and a sense of surprise-related emotion due to the absence of someone who was once present. The phrase indicates a realization of loss and possibly confusion or astonishment at the absence, which are aspects of surprise-related emotions. However, the post is also straightforward and could be interpreted as a simple expression of missing someone, which might not strongly convey surprise to all annotators.","The post 'I miss them being alive' suggests a realization and a sense of surprise-related emotion due to the absence of someone who was once present. The phrase indicates a realization of loss and possibly confusion or astonishment at the absence, which are aspects of surprise-related emotions. However, the post is also straightforward and could be interpreted as a simple expression of missing someone, which might not strongly convey surprise to all annotators. Therefore, I predict that 60% of annotators might classify it as exhibiting surprise-related emotions, while 40% might not.",0.6,0.6
16,I can't help it. It's just so perfect.,0.2,0.8,0.0,1.0,"The post expresses a strong positive sentiment towards something perceived as perfect. There is no indication of confusion, curiosity, realization, or surprise. The statement is clear and straightforward, showing admiration or satisfaction rather than any surprise-related emotion.","The post 'I can't help it. It's just so perfect.' does not convey any surprise-related emotions. It expresses a sense of admiration or satisfaction with something perceived as perfect. There is no element of confusion, curiosity, realization, or surprise. Therefore, the prediction is that 0% of annotators would classify it as exhibiting surprise-related emotions, while 100% would not.",0.2,0.05000000000000001
17,"When nobody can tell or force you to pay up, being in debt isnt so bad.",0.4,0.6,0.6,0.4,"The post expresses a realization about the nature of debt, suggesting a shift in perspective that could be surprising to some. The idea that being in debt isn't so bad when there's no enforcement is a realization that might not be immediately obvious to everyone, indicating a surprise-related emotion. However, the post lacks strong elements of confusion or curiosity, and the surprise is more subtle, leading to a moderate percentage of annotators perceiving surprise-related emotions.","The post suggests a realization about the nature of debt, which could be surprising to some. The idea that being in debt isn't so bad when there's no enforcement is a realization that might not be immediately obvious to everyone, indicating a surprise-related emotion. However, the post lacks strong elements of confusion or curiosity, and the surprise is more subtle, leading to a moderate percentage of annotators perceiving surprise-related emotions.",0.19999999999999996,0.19999999999999996
18,"Should have been a and 1 tbh, [NAME] smacked him in the face.",0.8,0.19999999999999996,0.6,0.4,"The post expresses a sense of surprise and realization about a situation in a sports context, where the speaker believes a foul should have been called. The use of 'should have been' indicates a realization of an unexpected event, and the mention of a player being 'smacked in the face' suggests an element of surprise or astonishment at the lack of a call. This could lead to a moderate percentage of annotators perceiving surprise-related emotions.","The post suggests a realization and surprise about a missed call in a sports game, which could lead to a moderate percentage of annotators perceiving surprise-related emotions.",0.20000000000000007,0.10000000000000006
19,please fire this fuck head im tired of losing games because of our power play,0.2,0.8,0.6,0.4,"The post expresses frustration and a strong desire for change, which can be linked to surprise-related emotions such as realization and confusion. The realization aspect is evident in the acknowledgment of losing games due to the power play, while confusion may arise from not understanding why the situation hasn't changed. The use of strong language indicates a heightened emotional state, which could be interpreted as surprise or astonishment at the ongoing situation.","The post expresses a strong emotional reaction to a situation, specifically frustration with losing games due to the power play. This frustration can be linked to surprise-related emotions such as realization and confusion. The realization aspect is evident in the acknowledgment of losing games due to the power play, while confusion may arise from not understanding why the situation hasn't changed. The use of strong language indicates a heightened emotional state, which could be interpreted as surprise or astonishment at the ongoing situation. Therefore, a significant portion of annotators might classify this post as exhibiting surprise-related emotions, but not overwhelmingly so, as the primary emotion seems to be frustration.",0.39999999999999997,0.39999999999999997
20,Yep that’s the problem I have. Can’t make friends,0.2,0.8,0.4,0.6,"The post expresses a personal issue of not being able to make friends, which could imply a sense of confusion or realization about the difficulty in forming friendships. However, it lacks explicit expressions of surprise or curiosity. The statement is straightforward and doesn't convey a strong sense of astonishment or unexpectedness, which are key components of surprise-related emotions. Therefore, while there might be some annotators who perceive a subtle realization or confusion, the majority are likely to classify it as not exhibiting strong surprise-related emotions.","The post expresses a personal issue of not being able to make friends, which could imply a sense of confusion or realization about the difficulty in forming friendships. However, it lacks explicit expressions of surprise or curiosity. The statement is straightforward and doesn't convey a strong sense of astonishment or unexpectedness, which are key components of surprise-related emotions. Therefore, while there might be some annotators who perceive a subtle realization or confusion, the majority are likely to classify it as not exhibiting strong surprise-related emotions.",0.2,0.10000000000000003
21,"I didn't know that having the occupation of a journalist and the method of ones murder being beheading, gives ones death a special status. ",1.0,0.0,0.6,0.4,"The post expresses a sense of confusion and realization about the perceived special status given to a journalist's death by beheading. The phrase 'I didn't know' indicates a realization or newfound awareness, while the questioning of 'special status' suggests confusion about societal or media reactions. These elements align with surprise-related emotions, particularly confusion and realization, leading to a higher likelihood of annotators perceiving surprise-related emotions.","The post questions the special status given to a journalist's death by beheading, indicating confusion and realization. The phrase 'I didn't know' suggests a realization or newfound awareness, while questioning the 'special status' implies confusion about societal or media reactions. These elements align with surprise-related emotions, particularly confusion and realization, leading to a higher likelihood of annotators perceiving surprise-related emotions.",0.4,0.2666666666666667
22,"You’re heartless if you’re calling people who smoke marijuana “druggies” and I’m done arguing with you, have a nice day.",0.0,1.0,0.4,0.6,"The post expresses a strong opinion and a sense of finality in the argument, which may indicate a realization or a conclusion reached by the speaker. However, it lacks elements of confusion, curiosity, or surprise. The use of 'heartless' suggests a judgment rather than an emotional surprise. Therefore, while there might be a slight realization aspect, the post is more about expressing a firm stance rather than surprise-related emotions.","The post expresses a strong opinion and a sense of finality in the argument, which may indicate a realization or a conclusion reached by the speaker. However, it lacks elements of confusion, curiosity, or surprise. The use of 'heartless' suggests a judgment rather than an emotional surprise. Therefore, while there might be a slight realization aspect, the post is more about expressing a firm stance rather than surprise-related emotions.",0.4,0.2666666666666667
23,I think its safe to assume that we're clearly referring to the article and topic at hand.,0.25,0.75,0.2,0.8,"The post expresses a sense of certainty and clarity about the topic being discussed, which does not align with surprise-related emotions such as confusion, curiosity, realization, or surprise. The language used suggests confidence and understanding rather than any form of astonishment or uncertainty.","I think its safe to assume that we're clearly referring to the article and topic at hand. | Percentages of annotators who classify the post as exhibiting surprise-related emotions versus those who do not: [0.2, 0.8]",0.04999999999999999,0.004545454545454543
24,ehhhh I don't think so. iirc [NAME] was responsible for that Russian embargo and he's the reason why AKs are so expensive now.,0.4,0.6,0.6,0.4,"The post expresses a sense of realization and surprise regarding the impact of a specific individual's actions on the price of AKs. The use of 'ehhhh I don't think so' suggests a reconsideration or realization, while the mention of the Russian embargo and its consequences indicates an element of surprise or unexpectedness about the situation. This combination of realization and surprise-related emotions likely leads to a moderate percentage of annotators perceiving surprise-related emotions in the post.","The post begins with 'ehhhh I don't think so,' which indicates a reconsideration or realization of a previous belief. The mention of '[NAME] was responsible for that Russian embargo' and the consequence of 'AKs are so expensive now' suggests an element of surprise or unexpectedness about the situation. The post combines realization and surprise-related emotions, leading to a moderate percentage of annotators perceiving surprise-related emotions.",0.19999999999999996,0.19999999999999996
25,And she wouldn't give it to him. Poor fellow.,0.2,0.8,0.2,0.8,"The post expresses a sense of empathy or sympathy for the 'poor fellow,' but it does not clearly convey any of the specific aspects of surprise-related emotions such as confusion, curiosity, realization, or surprise. The statement is straightforward and lacks elements that would typically evoke surprise-related emotions.","The post 'And she wouldn't give it to him. Poor fellow.' does not exhibit strong elements of surprise-related emotions. It seems more like a statement of fact or a narrative with a hint of sympathy, rather than an expression of surprise, confusion, curiosity, or realization. Therefore, it is likely that a smaller percentage of annotators would classify it as exhibiting surprise-related emotions.",0.0,0.0
26,"I find that telling the truth as much as possible makes things less complicated. I've learned to spin the truth when needed, though.",0.25,0.75,0.6,0.4,"The post reflects a realization about the benefits of honesty, which can be associated with surprise-related emotions. The mention of 'learning to spin the truth' suggests a realization or awareness of the complexities of truth-telling, which may surprise some people. However, the post is not overtly emotional, and the surprise-related aspect is subtle, leading to a moderate percentage of annotators perceiving surprise-related emotions.","The post discusses the benefits of truth-telling and the realization of when to 'spin the truth.' This indicates a realization and awareness, which are aspects of surprise-related emotions. However, the post is not strongly emotional, so the surprise-related emotions are not very pronounced.",0.35,0.35
27,"I really hope we see another fighter like him he was so fun to watch, a fighting machine with that killer instinct",0.0,1.0,0.0,1.0,"The post expresses admiration and nostalgia for a fighter, highlighting their enjoyable and impressive qualities. There is no indication of confusion, curiosity, realization, or surprise. The sentiment is more about appreciation and hope rather than any surprise-related emotion.","The post does not convey any elements of surprise-related emotions. It is a straightforward expression of admiration and hope for the future, without any unexpected or startling elements.",0.0,0.0
28,Where did I say that happened? Lmao most of my friends are single for the record. Quit jumping to conclusions.,0.6,0.4,0.6,0.4,"The post expresses a sense of confusion and surprise at the assumptions being made by others. The use of 'Where did I say that happened?' indicates a lack of understanding or realization of how such a conclusion was reached. The phrase 'Quit jumping to conclusions' further suggests that the poster is surprised by the assumptions and is clarifying their stance. The laughter ('Lmao') adds a tone of disbelief or astonishment, which aligns with surprise-related emotions.","The post contains elements of confusion and surprise, as the author is questioning the assumptions made by others and expressing disbelief. This suggests that a significant portion of annotators might perceive it as exhibiting surprise-related emotions, though not overwhelmingly so.",0.0,0.0
29,^She ^took ^me ^by ^the ^hand... ^made ^me ^a ^man... ^THAT ^ONE ^NIGHT!,0.4,0.6,0.6,0.4,"The post seems to express a sense of realization and surprise, as it describes a transformative experience ('made me a man') that happened unexpectedly ('THAT ONE NIGHT'). The use of capitalization suggests emphasis and astonishment, which aligns with surprise-related emotions. However, the post is somewhat ambiguous and could be interpreted as a simple statement of fact or nostalgia, which might lead some annotators to not classify it as surprise-related.","The post describes a significant and unexpected event ('THAT ONE NIGHT') that led to a personal transformation ('made me a man'). The capitalization indicates emphasis and possibly astonishment, suggesting surprise. However, the post could also be seen as a straightforward recounting of an event, which might not be surprising to all readers. This ambiguity could lead to a split in annotator opinions, with a slight majority perceiving it as surprise-related.",0.19999999999999996,0.19999999999999996
30,Dang the charge heavy down from 60 is brutal. Poor [NAME],0.0,1.0,0.6,0.4,"The post expresses a sense of surprise and realization about the significant drop in charge from 60, which is described as 'brutal.' The use of 'Dang' suggests an element of surprise or astonishment. Additionally, the sympathy expressed for [NAME] indicates a realization of the impact of this drop. These elements suggest that a majority of annotators might perceive surprise-related emotions in this post.","The post conveys surprise and realization about a significant change, which is likely to be perceived by annotators as surprise-related emotions.",0.6,0.6
31,You realize legal investigations take a long time? [NAME] is a methodical professional and clearly several steps ahead of [NAME]. Be patient,0.8,0.19999999999999996,0.6,0.4,"The post contains elements of realization and surprise. The phrase 'You realize legal investigations take a long time?' suggests a realization or reminder to the reader, which is an aspect of surprise-related emotions. Additionally, the mention of '[NAME] is a methodical professional and clearly several steps ahead of [NAME]' implies a sense of surprise or admiration for the professional's capabilities. However, the overall tone is more informative and advisory, which might not strongly convey surprise-related emotions to all annotators.","The post suggests realization and a hint of surprise regarding the professional's capabilities, leading to a moderate percentage of annotators perceiving surprise-related emotions.",0.20000000000000007,0.10000000000000006
32,EXACTLY. It literally blows my mind that 45 minutes from me it’s completely legal but here it’s jail time like...ok.,0.25,0.75,0.8,0.2,"The post expresses a strong sense of surprise and confusion about the legal differences in nearby locations. The phrase 'it literally blows my mind' indicates astonishment, and the comparison of legality in different areas suggests confusion about the inconsistency. This makes it likely that a high percentage of annotators would classify this post as exhibiting surprise-related emotions.","The post expresses surprise and confusion about the legal differences in nearby locations, indicating a high likelihood of being classified as surprise-related.",0.55,0.55
33,Haha ik I SHOULD be. But I still love em both like a red headed step child.,0.2,0.8,0.2,0.8,"The post expresses a sentiment of affection despite acknowledging a reason to feel otherwise ('I SHOULD be'). The phrase 'like a red headed step child' is often used humorously to describe something that is loved despite being different or unexpected. There is a slight element of surprise in the acknowledgment of 'SHOULD be,' but the overall tone is more affectionate and humorous rather than genuinely surprised or confused.","The post uses humor and affection to describe a situation where the speaker acknowledges they should feel differently ('I SHOULD be'), but they still have a fondness ('love em both'). The use of 'like a red headed step child' adds a humorous twist, indicating a playful affection rather than a serious surprise or confusion. Therefore, the post is more about humor and affection than surprise-related emotions.",0.0,0.0
34,Yeah I’m working with my therapist to help me identify certain behaviors early and pay attention to the red flags.,0.2,0.8,0.2,0.8,"The post discusses working with a therapist to identify behaviors and pay attention to red flags, which suggests a proactive and self-aware approach rather than surprise-related emotions. There is no clear indication of confusion, curiosity, realization, or surprise in the content. The focus is on self-improvement and awareness, which are not typically associated with surprise-related emotions.","The post is about self-awareness and working with a therapist to identify behaviors and red flags. It does not convey surprise-related emotions such as confusion, curiosity, realization, or surprise. The content is more about self-improvement and awareness, which are not typically linked to surprise-related emotions. Therefore, a small percentage of annotators might see some element of realization, but the majority would not classify it as surprise-related.",0.0,0.0
35,Damn youtube and outrage drama is super lucrative for reddit,0.0,1.0,0.6,0.4,"The post expresses a realization about the lucrativeness of outrage drama on platforms like YouTube and Reddit. The use of 'Damn' suggests a mild surprise or astonishment at this realization. However, the post does not strongly convey confusion or curiosity, as it seems to state a known fact rather than question it. The surprise element is present but not overwhelming, leading to a moderate percentage of annotators likely perceiving surprise-related emotions.","The post 'Damn youtube and outrage drama is super lucrative for reddit' suggests a realization about the financial benefits of outrage drama on social media platforms. The use of 'Damn' indicates a mild surprise or astonishment, but the post primarily conveys a statement of fact rather than a question or confusion. Therefore, the surprise-related emotion is present but not dominant, leading to an estimated 60% of annotators perceiving surprise-related emotions and 40% not.",0.6,0.6
36,"Ah, so you're the reason people hate aspies. ",0.4,0.6,0.6,0.4,"The post contains an element of realization or surprise, as it attributes a reason for a negative perception ('the reason people hate aspies'). This suggests a moment of realization or a sarcastic surprise. However, the post is also accusatory and could be interpreted as a straightforward insult, which might not be seen as surprise-related by all annotators. The ambiguity in tone could lead to a moderate level of annotators perceiving surprise-related emotions.","The post 'Ah, so you're the reason people hate aspies.' suggests a realization or sarcastic surprise about the reason for a negative perception. This realization aspect aligns with surprise-related emotions, but the accusatory nature might not be seen as surprise by all. Therefore, a moderate percentage of annotators might classify it as surprise-related.",0.19999999999999996,0.19999999999999996
37,"14 days actually So we're both wrong, yay!",0.2,0.8,0.6,0.4,"The post expresses a realization that both parties were incorrect about something, which is a key aspect of surprise-related emotions. The use of 'yay!' suggests a light-hearted acknowledgment of this realization, indicating a mild surprise or unexpected outcome. This combination of realization and mild surprise likely leads to a higher percentage of annotators identifying surprise-related emotions.","The post acknowledges a mutual mistake and expresses a light-hearted realization, which aligns with the aspect of realization in surprise-related emotions. The exclamation 'yay!' adds a touch of surprise or unexpectedness to the situation, suggesting that a significant portion of annotators would perceive surprise-related emotions in this post.",0.39999999999999997,0.39999999999999997
38,"The ""dad"" in that Pizza Hut commercial looks weird af",0.2,0.8,0.6,0.4,"The post expresses a sense of confusion or surprise about the appearance of the 'dad' in the Pizza Hut commercial, as indicated by the use of 'weird af.' This suggests that the poster finds the appearance unexpected or unusual, which aligns with surprise-related emotions. However, the post does not strongly convey other aspects like curiosity or realization, leading to a moderate percentage of annotators likely identifying it as surprise-related.","The post 'The ""dad"" in that Pizza Hut commercial looks weird af' suggests a reaction of surprise or confusion due to the unexpected or unusual appearance of the character. The use of 'weird af' indicates a strong reaction, likely leading to a higher percentage of annotators perceiving it as surprise-related. However, the lack of additional context or exploration of the situation limits the expression to primarily confusion or surprise, rather than curiosity or realization.",0.39999999999999997,0.39999999999999997
39,Oh well pain depends entirely on how you die,0.5,0.5,0.4,0.6,"The post expresses a realization about the nature of pain and death, which can be associated with surprise-related emotions. However, the tone is somewhat matter-of-fact, which might not strongly convey surprise or confusion. The realization aspect is present, but it may not be strong enough for a majority of annotators to classify it as surprise-related.","The post 'Oh well pain depends entirely on how you die' suggests a realization about the variability of pain in relation to death. This realization could be seen as a surprise-related emotion, but the overall tone is more resigned than surprised. Therefore, while some annotators might see the realization as a surprise-related emotion, others may not, leading to a moderate percentage of annotators classifying it as such.",0.09999999999999998,0.09999999999999998
40,bad acts at a reasonable price,0.5,0.5,0.2,0.8,"The post 'bad acts at a reasonable price' is quite ambiguous and lacks clear indicators of surprise-related emotions. It could imply a realization or a sarcastic surprise about the availability of 'bad acts' at a reasonable price, but without more context, it doesn't strongly convey confusion, curiosity, or surprise. Therefore, it's likely that a smaller percentage of annotators would classify it as exhibiting surprise-related emotions.","The post is short and lacks context, making it difficult to determine if it truly conveys surprise-related emotions. The phrase 'bad acts at a reasonable price' could be interpreted in various ways, but none strongly suggest surprise, confusion, or curiosity. As a result, the prediction is that only about 20% of annotators might see it as exhibiting surprise-related emotions, while the majority would not.",0.3,0.3
41,But it's still raping infantry. The case rounds OHK infantry up close. It's just horrendously weak against planes now...,0.2,0.8,0.6,0.4,"The post discusses a change in the effectiveness of a weapon, which could lead to surprise-related emotions such as confusion or realization. The phrase 'still raping infantry' suggests a strong performance, while 'horrendously weak against planes now' indicates a significant change. This contrast can lead to confusion or realization about the weapon's performance. However, the technical nature of the discussion may not evoke strong surprise-related emotions for all readers, leading to a moderate percentage of annotators perceiving surprise-related emotions.","The post contains elements of surprise-related emotions, particularly confusion and realization, due to the discussion of changes in weapon effectiveness. The contrast between its performance against infantry and planes can lead to a realization of its altered capabilities. However, the technical focus may not strongly evoke surprise for all, resulting in a moderate percentage of annotators perceiving surprise-related emotions.",0.39999999999999997,0.39999999999999997
42,BALL DONT LIE.,0.8,0.19999999999999996,0.2,0.8,"The phrase 'BALL DONT LIE' is a common expression used in sports, particularly basketball, to suggest that the outcome of a play or game is fair or justified, often after a controversial call. It does not inherently convey surprise-related emotions such as confusion, curiosity, realization, or surprise. The expression is more about affirmation or validation rather than surprise.","The post 'BALL DONT LIE' is a straightforward expression used in sports contexts, typically to affirm that the outcome of a play is just or deserved. It lacks elements of surprise-related emotions such as confusion, curiosity, realization, or surprise. Therefore, it is likely that a small percentage of annotators would classify it as exhibiting surprise-related emotions, while the majority would not.",0.6000000000000001,0.6000000000000001
43,hahaha. She is stunning though!,0.0,1.0,0.0,1.0,"The post expresses admiration and appreciation for someone's appearance, which does not align with any of the aspects of surprise-related emotions such as confusion, curiosity, realization, or surprise. The use of 'hahaha' suggests amusement or light-heartedness rather than surprise.","The post 'hahaha. She is stunning though!' does not convey any elements of surprise-related emotions. It is more about expressing admiration and amusement, which are not related to confusion, curiosity, realization, or surprise. Therefore, it is likely that 0% of annotators would classify it as exhibiting surprise-related emotions, while 100% would not.",0.0,0.0
44,I have to cuddle my dog so hard right now.,0.0,1.0,0.0,1.0,"The post expresses a strong desire to cuddle a dog, which is a straightforward expression of affection and comfort. There is no indication of confusion, curiosity, realization, or surprise in the content. The post is clear and lacks any elements that would suggest surprise-related emotions.","The post 'I have to cuddle my dog so hard right now.' does not convey any surprise-related emotions. It is a simple expression of affection towards a pet, without any elements of confusion, curiosity, realization, or surprise. Therefore, it is predicted that 0% of annotators would classify it as exhibiting surprise-related emotions, while 100% would not.",0.0,0.0
45,"I make lots of lists and none of them are useful. Except my playlists, I use them.",0.4,0.6,0.2,0.8,"The post expresses a sense of realization about the usefulness of playlists compared to other lists, but it lacks strong elements of surprise, confusion, or curiosity. The realization is mild and not particularly unexpected, which suggests that most annotators would not classify it as exhibiting surprise-related emotions.","The post discusses the creation of lists and acknowledges that playlists are the only useful ones. This indicates a realization but not a strong sense of surprise or confusion. The tone is more matter-of-fact than astonished or curious, leading to a lower percentage of annotators perceiving surprise-related emotions.",0.2,0.10000000000000003
46,Inexperience meant I didn’t know that I could legally refuse service,0.8,0.19999999999999996,0.6,0.4,"The post reflects a realization aspect of surprise-related emotions, as the author acknowledges a lack of prior knowledge about their legal rights. This realization suggests a moment of surprise or newfound understanding, which is a key component of surprise-related emotions. However, the post does not strongly convey confusion, curiosity, or astonishment, which might limit the percentage of annotators perceiving it as surprise-related.","The post reflects a realization aspect of surprise-related emotions, as the author acknowledges a lack of prior knowledge about their legal rights. This realization suggests a moment of surprise or newfound understanding, which is a key component of surprise-related emotions. However, the post does not strongly convey confusion, curiosity, or astonishment, which might limit the percentage of annotators perceiving it as surprise-related.",0.20000000000000007,0.10000000000000006
47,"Fellow [NAME] fan, reporting in. She's my favorite character in the series lol. ",0.2,0.8,0.0,1.0,"The post expresses a straightforward admiration for a character in a series, with no indication of surprise-related emotions such as confusion, curiosity, realization, or surprise. The use of 'lol' suggests a light-hearted tone rather than surprise.","The post is a simple expression of fandom and preference, lacking any elements of surprise-related emotions. Therefore, it is likely that none of the annotators would classify it as exhibiting surprise-related emotions.",0.2,0.05000000000000001
48,"Ugh, that contour looks so incredibly natural. I love this look; it's stunning and smooth as hell.",0.0,1.0,0.0,1.0,"The post expresses admiration and appreciation for the contour, describing it as 'natural,' 'stunning,' and 'smooth.' There is no indication of surprise-related emotions such as confusion, curiosity, realization, or surprise. The tone is clear and focused on positive evaluation rather than unexpectedness or astonishment.","The post is a straightforward expression of admiration for the contour, with no elements of surprise-related emotions. The language used is positive and appreciative, focusing on the aesthetic qualities of the contour rather than any unexpected or surprising aspects.",0.0,0.0
49,"Guys it's a dril tweet, false alarm",0.4,0.6,0.2,0.8,"The post refers to a 'dril tweet,' which is a reference to a well-known Twitter account known for its absurd and humorous content. The phrase 'false alarm' suggests that the initial reaction to the tweet might have been one of surprise or confusion, but the clarification indicates that it was not meant to be taken seriously. This reduces the likelihood of the post being classified as exhibiting surprise-related emotions, as the clarification resolves any initial confusion or surprise.","The post refers to a 'dril tweet,' which is a reference to a well-known Twitter account known for its absurd and humorous content. The phrase 'false alarm' suggests that the initial reaction to the tweet might have been one of surprise or confusion, but the clarification indicates that it was not meant to be taken seriously. This reduces the likelihood of the post being classified as exhibiting surprise-related emotions, as the clarification resolves any initial confusion or surprise.",0.2,0.10000000000000003
50,"Yeah, that's why I'm not feeling like there's much I can do except vent.",0.25,0.75,0.6,0.4,"The post expresses a sense of helplessness and resignation, which can be associated with confusion or realization. The phrase 'not feeling like there's much I can do' suggests a realization of limited options, while 'except vent' indicates a need to express emotions, possibly due to confusion or surprise at the situation. This combination of emotions suggests that a significant portion of annotators might perceive surprise-related emotions, particularly confusion and realization.","The post conveys a sense of helplessness and resignation, which can be linked to confusion or realization. The expression 'not feeling like there's much I can do' indicates a realization of limited options, while 'except vent' suggests a need to express emotions, possibly due to confusion or surprise at the situation. This combination of emotions suggests that a significant portion of annotators might perceive surprise-related emotions, particularly confusion and realization.",0.35,0.35
51,This entire discussion is very unnecessary,0.25,0.75,0.2,0.8,"The post expresses a sentiment that the discussion is unnecessary, which may imply a slight sense of confusion or surprise about why the discussion is happening. However, it lacks strong indicators of surprise-related emotions such as astonishment or realization. The statement is more dismissive than surprised, leading to a lower percentage of annotators likely to classify it as exhibiting surprise-related emotions.","The post 'This entire discussion is very unnecessary' suggests a dismissive attitude towards the discussion, indicating that the speaker finds it pointless. While there might be a hint of confusion about the necessity of the discussion, it does not strongly convey surprise, curiosity, or realization. Therefore, the likelihood of annotators perceiving surprise-related emotions is low.",0.04999999999999999,0.004545454545454543
52,"This is how the really, really good porns start.",0.4,0.6,0.0,1.0,"The post does not convey any of the aspects of surprise-related emotions such as confusion, curiosity, realization, or surprise. It seems to be a straightforward statement or observation without any indication of being startled, confused, or curious.","The post is a simple statement about how certain types of content begin, without any emotional undertones related to surprise.",0.4,0.2666666666666667
53,Honestly I’d believe it. [NAME] seems stuck in that high school mentality,0.6,0.4,0.6,0.4,"The post expresses a sense of realization or acknowledgment about someone's behavior, which aligns with the aspect of realization in surprise-related emotions. The phrase 'Honestly I'd believe it' suggests a level of surprise or unexpectedness about the behavior being discussed, while 'seems stuck in that high school mentality' indicates a realization about the person's mindset. This combination of realization and mild surprise suggests that a moderate percentage of annotators might classify this post as exhibiting surprise-related emotions.","The post suggests a realization about someone's behavior, indicating that the person is perceived as having a mindset that is not expected for their age or situation. The use of 'Honestly I'd believe it' implies a level of surprise or unexpectedness, while 'seems stuck in that high school mentality' reflects a realization about the person's behavior. This combination of elements related to realization and mild surprise suggests that a moderate percentage of annotators might classify this post as exhibiting surprise-related emotions.",0.0,0.0
54,"I bid my condolences to any player who did not experience release day action. “*Glorious battles, tooth and nail* *Noobs arrived, our matches grew stale*”",0.2,0.8,0.6,0.4,"The post reflects a sense of realization and surprise about the difference in experience between players who participated in the release day action and those who did not. The use of poetic language ('Glorious battles, tooth and nail') suggests a nostalgic surprise at the intensity of the initial experience, while the mention of 'Noobs arrived, our matches grew stale' indicates a realization of how the dynamics changed. This combination of realization and surprise-related emotions likely leads to a moderate percentage of annotators perceiving surprise-related emotions.","The post uses poetic language to express a sense of nostalgia and realization about the difference in gaming experiences. The mention of 'Glorious battles' and 'Noobs arrived' suggests a surprise at the change in dynamics, leading to a moderate percentage of annotators perceiving surprise-related emotions.",0.39999999999999997,0.39999999999999997
55,I think the one thing we can all agree on is Kill Mikol. This was too difficult to answer in full..,0.4,0.6,0.6,0.4,"The post expresses a sense of confusion and realization. The phrase 'This was too difficult to answer in full' suggests a lack of understanding or uncertainty, which aligns with confusion. Additionally, the statement 'I think the one thing we can all agree on is Kill Mikol' implies a realization or conclusion reached after some thought. These elements contribute to the perception of surprise-related emotions, leading to a higher percentage of annotators likely classifying it as such.","The post contains elements of confusion and realization, which are aspects of surprise-related emotions. The uncertainty expressed in the difficulty to answer suggests confusion, while the agreement on 'Kill Mikol' indicates a realization. Therefore, a significant portion of annotators might perceive surprise-related emotions in this post.",0.19999999999999996,0.19999999999999996
56,Not sure where people get them from but I see people offering them out here and there so thought I'd take advantage,0.8,0.19999999999999996,0.6,0.4,"The post expresses a sense of curiosity and realization. The phrase 'Not sure where people get them from' indicates confusion or lack of understanding, while 'thought I'd take advantage' suggests a realization or decision to act on an opportunity. These elements contribute to the perception of surprise-related emotions, particularly confusion and realization.","The post contains elements of confusion ('Not sure where people get them from') and realization ('thought I'd take advantage'). These aspects suggest that a significant portion of annotators might perceive surprise-related emotions, leading to a prediction of 60% classifying it as such and 40% not.",0.20000000000000007,0.10000000000000006
57,I had a guy who just kept jumping off the bridge in Eichenwald to his death over and over.. in a placement match.. WHY!,0.6,0.4,0.8,0.2,"The post expresses a strong sense of confusion and surprise. The repeated action of jumping off the bridge in a placement match is unexpected and perplexing to the poster, leading to a high likelihood that annotators would classify this as exhibiting surprise-related emotions, particularly confusion and surprise.","The post describes an unexpected and confusing situation where someone repeatedly jumps off a bridge in a game, which is surprising and perplexing to the poster. This aligns with the aspects of confusion and surprise, suggesting a high percentage of annotators would see it as surprise-related.",0.20000000000000007,0.10000000000000006
58,Alright guys I got next on the repost,1.0,0.0,0.2,0.8,"The post 'Alright guys I got next on the repost' does not clearly convey any of the aspects of surprise-related emotions such as confusion, curiosity, realization, or surprise. It seems to be a casual statement about participating in reposting content, which is a common activity on social media. There is no indication of astonishment, uncertainty, or a strong desire to learn something new. Therefore, it is likely that a small percentage of annotators might perceive some element of surprise-related emotion, but the majority would not.","The post 'Alright guys I got next on the repost' is straightforward and lacks elements of surprise-related emotions. It is more of a statement about taking a turn in reposting, which is a routine action on social media. There is no evident confusion, curiosity, realization, or surprise. Thus, the prediction is that 20% of annotators might see some surprise-related emotion, while 80% would not.",0.8,0.8000000000000002
59,Is [NAME] up to his neck is dodgy dealings again after RHI?,1.0,0.0,0.8,0.2,"The post expresses a sense of surprise and curiosity about [NAME]'s involvement in questionable activities. The use of 'again' suggests a realization or reminder of past events, which adds to the surprise-related emotions. The question format indicates curiosity and a desire to understand the situation better.","The post 'Is [NAME] up to his neck is dodgy dealings again after RHI?' suggests surprise and curiosity about [NAME]'s actions. The word 'again' implies a realization or reminder of past behavior, contributing to the surprise-related emotions. The question format indicates curiosity and a desire to understand the situation better, leading to a higher likelihood of annotators perceiving surprise-related emotions.",0.19999999999999996,0.049999999999999975
60,Iv done it before.,0.6,0.4,0.0,1.0,"The post 'Iv done it before.' is a straightforward statement indicating past experience. It does not express any of the aspects of surprise-related emotions such as confusion, curiosity, realization, or surprise. The content is clear and lacks any indication of astonishment or unexpectedness.","The post is a simple declaration of having done something previously, without any emotional context that would suggest surprise or related emotions.",0.6,0.6
61,Do you ever feel exhausted after chasing girls? I do sometimes,0.5,0.5,0.4,0.6,"The post expresses a sense of exhaustion, which could be linked to a realization of the effort involved in 'chasing girls.' However, it lacks strong elements of confusion, curiosity, or surprise. The realization aspect is present but not dominant enough to suggest a high percentage of surprise-related emotions. Therefore, a moderate percentage of annotators might classify it as exhibiting surprise-related emotions due to the realization aspect, but the majority would likely not.","The post 'Do you ever feel exhausted after chasing girls? I do sometimes' suggests a realization of the tiring nature of the activity mentioned. While there is a hint of realization, the post does not strongly convey confusion, curiosity, or surprise. The realization is subtle and not the main focus, leading to a prediction that a moderate percentage of annotators might see it as surprise-related, but most would not.",0.09999999999999998,0.09999999999999998
62,"""No thanks""",0.6,0.4,0.0,1.0,"The post 'No thanks' is a straightforward expression of refusal or disinterest. It does not convey any elements of surprise-related emotions such as confusion, curiosity, realization, or surprise. The content is clear and lacks any ambiguity that would suggest a surprise-related emotion.","The post 'No thanks' is a simple and direct statement that does not exhibit any characteristics of surprise-related emotions. It is a clear expression of disinterest or refusal without any indication of confusion, curiosity, realization, or surprise. Therefore, it is likely that 0% of annotators would classify it as exhibiting surprise-related emotions, while 100% would not.",0.6,0.6
63,Please just give [NAME] some rest. He looks tired.,0.2,0.8,0.2,0.8,"The post expresses concern for someone who appears tired and suggests giving them rest. There is no clear indication of surprise-related emotions such as confusion, curiosity, realization, or surprise. The post is straightforward and lacks ambiguity, focusing on a simple observation and suggestion.","The post is a straightforward request for someone to be given rest due to appearing tired. It does not convey any elements of surprise-related emotions like confusion, curiosity, realization, or surprise. The content is clear and lacks any ambiguity that would suggest a surprise-related emotion. Therefore, it is likely that a small percentage of annotators might see a hint of realization in recognizing someone's tiredness, but the majority would not classify it as exhibiting surprise-related emotions.",0.0,0.0
64,are you fcking serious sis,0.6,0.4,0.8,0.2,"The post 'are you fcking serious sis' conveys a strong sense of surprise and disbelief, likely due to an unexpected or shocking event. The use of 'fcking serious' indicates a heightened emotional response, suggesting that the speaker is startled or astonished by something unexpected. This aligns with the aspect of surprise-related emotions, particularly surprise and realization. Therefore, a significant portion of annotators would likely classify this post as exhibiting surprise-related emotions.","The post 'are you fcking serious sis' conveys a strong sense of surprise and disbelief, likely due to an unexpected or shocking event. The use of 'fcking serious' indicates a heightened emotional response, suggesting that the speaker is startled or astonished by something unexpected. This aligns with the aspect of surprise-related emotions, particularly surprise and realization. Therefore, a significant portion of annotators would likely classify this post as exhibiting surprise-related emotions.",0.20000000000000007,0.10000000000000006
65,"Just curious, people keep saying fire [NAME]. And then what?",1.0,0.0,0.8,0.2,"The post expresses curiosity about the consequences of firing someone, which is a key aspect of surprise-related emotions. The use of 'Just curious' explicitly indicates a desire to understand or learn more about the situation, suggesting that a significant portion of annotators would classify this as exhibiting surprise-related emotions.","The post begins with 'Just curious,' which directly signals curiosity, a component of surprise-related emotions. The question 'And then what?' further emphasizes a desire to understand the implications or outcomes of an action, reinforcing the presence of curiosity. This makes it likely that a majority of annotators would perceive the post as expressing surprise-related emotions, particularly curiosity.",0.19999999999999996,0.049999999999999975
66,You seem to be on the right track you gotta get 10k karma before your account is a year old,0.2,0.8,0.2,0.8,"The post seems to be a straightforward statement or advice about gaining karma on a social media platform. It does not explicitly express confusion, curiosity, realization, or surprise. The tone is more informative or encouraging rather than expressing any surprise-related emotions.","The post is a straightforward comment about gaining karma on a social media platform. It does not express confusion, curiosity, realization, or surprise. The tone is more informative or encouraging rather than expressing any surprise-related emotions.",0.0,0.0
67,Makes me want to go shit on the doorstep of 540 Hampshire Street (Good2go HQ),0.25,0.75,0.2,0.8,"The post expresses a strong negative emotion, likely anger or frustration, towards Good2go HQ. However, it does not clearly convey any of the aspects of surprise-related emotions such as confusion, curiosity, realization, or surprise. The intent to 'go shit on the doorstep' suggests a reaction to something that has upset the poster, but it lacks the elements of being startled, curious, or realizing something unexpected.","The post is primarily driven by anger or frustration rather than surprise-related emotions. The action described is a form of protest or retaliation, which does not inherently involve surprise, confusion, curiosity, or realization. Therefore, the percentage of annotators who might classify this as exhibiting surprise-related emotions is likely low.",0.04999999999999999,0.004545454545454543
68,I'm surprised [NAME] didn't bust that dress open when she bent down to high [NAME],0.8,0.19999999999999996,0.8,0.2,"The post explicitly uses the word 'surprised,' indicating a clear expression of surprise-related emotion. The context suggests an unexpected event or outcome, which aligns with the aspect of surprise. The mention of a dress potentially 'busting open' when bending down adds to the element of astonishment or unexpectedness, reinforcing the surprise aspect. Therefore, a significant portion of annotators would likely classify this post as exhibiting surprise-related emotions.","The post uses the word 'surprised,' which directly indicates a surprise-related emotion. The context of the dress potentially 'busting open' when bending down suggests an unexpected or surprising event, aligning with the aspect of surprise. This clarity in expressing surprise would lead to a higher percentage of annotators identifying it as such.",0.0,0.0
69,I would if possible but we are a flexible bunch.,0.6,0.4,0.2,0.8,"The post expresses a willingness to adapt or change, which might suggest a slight element of realization or curiosity about the situation. However, it lacks strong indicators of confusion, surprise, or astonishment. The language is straightforward and does not convey a strong emotional reaction, making it unlikely to be classified as surprise-related by most annotators.","The post 'I would if possible but we are a flexible bunch.' suggests adaptability and flexibility, which could hint at a minor realization or curiosity about the situation. However, it does not strongly convey confusion, surprise, or astonishment. The straightforward nature of the statement suggests that most annotators would not classify it as exhibiting surprise-related emotions.",0.39999999999999997,0.39999999999999997
70,"Happy birthday my guy! Hope you have a great day today, tomorrow, and every day after that. You and everyone deserve a good day. 😃",0.0,1.0,0.0,1.0,"The post is a straightforward birthday wish, expressing positive sentiments and well-wishes for the future. There are no elements of confusion, curiosity, realization, or surprise present in the content. The message is clear and unambiguous, focusing solely on conveying happiness and good wishes.","The post is a straightforward birthday wish, expressing positive sentiments and well-wishes for the future. There are no elements of confusion, curiosity, realization, or surprise present in the content. The message is clear and unambiguous, focusing solely on conveying happiness and good wishes. Therefore, it is unlikely that annotators would classify this post as exhibiting surprise-related emotions. The predicted percentages are [0.0, 1.0].",0.0,0.0
71,I just want someone who listens to scientists. That's too much to ask though.,0.6,0.4,0.6,0.4,"The post expresses a sense of realization and surprise that finding someone who listens to scientists is considered too much to ask. This indicates a level of confusion and astonishment at the current state of affairs, where scientific advice is seemingly undervalued. The post's content is clear in conveying these emotions, suggesting that a significant portion of annotators would perceive it as expressing surprise-related emotions.","The post conveys a sense of surprise and realization about the difficulty of finding someone who values scientific input. The phrase 'That's too much to ask though' suggests an unexpected realization or disappointment, which aligns with surprise-related emotions. Therefore, a higher percentage of annotators might classify this post as exhibiting surprise-related emotions.",0.0,0.0
72,It just keeps getting better,0.2,0.8,0.0,1.0,"The post 'It just keeps getting better' expresses a positive sentiment without any clear indication of surprise-related emotions such as confusion, curiosity, realization, or surprise. The phrase suggests a continuous improvement or positive development, which is more aligned with satisfaction or happiness rather than surprise.","The post 'It just keeps getting better' does not convey any of the aspects of surprise-related emotions. It lacks elements of confusion, curiosity, realization, or surprise. Instead, it suggests a positive and expected progression, which is why the prediction is that 0% of annotators would classify it as exhibiting surprise-related emotions, while 100% would not.",0.2,0.05000000000000001
73,also that fiat (if paid in Bolivares) will quickly depreciate in a week,0.2,0.8,0.6,0.4,"The post expresses a realization about the rapid depreciation of currency if paid in Bolivares, which is a surprise-related emotion. The statement suggests an awareness of the economic situation, which could be unexpected or surprising to some. However, the post is more informative and factual, which might not strongly convey surprise to all annotators.","The post discusses the depreciation of currency, which involves a realization aspect of surprise-related emotions. The mention of rapid depreciation could be unexpected for some, leading to a moderate percentage of annotators perceiving surprise-related emotions. However, the post is primarily factual, which might not strongly convey surprise to all annotators.",0.39999999999999997,0.39999999999999997
74,[NAME] in AHS Roanoke takes that spot for me. [NAME] was painful to listen to,0.2,0.8,0.2,0.8,"The post expresses a negative opinion about a character in a show, describing them as 'painful to listen to.' There is no clear indication of surprise-related emotions such as confusion, curiosity, realization, or surprise. The sentiment is more about personal dislike or criticism rather than being startled or astonished by something unexpected.","The post does not convey any strong elements of surprise-related emotions. It is more of a straightforward critique of a character's performance in a show. Therefore, a small percentage of annotators might perceive some surprise-related emotion due to the intensity of the dislike, but the majority would not classify it as such.",0.0,0.0
75,Oh I will be independent. I don't need someone like that in my life.,0.6,0.4,0.2,0.8,"The post expresses a sense of determination and independence, which does not strongly align with surprise-related emotions. There is no clear indication of confusion, curiosity, realization, or surprise. The statement is more about a personal decision and self-assurance rather than an unexpected or startling event.","The post 'Oh I will be independent. I don't need someone like that in my life.' does not convey surprise-related emotions. It is a declaration of independence and self-reliance, lacking elements of confusion, curiosity, realization, or surprise. Therefore, a small percentage of annotators might see a slight realization aspect, but the majority would not classify it as surprise-related.",0.39999999999999997,0.39999999999999997
76,Doing what?,0.8,0.19999999999999996,1.0,0.0,"The post 'Doing what?' is a direct question that indicates confusion or a lack of understanding about a previous statement or action. This aligns with the aspect of confusion within surprise-related emotions. The brevity and directness of the question suggest a high likelihood that annotators would perceive it as expressing surprise-related emotions, specifically confusion.","The post 'Doing what?' is a direct question that indicates confusion or a lack of understanding about a previous statement or action. This aligns with the aspect of confusion within surprise-related emotions. The brevity and directness of the question suggest a high likelihood that annotators would perceive it as expressing surprise-related emotions, specifically confusion.",0.19999999999999996,0.049999999999999975
77,"If it weren't for my horse, I wouldn't have spent that year in college.",0.4,0.6,0.8,0.2,"The post presents a seemingly illogical or unexpected connection between a horse and attending college, which can evoke confusion and surprise. The statement lacks clear context, leading to a sense of bewilderment or curiosity about how these two elements are related. This ambiguity is likely to lead a significant portion of annotators to classify it as exhibiting surprise-related emotions, particularly confusion and curiosity.","The post 'If it weren't for my horse, I wouldn't have spent that year in college.' is likely to be perceived as surprising due to its unexpected and confusing nature. The connection between a horse and attending college is not immediately clear, which can lead to confusion and curiosity. This ambiguity and the unexpectedness of the statement suggest that a majority of annotators might classify it as exhibiting surprise-related emotions. Therefore, the predicted percentages are [0.8, 0.2].",0.4,0.4000000000000001
78,Damn it!,0.0,1.0,0.6,0.4,"The post 'Damn it!' is an expression of frustration or annoyance, which can be associated with surprise-related emotions, particularly if the frustration is due to an unexpected event. The brevity and exclamatory nature of the post suggest a sudden realization or surprise, leading to a moderate likelihood that annotators would classify it as exhibiting surprise-related emotions.","The post 'Damn it!' is short and exclamatory, indicating a strong emotional response. While it primarily conveys frustration, this emotion can be linked to surprise if the frustration arises from an unexpected situation. The lack of context makes it somewhat ambiguous, but the intensity of the expression suggests a moderate level of surprise-related emotion.",0.6,0.6
79,Shes awful and its all about her. Try again. And when the show has awful ratings thatll be confirmed.,0.4,0.6,0.2,0.8,"The post expresses a negative opinion about a person and a show, suggesting that the person is self-centered and predicting poor ratings. There is no clear indication of surprise-related emotions such as confusion, curiosity, realization, or surprise. The post seems more like a straightforward criticism rather than an expression of surprise-related emotions.","The post criticizes a person and a show, indicating a negative opinion without elements of surprise-related emotions. The focus is on the person's perceived self-centeredness and the anticipated poor ratings of the show, which does not align with the aspects of surprise-related emotions like confusion, curiosity, realization, or surprise. Therefore, a low percentage of annotators would classify this as exhibiting surprise-related emotions.",0.2,0.10000000000000003
80,I wish I could’ve had that kind of relationship with my mother.,0.2,0.8,0.6,0.4,"The post expresses a sense of realization and perhaps a hint of surprise at the lack of a desired relationship. The use of 'wish' indicates a realization of what could have been, which aligns with surprise-related emotions. However, the post does not strongly convey confusion or curiosity, and the surprise is more subtle, leading to a moderate percentage of annotators likely identifying it as surprise-related.","The post reflects a realization of a missed opportunity or an ideal relationship that was not achieved. This realization can be associated with surprise-related emotions, as it involves becoming aware of something that was not previously considered or fully understood. The emotional tone suggests a longing or regret, which can be linked to the surprise of realizing what was lacking. However, the post does not explicitly express confusion or curiosity, and the element of surprise is not overtly strong, resulting in a moderate likelihood of being classified as surprise-related.",0.39999999999999997,0.39999999999999997
81,9 to 4. That's pretty sorry.,0.2,0.8,0.6,0.4,"The post '9 to 4. That's pretty sorry.' suggests a sense of surprise or disappointment, likely due to an unexpected outcome or result. The phrase 'That's pretty sorry' indicates a realization or acknowledgment of an unsatisfactory situation, which can be linked to surprise-related emotions. However, the post is somewhat ambiguous without additional context, leading to a moderate level of annotators perceiving surprise-related emotions.","The post '9 to 4. That's pretty sorry.' suggests a sense of surprise or disappointment, likely due to an unexpected outcome or result. The phrase 'That's pretty sorry' indicates a realization or acknowledgment of an unsatisfactory situation, which can be linked to surprise-related emotions. However, the post is somewhat ambiguous without additional context, leading to a moderate level of annotators perceiving surprise-related emotions.",0.39999999999999997,0.39999999999999997
82,"Sure. Let’s start with the terrorists with the biggest guns. How about Israel, or Saudi Arabia? ",0.8,0.19999999999999996,0.6,0.4,"The post expresses a strong opinion by labeling certain countries as terrorists, which could indicate a realization or a surprising perspective for some readers. The mention of 'biggest guns' suggests a level of astonishment or surprise at the perceived power or actions of these countries. However, the post is also a political statement, which might not be surprising to those familiar with such rhetoric. Therefore, a moderate percentage of annotators might see surprise-related emotions, particularly realization or surprise, while others may not.","The post uses provocative language to make a political statement, which can be seen as surprising or a realization for some. The mention of 'biggest guns' implies a level of astonishment or surprise at the power dynamics being discussed. However, the post is also a common type of political rhetoric, which might not be surprising to those familiar with such discussions. Thus, the prediction is that 60% of annotators might classify it as exhibiting surprise-related emotions, while 40% might not.",0.20000000000000007,0.10000000000000006
83,we got good at breakaways!!,0.2,0.8,0.0,1.0,"The post expresses a positive sentiment about becoming skilled at breakaways, which does not inherently convey any surprise-related emotions such as confusion, curiosity, realization, or surprise. It is more of a statement of achievement or progress, lacking elements of astonishment or unexpectedness.","The post 'we got good at breakaways!!' is a straightforward expression of accomplishment and does not indicate any surprise-related emotions. The use of exclamation marks suggests excitement or enthusiasm, but not surprise. Therefore, it is likely that most annotators would not classify this post as exhibiting surprise-related emotions.",0.2,0.05000000000000001
84,"most issues with nervousness and anxiety can be eliminated by eliminating the bad habits that are causing them to begin with, instead of 'just exercising/meditating' more",0.4,0.6,0.2,0.8,"The post discusses a perspective on dealing with nervousness and anxiety by addressing the root causes rather than just using common remedies like exercise or meditation. It does not explicitly express surprise-related emotions such as confusion, curiosity, realization, or surprise. The content is more informative and opinion-based, lacking elements that would typically evoke surprise-related emotions.","The post suggests a solution to nervousness and anxiety by focusing on eliminating bad habits rather than relying solely on exercise or meditation. This is presented as a straightforward opinion without elements of surprise or realization. The post does not convey confusion or curiosity, as it seems to present a clear stance on the issue. Therefore, the likelihood of annotators perceiving surprise-related emotions is low.",0.2,0.10000000000000003
85,"I am secretly hoping for a Vini winner - he deserves it so much, the guy pours his heart out on the pitch",0.0,1.0,0.0,1.0,"The post expresses a hope for a specific outcome in a sports context, which is not directly related to surprise-related emotions. It shows admiration and support for a player, but there is no indication of confusion, curiosity, realization, or surprise. The sentiment is clear and focused on appreciation and support rather than any unexpected or startling event.","The post is straightforward in its expression of support and hope for a player, without any elements of surprise-related emotions.",0.0,0.0
86,"Nobody consciously thinks ""today I feel like chewing with my mouth open"".",0.0,1.0,0.6,0.4,"The post expresses a sense of realization or surprise about a common behavior that people might not consciously think about. The statement implies a realization that chewing with one's mouth open is not a deliberate choice, which can be surprising to some. This subtle realization aspect might lead a significant portion of annotators to classify it as surprise-related, though not overwhelmingly so.","The post suggests a realization about a common behavior, which can be surprising to some. This subtle realization aspect might lead a significant portion of annotators to classify it as surprise-related, though not overwhelmingly so.",0.6,0.6
87,I'm an inspiring man,0.2,0.8,0.0,1.0,"The post 'I'm an inspiring man' is a straightforward statement of self-affirmation and does not convey any elements of surprise-related emotions such as confusion, curiosity, realization, or surprise. It lacks any indication of uncertainty or unexpectedness, making it unlikely for annotators to classify it as exhibiting surprise-related emotions.","The post is a simple declaration of self-perception and does not contain elements that would typically evoke surprise-related emotions. Therefore, it is predicted that 0% of annotators would classify it as exhibiting surprise-related emotions, while 100% would not.",0.2,0.05000000000000001
88,Because it’s more fun?,0.6,0.4,0.6,0.4,"The post 'Because it’s more fun?' suggests a sense of curiosity or surprise about the reason behind an action being more enjoyable. The use of a question indicates a desire to understand or explore the reasoning, which aligns with curiosity, a component of surprise-related emotions. However, the post is brief and lacks explicit context, which might lead some annotators to not strongly associate it with surprise-related emotions.","The post 'Because it’s more fun?' implies curiosity or a mild surprise about the motivation behind an action being more enjoyable. The question format suggests a desire to understand, which is a key aspect of curiosity. However, the lack of additional context or explicit expression of surprise might result in a moderate percentage of annotators associating it with surprise-related emotions.",0.0,0.0
89,I'm just reminding everyone. you're not helping the situation by being pedantic,0.5,0.5,0.4,0.6,"The post suggests a sense of realization or awareness about the unhelpfulness of being pedantic in a situation. This realization could be interpreted as a surprise-related emotion, as the speaker seems to be pointing out something that might not be obvious to everyone. However, the post lacks strong elements of confusion, curiosity, or astonishment, which are more direct indicators of surprise-related emotions. Therefore, a moderate percentage of annotators might classify it as exhibiting surprise-related emotions, but the majority may not.","The post expresses a realization about the ineffectiveness of being pedantic in a situation. While this realization could be seen as a surprise-related emotion, it is not strongly indicative of confusion, curiosity, or astonishment. Thus, the post is likely to be classified by a moderate percentage of annotators as exhibiting surprise-related emotions, but the majority may not see it that way.",0.09999999999999998,0.09999999999999998
90,Great to hear!,0.0,1.0,0.0,1.0,"The post 'Great to hear!' is a straightforward expression of positive sentiment and does not convey any elements of surprise-related emotions such as confusion, curiosity, realization, or surprise. It is a simple acknowledgment or approval of something positive, without any indication of unexpectedness or astonishment.","The post 'Great to hear!' is a straightforward expression of positive sentiment and does not convey any elements of surprise-related emotions such as confusion, curiosity, realization, or surprise. It is a simple acknowledgment or approval of something positive, without any indication of unexpectedness or astonishment. Therefore, it is predicted that 0% of annotators would classify this post as exhibiting surprise-related emotions, while 100% would not.",0.0,0.0
91,He's also a chaser and is convinced that shouting at someone is an escalation from a shooting spree. He is incredibly dumb.,0.4,0.6,0.4,0.6,"The post expresses a strong opinion about someone's intelligence, labeling them as 'incredibly dumb.' There is a hint of confusion or disbelief in the statement about shouting being considered an escalation from a shooting spree, which could be interpreted as a surprising or unexpected perspective. However, the post primarily focuses on criticism rather than surprise-related emotions, leading to a moderate percentage of annotators perceiving surprise-related emotions.","The post contains elements of confusion or disbelief regarding the logic of shouting being an escalation from a shooting spree, which could be seen as surprising. However, the main tone is critical, focusing on the person's perceived lack of intelligence. This results in a moderate likelihood of annotators identifying surprise-related emotions.",0.0,0.0
92,"And ignoring how ""magic"" works in the same way you support your arguments.",0.8,0.19999999999999996,0.6,0.4,"The post suggests a sense of confusion or realization about the inconsistency in arguments, which are aspects of surprise-related emotions. The use of 'ignoring' and 'magic' implies a realization of a flaw or unexpected element in the argument, which could lead to surprise or confusion. However, the post does not strongly convey surprise or curiosity, leading to a moderate percentage of annotators perceiving surprise-related emotions.","The post 'And ignoring how ""magic"" works in the same way you support your arguments.' suggests a realization or confusion about the inconsistency in the arguments being discussed. The mention of 'magic' implies an unexpected or illogical element, which can lead to surprise or confusion. However, the post does not strongly convey surprise or curiosity, leading to a moderate percentage of annotators perceiving surprise-related emotions. Therefore, the predicted percentages are [0.6, 0.4].",0.20000000000000007,0.10000000000000006
93,"Let's be real, [NAME] is coming back.",0.5,0.5,0.6,0.4,"The post suggests a realization or acceptance of a situation, which is a component of surprise-related emotions. The phrase 'Let's be real' indicates a shift from uncertainty to a realization that '[NAME] is coming back.' This realization aspect may lead some annotators to classify it as surprise-related, although the post lacks strong elements of confusion, curiosity, or astonishment.","The post 'Let's be real, [NAME] is coming back.' implies a realization or acceptance of a situation. The use of 'Let's be real' suggests a shift from uncertainty to a realization that '[NAME] is coming back.' This realization aspect may lead some annotators to classify it as surprise-related, although the post lacks strong elements of confusion, curiosity, or astonishment. Therefore, a moderate percentage of annotators might see it as surprise-related, while others may not.",0.09999999999999998,0.09999999999999998
94,The puppy is actually suggesting that the use of laptop to be repulsive. ^^^^PCMR4Lyfe,0.4,0.6,0.6,0.4,"The post contains an element of surprise or astonishment, as it humorously attributes a human-like opinion to a puppy, which is unexpected. The use of 'actually suggesting' implies a realization or surprise at the puppy's behavior. The hashtag 'PCMR4Lyfe' suggests a playful allegiance to PC gaming, which might not directly relate to surprise but adds to the humorous tone. Overall, the post likely conveys surprise-related emotions to a moderate extent due to the unexpected attribution of opinion to a puppy.","The post humorously attributes a human-like opinion to a puppy, which is unexpected and can be seen as surprising. The phrase 'actually suggesting' implies a realization or surprise at the puppy's behavior. The hashtag 'PCMR4Lyfe' suggests a playful allegiance to PC gaming, which might not directly relate to surprise but adds to the humorous tone. Overall, the post likely conveys surprise-related emotions to a moderate extent due to the unexpected attribution of opinion to a puppy.",0.19999999999999996,0.19999999999999996
95,Oh jeez I missed that :(,0.0,1.0,0.6,0.4,"The post 'Oh jeez I missed that :(' expresses a sense of realization and mild surprise. The use of 'Oh jeez' indicates a sudden awareness or realization of having missed something, which aligns with surprise-related emotions. The emoticon ':(' suggests a slight disappointment, but the primary emotion conveyed is the realization of missing an event or information. This makes it likely that a majority of annotators would classify it as exhibiting surprise-related emotions, though not overwhelmingly so.","The post 'Oh jeez I missed that :(' expresses a sense of realization and mild surprise. The use of 'Oh jeez' indicates a sudden awareness or realization of having missed something, which aligns with surprise-related emotions. The emoticon ':(' suggests a slight disappointment, but the primary emotion conveyed is the realization of missing an event or information. This makes it likely that a majority of annotators would classify it as exhibiting surprise-related emotions, though not overwhelmingly so.",0.6,0.6
96,I dated a girl once who made a gb with her cup holder. Dropped my phone in it once,0.2,0.8,0.2,0.8,"The post describes a past experience with a girl who made a 'gb' with her cup holder, which seems to be an unusual or unexpected situation. However, the post does not explicitly express surprise, confusion, or realization. The mention of dropping a phone in it could imply a minor surprise or unexpected event, but the overall tone does not strongly convey surprise-related emotions. Therefore, a small percentage of annotators might see it as surprising, but the majority likely would not.","The post describes a past experience with a girl who made a 'gb' with her cup holder, which seems to be an unusual or unexpected situation. However, the post does not explicitly express surprise, confusion, or realization. The mention of dropping a phone in it could imply a minor surprise or unexpected event, but the overall tone does not strongly convey surprise-related emotions. Therefore, a small percentage of annotators might see it as surprising, but the majority likely would not.",0.0,0.0
97,That's not even accounting for the NDAs other customers have had to sign.,0.6,0.4,0.6,0.4,"The post suggests a realization or surprise about the existence of NDAs (Non-Disclosure Agreements) that other customers have had to sign. This indicates a level of surprise or realization about the situation, as it implies there is more to the story than what is commonly known. The mention of NDAs can also evoke curiosity about what is being hidden or protected by these agreements. Therefore, a significant portion of annotators might perceive this as expressing surprise-related emotions.","The post implies a realization or surprise about the existence of NDAs, which are typically used to keep information confidential. This suggests that there is more to the situation than meets the eye, which can be surprising or lead to curiosity. As a result, a notable percentage of annotators might classify this post as exhibiting surprise-related emotions.",0.0,0.0
98,"Nobody forced [NAME] to take [NAME] over [NAME], if he liked him that much then he should’ve just taken him.",0.0,1.0,0.6,0.4,"The post expresses a sense of confusion or surprise about a decision made by someone, suggesting that the decision was unexpected or not well understood. The use of 'if he liked him that much then he should’ve just taken him' implies a realization or surprise at the inconsistency in the decision-making process. This indicates that a significant portion of annotators might perceive surprise-related emotions, particularly confusion and realization, in the post.","The post reflects confusion and realization about a decision-making process, suggesting that the decision was unexpected or not well understood. This indicates that a significant portion of annotators might perceive surprise-related emotions, particularly confusion and realization, in the post.",0.6,0.6
99,"Same. You all tried to save me, but I rewatched with the sound on and... I have regrets.",0.2,0.8,0.6,0.4,"The post expresses a sense of realization and regret after rewatching something with the sound on, which suggests an element of surprise or unexpectedness in the experience. The phrase 'I have regrets' indicates a realization of a mistake or an unexpected outcome, which aligns with surprise-related emotions. However, the post does not strongly convey confusion or curiosity, and the surprise element is subtle, leading to a moderate percentage of annotators likely classifying it as surprise-related.","The post reflects a realization and a subtle surprise element due to the unexpected outcome of rewatching something with the sound on. The regret mentioned suggests an awareness of an unexpected or unintended consequence, which aligns with surprise-related emotions. However, the lack of strong confusion or curiosity elements makes the surprise aspect less pronounced, resulting in a moderate percentage of annotators classifying it as surprise-related.",0.39999999999999997,0.39999999999999997
100,I tell myself that but when I’m at 90 I’m like a zombie,0.4,0.6,0.6,0.4,"The post expresses a sense of confusion or realization about one's own state when reaching a certain level ('90'), comparing it to being 'like a zombie.' This indicates a lack of understanding or surprise at one's own condition, which aligns with surprise-related emotions. However, the post is not overtly expressing strong surprise or curiosity, leading to a moderate percentage of annotators likely identifying it as surprise-related.","The post 'I tell myself that but when I’m at 90 I’m like a zombie' suggests a realization or confusion about the speaker's state when reaching a certain point ('90'). The comparison to being 'like a zombie' implies a lack of understanding or surprise at their own condition. This aligns with aspects of surprise-related emotions, particularly confusion or realization. However, the expression is not strongly indicative of surprise or curiosity, so a moderate percentage of annotators might classify it as exhibiting surprise-related emotions.",0.19999999999999996,0.19999999999999996
101,"I feel bad for house slaves, even if it's in their understandable self-interest. ",0.0,1.0,0.6,0.4,"The post expresses a sense of realization and confusion. The realization comes from acknowledging the difficult position of 'house slaves' and understanding their actions as self-interest. The confusion or surprise may stem from the moral conflict or unexpected empathy towards a group that might traditionally be viewed negatively. This mix of emotions suggests that a significant portion of annotators might perceive surprise-related emotions, particularly realization and confusion.","The post expresses a sense of realization and confusion. The realization comes from acknowledging the difficult position of 'house slaves' and understanding their actions as self-interest. The confusion or surprise may stem from the moral conflict or unexpected empathy towards a group that might traditionally be viewed negatively. This mix of emotions suggests that a significant portion of annotators might perceive surprise-related emotions, particularly realization and confusion.",0.6,0.6
102,I always feel like cute gay couples have a pug...,0.4,0.6,0.2,0.8,"The post expresses a general observation or stereotype about cute gay couples having a pug. There is no clear indication of surprise, confusion, curiosity, or realization. The statement seems more like a casual remark or stereotype rather than an expression of surprise-related emotions. Therefore, it is likely that a small percentage of annotators might see a hint of surprise or realization in the observation, but the majority would not classify it as exhibiting surprise-related emotions.","The post does not strongly convey any of the aspects of surprise-related emotions. It is more of a casual observation or stereotype without any explicit expression of surprise, confusion, curiosity, or realization. As such, the prediction is that a small percentage of annotators might see a hint of surprise or realization, but the majority would not classify it as exhibiting surprise-related emotions.",0.2,0.10000000000000003
103,I’ve been dreaming in rdr2 several nights. Not a bad thing though. I must have a lot to process,0.4,0.6,0.6,0.4,"The post suggests a sense of realization and curiosity. The author mentions dreaming about 'rdr2' (Red Dead Redemption 2, a video game), which implies that the game has made a significant impression on them, leading to dreams. The phrase 'I must have a lot to process' indicates a realization of the impact the game has on their subconscious, and possibly a curiosity about why this is happening. These elements suggest that a majority of annotators might perceive surprise-related emotions, particularly realization and curiosity, in this post.","The post suggests a sense of realization and curiosity. The author mentions dreaming about 'rdr2' (Red Dead Redemption 2, a video game), which implies that the game has made a significant impression on them, leading to dreams. The phrase 'I must have a lot to process' indicates a realization of the impact the game has on their subconscious, and possibly a curiosity about why this is happening. These elements suggest that a majority of annotators might perceive surprise-related emotions, particularly realization and curiosity, in this post.",0.19999999999999996,0.19999999999999996
104,"You did nothing wrong. I really encourage you to look into emotional abuse and manipulation, as it sounds like you're on the receiving end.",0.2,0.8,0.6,0.4,"The post suggests a realization aspect of surprise-related emotions, as it encourages the reader to look into emotional abuse and manipulation, implying that they may not have been aware of their situation. This realization can be surprising to the person receiving the advice. However, the post is also supportive and informative, which may not strongly convey surprise to all annotators, leading to a moderate percentage of annotators perceiving surprise-related emotions.","The post encourages the reader to explore the possibility of being emotionally abused or manipulated, which suggests a realization aspect of surprise-related emotions. This realization can be surprising to the person receiving the advice, as they may not have been aware of their situation. The supportive and informative nature of the post may not strongly convey surprise to all annotators, leading to a moderate percentage of annotators perceiving surprise-related emotions.",0.39999999999999997,0.39999999999999997
105,Welcome to the new normal.,0.0,1.0,0.6,0.4,"The phrase 'Welcome to the new normal' suggests a realization or acceptance of a change in circumstances, which can be associated with surprise-related emotions. The term 'new normal' often implies an unexpected shift that people are adjusting to, indicating a sense of realization and possibly surprise. However, the post is quite brief and lacks explicit emotional cues, which might lead some annotators to not strongly associate it with surprise-related emotions.","The post 'Welcome to the new normal' implies a realization of a change in circumstances, which can be linked to surprise-related emotions. The term 'new normal' suggests an unexpected shift that people are adjusting to, indicating realization and possibly surprise. However, the brevity and lack of explicit emotional cues might lead some annotators to not strongly associate it with surprise-related emotions. Therefore, the prediction is that 60% of annotators might classify it as exhibiting surprise-related emotions, while 40% might not.",0.6,0.6
106,covergirl (girl...girl..^girl...girl... ),0.6,0.4,0.0,1.0,"The post 'covergirl (girl...girl..^girl...girl... )' does not clearly convey any aspects of surprise-related emotions such as confusion, curiosity, realization, or surprise. It appears to be a playful or repetitive expression without any indication of astonishment or unexpectedness. Therefore, it is unlikely that annotators would classify this post as exhibiting surprise-related emotions.","The post 'covergirl (girl...girl..^girl...girl... )' does not clearly convey any aspects of surprise-related emotions such as confusion, curiosity, realization, or surprise. It appears to be a playful or repetitive expression without any indication of astonishment or unexpectedness. Therefore, it is unlikely that annotators would classify this post as exhibiting surprise-related emotions. [0.0, 1.0]",0.6,0.6
107,I'm not going out of my way to watch it but I might channel flip,0.25,0.75,0.2,0.8,"The post expresses a lack of strong interest or commitment, which might suggest a mild level of curiosity but not enough to strongly indicate surprise-related emotions. The statement 'I might channel flip' shows a passive interest rather than active engagement, which aligns more with indifference than surprise, confusion, or realization.","The post 'I'm not going out of my way to watch it but I might channel flip' suggests a passive interest in the subject. The speaker is not committed to watching it, indicating a lack of strong curiosity or surprise. The possibility of 'channel flipping' implies a casual, nonchalant attitude rather than an active pursuit of understanding or realization. Therefore, the post is more likely to be classified by annotators as not exhibiting surprise-related emotions, with an estimated 20% classifying it as such and 80% not.",0.04999999999999999,0.004545454545454543
108,"Have you actually seen the pictures of her scratches? There’re not on her stomach at all, they’re on her side and back.",1.0,0.0,0.6,0.4,"The post expresses a sense of confusion or realization as the author points out a discrepancy between what might have been expected (scratches on the stomach) and the actual location of the scratches (on the side and back). This indicates a realization or surprise about the actual situation, which aligns with surprise-related emotions. However, the post is more factual and less emotionally charged, which might lead some annotators to not classify it as surprise-related.","The post discusses a discrepancy in the location of scratches, which suggests a realization or surprise about the actual situation. This aligns with surprise-related emotions, but the factual nature of the post might lead some annotators to not classify it as such.",0.4,0.2666666666666667
109,If it’s so in demands why are you posting that you can only get unpaid internships,0.8,0.19999999999999996,0.6,0.4,"The post expresses confusion and curiosity about the discrepancy between the demand for a field and the availability of only unpaid internships. The question format indicates a lack of understanding and a desire to know more about the situation, which are aspects of surprise-related emotions.","The post questions the logic behind a situation, indicating confusion and curiosity. This suggests that a significant portion of annotators might perceive it as expressing surprise-related emotions.",0.20000000000000007,0.10000000000000006
110,Good to know!,0.4,0.6,0.0,1.0,"The post 'Good to know!' is a straightforward expression of acknowledgment or acceptance of information. It does not convey any of the aspects of surprise-related emotions such as confusion, curiosity, realization, or surprise. The phrase is clear and lacks ambiguity, indicating that the majority of annotators would not classify it as exhibiting surprise-related emotions.",The post 'Good to know!' is a simple acknowledgment and does not express any surprise-related emotions. It is a neutral statement that suggests understanding or acceptance of information without any emotional reaction related to surprise.,0.4,0.2666666666666667
111,"The Morton hockey team train there, if the football moved down maybe we’d have success",0.5,0.5,0.4,0.6,"The post suggests a hypothetical scenario where the football team moves down, potentially leading to success. This implies a realization or curiosity about the potential outcomes of such a move. However, the post does not strongly convey surprise or confusion, as it seems more speculative and hopeful rather than expressing astonishment or uncertainty.","The post discusses a hypothetical situation regarding the Morton hockey team and the football team. It suggests that if the football team moved down, there might be success, which indicates a realization or curiosity about the potential outcomes. However, the post does not strongly convey surprise or confusion, as it seems more speculative and hopeful rather than expressing astonishment or uncertainty. Therefore, the percentage of annotators who classify the post as exhibiting surprise-related emotions is likely to be moderate.",0.09999999999999998,0.09999999999999998
112,I heard the same thing after she had made false allegations and tried to hoover me back . Its so triggering now .,0.2,0.8,0.6,0.4,"The post expresses a sense of realization and confusion. The mention of 'false allegations' and 'tried to hoover me back' suggests a realization of being manipulated or deceived, which is a surprise-related emotion. The phrase 'It's so triggering now' indicates an emotional response to this realization, which could include confusion or astonishment at the situation. However, the post does not strongly convey curiosity or a direct sense of surprise, leading to a moderate percentage of annotators likely identifying it as surprise-related.","The post reflects a realization of manipulation and a triggering emotional response, indicating surprise-related emotions like realization and confusion. However, it lacks strong elements of curiosity or direct surprise.",0.39999999999999997,0.39999999999999997
113,You're an idiot and no one believes you and your telegram jerk-off buddies.,0.0,1.0,0.2,0.8,"The post is primarily an insult and does not clearly express any surprise-related emotions such as confusion, curiosity, realization, or surprise. The language used is more dismissive and derogatory, focusing on discrediting the person being addressed rather than expressing any form of astonishment or uncertainty.","The post is an insult directed at someone, calling them an idiot and dismissing their credibility along with their associates. There is no indication of surprise, confusion, or curiosity in the statement. The tone is more aggressive and derogatory, lacking any elements that would suggest surprise-related emotions. Therefore, it is likely that a small percentage of annotators might perceive some underlying surprise-related emotion, but the majority would not.",0.2,0.05000000000000001
114,Thank you for your service.,0.0,1.0,0.0,1.0,"The post 'Thank you for your service.' is a straightforward expression of gratitude and does not convey any elements of surprise-related emotions such as confusion, curiosity, realization, or surprise. It is a clear and direct statement of appreciation, which is unlikely to be interpreted as surprising by annotators.","The post 'Thank you for your service.' is a straightforward expression of gratitude and does not convey any elements of surprise-related emotions such as confusion, curiosity, realization, or surprise. It is a clear and direct statement of appreciation, which is unlikely to be interpreted as surprising by annotators. Therefore, the prediction is that 0% of annotators would classify it as exhibiting surprise-related emotions, while 100% would not.",0.0,0.0
115,explain Hudson bay edit: not to say Florida flooding wouldn't be welcome change,0.2,0.8,0.6,0.4,"The post mentions 'explain Hudson bay' which suggests a request for clarification or understanding, indicating confusion or curiosity. The edit about Florida flooding being a welcome change adds an element of surprise or unexpectedness, as it contrasts typical perceptions of flooding. The combination of these elements suggests that a significant portion of annotators might perceive surprise-related emotions, particularly confusion and surprise, in the post.","The post contains elements of confusion and surprise. The request to 'explain Hudson bay' indicates a lack of understanding or curiosity about the topic. The edit mentioning Florida flooding as a 'welcome change' introduces an unexpected or surprising perspective, as flooding is generally not seen as positive. These aspects suggest that annotators might see the post as exhibiting surprise-related emotions, though the presence of a clear request for explanation and the surprising edit might not be overwhelming for all annotators.",0.39999999999999997,0.39999999999999997
116,I sure hope so! Smug bastards!,0.0,1.0,0.2,0.8,"The post expresses a strong sentiment, likely frustration or disdain, towards 'smug bastards,' but it does not clearly convey surprise-related emotions such as confusion, curiosity, realization, or surprise. The phrase 'I sure hope so!' could imply a desire for something to happen, but it lacks the elements of surprise or unexpectedness. Therefore, it is more likely that a smaller percentage of annotators would classify this as exhibiting surprise-related emotions.","The post 'I sure hope so! Smug bastards!' does not clearly express surprise-related emotions. The sentiment is more aligned with frustration or disdain rather than confusion, curiosity, realization, or surprise. The hope expressed does not indicate an unexpected event or realization, thus leading to a lower likelihood of being classified as surprise-related.",0.2,0.05000000000000001
117,I have soo many questions!,1.0,0.0,0.8,0.2,"The post 'I have soo many questions!' strongly indicates curiosity, which is a key aspect of surprise-related emotions. The expression of having many questions suggests a desire to know or learn more, which aligns with curiosity. This makes it likely that a significant portion of annotators would classify this post as exhibiting surprise-related emotions.","The post 'I have soo many questions!' suggests a strong sense of curiosity, which is a component of surprise-related emotions. The expression of having many questions indicates a desire to understand or learn more about a situation, which aligns with the aspect of curiosity. Therefore, it is likely that a majority of annotators would classify this post as exhibiting surprise-related emotions, leading to an estimated distribution of [0.8, 0.2].",0.19999999999999996,0.049999999999999975
118,I don't bother diagnosing it in people with BPD. The handful of genuine DIDs that I was referring to were people who didn't have BPD.,0.4,0.6,0.3,0.7,"The post discusses the diagnosis of mental health conditions, specifically BPD (Borderline Personality Disorder) and DID (Dissociative Identity Disorder). There is a potential for confusion or realization as the speaker differentiates between the two conditions and mentions a 'handful of genuine DIDs.' However, the post is more factual and lacks strong emotional language that would indicate surprise or curiosity. The content is somewhat ambiguous, which might lead to a moderate level of annotators perceiving surprise-related emotions, but the overall tone is more clinical and detached.","The post discusses mental health diagnoses, specifically differentiating between BPD and DID. The mention of 'genuine DIDs' could imply a realization or clarification, but the tone is factual and lacks strong emotional cues. This might lead to some annotators perceiving surprise-related emotions due to the potential for confusion or realization, but the overall clinical tone suggests a lower percentage of surprise-related emotion classification.",0.10000000000000003,0.03333333333333336
119,"fyi, straight men also use dildos. Also, your mom is awesome!",0.4,0.6,0.2,0.8,"The post contains a statement that might be surprising to some, as it challenges a common stereotype about straight men. However, the tone of the post is more informative and supportive rather than expressing confusion, curiosity, or realization. The mention of 'your mom is awesome' adds a positive note but does not contribute to surprise-related emotions. Overall, the post is more likely to be seen as straightforward and positive rather than surprising.","The post challenges a stereotype, which could be surprising to some, but it is presented in a straightforward and positive manner. The mention of 'your mom is awesome' adds a positive tone but does not contribute to surprise-related emotions. The post is more informative and supportive, with little expression of confusion, curiosity, or realization.",0.2,0.10000000000000003
120,I dont go because it ends 1 of 2 ways. Either im sick or im not. I dont like either of those answers.,0.5,0.5,0.6,0.4,"The post expresses a sense of confusion and uncertainty about the outcome of a situation, which aligns with surprise-related emotions. The speaker is unsure about the result of going, indicating a lack of understanding or clarity about the situation. This uncertainty and the dislike for both possible outcomes suggest a moderate level of surprise-related emotions, particularly confusion and realization.","The post reflects confusion and uncertainty about the outcome of a situation, which are aspects of surprise-related emotions. The speaker is unsure about the result of going, indicating a lack of understanding or clarity about the situation. This uncertainty and the dislike for both possible outcomes suggest a moderate level of surprise-related emotions, particularly confusion and realization.",0.09999999999999998,0.09999999999999998
121,"gotchu lol, in that case sorry you got downvoted to hell for this lol",0.0,1.0,0.2,0.8,"The post expresses a light-hearted apology for someone being downvoted, which may indicate a mild surprise or realization about the situation. However, the use of 'lol' suggests a casual tone, reducing the likelihood of strong surprise-related emotions. The post lacks clear indicators of confusion, curiosity, or significant realization, leading to a lower percentage of annotators perceiving surprise-related emotions.","The post 'gotchu lol, in that case sorry you got downvoted to hell for this lol' conveys a casual and humorous tone. The use of 'lol' twice suggests that the speaker is not taking the situation too seriously. While there is a slight acknowledgment of the unexpected nature of being downvoted heavily, it does not strongly convey surprise, confusion, or curiosity. Therefore, it is likely that a smaller percentage of annotators would classify this post as exhibiting surprise-related emotions.",0.2,0.05000000000000001
122,">Sorry, but any city that had any kind of ~~epidemic in its~~ history will have bunches of dead people buried under it.",0.2,0.8,0.4,0.6,"The post expresses a realization about the historical presence of epidemics and the resulting burials in cities. This realization aspect of surprise-related emotions is present, but it is not strongly emphasized. The post is more of a factual statement rather than an expression of surprise or confusion. Therefore, a moderate percentage of annotators might classify it as exhibiting surprise-related emotions due to the realization aspect, but the majority would likely not.","The post discusses a historical fact about cities with epidemics having many dead people buried under them. This could lead to a realization for some readers, but it is not expressed in a way that strongly conveys surprise or confusion. The statement is more factual and lacks emotional emphasis, which might lead to a lower percentage of annotators perceiving it as surprise-related.",0.2,0.10000000000000003
123,You always listen to Pizza! ... especially pizza with pineapple on it!,1.0,0.0,0.2,0.8,"The post expresses a preference for pizza, particularly with pineapple, which is a common topic of debate. However, it does not clearly convey any of the surprise-related emotions such as confusion, curiosity, realization, or surprise. The statement seems more like a personal opinion or preference rather than an expression of surprise-related emotions.","The post is a light-hearted statement about pizza preferences, specifically mentioning pineapple as a topping. While pineapple on pizza can be a controversial topic, the post itself does not express confusion, curiosity, realization, or surprise. It is more of a humorous or playful remark about personal taste, which is unlikely to be classified as exhibiting surprise-related emotions by most annotators.",0.8,0.8000000000000002
124,I can’t imagine being this retired,0.4,0.6,0.6,0.4,"The post 'I can’t imagine being this retired' suggests a sense of surprise or astonishment at the level of retirement someone has achieved. The use of 'I can’t imagine' indicates a realization or a lack of understanding of how someone could be so retired, which aligns with surprise-related emotions. However, the post is not explicitly expressing confusion or curiosity, which might lead some annotators to not classify it as surprise-related. Therefore, a moderate percentage of annotators might see it as expressing surprise-related emotions.","The post 'I can’t imagine being this retired' suggests a sense of surprise or astonishment at the level of retirement someone has achieved. The use of 'I can’t imagine' indicates a realization or a lack of understanding of how someone could be so retired, which aligns with surprise-related emotions. However, the post is not explicitly expressing confusion or curiosity, which might lead some annotators to not classify it as surprise-related. Therefore, a moderate percentage of annotators might see it as expressing surprise-related emotions.",0.19999999999999996,0.19999999999999996
125,I almost thought this was gonna turn into a story of your tissue you'd been reusing for months. I'm glad it was not lol,0.0,1.0,0.6,0.4,"The post expresses a sense of relief and mild surprise that the situation did not turn out as expected. The phrase 'I almost thought' indicates an initial expectation or realization that was not met, which aligns with the aspect of realization in surprise-related emotions. The use of 'I'm glad it was not lol' suggests a light-hearted surprise and relief, which could lead some annotators to classify it as surprise-related. However, the overall tone is more humorous and relieved than genuinely surprised, leading to a moderate percentage of annotators seeing it as surprise-related.","The post contains elements of realization and relief, which are aspects of surprise-related emotions. The initial expectation of a story about reusing a tissue for months suggests a realization that was not fulfilled, leading to a sense of relief and mild surprise. The humorous tone ('lol') further indicates a light-hearted surprise. Therefore, a moderate percentage of annotators might classify it as exhibiting surprise-related emotions.",0.6,0.6
126,"5'11"" [NAME]. He's basically 6 foot, so I must be missing something here.",0.4,0.6,0.6,0.4,"The post expresses a sense of confusion or realization about the height of a person, suggesting that the author is surprised or puzzled by the discrepancy between the stated height and the perceived height. This indicates a moderate level of surprise-related emotions, particularly confusion and realization.","The post discusses a height measurement and expresses a sense of confusion or realization about the difference between 5'11"" and 6 foot. The phrase ""I must be missing something here"" suggests that the author is puzzled or surprised by this discrepancy, indicating a moderate level of surprise-related emotions. Therefore, a higher percentage of annotators might classify this post as exhibiting surprise-related emotions, particularly confusion and realization.",0.19999999999999996,0.19999999999999996
127,Favorite: Hardhomme! That epic stare down at the end! Least favorite: No One. Completely ridiculous and unbeleivable,0.4,0.6,0.6,0.4,"The post expresses a strong opinion about a favorite and least favorite episode, with a focus on the 'epic stare down' which could indicate a sense of astonishment or surprise. The mention of 'completely ridiculous and unbelievable' for the least favorite episode suggests a realization or confusion about the episode's content. These elements contribute to the perception of surprise-related emotions, though the post is primarily evaluative rather than emotional.","The post discusses favorite and least favorite episodes, highlighting an 'epic stare down' which suggests a moment of surprise or astonishment. The term 'completely ridiculous and unbelievable' for the least favorite episode indicates a realization or confusion. These aspects suggest that a significant portion of annotators might perceive surprise-related emotions, though the post is largely evaluative.",0.19999999999999996,0.19999999999999996
128,[NAME]. They’re grasping for straws!,0.25,0.75,0.6,0.4,"The post 'They're grasping for straws!' suggests a sense of realization or surprise at someone's desperate or futile attempts. The phrase 'grasping for straws' often implies a realization of the lack of solid arguments or evidence, which can be surprising or unexpected. However, the post is somewhat ambiguous and lacks explicit emotional cues, leading to a moderate level of annotators perceiving surprise-related emotions.","The post 'They're grasping for straws!' suggests a sense of realization or surprise at someone's desperate or futile attempts. The phrase 'grasping for straws' often implies a realization of the lack of solid arguments or evidence, which can be surprising or unexpected. However, the post is somewhat ambiguous and lacks explicit emotional cues, leading to a moderate level of annotators perceiving surprise-related emotions.",0.35,0.35
129,She already received $750K from the school. And she'll be in debt to the state for the rest of her life.,0.8,0.19999999999999996,0.6,0.4,"The post mentions a significant financial transaction and a long-term debt, which could evoke surprise or realization about the situation's gravity. The mention of a large sum of money and lifelong debt can lead to confusion or astonishment about the circumstances leading to such an outcome. However, the post is factual and lacks explicit emotional language, which might lead some annotators to not perceive it as surprise-related.","The post discusses a financial situation involving a large sum of money and lifelong debt. This can evoke surprise or realization about the severity of the situation. The factual nature of the post might lead some annotators to not perceive it as surprise-related, but the elements of surprise and realization are present.",0.20000000000000007,0.10000000000000006
130,Skinny Security Bro brings the bantz!,0.8,0.19999999999999996,0.2,0.8,"The post 'Skinny Security Bro brings the bantz!' is a light-hearted comment that seems to appreciate or acknowledge someone's humorous or playful behavior ('bantz' is slang for banter). There is no clear indication of surprise-related emotions such as confusion, curiosity, realization, or surprise. The post is straightforward and does not express any uncertainty or astonishment. Therefore, it is likely that a small percentage of annotators might see a hint of surprise in the unexpectedness of a 'Skinny Security Bro' being notable for banter, but the majority would not classify it as exhibiting surprise-related emotions.","The post 'Skinny Security Bro brings the bantz!' is a light-hearted comment that seems to appreciate or acknowledge someone's humorous or playful behavior ('bantz' is slang for banter). There is no clear indication of surprise-related emotions such as confusion, curiosity, realization, or surprise. The post is straightforward and does not express any uncertainty or astonishment. Therefore, it is likely that a small percentage of annotators might see a hint of surprise in the unexpectedness of a 'Skinny Security Bro' being notable for banter, but the majority would not classify it as exhibiting surprise-related emotions.",0.6000000000000001,0.6000000000000001
131,Wise choice. You had kebab.,0.0,1.0,0.0,1.0,"The post 'Wise choice. You had kebab.' does not convey any of the aspects of surprise-related emotions such as confusion, curiosity, realization, or surprise. It is a straightforward statement acknowledging a decision, likely in a positive or neutral tone, without any indication of astonishment or unexpectedness.","The post is a simple acknowledgment of a choice made, with no elements of surprise-related emotions present.",0.0,0.0
132,I will still shag her u fooking poof. gave im a rite fockin japester innit well u won't be having erection next few days.,0.6,0.4,0.2,0.8,"The post contains informal and potentially offensive language, but it does not clearly express any of the aspects of surprise-related emotions such as confusion, curiosity, realization, or surprise. The language used seems more focused on expressing a crude joke or insult rather than conveying any surprise-related emotion. Therefore, it is likely that a small percentage of annotators might perceive some element of surprise due to the unexpected nature of the language, but the majority would not classify it as exhibiting surprise-related emotions.","The post is informal and uses slang, which might be interpreted as humorous or offensive rather than surprising. The lack of clear indicators of surprise-related emotions such as confusion, curiosity, realization, or surprise suggests that most annotators would not classify it as such. The unexpected nature of the language might lead a small percentage to see it as surprising, but this is likely minimal.",0.39999999999999997,0.39999999999999997
133,"There are two other choices as well, each of them slightly better than the two terrible choices.",0.4,0.6,0.6,0.4,"The post presents a situation with multiple choices, indicating a sense of confusion or uncertainty about which choice is best. The mention of 'slightly better' suggests a realization or evaluation process, which aligns with surprise-related emotions. However, the post does not strongly convey astonishment or being startled, so the surprise aspect is less pronounced. Therefore, a moderate percentage of annotators might classify this as exhibiting surprise-related emotions, primarily due to confusion and realization.","The post discusses choices and evaluates them, which can lead to confusion and realization, aspects of surprise-related emotions. However, it lacks strong elements of astonishment or being startled.",0.19999999999999996,0.19999999999999996
134,i didn't knew your toe can get that flat without breaking the nail in thousand of pieces,1.0,0.0,0.8,0.2,"The post expresses a sense of surprise and astonishment at the condition of the toe, which is unexpected. The phrase 'I didn't knew' indicates a realization or newfound awareness, and the description of the toe being 'that flat without breaking the nail in thousand of pieces' suggests an unexpected observation. These elements align with surprise-related emotions, particularly surprise and realization.","The post conveys a strong sense of surprise and realization about the condition of the toe, which is unexpected and unusual. The language used indicates a lack of prior knowledge and an unexpected observation, which are key aspects of surprise-related emotions.",0.19999999999999996,0.049999999999999975
135,Don’t hate barstool,0.2,0.8,0.0,1.0,"The post 'Don’t hate barstool' is a straightforward statement that does not express any of the aspects of surprise-related emotions such as confusion, curiosity, realization, or surprise. It is a simple directive or opinion without any indication of astonishment or uncertainty.","The post 'Don’t hate barstool' is a straightforward statement that does not express any of the aspects of surprise-related emotions such as confusion, curiosity, realization, or surprise. It is a simple directive or opinion without any indication of astonishment or uncertainty. Therefore, it is likely that 0% of annotators would classify it as exhibiting surprise-related emotions, while 100% would not.",0.2,0.05000000000000001
136,O cool noworries ya I don't actually hate [NAME] he's now my favorite player for Vegas.,0.0,1.0,0.2,0.8,"The post expresses a change in opinion about a player, which could involve a realization aspect. However, the tone is casual and lacks strong elements of surprise, confusion, or curiosity. The statement 'he's now my favorite player' suggests a positive shift but not necessarily a surprising one. Therefore, the post is more likely to be seen as not exhibiting strong surprise-related emotions.","The post indicates a change in opinion about a player, which might involve a realization aspect. However, the tone is casual and lacks strong elements of surprise, confusion, or curiosity. The statement 'he's now my favorite player' suggests a positive shift but not necessarily a surprising one. Therefore, the post is more likely to be seen as not exhibiting strong surprise-related emotions.",0.2,0.05000000000000001
137,"I don’t think it’ll happen solely because of UA, however that’ll surely be cool if it does happen",0.6,0.4,0.6,0.4,"The post expresses a sense of uncertainty and curiosity about a potential event happening due to UA. The phrase 'I don’t think it’ll happen' indicates a realization of the improbability, while 'that’ll surely be cool if it does happen' shows curiosity and a hint of surprise at the possibility. This mix of uncertainty and curiosity suggests that a significant portion of annotators might perceive surprise-related emotions.","The post contains elements of uncertainty ('I don’t think it’ll happen') and curiosity ('that’ll surely be cool if it does happen'), which are aspects of surprise-related emotions. The overall tone suggests a moderate level of surprise-related emotions, leading to a prediction of 60% of annotators classifying it as such.",0.0,0.0
138,Didn't even realize that the Mazda was a competition. It's always a Camry and Accord.,0.8,0.19999999999999996,0.8,0.2,"The post expresses a realization about the Mazda being a competition, which the author did not previously consider. This indicates a surprise-related emotion, specifically realization and surprise, as the author was unaware of Mazda's competitive status compared to the more commonly recognized Camry and Accord. The clarity of the realization aspect suggests a higher percentage of annotators would classify this as exhibiting surprise-related emotions.","The post clearly conveys a realization and an element of surprise regarding the Mazda's status as a competition, which the author had not considered before. This suggests that a significant portion of annotators would perceive surprise-related emotions in this post.",0.0,0.0
139,Bro he has always been a bully in the community. He is a pseudo scientist.,0.0,1.0,0.4,0.6,"The post expresses a realization about someone's behavior ('he has always been a bully') and questions their credibility ('pseudo scientist'), which can be associated with surprise-related emotions like realization and confusion. However, the tone is more accusatory and factual rather than expressing strong surprise or curiosity, leading to a moderate percentage of annotators perceiving surprise-related emotions.","The post discusses a person's negative behavior and questions their credibility, which can evoke realization and confusion. However, the tone is more accusatory and factual, suggesting a moderate level of surprise-related emotions.",0.4,0.2666666666666667
140,The whole thing is poetry. That finish is magic. Nose to the mit. Love this !,0.2,0.8,0.0,1.0,"The post expresses admiration and appreciation for something described as 'poetry' and 'magic,' which suggests a positive emotional response rather than surprise-related emotions. There is no indication of confusion, curiosity, realization, or surprise in the content. The language used is clear and unambiguous in its expression of enjoyment and love for the subject.","The post is a straightforward expression of admiration and appreciation, with no elements of surprise-related emotions. The use of words like 'poetry,' 'magic,' and 'love' indicates a positive emotional response rather than surprise, confusion, or curiosity. Therefore, it is likely that annotators would not classify this post as exhibiting surprise-related emotions.",0.2,0.05000000000000001
141,"[NAME] and [NAME] = The hero's we need, but not the hero's we deserve.",0.4,0.6,0.6,0.4,"The post uses a well-known phrase with a twist, which can evoke surprise or realization. The phrase 'the hero's we need, but not the hero's we deserve' suggests a realization or acknowledgment of the unexpected qualities of the individuals mentioned. This can lead to a sense of surprise or realization among readers, as it implies a deeper understanding or recognition of the individuals' roles. However, the post is not overtly surprising or confusing, so a moderate percentage of annotators might classify it as exhibiting surprise-related emotions.","The post plays on a familiar phrase, which can evoke a sense of realization or surprise. The use of 'the hero's we need, but not the hero's we deserve' suggests a deeper understanding or acknowledgment of the individuals' roles, which can lead to a sense of surprise or realization. However, the post is not overtly surprising or confusing, so a moderate percentage of annotators might classify it as exhibiting surprise-related emotions.",0.19999999999999996,0.19999999999999996
142,Oof. Didn't see what happened but cizikas like died on the ice there for a minute.,0.2,0.8,0.8,0.2,The post expresses surprise and realization. The use of 'Oof' suggests a reaction to something unexpected or startling. The phrase 'Didn't see what happened' indicates a lack of understanding or confusion about the event. The description 'cizikas like died on the ice there for a minute' conveys astonishment or shock at the severity of the situation. These elements suggest that a significant portion of annotators would classify the post as exhibiting surprise-related emotions.,"The post contains elements of surprise and realization, as well as confusion about the event described. The initial 'Oof' indicates a reaction to something unexpected, and the statement 'Didn't see what happened' shows a lack of understanding. The description of the event as 'cizikas like died on the ice there for a minute' suggests shock or astonishment. These factors contribute to a higher likelihood of annotators perceiving surprise-related emotions.",0.6000000000000001,0.6000000000000001
143,Oy vey! Shut it down!,0.6,0.4,0.6,0.4,"The phrase 'Oy vey!' is often used to express surprise or exasperation, which suggests a surprise-related emotion. The command 'Shut it down!' could indicate a realization or a sudden decision based on an unexpected event. The post is somewhat ambiguous, but the use of 'Oy vey!' leans towards a higher likelihood of surprise-related emotions being present.","The post uses the phrase 'Oy vey!' which is commonly associated with surprise or exasperation. This suggests that the post may convey surprise-related emotions. The command 'Shut it down!' could imply a realization or a sudden decision, possibly due to an unexpected event. The post is somewhat ambiguous, but the presence of 'Oy vey!' leans towards a higher likelihood of surprise-related emotions being present.",0.0,0.0
144,"People are still playing bf1?Wow thats nice,I should play some games until more content drops for bf5.",0.6,0.4,0.6,0.4,"The post expresses a sense of surprise and realization that people are still playing Battlefield 1 (bf1), which is unexpected to the author. The use of 'Wow' indicates astonishment, and the statement 'that's nice' suggests a positive realization. The post also hints at curiosity about revisiting the game until more content is available for Battlefield 5 (bf5). These elements suggest that a significant portion of annotators might perceive surprise-related emotions in the post.","The post contains elements of surprise and realization, as the author is surprised that people are still playing bf1 and realizes that it might be a good idea to play it again. The use of 'Wow' and 'that's nice' indicates a positive surprise and realization. Additionally, there is a hint of curiosity about playing the game again. Therefore, the post is likely to be classified by a majority of annotators as exhibiting surprise-related emotions.",0.0,0.0
145,"How he dropped that sheep, probably going to hell but i almost choked laughing. ",0.2,0.8,0.2,0.8,"The post describes a situation where someone finds humor in an unexpected event (dropping a sheep), which could be seen as surprising. However, the primary emotion conveyed is amusement rather than surprise. The mention of 'probably going to hell' suggests a recognition of the inappropriateness of laughing, but it doesn't strongly indicate confusion, curiosity, realization, or surprise. Therefore, the post is more likely to be classified as not exhibiting surprise-related emotions by most annotators.","The post primarily conveys amusement at an unexpected event, with a slight acknowledgment of its inappropriateness. The surprise element is minimal, leading to a prediction that most annotators would not classify it as exhibiting surprise-related emotions.",0.0,0.0
146,What is with people microwaving cheese on top of chips and calling it nachos?,0.6,0.4,0.6,0.4,"The post expresses a sense of confusion and surprise about the practice of microwaving cheese on chips and calling it nachos. The use of 'What is with' suggests a lack of understanding or bewilderment, which aligns with confusion, a component of surprise-related emotions. The post questions a common behavior, indicating a realization or surprise at the simplicity of the action being labeled as 'nachos.'","The post questions a common behavior, indicating a realization or surprise at the simplicity of the action being labeled as 'nachos.' The use of 'What is with' suggests a lack of understanding or bewilderment, which aligns with confusion, a component of surprise-related emotions. Therefore, a significant portion of annotators might classify this as exhibiting surprise-related emotions.",0.0,0.0
147,"Oh my god, I'm so glad this wasn't just me. I thought my YouTube was broken!",0.4,0.6,0.8,0.2,"The post expresses a strong sense of realization and surprise. The phrase 'Oh my god' indicates a strong emotional reaction, and 'I'm so glad this wasn't just me' suggests a realization that the issue was not unique to the poster. The mention of thinking 'my YouTube was broken' indicates initial confusion and surprise at the situation. These elements strongly align with surprise-related emotions, leading to a high percentage of annotators likely classifying it as such.","The post clearly conveys surprise-related emotions, particularly realization and surprise, due to the initial confusion about a perceived issue with YouTube.",0.4,0.4000000000000001
148,“Screaming outrage” you say? Project much?,1.0,0.0,0.6,0.4,"The post uses the phrase 'Screaming outrage' and questions it with 'Project much?', which suggests a sense of confusion or disbelief about the accusation of outrage. This indicates a surprise-related emotion, as the author seems to be questioning the validity of the claim and expressing a realization or curiosity about the accuser's intentions. The use of sarcasm in 'Project much?' also adds to the surprise element, as it implies an unexpected or ironic twist in the conversation.","The post 'Screaming outrage' you say? Project much? suggests a sense of confusion or disbelief about the accusation of outrage. This indicates a surprise-related emotion, as the author seems to be questioning the validity of the claim and expressing a realization or curiosity about the accuser's intentions. The use of sarcasm in 'Project much?' also adds to the surprise element, as it implies an unexpected or ironic twist in the conversation. Therefore, the percentages of annotators who classify the post as exhibiting surprise-related emotions versus those who do not are [0.6, 0.4].",0.4,0.2666666666666667
149,i was not prepared for this,0.0,1.0,0.8,0.2,"The post 'i was not prepared for this' clearly conveys a sense of surprise and astonishment, as the speaker indicates they were caught off guard by an unexpected event or situation. This aligns with the aspect of surprise-related emotions, particularly surprise and realization, as the speaker becomes aware of their lack of preparation. The clarity of the expression suggests a high likelihood that annotators would classify this as exhibiting surprise-related emotions.","The post 'i was not prepared for this' suggests a strong element of surprise and realization, as the speaker acknowledges their unexpected lack of preparation. This aligns with the surprise-related emotions of surprise and realization, making it likely that a significant portion of annotators would classify it as such. Therefore, the predicted percentages are [0.8, 0.2].",0.8,0.8000000000000002
150,From the looks of his haphazard flailing it seems he needs to go back to the dojo...,0.8,0.19999999999999996,0.6,0.4,"The post suggests a realization or surprise at someone's lack of skill, as indicated by the phrase 'haphazard flailing' and the suggestion to 'go back to the dojo.' This implies an unexpected observation of incompetence, which aligns with surprise-related emotions. However, the post is not overtly emotional, so not all annotators may perceive it as expressing surprise-related emotions.","The post describes someone's actions as 'haphazard flailing,' which suggests a realization or surprise at their lack of skill. The recommendation to 'go back to the dojo' implies an unexpected observation of incompetence. This aligns with surprise-related emotions, particularly realization and surprise. However, the post is not overtly emotional, so not all annotators may perceive it as expressing surprise-related emotions. Therefore, a moderate percentage of annotators might classify it as such, while others may not see it as strongly related to surprise.",0.20000000000000007,0.10000000000000006
151,"Nope. That’s a really inaccurate, misleading headline.",0.8,0.19999999999999996,0.6,0.4,"The post expresses a sense of realization and possibly surprise at the inaccuracy and misleading nature of the headline. The use of 'Nope' suggests a strong reaction, which could be interpreted as surprise or realization. However, the post is also straightforward and could be seen as simply a correction, which might not strongly convey surprise-related emotions to all annotators.","The post 'Nope. That’s a really inaccurate, misleading headline.' suggests a realization and possibly surprise at the headline's inaccuracy. The initial 'Nope' indicates a strong reaction, which can be associated with surprise or realization. However, the post is also a straightforward correction, which might not strongly convey surprise-related emotions to all annotators. Therefore, I predict that 60% of annotators might classify it as exhibiting surprise-related emotions, while 40% might not.",0.20000000000000007,0.10000000000000006
152,[NAME] sorry it was rude not to @ you lol,0.0,1.0,0.2,0.8,"The post contains a mild acknowledgment of a social faux pas, which could be interpreted as a realization. However, the tone is light-hearted and lacks strong elements of surprise, confusion, or curiosity. The primary emotion conveyed is more about social etiquette rather than surprise-related emotions.","The post acknowledges a minor social oversight, which might involve a small realization, but it doesn't strongly convey surprise-related emotions. The tone is casual and humorous, suggesting that most annotators would not classify it as exhibiting surprise-related emotions.",0.2,0.05000000000000001
153,You're* Stay in school lol,0.0,1.0,0.2,0.8,"The post 'You're* Stay in school lol' is a correction of a grammatical error, likely in response to another post. The 'lol' at the end suggests a light-hearted tone, but there is no clear indication of surprise-related emotions such as confusion, curiosity, realization, or surprise. The post is more about pointing out a mistake humorously rather than expressing any surprise-related emotion.","The post is a correction of a grammatical error, likely in response to another post. The 'lol' at the end suggests a light-hearted tone, but there is no clear indication of surprise-related emotions such as confusion, curiosity, realization, or surprise. The post is more about pointing out a mistake humorously rather than expressing any surprise-related emotion.",0.2,0.05000000000000001
154,I am twice as proud of my baby [NAME].,0.0,1.0,0.0,1.0,"The post expresses pride, which is not related to surprise-related emotions such as confusion, curiosity, realization, or surprise. The content is clear and straightforward in expressing pride without any indication of surprise-related emotions.","The post 'I am twice as proud of my baby [NAME].' does not convey any elements of surprise-related emotions. It is a straightforward expression of pride, which is not associated with confusion, curiosity, realization, or surprise. Therefore, it is predicted that 0% of annotators would classify this post as exhibiting surprise-related emotions, while 100% would not.",0.0,0.0
155,Manlets unite!,0.8,0.19999999999999996,0.4,0.6,"The post 'Manlets unite!' could convey a sense of realization or surprise-related emotion in the form of a rallying cry for a group that might feel marginalized or overlooked. The term 'manlet' is often used in a derogatory manner, so the call to 'unite' could be seen as a surprising or unexpected show of solidarity. However, the post is quite brief and lacks explicit indicators of surprise, confusion, or curiosity, which might lead to a lower percentage of annotators perceiving it as surprise-related.","The post 'Manlets unite!' suggests a call to action or solidarity among individuals who might identify with the term 'manlet.' While this could imply a realization or a surprising show of unity, the brevity and lack of explicit emotional cues might result in a moderate percentage of annotators perceiving it as surprise-related. Therefore, I predict that 40% of annotators might classify it as exhibiting surprise-related emotions, while 60% might not.",0.4,0.4000000000000001
156,Fake lous!,0.4,0.6,0.2,0.8,"The post 'Fake lous!' is quite ambiguous and lacks context, making it difficult to clearly identify any surprise-related emotions. It could potentially express a realization or surprise if more context were provided, but as it stands, it does not strongly convey confusion, curiosity, realization, or surprise. Therefore, it is likely that a small percentage of annotators might see it as surprise-related due to its ambiguity, but the majority would not.","The post 'Fake lous!' is short and lacks context, making it difficult to determine if it conveys surprise-related emotions. Without additional information, it does not clearly express confusion, curiosity, realization, or surprise. It is likely that most annotators would not classify it as exhibiting surprise-related emotions.",0.2,0.10000000000000003
157,"I would try to find someone who wasn’t married and exploring sex parties because...I’m boring as fuck, I guess.",0.0,1.0,0.6,0.4,"The post expresses a sense of self-reflection and realization about the speaker's own perceived lack of excitement or adventurousness. The phrase 'I guess' suggests a realization or acceptance of this self-assessment. The mention of 'exploring sex parties' contrasts with the speaker's self-description as 'boring,' which could imply a sense of surprise or curiosity about others' lifestyles. This combination of realization and curiosity suggests that a significant portion of annotators might perceive surprise-related emotions in the post.","The post reflects a realization about the speaker's own personality and a curiosity about others' more adventurous lifestyles, leading to a prediction that 60% of annotators might classify it as exhibiting surprise-related emotions.",0.6,0.6
158,Lol dream on buddy. You’ve had enough attention today. Actually learn what your talking about helps a lot. Sorry your stuck in free roam smokin crack,0.0,1.0,0.6,0.4,"The post contains elements of surprise-related emotions, particularly confusion and realization. The phrase 'Actually learn what your talking about helps a lot' suggests a realization or a call for understanding, indicating that the speaker perceives a lack of understanding in the person they are addressing. Additionally, the sarcastic tone in 'Lol dream on buddy' and 'Sorry your stuck in free roam smokin crack' implies a sense of astonishment or disbelief at the other person's actions or statements. These elements contribute to a moderate likelihood that annotators would classify the post as exhibiting surprise-related emotions.","The post contains elements of surprise-related emotions, particularly confusion and realization. The phrase 'Actually learn what your talking about helps a lot' suggests a realization or a call for understanding, indicating that the speaker perceives a lack of understanding in the person they are addressing. Additionally, the sarcastic tone in 'Lol dream on buddy' and 'Sorry your stuck in free roam smokin crack' implies a sense of astonishment or disbelief at the other person's actions or statements. These elements contribute to a moderate likelihood that annotators would classify the post as exhibiting surprise-related emotions.",0.6,0.6
159,I think Voit hits 30+ so it’s not impossible.,0.4,0.6,0.2,0.8,"The post expresses a prediction about Voit's performance, suggesting a belief in a positive outcome. There is no clear indication of surprise, confusion, or realization. The statement is more about expectation and confidence rather than surprise-related emotions.","The post 'I think Voit hits 30+ so it’s not impossible.' suggests a belief or expectation about Voit's performance. It does not convey surprise, confusion, or realization. The focus is on a confident prediction, which is not typically associated with surprise-related emotions. Therefore, a small percentage of annotators might see a hint of surprise in the optimism, but the majority would not classify it as such.",0.2,0.10000000000000003
160,In a sous vide? How does that work?,0.8,0.19999999999999996,0.8,0.2,"The post expresses curiosity, as the user is asking a question about how something works, indicating a desire to learn or understand. This aligns with the aspect of curiosity within surprise-related emotions. The question format and the specific inquiry about a sous vide suggest a genuine interest in gaining knowledge, which is a clear indicator of surprise-related emotions.","The post 'In a sous vide? How does that work?' is likely to be classified by a majority of annotators as exhibiting surprise-related emotions due to the expression of curiosity. The question 'How does that work?' directly shows a desire to understand, which is a key component of curiosity. Therefore, I predict that 80% of annotators would classify this post as exhibiting surprise-related emotions, while 20% would not.",0.0,0.0
161,Give the mouse a chance!.leave the cat to it.,0.4,0.6,0.6,0.4,"The post 'Give the mouse a chance!.leave the cat to it.' suggests a scenario where there is an unexpected or surprising situation involving a mouse and a cat. The phrase 'Give the mouse a chance!' implies a sense of surprise or realization that the mouse might have an opportunity to escape or survive, which is not the usual expectation in a cat-and-mouse scenario. This could evoke surprise-related emotions such as curiosity about what will happen next or realization about the dynamics between the mouse and the cat. However, the post is somewhat ambiguous and could also be interpreted as a simple statement without strong emotional content, leading to a moderate percentage of annotators perceiving surprise-related emotions.","The post 'Give the mouse a chance!.leave the cat to it.' suggests a scenario where there is an unexpected or surprising situation involving a mouse and a cat. The phrase 'Give the mouse a chance!' implies a sense of surprise or realization that the mouse might have an opportunity to escape or survive, which is not the usual expectation in a cat-and-mouse scenario. This could evoke surprise-related emotions such as curiosity about what will happen next or realization about the dynamics between the mouse and the cat. However, the post is somewhat ambiguous and could also be interpreted as a simple statement without strong emotional content, leading to a moderate percentage of annotators perceiving surprise-related emotions.",0.19999999999999996,0.19999999999999996
162,Was that before or after he murdered over a million [NAME]?,1.0,0.0,0.6,0.4,"The post contains an element of surprise or disbelief, as it questions the timing of an event in relation to a significant and shocking action (murdering over a million people). This suggests a realization or astonishment about the sequence of events, which aligns with surprise-related emotions. However, the post is also somewhat factual and could be interpreted as rhetorical, which might lead some annotators to not classify it as surprise-related.","The post questions the timing of an event in relation to a shocking action, suggesting surprise or disbelief. This aligns with surprise-related emotions, but the factual nature might lead to mixed interpretations.",0.4,0.2666666666666667
163,Shh that breaks the narrative though.,0.6,0.4,0.6,0.4,"The post 'Shh that breaks the narrative though.' suggests a realization or surprise that something contradicts a commonly held belief or narrative. The use of 'Shh' implies a sense of secrecy or the unexpected nature of the information, which aligns with surprise-related emotions. However, the post is somewhat ambiguous and could be interpreted in different ways, leading to a moderate level of annotators perceiving surprise-related emotions.","The post 'Shh that breaks the narrative though.' suggests a realization or surprise that something contradicts a commonly held belief or narrative. The use of 'Shh' implies a sense of secrecy or the unexpected nature of the information, which aligns with surprise-related emotions. However, the post is somewhat ambiguous and could be interpreted in different ways, leading to a moderate level of annotators perceiving surprise-related emotions.",0.0,0.0
164,You’re as cool as a hand-job on a honeymoon. Go draw some anime and cry yourself to sleep.,0.0,1.0,0.2,0.8,"The post contains a sarcastic and dismissive tone, which may not strongly convey surprise-related emotions. The phrase 'cool as a hand-job on a honeymoon' is sarcastic, and the suggestion to 'go draw some anime and cry yourself to sleep' is dismissive and insulting. There is no clear indication of confusion, curiosity, realization, or surprise. Therefore, it is likely that a small percentage of annotators might perceive some surprise-related emotions due to the unexpected nature of the insults, but the majority would not.","The post is sarcastic and dismissive, lacking clear indicators of surprise-related emotions such as confusion, curiosity, realization, or surprise. The sarcastic comparison and dismissive suggestion are more insulting than surprising. Thus, a small percentage of annotators might see some surprise-related emotions, but most would not.",0.2,0.05000000000000001
165,"He forgot the most important law : Everyone can be stupid, and everyone will be at some point. Although he does illustrate it very well with his article.",0.6,0.4,0.6,0.4,"The post contains an element of realization, as it points out a universal truth about human nature—that everyone can be stupid at times. This realization is expressed with a hint of surprise or irony, especially in the context of the article mentioned. The post also suggests a sense of confusion or curiosity about the article's content, as it highlights the irony of the situation. These elements contribute to a moderate level of surprise-related emotions being detected.","The post reflects a realization about human nature, which is a key aspect of surprise-related emotions. The mention of the article and its illustration of the point adds an element of irony and surprise. Therefore, a moderate percentage of annotators might classify this post as exhibiting surprise-related emotions.",0.0,0.0
166,"Someone had to ""strongly reccomend"" that he didnt take another shot at that..... The stupid is incredibly strong with this one.",0.2,0.8,0.6,0.4,"The post expresses a sense of astonishment or surprise at someone's perceived lack of intelligence, as indicated by the phrase 'The stupid is incredibly strong with this one.' The use of quotation marks around 'strongly recommend' suggests a realization or acknowledgment of an implied warning or advice that was not heeded. This combination of surprise and realization aspects suggests that a significant portion of annotators might classify this post as exhibiting surprise-related emotions.","The post conveys a sense of surprise and realization regarding someone's actions or decisions. The phrase 'strongly recommend' in quotes implies that there was advice given, which was likely ignored, leading to a surprising or unexpected outcome. The statement 'The stupid is incredibly strong with this one' further emphasizes the speaker's astonishment at the person's actions. Therefore, it is likely that 60% of annotators would classify this post as exhibiting surprise-related emotions, while 40% would not.",0.39999999999999997,0.39999999999999997
167,One of the best photos I’ve seen of the Arch. Breathtaking.,0.2,0.8,0.0,1.0,"The post expresses admiration and appreciation for a photo of the Arch, describing it as 'breathtaking.' There is no indication of confusion, curiosity, realization, or surprise in the context of unexpectedness. The emotion conveyed is more aligned with awe or admiration rather than surprise-related emotions.","The post is straightforward in its expression of admiration for the photo, without any elements of surprise-related emotions.",0.2,0.05000000000000001
168,It’s time for mango dream to come true. We need to spirit bomb him at the last second.,0.2,0.8,0.6,0.4,"The post expresses a sense of anticipation and urgency, which can be associated with surprise-related emotions. The phrase 'mango dream to come true' suggests a realization or a long-awaited event, while 'spirit bomb him at the last second' implies a sudden, unexpected action. These elements contribute to a feeling of surprise and realization, leading to a higher likelihood of annotators perceiving surprise-related emotions.","The post contains elements of realization and surprise, as it talks about a dream coming true and an unexpected action ('spirit bomb him at the last second'). This suggests that a significant portion of annotators might classify it as exhibiting surprise-related emotions.",0.39999999999999997,0.39999999999999997
169,"Same here, she left the house we bought and is giving me till the end of the month. Woooo",0.6,0.4,0.6,0.4,"The post expresses a sense of realization and surprise. The use of 'Woooo' at the end suggests an emotional reaction, possibly indicating surprise or a sarcastic cheer about the situation. The mention of being given a deadline ('till the end of the month') implies a realization of a significant change or event. However, the post does not strongly convey confusion or curiosity, which are other aspects of surprise-related emotions.","The post reflects a realization of a significant life event, with a hint of surprise or sarcasm in the expression 'Woooo'. This suggests that a moderate percentage of annotators might perceive it as exhibiting surprise-related emotions.",0.0,0.0
170,May you find and skin the perpetrator. My apologies to your family. ❤,0.0,1.0,0.2,0.8,"The post contains a mix of aggressive language ('find and skin the perpetrator') and a seemingly apologetic tone ('My apologies to your family'), which could indicate a sense of confusion or mixed emotions. However, the overall tone leans more towards aggression and sarcasm rather than surprise-related emotions. The heart emoji at the end adds a layer of ambiguity, but it does not strongly suggest surprise, confusion, curiosity, or realization. Therefore, the majority of annotators are likely to classify this post as not exhibiting surprise-related emotions.","The post's aggressive and sarcastic tone, combined with an apologetic statement and a heart emoji, creates a complex emotional message. However, the elements of surprise-related emotions such as confusion, curiosity, realization, or surprise are not strongly present. The post is more likely to be interpreted as sarcastic or aggressive rather than surprising. Thus, a smaller percentage of annotators would classify it as exhibiting surprise-related emotions.",0.2,0.05000000000000001
171,Ok sure that’s a nice unfounded opinion you’ve got there. Unless you’ve been in one in which case wow sorry,0.4,0.6,0.6,0.4,"The post contains elements of surprise-related emotions, particularly confusion and realization. The phrase 'nice unfounded opinion' suggests a sense of confusion or disbelief about the opinion's validity. The follow-up 'unless you’ve been in one in which case wow sorry' indicates a realization or acknowledgment that the opinion might be valid if the person has experienced it, which adds an element of surprise or unexpectedness. This mix of confusion and realization suggests that a significant portion of annotators might perceive surprise-related emotions in the post.","The post expresses a mix of confusion and realization, with a hint of surprise. The initial statement questions the validity of an opinion, indicating confusion or disbelief. The subsequent acknowledgment ('unless you’ve been in one in which case wow sorry') suggests a realization that the opinion might be valid, which could be surprising. Therefore, the post likely conveys surprise-related emotions to a moderate extent.",0.19999999999999996,0.19999999999999996
172,Buncha people having (admittedly loud) fun. Don’t really see the issue.,0.4,0.6,0.2,0.8,"The post expresses a lack of understanding or confusion about why there is an issue with people having fun, even if it is loud. This indicates a mild level of confusion, which is an aspect of surprise-related emotions. However, the post does not strongly convey other aspects such as curiosity, realization, or surprise. Therefore, a small percentage of annotators might classify it as exhibiting surprise-related emotions, but the majority likely would not.","The post questions the issue with people having fun, suggesting a slight confusion about the situation. However, it does not strongly express surprise or other related emotions, leading to a prediction of [0.2, 0.8].",0.2,0.10000000000000003
173,I thought it was funny ‍♀️,0.4,0.6,0.2,0.8,"The post 'I thought it was funny ‍♀️' expresses a personal opinion about finding something humorous. There is no clear indication of confusion, curiosity, realization, or surprise. The use of the shrug emoji suggests a casual or indifferent tone rather than surprise-related emotions. Therefore, it is likely that a small percentage of annotators might see a hint of surprise in the unexpectedness of finding something funny, but the majority would not classify it as exhibiting surprise-related emotions.","The post 'I thought it was funny ‍♀️' expresses a personal opinion about finding something humorous. There is no clear indication of confusion, curiosity, realization, or surprise. The use of the shrug emoji suggests a casual or indifferent tone rather than surprise-related emotions. Therefore, it is likely that a small percentage of annotators might see a hint of surprise in the unexpectedness of finding something funny, but the majority would not classify it as exhibiting surprise-related emotions.",0.2,0.10000000000000003
174,Oh hey that's pretty cool!,0.0,1.0,0.0,1.0,"The post expresses a positive sentiment with an exclamation, indicating a sense of approval or admiration. However, it lacks any clear indication of surprise-related emotions such as confusion, curiosity, realization, or surprise. The phrase 'that's pretty cool' is more aligned with expressing a positive opinion rather than an unexpected reaction.","The post 'Oh hey that's pretty cool!' does not convey any of the surprise-related emotions such as confusion, curiosity, realization, or surprise. It simply expresses a positive sentiment without any indication of being startled or astonished by something unexpected. Therefore, the percentage of annotators who classify the post as exhibiting surprise-related emotions is likely to be low.",0.0,0.0
175,I didn’t get to watch!!!! WHAT HAPPENED!!!!!,0.6,0.4,0.8,0.2,"The post clearly expresses a strong sense of curiosity and confusion, as the author is eager to know what happened and is frustrated about missing out on an event. The use of multiple exclamation marks emphasizes the intensity of these emotions, suggesting that a significant portion of annotators would perceive this as exhibiting surprise-related emotions.","The post 'I didn’t get to watch!!!! WHAT HAPPENED!!!!!' conveys a strong sense of curiosity and confusion. The author is expressing a desire to know what occurred, indicating a lack of understanding or awareness of the situation. The use of multiple exclamation marks further emphasizes the intensity of these emotions, suggesting that the post is likely to be classified by a majority of annotators as exhibiting surprise-related emotions. Therefore, the predicted percentages are [0.8, 0.2].",0.20000000000000007,0.10000000000000006
176,I was my father's 4th girl. **Nothing** made him uncomfortable by that point,0.2,0.8,0.6,0.4,"The post suggests a realization or understanding that the father has become desensitized or accustomed to having daughters, which could be surprising or unexpected to some. The use of 'Nothing' in emphasis indicates a strong realization or acceptance of the situation. This realization aspect of surprise-related emotions is likely to be recognized by a significant portion of annotators, though not all may see it as surprising.","The post reflects a realization about the father's comfort level with having daughters, which could be seen as surprising or unexpected. The emphasis on 'Nothing' suggests a strong realization or acceptance, which aligns with surprise-related emotions. Therefore, a significant portion of annotators might classify it as such, but not all.",0.39999999999999997,0.39999999999999997
177,Or Not my policy *Gets beaten up*,0.4,0.6,0.6,0.4,"The post 'Or Not my policy *Gets beaten up*' suggests a scenario where someone is surprised or caught off guard by the consequences of a policy they do not own or support. The phrase 'Gets beaten up' implies an unexpected or startling reaction, which aligns with the aspect of surprise. However, the post is somewhat ambiguous and lacks explicit context, which might lead some annotators to not perceive it as strongly surprise-related. Therefore, a moderate percentage of annotators might classify it as exhibiting surprise-related emotions.","The post 'Or Not my policy *Gets beaten up*' suggests a scenario where someone is surprised or caught off guard by the consequences of a policy they do not own or support. The phrase 'Gets beaten up' implies an unexpected or startling reaction, which aligns with the aspect of surprise. However, the post is somewhat ambiguous and lacks explicit context, which might lead some annotators to not perceive it as strongly surprise-related. Therefore, a moderate percentage of annotators might classify it as exhibiting surprise-related emotions.",0.19999999999999996,0.19999999999999996
178,I love her omg,0.2,0.8,0.0,1.0,"The post 'I love her omg' expresses a strong positive emotion, likely admiration or affection, rather than surprise-related emotions. There is no indication of confusion, curiosity, realization, or surprise in the statement. The use of 'omg' might suggest excitement, but it does not necessarily imply surprise. Therefore, it is unlikely that annotators would classify this post as exhibiting surprise-related emotions.","The post 'I love her omg' does not convey any of the aspects of surprise-related emotions such as confusion, curiosity, realization, or surprise. It is a straightforward expression of affection or admiration, which is not related to surprise. Thus, the prediction is that 0% of annotators would classify it as exhibiting surprise-related emotions, and 100% would not.",0.2,0.05000000000000001
179,"And any form of bottom up government is also extremely susceptible to corruption. Basically, humans suck. ",0.4,0.6,0.2,0.8,"The post expresses a cynical view of human nature and government systems, which does not strongly align with surprise-related emotions. There is no clear indication of confusion, curiosity, realization, or surprise. The statement seems more like a resigned or frustrated opinion rather than an expression of surprise.","The post does not exhibit clear aspects of surprise-related emotions. It is more of a general statement about human nature and government susceptibility to corruption, lacking elements of confusion, curiosity, realization, or surprise.",0.2,0.10000000000000003
180,Well I am the son of a parent who legally immigrated from the [RELIGION] country of Turkey so no thanks jackass.,0.4,0.6,0.4,0.6,"The post expresses a defensive tone, possibly indicating a realization or surprise at being misunderstood or stereotyped. However, the primary emotion seems to be more about asserting identity rather than surprise. The mention of 'no thanks jackass' suggests a reaction to a perceived insult or stereotype, which might involve some surprise or realization, but it's not the dominant emotion. Therefore, a moderate percentage of annotators might see surprise-related emotions, but the majority likely do not.","The post involves a defensive response to a perceived stereotype or insult, which might involve some element of surprise or realization. However, the primary emotion conveyed is more about asserting identity and rejecting the stereotype, rather than surprise. The use of 'no thanks jackass' indicates a reaction to an insult, which might involve some surprise, but it's not the dominant emotion. Therefore, a moderate percentage of annotators might see surprise-related emotions, but the majority likely do not.",0.0,0.0
181,Two questions: do we still get a lip sync next week with [NAME] and [NAME] next week? do they do anything week 6?,0.8,0.19999999999999996,0.6,0.4,"The post contains elements of curiosity, as the user is asking questions about future events, indicating a desire to know or learn something. This curiosity is a key aspect of surprise-related emotions. However, the post does not strongly convey confusion, realization, or surprise, as it is more focused on seeking information rather than expressing a lack of understanding or an unexpected realization. Therefore, a moderate percentage of annotators might classify this post as exhibiting surprise-related emotions due to the curiosity aspect.","The post is primarily driven by curiosity, as the user is asking questions about future events related to a lip sync and activities in week 6. This indicates a desire to know or learn something, which is a component of surprise-related emotions. However, the post does not strongly convey confusion, realization, or surprise, as it is more about seeking information rather than expressing a lack of understanding or an unexpected realization. As a result, a moderate percentage of annotators might classify this post as exhibiting surprise-related emotions due to the curiosity aspect.",0.20000000000000007,0.10000000000000006
182,">Found out that **my** [NAME] Oh, I get it. You've caught the scent of a lesser stag in your nostrils. Pity!",0.2,0.8,0.6,0.4,"The post begins with 'Found out that my [NAME]', which suggests a realization or discovery, a key aspect of surprise-related emotions. The phrase 'Oh, I get it' indicates a moment of realization or understanding, which aligns with surprise-related emotions. The rest of the post, 'You've caught the scent of a lesser stag in your nostrils. Pity!', seems to be a metaphorical expression that might convey a sense of surprise or unexpectedness, but it is somewhat ambiguous. Overall, the post contains elements of realization and possibly surprise, leading to a moderate percentage of annotators likely classifying it as exhibiting surprise-related emotions.","The post contains elements of realization and possibly surprise, leading to a moderate percentage of annotators likely classifying it as exhibiting surprise-related emotions.",0.39999999999999997,0.39999999999999997
183,Drink up before it gets cold,0.6,0.4,0.0,1.0,"The post 'Drink up before it gets cold' is a straightforward statement with no evident elements of surprise-related emotions. It is a simple reminder or suggestion without any indication of confusion, curiosity, realization, or surprise. Therefore, it is unlikely that annotators would classify this post as exhibiting surprise-related emotions.","The post is a direct and clear instruction or suggestion, lacking any emotional complexity or unexpected elements that would lead to surprise-related emotions. It is more of a practical statement.",0.6,0.6
184,"I'm pretty jelly now, lol. Esp. The pear shape 😧",0.2,0.8,0.2,0.8,"The post expresses a feeling of envy or jealousy, indicated by the term 'jelly,' which is a slang for jealous. The use of 'lol' suggests a light-hearted tone, and the emoji 😧 might indicate a slight surprise or realization, but it is not strong enough to convey a significant surprise-related emotion. The primary emotion here is envy, not surprise, confusion, curiosity, or realization.","The post primarily conveys envy rather than surprise-related emotions. The use of 'jelly' (jealous) and 'lol' indicates a playful tone, while the emoji 😧 might suggest a mild realization or surprise, but it is not the dominant emotion. Therefore, a small percentage of annotators might see a surprise-related emotion, but the majority would not.",0.0,0.0
185,Bop employee here. Not GLAD,0.4,0.6,0.2,0.8,"The post 'Bop employee here. Not GLAD' is quite ambiguous and lacks clear indicators of surprise-related emotions. The statement 'Not GLAD' could imply dissatisfaction or unhappiness, but it doesn't strongly convey confusion, curiosity, realization, or surprise. The brevity and lack of context make it difficult to interpret as expressing surprise-related emotions. Therefore, it's likely that a smaller percentage of annotators would classify this post as exhibiting surprise-related emotions.","The post 'Bop employee here. Not GLAD' is quite ambiguous and lacks clear indicators of surprise-related emotions. The statement 'Not GLAD' could imply dissatisfaction or unhappiness, but it doesn't strongly convey confusion, curiosity, realization, or surprise. The brevity and lack of context make it difficult to interpret as expressing surprise-related emotions. Therefore, it's likely that a smaller percentage of annotators would classify this post as exhibiting surprise-related emotions.",0.2,0.10000000000000003
186,What will the UN bring anyway? Turkey will be victorious. I love my country.,0.6,0.4,0.2,0.8,"The post expresses a strong sense of national pride and confidence in Turkey's victory, which does not align with surprise-related emotions. There is no indication of confusion, curiosity, realization, or surprise. The post is straightforward in its expression of support and expectation of victory, leaving little room for ambiguity or surprise-related emotions.","The post is a clear expression of national pride and confidence in Turkey's victory, with no elements of surprise-related emotions such as confusion, curiosity, realization, or surprise. The sentiment is straightforward and assertive, focusing on support for the country rather than any unexpected or uncertain elements.",0.39999999999999997,0.39999999999999997
187,And how she can’t cry bc of her “expensive lashes.” 🤦🏼‍♀️,1.0,0.0,0.2,0.8,"The post seems to express a sense of disbelief or mild amusement at the situation where someone cannot cry due to having expensive lashes. The use of the facepalm emoji (🤦🏼‍♀️) suggests a reaction of exasperation or disbelief rather than surprise. There is no strong indication of confusion, curiosity, realization, or surprise in the traditional sense. Therefore, it is likely that a smaller percentage of annotators would classify this as exhibiting surprise-related emotions.","The post comments on a situation where someone cannot cry because of their expensive lashes, accompanied by a facepalm emoji. This suggests a reaction of disbelief or mild amusement rather than surprise. The post does not strongly convey confusion, curiosity, realization, or surprise, leading to the prediction that a smaller percentage of annotators would classify it as exhibiting surprise-related emotions.",0.8,0.8000000000000002
188,Did you guys personally pay someone for the banner? Because that's incredible.,0.6,0.4,0.8,0.2,"The post expresses a sense of astonishment and admiration, which are closely related to surprise. The use of 'incredible' suggests that the speaker is surprised by the quality or existence of the banner, indicating a realization of its impressiveness. This aligns with the aspect of surprise-related emotions, particularly surprise and realization.","The post conveys a strong sense of surprise and admiration, as indicated by the word 'incredible.' The question about personally paying for the banner suggests an unexpected level of quality or effort that the speaker did not anticipate. This aligns with the aspects of surprise and realization, leading to a higher likelihood of annotators perceiving surprise-related emotions.",0.20000000000000007,0.10000000000000006
189,[NAME] black?,0.8,0.19999999999999996,0.8,0.2,"The post 'Is [NAME] black?' suggests a sense of curiosity and possibly surprise or realization about the identity of a person. The question format indicates a desire to know or confirm information, which aligns with curiosity and realization aspects of surprise-related emotions. The brevity and directness of the question may lead many annotators to perceive it as expressing surprise-related emotions, particularly curiosity.","The post 'Is [NAME] black?' suggests a sense of curiosity and possibly surprise or realization about the identity of a person. The question format indicates a desire to know or confirm information, which aligns with curiosity and realization aspects of surprise-related emotions. The brevity and directness of the question may lead many annotators to perceive it as expressing surprise-related emotions, particularly curiosity.",0.0,0.0
190,#BHAW!,0.4,0.6,0.0,1.0,"The post '#BHAW!' is a hashtag that does not provide any context or content that can be directly associated with surprise-related emotions such as confusion, curiosity, realization, or surprise. It is ambiguous and lacks any clear emotional expression, making it unlikely for annotators to classify it as exhibiting surprise-related emotions.","The post '#BHAW!' is a hashtag that does not provide any context or content that can be directly associated with surprise-related emotions such as confusion, curiosity, realization, or surprise. It is ambiguous and lacks any clear emotional expression, making it unlikely for annotators to classify it as exhibiting surprise-related emotions. Therefore, the predicted percentages of annotators who classify the post as exhibiting surprise-related emotions versus those who do not are [0.0, 1.0].",0.4,0.2666666666666667
191,I'll take just being able to have the Wellington ending in season 4. Atm you cant even get the scar in season 4.,0.8,0.19999999999999996,0.6,0.4,"The post expresses a sense of confusion and realization regarding the inability to achieve a specific outcome in a game or show (Wellington ending in season 4). The mention of not being able to get the scar suggests a realization of an unexpected limitation or change, which can be surprising to the poster. This combination of confusion and realization indicates that a significant portion of annotators might perceive surprise-related emotions in the post.","The post discusses a specific outcome in a game or show that the poster is unable to achieve, which suggests a realization of an unexpected limitation. The mention of not being able to get the scar adds to the sense of confusion or surprise about the situation. This indicates that the post likely conveys surprise-related emotions to a moderate extent.",0.20000000000000007,0.10000000000000006
192,What the fuck I thought it was normal to pee before taking a shower and like not pee in the shower Especially if it’s a shared shower ew,0.0,1.0,0.8,0.2,"The post expresses a strong sense of surprise and confusion about the behavior of peeing in the shower, especially in a shared one. The use of 'What the fuck' indicates astonishment, and the phrase 'I thought it was normal' suggests a realization that their assumption might not be universally shared. The post clearly conveys surprise-related emotions, particularly confusion and realization.","The post expresses surprise and confusion about the behavior of peeing in the shower, especially in a shared one. The use of 'What the fuck' indicates astonishment, and the phrase 'I thought it was normal' suggests a realization that their assumption might not be universally shared. The post clearly conveys surprise-related emotions, particularly confusion and realization.",0.8,0.8000000000000002
193,Did I just get called [NAME]? Achievement Unlocked!,0.6,0.4,0.8,0.2,"The post expresses a sense of surprise and realization. The phrase 'Did I just get called [NAME]?' suggests an unexpected event or recognition, which aligns with the feeling of surprise. The term 'Achievement Unlocked!' further indicates a realization or acknowledgment of something unexpected happening, reinforcing the surprise-related emotion. The post is clear in conveying these aspects, leading to a higher likelihood of annotators classifying it as exhibiting surprise-related emotions.","The post 'Did I just get called [NAME]? Achievement Unlocked!' conveys surprise and realization. The unexpected nature of being called a certain name and the subsequent acknowledgment of it as an 'achievement' suggests a strong element of surprise. Therefore, it is likely that a significant portion of annotators would classify this post as exhibiting surprise-related emotions.",0.20000000000000007,0.10000000000000006
194,So hit Seek and Indeed.,1.0,0.0,0.2,0.8,"The post 'So hit Seek and Indeed.' is a straightforward suggestion to use job search platforms. It lacks any explicit expression of surprise-related emotions such as confusion, curiosity, realization, or surprise. The statement is clear and directive, without any indication of uncertainty or astonishment. Therefore, it is likely that a small percentage of annotators might perceive some underlying curiosity or realization about job searching, but the majority would not classify it as exhibiting surprise-related emotions.","The post 'So hit Seek and Indeed.' is a straightforward suggestion to use job search platforms. It lacks any explicit expression of surprise-related emotions such as confusion, curiosity, realization, or surprise. The statement is clear and directive, without any indication of uncertainty or astonishment. Therefore, it is likely that a small percentage of annotators might perceive some underlying curiosity or realization about job searching, but the majority would not classify it as exhibiting surprise-related emotions.",0.8,0.8000000000000002
195,that’s beautiful. are you sure it’s only twelve feet though? it seems much taller,0.8,0.19999999999999996,0.8,0.2,"The post expresses a sense of surprise and realization. The speaker is questioning the height of something that appears taller than expected, indicating astonishment or being startled by the unexpected height. This aligns with the aspect of surprise-related emotions, particularly surprise and realization.","The post 'that’s beautiful. are you sure it’s only twelve feet though? it seems much taller' conveys surprise-related emotions. The speaker is expressing doubt and surprise about the height of something, suggesting it seems taller than stated. This indicates a realization or surprise, which are key aspects of surprise-related emotions. Therefore, a higher percentage of annotators are likely to classify this post as exhibiting surprise-related emotions.",0.0,0.0
196,You have to spit into a plastic vial. It would take some decent effort to pull that off.,0.6,0.4,0.6,0.4,"The post describes an action that might be perceived as surprising due to the effort required to spit into a plastic vial. This could evoke a sense of realization about the difficulty of the task, and possibly confusion or curiosity about why such an effort is needed. The post's content is somewhat ambiguous, as it doesn't explicitly state surprise, but the context implies a realization or unexpected difficulty.","The post suggests a task that seems unexpectedly challenging, which can lead to a realization or surprise about the effort involved. This aligns with surprise-related emotions, particularly realization and possibly confusion. Therefore, a higher percentage of annotators might classify it as exhibiting surprise-related emotions.",0.0,0.0
197,I believe that the heart does go on,0.4,0.6,0.0,1.0,"The post expresses a belief or sentiment that is not directly related to surprise-related emotions. It does not convey confusion, curiosity, realization, or surprise. Instead, it seems to reflect a sense of conviction or emotional expression, likely related to love or perseverance, which are not aspects of surprise-related emotions.","The post 'I believe that the heart does go on' does not exhibit any of the aspects of surprise-related emotions such as confusion, curiosity, realization, or surprise. It is more of a statement of belief or emotional sentiment, likely related to themes of love or perseverance. Therefore, it is predicted that 0% of annotators would classify it as exhibiting surprise-related emotions, while 100% would not.",0.4,0.2666666666666667
198,"Gettysburg is awesome, I've been twice. I want to go back as an adult! Have fun!",0.2,0.8,0.0,1.0,"The post expresses enthusiasm and a positive sentiment towards visiting Gettysburg, with no indication of surprise-related emotions such as confusion, curiosity, realization, or surprise. The desire to return as an adult suggests a fondness for the place rather than an unexpected or startling realization.","The post is straightforward in expressing enjoyment and anticipation, lacking elements of surprise-related emotions.",0.2,0.05000000000000001
199,"Emergency vehicle, lights on, no siren?",0.8,0.19999999999999996,0.6,0.4,"The post 'Emergency vehicle, lights on, no siren?' suggests a sense of confusion or curiosity about the situation. The lack of a siren despite the lights being on is unexpected and could lead to questions about the reason behind this behavior. This aligns with the aspects of surprise-related emotions, particularly confusion and curiosity. Therefore, a significant portion of annotators might classify this post as exhibiting surprise-related emotions.","The post 'Emergency vehicle, lights on, no siren?' suggests a sense of confusion or curiosity about the situation. The lack of a siren despite the lights being on is unexpected and could lead to questions about the reason behind this behavior. This aligns with the aspects of surprise-related emotions, particularly confusion and curiosity. Therefore, a significant portion of annotators might classify this post as exhibiting surprise-related emotions.",0.20000000000000007,0.10000000000000006
200,I don't think that's true. Every major story I remember from the [NAME] investigation has been from court documents.,0.2,0.8,0.4,0.6,"The post expresses a sense of realization or clarification regarding the source of major stories from the investigation, which could be seen as a surprise-related emotion. However, the tone is more factual and assertive rather than expressing confusion or astonishment. Therefore, a moderate percentage of annotators might perceive it as exhibiting surprise-related emotions, but the majority likely will not.","The post discusses the source of major stories from an investigation, suggesting a realization or clarification. This could be interpreted as a surprise-related emotion, but the overall tone is factual and assertive, not strongly conveying confusion or astonishment. Thus, the prediction is that 40% of annotators might classify it as exhibiting surprise-related emotions, while 60% would not.",0.2,0.10000000000000003
201,"Lol, the delusion is strong.",0.2,0.8,0.6,0.4,"The post 'Lol, the delusion is strong.' suggests a sense of surprise or disbelief at someone's perceived delusion. The use of 'Lol' indicates a light-hearted or mocking tone, which can be associated with surprise or astonishment at the situation. The phrase 'the delusion is strong' implies a realization or recognition of something unexpected or absurd. Therefore, a significant portion of annotators might perceive this as expressing surprise-related emotions, particularly realization and surprise.","The post 'Lol, the delusion is strong.' suggests a sense of surprise or disbelief at someone's perceived delusion. The use of 'Lol' indicates a light-hearted or mocking tone, which can be associated with surprise or astonishment at the situation. The phrase 'the delusion is strong' implies a realization or recognition of something unexpected or absurd. Therefore, a significant portion of annotators might perceive this as expressing surprise-related emotions, particularly realization and surprise. [0.6, 0.4]",0.39999999999999997,0.39999999999999997
202,No no forms or anything. I was pleading with them not to go and it seemed surreal that I was being forced to go,0.0,1.0,0.8,0.2,"The post expresses a strong sense of confusion and disbelief, which are key aspects of surprise-related emotions. The use of 'pleading' and 'surreal' indicates a lack of understanding and astonishment at the situation, suggesting that a significant portion of annotators would classify this as exhibiting surprise-related emotions.","The post conveys a strong sense of confusion and disbelief, as the speaker is pleading and finds the situation surreal. This aligns with the aspects of surprise-related emotions, particularly confusion and surprise. Therefore, a high percentage of annotators are likely to classify it as such.",0.8,0.8000000000000002
203,"I agree. Girls digg when you take the lead on this, Just be upfront.",0.2,0.8,0.0,1.0,"The post expresses agreement and provides advice on taking the lead and being upfront, which does not inherently convey any surprise-related emotions such as confusion, curiosity, realization, or surprise. The content is straightforward and lacks ambiguity, focusing on a clear opinion and suggestion rather than an unexpected or startling revelation.","The post is straightforward and lacks elements of surprise-related emotions. It is an expression of agreement and advice, which does not involve confusion, curiosity, realization, or surprise. Therefore, it is likely that none of the annotators would classify it as exhibiting surprise-related emotions.",0.2,0.05000000000000001
204,Why dont you go complaint about USA 75% deforestation?,0.8,0.19999999999999996,0.4,0.6,"The post seems to express a sense of confusion or disbelief about the focus of complaints, suggesting that the issue of deforestation in the USA is being overlooked. This could indicate a realization or surprise about the priorities of complaints. However, the post is more accusatory and rhetorical, which might not strongly convey surprise-related emotions to all annotators.","The post questions the focus of complaints, implying that there is a more significant issue being ignored. This can be seen as expressing confusion or realization about the situation, which are aspects of surprise-related emotions. However, the accusatory tone might lead some annotators to not perceive it as strongly related to surprise.",0.4,0.4000000000000001
205,"In doing so, they gave humanity a cinematic treasure for the ages. ",0.2,0.8,0.0,1.0,"The post expresses admiration and appreciation for a cinematic work, which does not inherently convey any surprise-related emotions such as confusion, curiosity, realization, or surprise. The statement is clear and lacks any indication of being startled or astonished by something unexpected.","The post is a straightforward expression of admiration for a cinematic work, indicating that it is considered a 'treasure for the ages.' There is no element of surprise or unexpectedness in the statement, nor does it express confusion, curiosity, or realization. Therefore, it is unlikely that annotators would classify this post as exhibiting surprise-related emotions.",0.2,0.05000000000000001
206,Pls provide a timestamp to their antimigration chants and bravado lol,0.6,0.4,0.6,0.4,"The post expresses a sense of confusion or curiosity about the timing of 'antimigration chants and bravado,' indicated by the request for a timestamp. The use of 'lol' suggests a light-hearted or sarcastic tone, which may imply surprise or disbelief at the situation being referenced. This combination of confusion and surprise-related emotions likely leads to a moderate percentage of annotators perceiving surprise-related emotions in the post.","The post asks for a timestamp, indicating a desire for clarification or understanding, which aligns with confusion or curiosity. The 'lol' at the end adds a layer of surprise or disbelief, suggesting that the poster finds the situation unexpected or amusing. This mix of emotions suggests that a significant portion of annotators might see surprise-related emotions, but not overwhelmingly so.",0.0,0.0
207,Hahaha years of being a nets fan makes me only look for reasons we wont win.,0.4,0.6,0.6,0.4,"The post expresses a sense of realization and perhaps a bit of surprise at the habitual pessimism developed over years of being a fan of a team that presumably doesn't win often. The laughter ('Hahaha') suggests a light-hearted acknowledgment of this realization, which can be associated with surprise-related emotions. However, the post is not strongly indicative of confusion or curiosity, and the surprise is more of a subtle realization rather than a strong feeling of astonishment. Therefore, a moderate percentage of annotators might classify this as exhibiting surprise-related emotions.","The post reflects a realization about the speaker's own behavior as a fan, which is a subtle form of surprise-related emotion. The laughter indicates a light-hearted acknowledgment of this realization. However, the post does not strongly convey confusion or curiosity, and the surprise is not intense. Thus, a moderate percentage of annotators might see it as surprise-related.",0.19999999999999996,0.19999999999999996
208,That's the best treasure I could every hope to find,0.2,0.8,0.0,1.0,"The post expresses a positive sentiment and satisfaction with finding a treasure, which does not inherently convey surprise-related emotions such as confusion, curiosity, realization, or surprise. The statement is clear and lacks any indication of unexpectedness or astonishment, suggesting that annotators are unlikely to classify it as exhibiting surprise-related emotions.","The post 'That's the best treasure I could every hope to find' is straightforward in expressing contentment and satisfaction. There is no element of surprise or unexpectedness in the statement, as it reflects a positive outcome that the speaker hoped for. Therefore, it is predicted that 0% of annotators would classify this post as exhibiting surprise-related emotions, while 100% would not.",0.2,0.05000000000000001
209,Yeah but being happy at other misfortune is sowing bad karma for yourself.,0.2,0.8,0.2,0.8,"The post expresses a moral viewpoint about the consequences of being happy at others' misfortune, which is not directly related to surprise-related emotions. There is no clear indication of confusion, curiosity, realization, or surprise. The focus is more on a philosophical or ethical stance rather than an emotional reaction to an unexpected event.","The post discusses the concept of karma and the implications of feeling happy about others' misfortune. It does not convey any of the surprise-related emotions such as confusion, curiosity, realization, or surprise. The content is more about a moral or ethical perspective, which is why the percentage of annotators who classify it as exhibiting surprise-related emotions is likely low.",0.0,0.0
210,Are you being stalked by anti-vaxxers? I’m so sorry that sucks so much,0.6,0.4,0.4,0.6,"The post expresses a sense of concern and sympathy, which could be linked to surprise-related emotions like confusion or realization about the situation of being stalked by anti-vaxxers. However, the primary emotion conveyed is empathy rather than surprise. The mention of 'that sucks so much' indicates an understanding of the situation's negativity rather than a surprise. Therefore, a moderate percentage of annotators might see surprise-related emotions, but the majority would likely not.","The post expresses concern and sympathy, which might be linked to surprise-related emotions like confusion or realization about the situation of being stalked by anti-vaxxers. However, the primary emotion conveyed is empathy rather than surprise. The mention of 'that sucks so much' indicates an understanding of the situation's negativity rather than a surprise. Therefore, a moderate percentage of annotators might see surprise-related emotions, but the majority would likely not.",0.19999999999999996,0.19999999999999996
211,Oh fuck I almost forgot to jerk off and smoke weed today. I'm so forgetful. Appreciate the reminder.,0.0,1.0,0.6,0.4,"The post expresses a realization of having almost forgotten to perform certain activities, which aligns with the aspect of realization in surprise-related emotions. The use of 'Oh fuck' suggests a sudden awareness or surprise at the forgetfulness. However, the overall tone is casual and humorous, which might lead some annotators to not strongly associate it with surprise-related emotions.","The post conveys a sense of realization and mild surprise at the forgetfulness, which are aspects of surprise-related emotions. The casual and humorous tone might lead to a moderate percentage of annotators identifying it as such.",0.6,0.6
212,The power dynamics argument is one of the most ridiculous arguments ever - unless it’s someone who has a *direct* influence on your life or outcomes.,0.0,1.0,0.4,0.6,"The post expresses a strong opinion about the power dynamics argument, suggesting a realization or understanding of its perceived flaws. However, it does not explicitly convey confusion, curiosity, or surprise. The realization aspect is present but not dominant enough to suggest a high level of surprise-related emotions. Therefore, a moderate percentage of annotators might classify it as exhibiting surprise-related emotions due to the realization aspect, but the majority may not see it as such.","The post critiques the power dynamics argument, implying a realization of its perceived absurdity unless it directly affects one's life. This realization could be seen as a surprise-related emotion, but the post lacks elements of confusion, curiosity, or explicit surprise. Thus, the prediction is that 40% of annotators might see it as exhibiting surprise-related emotions, while 60% might not.",0.4,0.2666666666666667
213,She represents window licking retards.,0.2,0.8,0.2,0.8,"The post uses derogatory language and does not clearly express any of the aspects of surprise-related emotions such as confusion, curiosity, realization, or surprise. The statement seems more like an insult rather than an expression of surprise-related emotions.","The post is offensive and derogatory, lacking any clear indication of surprise-related emotions. It does not convey confusion, curiosity, realization, or surprise, which are key aspects of surprise-related emotions. Therefore, it is likely that a small percentage of annotators would classify it as exhibiting surprise-related emotions.",0.0,0.0
214,Obviously excluding shotguns..,0.5,0.5,0.2,0.8,"The post 'Obviously excluding shotguns..' is quite ambiguous and lacks context, making it difficult to clearly identify any surprise-related emotions. There is no clear indication of confusion, curiosity, realization, or surprise. The statement seems more like a clarification or specification rather than an expression of surprise-related emotions. Therefore, it is likely that a small percentage of annotators might perceive some element of surprise due to the lack of context, but the majority would not classify it as such.","The post 'Obviously excluding shotguns..' does not provide enough context to clearly convey surprise-related emotions. It seems to be a statement that clarifies or specifies something, which does not inherently involve confusion, curiosity, realization, or surprise. As a result, it is predicted that only a small percentage of annotators might see it as exhibiting surprise-related emotions, while the majority would not.",0.3,0.3
215,Curse your sudden but inevitable betrayal!,0.4,0.6,0.8,0.2,"The post 'Curse your sudden but inevitable betrayal!' expresses a strong element of surprise and realization. The phrase 'sudden but inevitable' suggests an unexpected event that was, in hindsight, predictable, which aligns with the feeling of surprise and realization. The use of 'curse' also indicates an emotional reaction to this unexpected event, further supporting the presence of surprise-related emotions. Therefore, a significant portion of annotators are likely to classify this post as exhibiting surprise-related emotions.",The post 'Curse your sudden but inevitable betrayal!' is likely to be classified by a majority of annotators as exhibiting surprise-related emotions due to its expression of surprise and realization.,0.4,0.4000000000000001
216,"Cool so you saw something already posted, didn't want to believe and did it yourself to post it all again?",0.5,0.5,0.6,0.4,"The post expresses a sense of confusion and surprise at someone repeating an action that was already done, suggesting a lack of understanding of why the person would do it again. This indicates a moderate level of surprise-related emotions, particularly confusion and realization.","The post questions the rationale behind repeating an action that was already done, which suggests confusion and surprise. The tone implies that the poster is puzzled by the redundancy of the action, which aligns with surprise-related emotions.",0.09999999999999998,0.09999999999999998
217,These things are so cool.,0.0,1.0,0.0,1.0,"The post expresses a positive sentiment towards 'these things' being 'cool,' which does not inherently convey any surprise-related emotions such as confusion, curiosity, realization, or surprise. The statement is straightforward and lacks any indication of astonishment or unexpectedness.","The post 'These things are so cool.' does not exhibit any elements of surprise-related emotions. It is a simple expression of admiration or approval, without any indication of confusion, curiosity, realization, or surprise. Therefore, it is likely that 0% of annotators would classify it as exhibiting surprise-related emotions, while 100% would not.",0.0,0.0
218,Tell him he should get a divorce.,0.4,0.6,0.4,0.6,"The post suggests a direct action (getting a divorce) which could imply a realization or a surprising conclusion about a relationship. However, the post lacks explicit emotional cues such as confusion, curiosity, or astonishment. The suggestion of divorce might be surprising to some, but without additional context, it is not strongly indicative of surprise-related emotions. Therefore, a moderate percentage of annotators might see it as surprise-related due to the potential realization aspect, but the majority may not.","The post 'Tell him he should get a divorce.' suggests a decisive action that could be based on a realization about the state of a relationship. While this could be surprising to some, the post itself does not explicitly convey emotions of confusion, curiosity, or astonishment. The lack of emotional context or elaboration makes it less likely to be classified as surprise-related by most annotators. Thus, the prediction is that 40% of annotators might classify it as exhibiting surprise-related emotions, while 60% would not.",0.0,0.0
219,My son and I both enjoy taking pictures. It gives us pleasure. Part of the fun for us on vacation is taking pictures of new things.,0.0,1.0,0.0,1.0,"The post expresses enjoyment and pleasure in taking pictures, particularly during vacations. There is no indication of confusion, curiosity, realization, or surprise. The content is straightforward and focuses on the positive experience of photography, which does not align with surprise-related emotions.","The post is about the enjoyment of taking pictures and does not convey any surprise-related emotions. It is clear and unambiguous in its expression of pleasure and fun, without any elements of confusion, curiosity, realization, or surprise.",0.0,0.0
220,Do you have the link to that ? I would love to hear the story from him,0.8,0.19999999999999996,0.8,0.2,"The post expresses a strong desire to know or learn something, which aligns with the aspect of curiosity, a key component of surprise-related emotions. The request for a link and the eagerness to hear the story suggest that the poster is intrigued and curious about the content, indicating a high likelihood of surprise-related emotions being present.","The post shows a clear expression of curiosity, as the user is asking for a link to hear a story. This curiosity is a strong indicator of surprise-related emotions, as it involves a desire to learn more about something that has piqued the user's interest. Therefore, a significant percentage of annotators are likely to classify this post as exhibiting surprise-related emotions.",0.0,0.0
221,I mean all of those countries were doing really well before the US stepped anywhere near them... Press X to doubt,0.4,0.6,0.6,0.4,"The post expresses skepticism and doubt about the positive impact of the US on other countries, which aligns with the aspect of confusion or realization. The phrase 'Press X to doubt' suggests a realization or acknowledgment of a discrepancy between perceived and actual outcomes, which can be surprising. However, the post does not strongly convey astonishment or curiosity, leading to a moderate percentage of annotators perceiving surprise-related emotions.","The post suggests a realization or acknowledgment of a discrepancy between perceived and actual outcomes, which can be surprising. The phrase 'Press X to doubt' indicates skepticism, aligning with confusion or realization. However, it lacks strong elements of astonishment or curiosity, leading to a moderate percentage of annotators perceiving surprise-related emotions.",0.19999999999999996,0.19999999999999996
222,"Quite superpower you got there, op. Reminds me of [NAME] in Unbreakable. U beautiful person!",0.2,0.8,0.2,0.8,"The post contains a compliment and a reference to a character from a movie, which suggests admiration rather than surprise. There is no clear indication of confusion, curiosity, realization, or surprise. The tone is more appreciative and positive, focusing on the qualities of the person being addressed rather than expressing any surprise-related emotions.","The post is more about admiration and appreciation, with a reference to a movie character to emphasize the compliment. There is no explicit expression of surprise-related emotions such as confusion, curiosity, realization, or surprise. Therefore, a small percentage of annotators might perceive a slight element of surprise due to the unexpected nature of the compliment, but the majority would not classify it as surprise-related.",0.0,0.0
223,I had the biggest smile!,0.2,0.8,0.0,1.0,"The post 'I had the biggest smile!' does not convey any aspects of surprise-related emotions such as confusion, curiosity, realization, or surprise. It simply expresses a positive emotion, likely happiness or joy, without any indication of being startled or astonished by something unexpected. Therefore, it is unlikely that annotators would classify this post as exhibiting surprise-related emotions.","The post 'I had the biggest smile!' is straightforward and expresses a positive emotion, likely happiness or joy. There is no indication of confusion, curiosity, realization, or surprise, which are the aspects of surprise-related emotions. As such, it is unlikely that annotators would classify this post as exhibiting surprise-related emotions. The prediction is that 0% of annotators would classify it as surprise-related, while 100% would not.",0.2,0.05000000000000001
224,Sticking a road in the middle of someone's land just to satisfy your OCD seems pretty cruel.,0.5,0.5,0.4,0.6,"The post expresses a sense of confusion or disbelief at the action of placing a road in the middle of someone's land, which is described as 'cruel.' This suggests a realization of the impact of such an action, and possibly a surprise at the perceived insensitivity or irrationality of the decision. However, the post does not strongly convey emotions like astonishment or being startled, which are more directly associated with surprise. Therefore, while there is some element of surprise-related emotion, it is not dominant.","The post discusses the action of placing a road in the middle of someone's land, which is described as 'cruel.' This indicates a realization of the impact of such an action and possibly a surprise at the perceived insensitivity or irrationality of the decision. However, the post does not strongly convey emotions like astonishment or being startled, which are more directly associated with surprise. Therefore, while there is some element of surprise-related emotion, it is not dominant. The percentages of annotators who classify the post as exhibiting surprise-related emotions versus those who do not are [0.4, 0.6].",0.09999999999999998,0.09999999999999998
225,"It's a Mercedes. Take it in for an oil change, and it's an enormous bill.",0.6,0.4,0.6,0.4,"The post expresses a sense of surprise and realization about the high cost of maintaining a Mercedes, particularly when it comes to something as routine as an oil change. The use of 'enormous bill' suggests an unexpected financial burden, which aligns with the aspect of surprise. However, the post is also somewhat matter-of-fact, which might lead some annotators to see it as a simple statement rather than an expression of surprise-related emotions.","The post highlights the unexpected cost associated with a routine car maintenance task, which can be surprising to the owner. The mention of 'enormous bill' implies a realization of the high expenses involved, which is a surprise-related emotion. However, the post could also be interpreted as a straightforward comment on the known high costs of luxury car maintenance, which might not be surprising to everyone. Therefore, a significant portion of annotators might not classify it as surprise-related.",0.0,0.0
226,"Well, you know what they say..... ....I can't think of any witty comment to say about that.",0.4,0.6,0.6,0.4,"The post expresses a sense of confusion or uncertainty, as the author is unable to come up with a witty comment. This indicates a lack of understanding or realization, which are aspects of surprise-related emotions. The ellipses suggest a pause or hesitation, further emphasizing the confusion or uncertainty.","The post shows a clear element of confusion or uncertainty, as the author is unable to think of a witty comment. This aligns with the aspect of confusion in surprise-related emotions. The use of ellipses suggests a pause or hesitation, reinforcing the sense of uncertainty. Therefore, a significant portion of annotators might classify this as exhibiting surprise-related emotions, but not overwhelmingly so, as the post is somewhat light-hearted and not strongly emotional.",0.19999999999999996,0.19999999999999996
227,"Ah didn’t know what that term meant. Got bored with all the party terminology. But yes, I guess I am. ",0.6,0.4,0.6,0.4,"The post expresses a realization ('Ah didn’t know what that term meant') and a sense of confusion or lack of understanding about party terminology. The phrase 'Got bored with all the party terminology' suggests a lack of interest, which might not directly relate to surprise but indicates a shift in understanding. The final part, 'But yes, I guess I am,' shows a realization or acceptance of a new understanding. These elements suggest that a significant portion of annotators might perceive surprise-related emotions, particularly realization and confusion.","The post contains elements of realization and confusion, as the author acknowledges not knowing a term and then comes to a realization about their identity or stance. The mention of boredom with terminology adds a layer of disinterest, but the key surprise-related emotions here are realization and confusion. Therefore, a higher percentage of annotators might classify this post as exhibiting surprise-related emotions.",0.0,0.0
228,Looking cool [NAME],0.2,0.8,0.0,1.0,"The post 'Looking cool [NAME]' is a straightforward compliment and does not express any of the aspects of surprise-related emotions such as confusion, curiosity, realization, or surprise. It is a simple statement of admiration or approval, which is clear and unambiguous in its intent.","The post 'Looking cool [NAME]' is a straightforward compliment and does not express any of the aspects of surprise-related emotions such as confusion, curiosity, realization, or surprise. It is a simple statement of admiration or approval, which is clear and unambiguous in its intent. Therefore, it is predicted that 0% of annotators would classify it as exhibiting surprise-related emotions, while 100% would not.",0.2,0.05000000000000001
229,If New Jersey are going to win it in the winter they better get something done quickly..,0.6,0.4,0.6,0.4,"The post expresses a sense of urgency and a realization that action is needed quickly for New Jersey to win in the winter. This urgency and realization can be associated with surprise-related emotions, as there is an implicit understanding that time is running out, which can be surprising or startling. However, the post does not explicitly express confusion or curiosity, and the surprise element is subtle, leading to a moderate percentage of annotators likely classifying it as surprise-related.","The post suggests a realization that New Jersey needs to act quickly to win in the winter, which can be associated with surprise-related emotions due to the urgency and implicit understanding of limited time. However, the lack of explicit confusion or curiosity makes the surprise element less pronounced.",0.0,0.0
230,"> bad ass-friend *** ^(Bleep-bloop, I'm a bot. This comment was inspired by )^xkcd#37",0.4,0.6,0.0,1.0,"The post is a simple statement that does not convey any clear elements of surprise-related emotions such as confusion, curiosity, realization, or surprise. It appears to be a straightforward comment without any indication of astonishment or unexpectedness.","The post 'bad ass-friend *** ^(Bleep-bloop, I'm a bot. This comment was inspired by )^xkcd#37' does not exhibit any clear signs of surprise-related emotions. It seems to be a neutral or humorous statement, possibly referencing a comic or meme, without any elements of confusion, curiosity, realization, or surprise. Therefore, it is likely that 0% of annotators would classify it as exhibiting surprise-related emotions, while 100% would not.",0.4,0.2666666666666667
231,"That’s exactly what it says on the menu, don’t see what’s wrong here.",0.5,0.5,0.2,0.8,"The post expresses a straightforward statement about the menu, indicating no confusion, curiosity, realization, or surprise. The author seems to be pointing out the obviousness of the situation, suggesting that they do not find anything unexpected or surprising about it. Therefore, it is likely that a small percentage of annotators might perceive a hint of surprise-related emotion, but the majority would not.","The post is a direct statement about the menu, suggesting that the author does not see any issue or surprise in what is written. This indicates a lack of surprise-related emotions such as confusion or realization. The post is clear and unambiguous, leading to the prediction that most annotators would not classify it as exhibiting surprise-related emotions.",0.3,0.3
232,> YOU DONT GET (ALL OF THE) MONEY IF YOU DONT SPECTATE UNTIL THE END OF GUN RUSH,0.8,0.19999999999999996,0.6,0.4,"The post is written in all caps, which often indicates a strong emotion such as surprise or urgency. The content suggests a realization or a rule that might not be immediately obvious to everyone, which can lead to surprise or confusion among those who were unaware. The emphasis on 'ALL OF THE' and the condition of spectating until the end implies a discovery or realization that could be surprising to some. Therefore, a significant portion of annotators might classify this as exhibiting surprise-related emotions, particularly realization and confusion.","The post's use of all caps and emphasis on a specific condition for receiving money suggests a realization or rule that might not be obvious, leading to surprise or confusion.",0.20000000000000007,0.10000000000000006
233,happy cake day.,0.2,0.8,0.0,1.0,"The post 'happy cake day' is a straightforward expression of a positive sentiment, likely a congratulatory or celebratory message. It does not convey any elements of surprise-related emotions such as confusion, curiosity, realization, or surprise. The message is clear and lacks ambiguity, focusing solely on a positive greeting.","The post 'happy cake day' is a straightforward expression of a positive sentiment, likely a congratulatory or celebratory message. It does not convey any elements of surprise-related emotions such as confusion, curiosity, realization, or surprise. The message is clear and lacks ambiguity, focusing solely on a positive greeting. Therefore, the percentage of annotators who classify the post as exhibiting surprise-related emotions is likely to be 0.0, while those who do not is 1.0.",0.2,0.05000000000000001
234,"And it’s being posted by a person who apparently has an MD, PhD, and MBA. One would hope they knew better",0.4,0.6,0.6,0.4,"The post expresses a sense of surprise and perhaps disbelief that someone with such high qualifications (MD, PhD, MBA) would post something questionable. This indicates a realization or astonishment that someone expected to be knowledgeable or wise is not meeting those expectations. The surprise-related emotion is primarily driven by the unexpected nature of the situation, which is why a significant portion of annotators might classify it as such.","The post highlights an unexpected behavior from someone with high qualifications, suggesting surprise or disbelief. This aligns with the aspect of realization or astonishment, leading to a prediction that 60% of annotators would classify it as exhibiting surprise-related emotions, while 40% would not.",0.19999999999999996,0.19999999999999996
235,There is also no dog in the white house. Why? Because dogs can smell an asshole a mile away.,0.2,0.8,0.6,0.4,"The post uses humor to imply a realization or understanding about why there is no dog in the White House, suggesting that dogs can detect unpleasant people. This realization aspect contributes to the surprise-related emotions. However, the post is also a humorous critique, which might not be seen as surprising by all annotators, leading to a moderate percentage of surprise-related emotion classification.","The post humorously suggests a reason for the absence of a dog in the White House, implying that dogs can detect unpleasant people. This realization aspect contributes to surprise-related emotions, but the humorous critique might not be surprising to all, leading to a moderate percentage of surprise-related emotion classification.",0.39999999999999997,0.39999999999999997
236,You're too ugly to even bully,0.0,1.0,0.2,0.8,"The post 'You're too ugly to even bully' is a direct insult and does not clearly express any of the aspects of surprise-related emotions such as confusion, curiosity, realization, or surprise. It is more of a statement intended to hurt rather than to express any form of astonishment or realization. Therefore, it is likely that a small percentage of annotators might see a hint of surprise-related emotion in the form of a realization about the person's appearance, but the majority would not classify it as such.","The post is an insult and lacks elements of surprise-related emotions. It does not convey confusion, curiosity, realization, or surprise. The focus is on the insult rather than any emotional revelation or unexpected event.",0.2,0.05000000000000001
237,Don't think we should be stomping all over people's bodily autonomy just so public health authorities can declare victory.,0.6,0.4,0.6,0.4,"The post expresses a sense of confusion and realization regarding the actions of public health authorities and their impact on bodily autonomy. The phrase 'stomping all over people's bodily autonomy' suggests a realization of the perceived overreach by authorities, which can be surprising to some. Additionally, the post questions the justification of these actions, indicating a level of confusion about the motives behind them. This combination of confusion and realization aligns with surprise-related emotions, leading to a higher percentage of annotators likely classifying it as such.","The post expresses a sense of confusion and realization regarding the actions of public health authorities and their impact on bodily autonomy. The phrase 'stomping all over people's bodily autonomy' suggests a realization of the perceived overreach by authorities, which can be surprising to some. Additionally, the post questions the justification of these actions, indicating a level of confusion about the motives behind them. This combination of confusion and realization aligns with surprise-related emotions, leading to a higher percentage of annotators likely classifying it as such.",0.0,0.0
238,[NAME] is in no way comparable to [NAME]. [NAME] is an imbecile.,0.4,0.6,0.4,0.6,"The post expresses a strong opinion by comparing two individuals and labeling one as an 'imbecile.' This could indicate a realization or a strong belief, but it lacks elements of confusion, curiosity, or surprise. The post is more about expressing a judgment rather than exhibiting surprise-related emotions. Therefore, a minority of annotators might see a realization aspect, but most would not classify it as surprise-related.","The post is a comparison between two individuals, with a strong negative opinion about one of them. It lacks elements of surprise, confusion, or curiosity, focusing instead on a judgmental statement. This suggests that while there might be a slight realization aspect, the post is not primarily about surprise-related emotions.",0.0,0.0
239,that is the most obnoxious chant ever the chiefs do it too,0.2,0.8,0.2,0.8,"The post expresses a negative opinion about a chant, describing it as 'obnoxious.' There is no clear indication of surprise-related emotions such as confusion, curiosity, realization, or surprise. The statement is more of a straightforward critique rather than an expression of astonishment or unexpectedness.","The post does not convey surprise-related emotions. It is a critical statement about a chant, lacking elements of confusion, curiosity, realization, or surprise. Therefore, a small percentage of annotators might perceive some surprise-related emotion due to the strong negative reaction, but the majority would not.",0.0,0.0
240,So much effort for such terrible person!,0.2,0.8,0.6,0.4,"The post expresses a sense of surprise or disbelief at the amount of effort being expended for someone perceived as undeserving. This aligns with the aspect of surprise-related emotions, particularly surprise and realization, as the poster seems to be coming to terms with the perceived mismatch between effort and worthiness. However, the post does not strongly convey confusion or curiosity, which might limit the percentage of annotators who see it as surprise-related.","The post 'So much effort for such terrible person!' suggests a realization or surprise at the effort being put into someone deemed unworthy. This indicates a surprise-related emotion, but the lack of explicit confusion or curiosity might mean not all annotators see it as such. Therefore, a moderate percentage of annotators might classify it as exhibiting surprise-related emotions.",0.39999999999999997,0.39999999999999997
241,"Worth a try to report the bus number, the route and the time to PTV to see if he can get them back. Best of luck!",0.2,0.8,0.0,1.0,"The post is straightforward and offers a suggestion to report lost items to a transportation authority. It expresses a wish for good luck, but there is no indication of surprise, confusion, curiosity, or realization. The content is clear and lacks any elements that would typically be associated with surprise-related emotions.","The post suggests a practical action to recover lost items and wishes the person good luck. There is no expression of surprise or related emotions, as the post is more about providing advice and support.",0.2,0.05000000000000001
242,So unnecessary.,0.75,0.25,0.0,1.0,"The post 'So unnecessary.' is a straightforward expression of opinion without any clear indication of surprise-related emotions. It does not convey confusion, curiosity, realization, or surprise. The statement is more of a judgment or critique, lacking the elements that would suggest surprise-related emotions.","The post 'So unnecessary.' is a simple statement that does not exhibit any of the aspects of surprise-related emotions such as confusion, curiosity, realization, or surprise. It is a direct expression of opinion without any emotional complexity that would suggest surprise. Therefore, it is likely that 0% of annotators would classify it as exhibiting surprise-related emotions, while 100% would not.",0.75,0.75
243,I’ll never be able to unsee this.,0.4,0.6,0.8,0.2,"The post 'I’ll never be able to unsee this' suggests a strong element of surprise or realization. The phrase implies that the speaker has encountered something unexpected or shocking that has left a lasting impression. This aligns with the aspect of surprise-related emotions, particularly surprise and realization. The clarity of the expression indicates a high likelihood that annotators would classify it as exhibiting surprise-related emotions.","The post 'I’ll never be able to unsee this' suggests a strong element of surprise or realization. The phrase implies that the speaker has encountered something unexpected or shocking that has left a lasting impression. This aligns with the aspect of surprise-related emotions, particularly surprise and realization. The clarity of the expression indicates a high likelihood that annotators would classify it as exhibiting surprise-related emotions. Therefore, the predicted percentages are [0.8, 0.2].",0.4,0.4000000000000001
244,"Ranked #3 edge defender in the NFL, 25 years old, and makes our division rival weaker",0.8,0.19999999999999996,0.6,0.4,"The post expresses a sense of surprise and realization about the player's high ranking and young age, which could be unexpected for some. Additionally, the mention of making a division rival weaker suggests a strategic advantage that might not have been anticipated. These elements contribute to a moderate level of surprise-related emotions, particularly realization and surprise.","Ranked #3 edge defender in the NFL, 25 years old, and makes our division rival weaker | Percentages of annotators who classify the post as exhibiting surprise-related emotions versus those who do not: [0.6, 0.4]",0.20000000000000007,0.10000000000000006
245,I think I could watch an entire show with just these two all the time.,0.2,0.8,0.0,1.0,"The post expresses a positive sentiment and enjoyment towards watching a show with two specific characters. There is no indication of confusion, curiosity, realization, or surprise. The content is straightforward and lacks any elements that would suggest surprise-related emotions.","The post is clear in its expression of enjoyment and preference, without any elements of surprise-related emotions.",0.2,0.05000000000000001
246,Day 7 is tough... Not as tough as day 15 but tough,0.2,0.8,0.6,0.4,"The post expresses a sense of realization and comparison between different days, indicating an awareness of the challenges faced. The mention of 'Day 7' being tough but not as tough as 'Day 15' suggests a realization of the varying levels of difficulty, which can be associated with surprise-related emotions. However, the post does not strongly convey confusion, curiosity, or surprise, leading to a moderate percentage of annotators likely classifying it as exhibiting surprise-related emotions.","The post 'Day 7 is tough... Not as tough as day 15 but tough' suggests a realization of the challenges faced on different days. The comparison between Day 7 and Day 15 indicates an awareness of the varying levels of difficulty, which aligns with the aspect of realization in surprise-related emotions. However, the post does not strongly convey confusion, curiosity, or surprise, which are other aspects of surprise-related emotions. Therefore, it is likely that a moderate percentage of annotators would classify this post as exhibiting surprise-related emotions, while others may not see it as strongly related to surprise.",0.39999999999999997,0.39999999999999997
247,Wanna know how hard I hit it? I hit it into next week.,0.6,0.4,0.2,0.8,"The post uses a metaphorical expression to describe hitting something very hard, which could imply a sense of surprise or astonishment at the force used. However, the expression is more of a boastful statement rather than conveying genuine surprise-related emotions like confusion, curiosity, or realization. The post lacks clear indicators of surprise-related emotions, making it more likely that annotators would not classify it as such.","The post is a boastful statement about hitting something very hard, using a metaphorical expression. While it might imply a sense of surprise at the force, it doesn't clearly convey surprise-related emotions like confusion, curiosity, or realization. Therefore, it's likely that a smaller percentage of annotators would classify it as exhibiting surprise-related emotions.",0.39999999999999997,0.39999999999999997
248,Same - I feel like I stim a lot more - but I'm much more comfortable and less self-conscious about it.,0.8,0.19999999999999996,0.4,0.6,"The post expresses a realization and acceptance of one's behavior (stimming) and a change in self-consciousness. The mention of feeling more comfortable and less self-conscious suggests a realization aspect, which is related to surprise-related emotions. However, the post does not strongly convey confusion, curiosity, or surprise, which are other aspects of surprise-related emotions. Therefore, a moderate percentage of annotators might classify it as exhibiting surprise-related emotions due to the realization aspect, but the majority may not see it as strongly related to surprise.","The post discusses a personal change in behavior and self-perception, specifically regarding stimming. The realization of being more comfortable and less self-conscious is a key aspect of surprise-related emotions, but the post lacks elements of confusion, curiosity, or surprise. Thus, the prediction is that 40% of annotators might see it as related to surprise-related emotions, while 60% might not.",0.4,0.4000000000000001
249,"Wasn't implying that, just weird that a South African brand is so popular overseas all things considered.",0.4,0.6,0.6,0.4,"The post expresses a sense of surprise or curiosity about the popularity of a South African brand overseas. The use of 'weird' suggests an unexpected realization or astonishment, which aligns with surprise-related emotions. However, the post is not overtly emotional, and the surprise is mild, leading to a moderate percentage of annotators likely identifying it as surprise-related.","The post conveys a mild sense of surprise or curiosity about the popularity of a South African brand overseas. The word 'weird' indicates an unexpected realization or astonishment, which are aspects of surprise-related emotions. However, the overall tone is not strongly emotional, suggesting that while some annotators may perceive surprise, others may not, resulting in a moderate percentage of surprise-related classification.",0.19999999999999996,0.19999999999999996
250,> laughing me off. > can’t expect everyone to be current on every topic,0.2,0.8,0.6,0.4,"The post suggests a sense of realization and perhaps a mild surprise that not everyone is up-to-date on every topic. The phrase 'laughing me off' could imply a reaction to an unexpected situation where the speaker is not taken seriously, which can be surprising. However, the post also acknowledges the reality that not everyone can be current on every topic, which tempers the surprise with understanding. This mix of realization and mild surprise suggests that a moderate percentage of annotators might classify it as exhibiting surprise-related emotions.","The post 'laughing me off. can’t expect everyone to be current on every topic' conveys a sense of realization and mild surprise. The speaker seems to acknowledge the reality that not everyone can be up-to-date on every topic, which is a realization. The phrase 'laughing me off' suggests a reaction to an unexpected situation where the speaker is not taken seriously, which can be surprising. This combination of realization and mild surprise might lead to a moderate percentage of annotators classifying it as exhibiting surprise-related emotions. Therefore, the predicted percentages are [0.6, 0.4].",0.39999999999999997,0.39999999999999997
251,Waiting to see if a card expansion will make the game fun.,0.4,0.6,0.6,0.4,"The post expresses a sense of curiosity and anticipation about the potential impact of a card expansion on the game's enjoyment. The use of 'waiting to see' indicates a desire to learn or discover something new, which aligns with curiosity, a component of surprise-related emotions. However, the post does not strongly convey confusion, realization, or surprise, which might lead to a moderate percentage of annotators perceiving surprise-related emotions.","The post 'Waiting to see if a card expansion will make the game fun.' suggests curiosity about the outcome of a future event, which is a key aspect of surprise-related emotions. The anticipation of whether the game will become fun with the expansion indicates a desire to know or learn something new. This curiosity is a mild form of surprise-related emotion, leading to a prediction that a moderate percentage of annotators would classify it as such. However, the lack of strong elements of confusion, realization, or surprise might result in a significant portion of annotators not perceiving it as surprise-related.",0.19999999999999996,0.19999999999999996
252,"I mean just let it go and assume things aren’t going to work out. Drop it, so to speak.",0.2,0.8,0.4,0.6,"The post suggests a sense of resignation or acceptance that things may not work out, which could be associated with a realization. However, it lacks strong elements of surprise, confusion, or curiosity. The language used is more about letting go and moving on rather than expressing astonishment or uncertainty. Therefore, while there might be a slight realization aspect, the post does not strongly convey surprise-related emotions.","The post ""I mean just let it go and assume things aren’t going to work out. Drop it, so to speak."" suggests a sense of resignation or acceptance, which could be linked to a realization that things may not work out. However, it lacks strong elements of surprise, confusion, or curiosity. The language used is more about letting go and moving on rather than expressing astonishment or uncertainty. Therefore, while there might be a slight realization aspect, the post does not strongly convey surprise-related emotions. The predicted percentages are [0.4, 0.6].",0.2,0.10000000000000003
253,"Yep, it's all extremely frustrating.",0.0,1.0,0.0,1.0,"The post expresses frustration, which is not directly related to surprise-related emotions such as confusion, curiosity, realization, or surprise. The statement is clear in its expression of frustration without any indication of being startled, confused, or curious.","The post 'Yep, it's all extremely frustrating.' does not convey any of the surprise-related emotions. It is a straightforward expression of frustration, which is a distinct emotion from those related to surprise. Therefore, it is likely that none of the annotators would classify this post as exhibiting surprise-related emotions.",0.0,0.0
254,You are correct. But sometimes you might have a plan or you have to improvise. I’m glad it worked.,0.2,0.8,0.2,0.8,"The post acknowledges a situation where plans might not always go as expected, which could imply a realization or a mild surprise. However, the overall tone is more about acceptance and satisfaction that things worked out, rather than expressing strong surprise-related emotions. The post lacks explicit expressions of confusion, curiosity, or astonishment, making it more likely that annotators would not classify it as exhibiting surprise-related emotions.","The post reflects a sense of acceptance and satisfaction rather than strong surprise-related emotions. It acknowledges the need to improvise, which could imply a realization, but the overall tone is not one of surprise or confusion. Therefore, it is likely that a smaller percentage of annotators would classify it as exhibiting surprise-related emotions.",0.0,0.0
255,We’re playing the leafs. He’s gonna look bad no matter what,0.25,0.75,0.2,0.8,"The post expresses a resigned expectation that the subject will look bad regardless of the circumstances, which suggests a lack of surprise or astonishment. There is no clear indication of confusion, curiosity, or realization. The tone is more of acceptance rather than surprise-related emotions.","The post suggests a predetermined outcome, indicating a lack of surprise or astonishment. The speaker seems to have a resigned expectation that the subject will look bad, which does not align with surprise-related emotions. There is no evident confusion, curiosity, or realization in the statement. Therefore, the percentage of annotators who classify this post as exhibiting surprise-related emotions is likely low.",0.04999999999999999,0.004545454545454543
256,Are you being stupid again?,0.2,0.8,0.6,0.4,"The post 'Are you being stupid again?' suggests a sense of confusion or disbelief, which are aspects of surprise-related emotions. The use of 'again' implies a repeated behavior that the speaker finds unexpected or hard to understand, indicating confusion or surprise. However, the post could also be interpreted as a rhetorical question or an insult, which might not strongly convey surprise-related emotions. Therefore, a moderate percentage of annotators might classify it as exhibiting surprise-related emotions.","The post 'Are you being stupid again?' suggests a sense of confusion or disbelief, which are aspects of surprise-related emotions. The use of 'again' implies a repeated behavior that the speaker finds unexpected or hard to understand, indicating confusion or surprise. However, the post could also be interpreted as a rhetorical question or an insult, which might not strongly convey surprise-related emotions. Therefore, a moderate percentage of annotators might classify it as exhibiting surprise-related emotions.",0.39999999999999997,0.39999999999999997
257,[NAME]² ~~good play btw~~,0.0,1.0,0.2,0.8,"The post contains a strikethrough text, which might indicate sarcasm or a retraction of the statement 'good play btw'. This could suggest a mild element of surprise or realization, but it is not strongly expressed. The use of a name with a superscript '²' is unusual, but it does not clearly convey confusion, curiosity, or surprise. Overall, the post is more likely to be interpreted as a casual or humorous remark rather than one expressing surprise-related emotions.","The post '[NAME]² ~~good play btw~~' is likely to be interpreted as a casual or humorous remark rather than one expressing surprise-related emotions. The strikethrough text might suggest sarcasm or a retraction, which could imply a mild element of surprise or realization, but it is not strongly expressed. The use of a name with a superscript '²' is unusual, but it does not clearly convey confusion, curiosity, or surprise. Therefore, the prediction is that 20% of annotators might classify it as exhibiting surprise-related emotions, while 80% would not.",0.2,0.05000000000000001
258,That's an attitude I currency can't get behind.,0.0,1.0,0.6,0.4,"The post expresses a sense of confusion or lack of understanding, as indicated by the phrase 'can't get behind.' This suggests that the speaker is surprised or puzzled by the attitude in question. The use of 'currency' instead of 'currently' might also imply a typo or play on words, adding to the confusion or surprise element. Therefore, a moderate percentage of annotators might classify this as exhibiting surprise-related emotions, particularly confusion.","The post 'That's an attitude I currency can't get behind.' suggests a sense of confusion or lack of understanding, as the speaker is unable to support or agree with the attitude mentioned. The use of 'currency' instead of 'currently' could be a typo or intentional wordplay, which adds to the surprise or confusion. This leads to a prediction that 60% of annotators might classify it as exhibiting surprise-related emotions, while 40% might not see it as such.",0.6,0.6
259,He is but he's a normie. A 2/10 would be treated like a pariah at a dance class.,1.0,0.0,0.4,0.6,"The post expresses a sense of surprise or realization about social dynamics, particularly in the context of attractiveness and social acceptance. The use of 'normie' and 'pariah' suggests a realization of social hierarchies and expectations, which can be surprising to some. However, the post is not overtly emotional or expressive of strong surprise-related emotions, leading to a moderate percentage of annotators perceiving surprise-related emotions.","The post discusses social dynamics and attractiveness, using terms like 'normie' and 'pariah.' This suggests a realization or surprise about social acceptance, but the post is not strongly emotional, leading to a moderate perception of surprise-related emotions.",0.6,0.6
260,Honestly I can't see why not. Tho I'm a bi male so I don't know if it's valid haha,0.6,0.4,0.4,0.6,"The post expresses a mild sense of confusion or uncertainty about the validity of the speaker's opinion, which can be related to surprise-related emotions. The phrase 'I can't see why not' suggests a realization or acceptance of a possibility, while the 'I don't know if it's valid haha' indicates a light-hearted uncertainty or confusion. However, the overall tone is not strongly indicative of surprise, as it seems more casual and self-reflective.","The post contains elements of realization and mild confusion, but the tone is casual and not strongly indicative of surprise. The percentages reflect a moderate likelihood of annotators perceiving surprise-related emotions.",0.19999999999999996,0.19999999999999996
261,I guess that was a compromise with that native sarong that he likes to wear.,0.6,0.4,0.3,0.7,"The post mentions a 'compromise' and a 'native sarong,' which could imply a realization or a mild surprise about the situation. However, the tone seems more observational and lacks strong elements of confusion, curiosity, or astonishment. The mention of a 'compromise' suggests some level of realization, but it is not strong enough to dominate the interpretation of the post as surprise-related. Therefore, a minority of annotators might see it as surprise-related due to the realization aspect, but the majority would likely not.","The post discusses a 'compromise' involving a 'native sarong,' which suggests a realization or acceptance of a situation. While there is a hint of realization, the post does not strongly convey confusion, curiosity, or surprise. The tone is more observational and lacks the emotional intensity typically associated with surprise-related emotions. As a result, a smaller percentage of annotators might classify it as surprise-related due to the realization aspect, but the majority would likely not see it as such.",0.3,0.3
262,Or the long con. My Dad guilted me into taking care of my Grandmother for her.,0.2,0.8,0.6,0.4,"The post suggests a realization or surprise about being manipulated or guilted into a situation, which aligns with the aspect of realization in surprise-related emotions. The phrase 'the long con' implies a sense of unexpectedness or being caught off guard by a plan that was not initially apparent. This could lead to a moderate percentage of annotators perceiving surprise-related emotions.","The post 'Or the long con. My Dad guilted me into taking care of my Grandmother for her.' suggests a realization or surprise about being manipulated or guilted into a situation. The use of 'the long con' implies a sense of unexpectedness or being caught off guard by a plan that was not initially apparent. This aligns with the aspect of realization in surprise-related emotions, leading to a moderate percentage of annotators perceiving surprise-related emotions.",0.39999999999999997,0.39999999999999997
263,"Not really sweaty palms, but holy hell that's uncomfortable as all hell...",0.0,1.0,0.6,0.4,"The post expresses a strong reaction to something that is described as 'uncomfortable as all hell,' which suggests a sense of surprise or realization about the situation's discomfort. The use of 'holy hell' indicates a heightened emotional response, which could be interpreted as surprise or astonishment. However, the lack of specific context or details about what is causing the discomfort makes it somewhat ambiguous, leading to a moderate likelihood of annotators perceiving surprise-related emotions.","The post conveys a strong emotional reaction to an uncomfortable situation, which suggests elements of surprise or realization. The phrase 'holy hell' indicates a heightened emotional response, likely surprising or startling. However, the lack of specific context makes it somewhat ambiguous, leading to a moderate likelihood of annotators perceiving surprise-related emotions.",0.6,0.6
264,ahh yes I forgot to include steps 3a *and* 3b. thanks fam,0.6,0.4,0.6,0.4,"The post expresses a realization of having forgotten something, which is an aspect of surprise-related emotions. The use of 'ahh yes' suggests a moment of realization or acknowledgment of an oversight. The gratitude expressed with 'thanks fam' indicates a positive reception of this realization. This combination of realization and acknowledgment suggests that a majority of annotators might perceive it as surprise-related, though not overwhelmingly so.","The post shows a realization of an oversight, which is a key aspect of surprise-related emotions. The phrase 'ahh yes' indicates a moment of realization, and the gratitude expressed suggests a positive acknowledgment of this realization. Therefore, it is likely that a majority of annotators would classify this as exhibiting surprise-related emotions, but not overwhelmingly so.",0.0,0.0
265,I’m still waiting for 4 EBT withdrawals marked complete on Dec 7th 2018. Later date EBT withdrawals were paid oddly.,0.8,0.19999999999999996,0.6,0.4,"The post expresses confusion and possibly surprise about the status of EBT withdrawals. The mention of 'still waiting' and 'oddly' suggests a lack of understanding or unexpected behavior in the processing of these withdrawals, which aligns with confusion and surprise-related emotions. However, the post is primarily factual and lacks strong emotional language, which might lead some annotators to not classify it as surprise-related.","The post discusses an issue with EBT withdrawals, indicating confusion and surprise about the processing timeline. The use of 'still waiting' and 'oddly' suggests unexpected behavior, aligning with surprise-related emotions. However, the post is factual and lacks strong emotional language, which might lead to a lower classification of surprise-related emotions.",0.20000000000000007,0.10000000000000006
266,"I live in southern Ohio and my WV based phlebotomist was literally was just telling me about this today,",0.4,0.6,0.6,0.4,"The post expresses a sense of realization and mild surprise as the speaker recounts a recent conversation with their phlebotomist about a topic that seems to have gained relevance or interest. The use of 'literally was just telling me about this today' suggests a recent and unexpected connection between the conversation and the current context, indicating a realization or mild surprise. However, the post lacks strong elements of confusion or curiosity, which limits the extent of surprise-related emotions.","The post reflects a realization and mild surprise due to the timing of the conversation with the phlebotomist. The speaker seems to have encountered a topic that was just discussed, which is a common aspect of realization. The surprise is not intense, as there is no indication of confusion or strong curiosity, but the timing and relevance of the conversation contribute to a moderate level of surprise-related emotion.",0.19999999999999996,0.19999999999999996
267,You don’t owe anyone your suffering or your future. Ever.,0.2,0.8,0.0,1.0,"The post is a statement of empowerment and self-assertion, suggesting that one should not feel obligated to sacrifice their well-being or future for others. It does not express any of the aspects of surprise-related emotions such as confusion, curiosity, realization, or surprise. The message is clear and direct, lacking any indication of astonishment or unexpectedness.","The post is a straightforward declaration about personal boundaries and self-care. It lacks elements of surprise or unexpectedness, and there is no indication of confusion or realization. The message is empowering and assertive, focusing on self-preservation rather than any surprise-related emotion.",0.2,0.05000000000000001
268,Sadly the same way know people who know people and being in public. Maybe an online game with chat like league or xbox,0.2,0.8,0.4,0.6,"The post expresses a sense of confusion or uncertainty about the situation described, particularly in the phrase 'Sadly the same way know people who know people and being in public.' This suggests a lack of understanding or clarity about the social dynamics or the context of being in public. However, the mention of 'an online game with chat like league or xbox' does not strongly convey surprise-related emotions, as it seems more like a suggestion or a statement of fact. Therefore, while there is some element of confusion, it is not overwhelmingly strong, leading to a moderate percentage of annotators perceiving surprise-related emotions.","The post contains elements of confusion, particularly in the way it describes knowing people and being in public. This suggests a lack of understanding or clarity about the situation. However, the mention of online games does not strongly convey surprise-related emotions, leading to a moderate percentage of annotators perceiving such emotions.",0.2,0.10000000000000003
269,Even if they did that I think their criteria would probably be reserved for the most extreme cases.,0.8,0.19999999999999996,0.4,0.6,"The post expresses a level of uncertainty and speculation about the criteria being reserved for extreme cases, which can be associated with confusion or curiosity. However, the statement is more of a logical deduction rather than an emotional reaction, which might lead to a lower percentage of annotators perceiving it as surprise-related.","The post discusses a hypothetical situation and expresses a belief about how criteria would be applied, suggesting some level of uncertainty or speculation. This could be interpreted as confusion or curiosity, but the overall tone is more analytical than emotional. Therefore, a moderate percentage of annotators might classify it as exhibiting surprise-related emotions.",0.4,0.4000000000000001
270,Eat too many whoppers and he'll be down with the sickness. Lma0 I'm sorry,0.2,0.8,0.2,0.8,"The post uses humor and sarcasm, indicated by 'Lma0 I'm sorry,' which suggests a light-hearted tone rather than genuine surprise or confusion. The phrase 'Eat too many whoppers and he'll be down with the sickness' is a humorous exaggeration rather than an expression of surprise-related emotions. There is no clear indication of confusion, curiosity, realization, or surprise in the post.","The post is primarily humorous and sarcastic, lacking elements of surprise-related emotions. The humor is based on an exaggeration, and the apology at the end ('Lma0 I'm sorry') reinforces the non-serious tone. Therefore, the likelihood of annotators classifying this as exhibiting surprise-related emotions is low.",0.0,0.0
271,I’m gunna be the bigger man... blessings on your weekend my friend...,0.4,0.6,0.0,1.0,"The post expresses a sentiment of goodwill and maturity, with no clear indication of surprise-related emotions such as confusion, curiosity, realization, or surprise. The phrase 'blessings on your weekend' suggests a positive and friendly tone, rather than any astonishment or unexpected realization.","The post 'I’m gunna be the bigger man... blessings on your weekend my friend...' does not convey any elements of surprise-related emotions. It is more about expressing goodwill and maturity, with no confusion, curiosity, realization, or surprise present. Therefore, the percentage of annotators who classify this post as exhibiting surprise-related emotions is likely to be very low, around 0.0, with 1.0 not classifying it as such.",0.4,0.2666666666666667
272,Idk why but your comment in particular made me audibly crack tf up,0.0,1.0,0.2,0.8,"The post expresses amusement and laughter, which are not directly related to surprise-related emotions such as confusion, curiosity, realization, or surprise. The phrase 'Idk why' might suggest a slight element of confusion, but the overall tone is more about finding humor in the comment rather than being surprised or confused by it.","The post primarily conveys amusement and laughter, with a minor hint of confusion ('Idk why'). However, the dominant emotion is not related to surprise, so a small percentage of annotators might see the confusion aspect, but most would not classify it as surprise-related.",0.2,0.05000000000000001
273,"Apparently, they couldn't believe a massive corporation (that they're loyal to) finally called them out.",0.6,0.4,0.8,0.2,"The post suggests a sense of surprise and realization. The phrase 'couldn't believe' indicates astonishment or surprise, while 'finally called them out' suggests a realization or unexpected event. The loyalty to the corporation adds to the surprise element, as it implies an unexpected action from a trusted entity. These elements strongly align with surprise-related emotions, leading to a higher percentage of annotators likely classifying it as such.","The post expresses surprise and realization, as it describes an unexpected action from a corporation that the individuals are loyal to. The use of 'couldn't believe' highlights the astonishment, and 'finally called them out' suggests a realization of an unexpected event. This aligns with surprise-related emotions, suggesting a higher likelihood of annotators classifying it as such.",0.20000000000000007,0.10000000000000006
274,Try queueing up to play against humans. And then make your decision based on the queue times.,0.8,0.19999999999999996,0.4,0.6,"The post suggests a course of action based on an observation (queue times), which could imply a realization or curiosity about the outcome. However, it lacks strong elements of surprise or confusion, as it seems more like a practical suggestion rather than an expression of surprise-related emotions.","The post advises trying something (queueing up) and making a decision based on the results (queue times). This implies a level of curiosity or realization about the situation, but it doesn't strongly convey surprise or confusion. Therefore, a moderate percentage of annotators might see it as related to surprise emotions, but the majority likely will not.",0.4,0.4000000000000001
275,"I mean, ya, but this has been his stance for as long as I have been a fan. It isn’t really new for him.",0.5,0.5,0.2,0.8,"The post expresses a lack of surprise or astonishment, as the speaker acknowledges that the stance mentioned is consistent with past behavior. There is no indication of confusion, curiosity, or realization, as the speaker seems to have a clear understanding of the situation. Therefore, the post is unlikely to be classified as exhibiting surprise-related emotions by most annotators.","The post indicates that the speaker is not surprised by the stance mentioned, as it aligns with what they have known for a long time. This suggests a familiarity and understanding, rather than any surprise-related emotions. As a result, a small percentage of annotators might see a hint of realization, but the majority would likely not classify it as exhibiting surprise-related emotions.",0.3,0.3
276,How would you get off? HOW WOULD YOU GET OFF?!?!,0.6,0.4,0.8,0.2,"The post expresses a strong sense of confusion and possibly frustration, as indicated by the repeated question and the use of capital letters. This suggests a lack of understanding or uncertainty about a situation, which aligns with the aspect of confusion within surprise-related emotions. The intensity of the questioning implies that a significant portion of annotators might perceive this as exhibiting surprise-related emotions.","The post's repeated questioning and capitalization suggest a high level of confusion or frustration, which are aspects of surprise-related emotions. Therefore, a significant percentage of annotators are likely to classify it as such.",0.20000000000000007,0.10000000000000006
277,Sometimes to do what's right we must give up the thing we want the most... even our dreams.,0.5,0.5,0.6,0.4,"The post expresses a realization about the necessity of sacrificing personal desires or dreams for a greater good, which aligns with the aspect of realization in surprise-related emotions. The statement suggests a moment of clarity or understanding, which could lead to a sense of surprise or astonishment about the need to prioritize what is right over personal ambitions. This realization aspect is likely to be recognized by a significant portion of annotators, though not all may see it as a surprise-related emotion.","The post ""Sometimes to do what's right we must give up the thing we want the most... even our dreams."" conveys a sense of realization and possibly surprise about the difficult choices one must make in life. The acknowledgment of having to give up dreams for the sake of doing what's right can be seen as a moment of clarity or a surprising realization for some. Therefore, a moderate percentage of annotators might classify this as exhibiting surprise-related emotions, particularly realization, while others may not see it as strongly related to surprise.",0.09999999999999998,0.09999999999999998
278,A real man ain't be ashamed of crying. I cry with you my bro. Let's all cry together!,0.4,0.6,0.2,0.8,"The post expresses solidarity and emotional support, which is not directly related to surprise-related emotions. There is no indication of confusion, curiosity, realization, or surprise. The focus is on normalizing crying and expressing empathy, which are not typically associated with surprise-related emotions.","The post does not convey any elements of surprise-related emotions such as confusion, curiosity, realization, or surprise. It is more about emotional expression and support, which are not related to the aspects of surprise-related emotions. Therefore, a small percentage of annotators might see a slight element of surprise in the normalization of crying, but the majority would not classify it as surprise-related.",0.2,0.10000000000000003
279,That’s one of my favorite movies pans labyrinth.,0.0,1.0,0.0,1.0,"The post expresses a personal preference for a movie, 'Pan's Labyrinth,' without any indication of surprise-related emotions. There is no confusion, curiosity, realization, or surprise expressed in the statement. It is a straightforward expression of liking a movie, which is not related to surprise.","The post 'That’s one of my favorite movies pans labyrinth.' does not convey any surprise-related emotions. It is a simple statement of preference, lacking elements of confusion, curiosity, realization, or surprise. Therefore, the prediction is that 0% of annotators would classify it as exhibiting surprise-related emotions, while 100% would not.",0.0,0.0
280,"Now if you can teach her english, the real fun starts. ",0.2,0.8,0.6,0.4,"The post suggests a sense of anticipation and curiosity about what will happen once someone learns English, which aligns with the aspect of curiosity in surprise-related emotions. The phrase 'the real fun starts' implies an expectation of something new and potentially unexpected, which can be associated with surprise. However, the post does not strongly convey confusion or realization, and the surprise element is more subtle, leading to a moderate percentage of annotators likely classifying it as surprise-related.","The post implies curiosity and anticipation about future events once someone learns English, suggesting a moderate level of surprise-related emotions.",0.39999999999999997,0.39999999999999997
281,#But it's their looks!!!,0.6,0.4,0.6,0.4,"The post '#But it's their looks!!!' suggests a sense of surprise or astonishment, likely due to the emphasis on 'looks' and the use of exclamation marks. This could indicate a realization or a surprising observation about someone's appearance. The use of 'But' at the beginning also implies a contrast or unexpected element, which aligns with surprise-related emotions. However, the post is brief and lacks context, which might lead some annotators to not perceive it as strongly surprise-related.","The post '#But it's their looks!!!' suggests a sense of surprise or astonishment, likely due to the emphasis on 'looks' and the use of exclamation marks. This could indicate a realization or a surprising observation about someone's appearance. The use of 'But' at the beginning also implies a contrast or unexpected element, which aligns with surprise-related emotions. However, the post is brief and lacks context, which might lead some annotators to not perceive it as strongly surprise-related.",0.0,0.0
282,You're willing to lie about anything to shill for [NAME].,0.4,0.6,0.4,0.6,"The post expresses a strong accusation of dishonesty, which could imply a sense of surprise or disbelief at the extent of the lying. However, the post is more accusatory and confrontational rather than explicitly expressing surprise-related emotions like confusion or realization. The lack of explicit markers of surprise-related emotions suggests that a minority of annotators might perceive it as such.","The post accuses someone of lying to support a person, which might imply surprise or disbelief at the extent of the lying. However, it is more accusatory and confrontational, lacking explicit markers of surprise-related emotions like confusion or realization. Therefore, a minority of annotators might classify it as exhibiting surprise-related emotions.",0.0,0.0
283,Best RB draft pick ever? Sure. Best draft pick ever? No lmao,1.0,0.0,0.2,0.8,"The post expresses a clear opinion about a draft pick, with a hint of humor ('lmao') at the end. There is no indication of confusion, curiosity, realization, or surprise. The statement is straightforward and does not convey any surprise-related emotions.","The post is a straightforward opinion about a draft pick, with a humorous tone ('lmao'). It does not express confusion, curiosity, realization, or surprise. Therefore, it is likely that a small percentage of annotators might see the humor as a form of surprise, but the majority would not classify it as exhibiting surprise-related emotions.",0.8,0.8000000000000002
284,It's not like an NFL coach would trip a player on the field if they had the opportunity......oh wait,0.4,0.6,0.8,0.2,"The post uses sarcasm to highlight an unexpected or surprising event where an NFL coach actually tripped a player, which is generally considered unethical and unexpected behavior. This indicates a realization and surprise at the occurrence of such an event, suggesting that a significant portion of annotators would classify it as exhibiting surprise-related emotions.","The post uses sarcasm to highlight an unexpected or surprising event where an NFL coach actually tripped a player, which is generally considered unethical and unexpected behavior. This indicates a realization and surprise at the occurrence of such an event, suggesting that a significant portion of annotators would classify it as exhibiting surprise-related emotions. Therefore, the predicted percentages are [0.8, 0.2].",0.4,0.4000000000000001
285,"Throw them for a real loop and make them confused; ""We're not related just twins.""",0.8,0.19999999999999996,0.8,0.2,"The post explicitly mentions making someone confused, which is a direct aspect of surprise-related emotions. The phrase 'Throw them for a real loop' suggests an intention to surprise or bewilder others. The statement 'We're not related just twins' is likely to cause confusion or surprise due to the unexpected nature of the claim, as twins are typically assumed to be related. This clear expression of confusion and surprise-related intent would lead a majority of annotators to classify the post as exhibiting surprise-related emotions.","The post is designed to create confusion and surprise, as it plays on the common assumption that twins are related. The intention to 'throw them for a real loop' indicates a deliberate attempt to surprise or confuse others. Therefore, a significant portion of annotators would likely perceive this as a post exhibiting surprise-related emotions.",0.0,0.0
286,"You forgot [NAME] and [NAME] as [NAME] and [NAME] in the 2003 *Battlestar Galactica*, which was spectacular. ",0.8,0.19999999999999996,0.2,0.8,"The post mentions forgetting certain actors in a specific role, which could imply a mild realization or surprise at the oversight. However, the tone is more factual and appreciative of the performance, rather than expressing strong surprise-related emotions. The focus is on the quality of the performance rather than the surprise of forgetting, which suggests that most annotators would not classify it as exhibiting surprise-related emotions.","The post is primarily informative and appreciative, with a slight hint of realization about forgetting certain actors. However, the overall tone is not strongly indicative of surprise-related emotions, leading to a prediction that a minority of annotators would classify it as such.",0.6000000000000001,0.6000000000000001
287,That’s not very cash money of you,0.4,0.6,0.2,0.8,"The phrase 'That's not very cash money of you' is often used humorously or sarcastically to express mild disapproval or to point out behavior that is not generous or cool. It does not strongly convey any of the surprise-related emotions such as confusion, curiosity, realization, or surprise. The expression is more of a colloquial way to comment on someone's actions rather than an indication of surprise-related emotions. Therefore, it is likely that a small percentage of annotators might see a hint of surprise or realization, but the majority would not classify it as exhibiting surprise-related emotions.","The post uses a phrase that is typically humorous or sarcastic, indicating mild disapproval or a comment on behavior. It lacks strong elements of surprise-related emotions such as confusion, curiosity, realization, or surprise. Thus, the prediction is that 20% of annotators might see some surprise-related emotion, while 80% would not.",0.2,0.10000000000000003
288,"Yeah lol like I'm cool with signing/drafting DL but pls not in the first like 3 rounds lol, much less at 2.",0.0,1.0,0.6,0.4,"The post expresses a sense of surprise or disbelief at the idea of signing or drafting a defensive lineman (DL) in the early rounds, particularly the first three rounds. The use of 'lol' suggests a light-hearted surprise or amusement, and the phrase 'pls not in the first like 3 rounds' indicates a preference that is contrary to what might be expected or what is being considered. This reflects a realization or surprise at the prospect of such a decision, which aligns with surprise-related emotions.","The post reflects a surprise-related emotion, particularly a light-hearted disbelief or realization about the idea of drafting a defensive lineman early in the rounds. The use of 'lol' and 'pls not in the first like 3 rounds' suggests a preference against an unexpected or undesired action, which is a form of surprise or realization.",0.6,0.6
289,You are delusional if you think big oil and existing deeply entrenched and rich traditional energy can’t pay scientists more money than new renewable energy can.,0.4,0.6,0.4,0.6,"The post expresses a strong opinion about the influence of big oil and traditional energy on scientists, suggesting a realization of the power dynamics in the energy sector. However, it lacks elements of confusion, curiosity, or surprise. The realization aspect is present but not dominant enough to suggest a high level of surprise-related emotions. Therefore, a moderate percentage of annotators might classify it as exhibiting surprise-related emotions, primarily due to the realization aspect.","The post suggests a realization about the influence of big oil and traditional energy sectors, which could be seen as a surprise-related emotion. However, the tone is more assertive and opinionated rather than expressing confusion, curiosity, or surprise. The realization aspect is present but not strong enough to dominate the interpretation of the post as surprise-related. Thus, a moderate percentage of annotators might see it as exhibiting surprise-related emotions, but the majority may not.",0.0,0.0
290,">Dupage county Dupage County just elected a Democratic rep, what on earth are you talking about.",0.6,0.4,0.6,0.4,"The post expresses surprise and possibly confusion about the election of a Democratic representative in Dupage County, which may be unexpected for the author. The phrase 'what on earth are you talking about' suggests a realization or surprise at the information being discussed. This indicates that a significant portion of annotators might perceive surprise-related emotions, particularly surprise and confusion.","The post contains elements of surprise and confusion, as the author seems taken aback by the election result in Dupage County. The expression 'what on earth are you talking about' implies a realization or surprise, which aligns with surprise-related emotions. Therefore, a higher percentage of annotators might classify this post as exhibiting surprise-related emotions.",0.0,0.0
291,"Honestly, I dont see it. Like, at all",0.25,0.75,0.6,0.4,"The post expresses a sense of confusion or lack of understanding, which is a key aspect of surprise-related emotions. The phrase 'I don't see it' suggests that the person is unable to comprehend or recognize something that might be apparent to others, indicating confusion. The use of 'Like, at all' emphasizes the extent of this confusion. Therefore, a significant portion of annotators might classify this as exhibiting surprise-related emotions, particularly confusion.","The post 'Honestly, I dont see it. Like, at all' conveys a strong sense of confusion, which is a component of surprise-related emotions. The speaker is clearly expressing that they do not understand or perceive something that might be expected to be obvious. This lack of understanding aligns with the aspect of confusion, leading to a prediction that a majority of annotators would classify it as exhibiting surprise-related emotions.",0.35,0.35
292,"I'd buy it for a dollar, but I feel I'd be still encouraging them. ",0.6,0.4,0.6,0.4,"The post expresses a sense of internal conflict and realization. The speaker acknowledges a desire to purchase something at a low cost but also realizes that doing so would support a cause or entity they may not fully agree with. This realization and the underlying conflict suggest surprise-related emotions, particularly realization and confusion about the right course of action.","The post reflects a realization and internal conflict about the consequences of an action, which aligns with surprise-related emotions.",0.0,0.0
293,> but to say that it will fuck up your mind is simply ignorant lolol k.,0.2,0.8,0.4,0.6,"The post expresses a dismissive attitude towards a statement, suggesting a lack of surprise or confusion. The use of 'lolol k' indicates a casual dismissal rather than genuine surprise or realization. There is a slight element of disbelief or disagreement, which could be interpreted as a mild form of surprise-related emotion, but it is not strong enough to dominate the interpretation of the post.","The post does not strongly convey surprise-related emotions. The dismissive tone and use of 'lolol k' suggest a lack of serious engagement with the statement being critiqued. While there might be a hint of disbelief, it is overshadowed by the overall dismissive and mocking tone. Therefore, a minority of annotators might see it as exhibiting surprise-related emotions, but the majority would not.",0.2,0.10000000000000003
294,ET + 2 picks for [NAME] would be great,0.0,1.0,0.2,0.8,"The post is a straightforward statement about a trade involving ET and two picks for a person named [NAME]. It does not explicitly express any surprise-related emotions such as confusion, curiosity, realization, or surprise. The post seems to be a simple opinion or suggestion about a trade, lacking any emotional context that would indicate surprise.","The post 'ET + 2 picks for [NAME] would be great' is a straightforward statement about a trade. It does not express any surprise-related emotions such as confusion, curiosity, realization, or surprise. The post seems to be a simple opinion or suggestion about a trade, lacking any emotional context that would indicate surprise. Therefore, the percentage of annotators who classify the post as exhibiting surprise-related emotions is likely low, around 20%, while 80% would not see it as expressing surprise-related emotions.",0.2,0.05000000000000001
295,MD will add it soon too. Too big opportunity not too. Casino everywhere. Add good growth to Maryland area,0.6,0.4,0.4,0.6,"The post discusses the potential for growth and opportunity in Maryland due to the addition of casinos. There is a hint of realization about the economic benefits, which could be seen as a surprise-related emotion. However, the post is more factual and forward-looking rather than expressing strong surprise, confusion, or curiosity. The mention of 'too big opportunity' suggests a realization of potential, but it is not strongly emphasized. Therefore, a moderate percentage of annotators might see it as surprise-related.","The post discusses the potential for growth and opportunity in Maryland due to the addition of casinos. There is a hint of realization about the economic benefits, which could be seen as a surprise-related emotion. However, the post is more factual and forward-looking rather than expressing strong surprise, confusion, or curiosity. The mention of 'too big opportunity' suggests a realization of potential, but it is not strongly emphasized. Therefore, a moderate percentage of annotators might see it as surprise-related.",0.19999999999999996,0.19999999999999996
296,I would be impressed if [NAME] ate 15% of his weight every day I wish I lived in a state where the contest was valid. Stupid NY,0.4,0.6,0.6,0.4,"The post expresses a sense of curiosity and surprise at the idea of someone eating 15% of their weight every day, which is an unusual and unexpected scenario. The mention of wishing to live in a state where the contest is valid suggests a realization of a limitation or a missed opportunity, which can also be linked to surprise-related emotions. However, the post also contains a tone of frustration or disappointment with the situation in New York, which might not be directly related to surprise. Therefore, a moderate percentage of annotators might classify this post as exhibiting surprise-related emotions.","The post expresses a sense of curiosity and surprise at the idea of someone eating 15% of their weight every day, which is an unusual and unexpected scenario. The mention of wishing to live in a state where the contest is valid suggests a realization of a limitation or a missed opportunity, which can also be linked to surprise-related emotions. However, the post also contains a tone of frustration or disappointment with the situation in New York, which might not be directly related to surprise. Therefore, a moderate percentage of annotators might classify this post as exhibiting surprise-related emotions.",0.19999999999999996,0.19999999999999996
297,It doesn’t help,0.2,0.8,0.2,0.8,"The post 'It doesn’t help' is quite vague and lacks specific context that would indicate surprise-related emotions. It does not clearly express confusion, curiosity, realization, or surprise. The statement is more of a general comment that could be interpreted in many ways, but it does not strongly suggest any of the surprise-related emotions. Therefore, it is likely that a small percentage of annotators might see some element of surprise-related emotion, but the majority would not.","The post 'It doesn’t help' is quite vague and lacks specific context that would indicate surprise-related emotions. It does not clearly express confusion, curiosity, realization, or surprise. The statement is more of a general comment that could be interpreted in many ways, but it does not strongly suggest any of the surprise-related emotions. Therefore, it is likely that a small percentage of annotators might see some element of surprise-related emotion, but the majority would not.",0.0,0.0
298,[NAME] fuck those creeps,0.2,0.8,0.2,0.8,"The post expresses a strong negative sentiment towards 'those creeps,' but it does not clearly convey any of the specific aspects of surprise-related emotions such as confusion, curiosity, realization, or surprise. The language used is more indicative of anger or disdain rather than surprise. Therefore, it is likely that a small percentage of annotators might perceive some element of surprise-related emotion, but the majority would not.","The post 'fuck those creeps' is a direct expression of anger or disdain towards a group referred to as 'those creeps.' There is no indication of confusion, curiosity, realization, or surprise in the statement. The sentiment is clear and unambiguous, focusing on a negative reaction rather than an unexpected or surprising event. As such, the prediction is that 20% of annotators might see some element of surprise-related emotion, possibly due to the abruptness or intensity of the statement, but 80% would not classify it as such.",0.0,0.0
299,"Come on, at least give me one other comment not from this thread. Show me that you are at least interested in providing an argument. ",0.6,0.4,0.6,0.4,"The post expresses a sense of confusion and curiosity. The author is questioning the lack of engagement from the other person, which indicates a desire to understand their perspective (curiosity) and a lack of understanding of why they are not receiving more engagement (confusion). This suggests that a significant portion of annotators might perceive surprise-related emotions in the post.","The post shows elements of confusion and curiosity, as the author is seeking more engagement and arguments from the other person. This indicates a desire to understand and a lack of understanding of the current situation, which are aspects of surprise-related emotions.",0.0,0.0
