,Text,Joy_pos,Joy_neg,Joy_pos_LLM,Joy_neg_LLM,Reasoning_LLM,Raw_output_LLM,Joy_pos_diff,Joy_pos_diff_norm
0,This is a depressing r/tworedditorsonecup,0.0,1.0,0.0,1.0,"The post explicitly describes something as 'depressing,' which is the opposite of positive emotions. There is no indication of any positive emotion such as joy, amusement, or optimism. The use of the word 'depressing' suggests a negative emotional tone, leading to the conclusion that no annotators would classify this as exhibiting positive emotions.","The post is straightforward in its expression of a negative emotion, specifically depression, which is contrary to any aspect of positive emotions. Therefore, it is unlikely that any annotators would perceive this post as conveying positive emotions.",0.0,0.0
1,What country have you move to?,0.0,1.0,0.0,1.0,"The post is a straightforward question asking about relocation to another country. It does not express any positive emotions such as admiration, amusement, approval, caring, desire, excitement, gratitude, joy, love, optimism, pride, or relief. The content is neutral and lacks emotional context, making it unlikely for annotators to classify it as exhibiting positive emotions.","The post is a simple inquiry without any emotional undertones. It lacks any elements that would suggest positive emotions, leading to a prediction that no annotators would classify it as such.",0.0,0.0
2,When I first saw the title I thought someone was asking for you to become pregnant with their baby,0.2,0.8,0.4,0.6,"The post contains a humorous or amusing element, as it describes a misunderstanding of a title in a way that could be seen as funny. This could lead some annotators to classify it as exhibiting amusement. However, the post does not strongly convey other aspects of positive emotions such as joy, love, or excitement, which might limit the percentage of annotators who see it as positive. The humor is subtle and might not be perceived as positive by everyone, leading to a moderate percentage of positive classification.","The post describes a humorous misunderstanding, which could be seen as amusing. However, it doesn't strongly convey other positive emotions like joy or excitement. Therefore, a moderate percentage of annotators might classify it as positive due to the amusement aspect.",0.2,0.10000000000000003
3,I can tell you thought this damp squib was an absolute dinger.,0.0,1.0,0.4,0.6,"The post uses the term 'damp squib,' which typically implies disappointment or something that fails to meet expectations. However, it contrasts this with 'absolute dinger,' which suggests something impressive or successful. This juxtaposition creates ambiguity, as it is unclear whether the speaker is being sarcastic or genuinely expressing admiration. Due to this ambiguity, a moderate percentage of annotators might perceive positive emotions such as admiration or approval, while others might not.","The post's language is ambiguous, with contrasting terms that can be interpreted in different ways. This leads to a mixed perception of positive emotions.",0.4,0.2666666666666667
4,oh my gooooood,0.0,1.0,0.8,0.2,"The post 'oh my gooooood' is an expression that typically conveys excitement or surprise, which are aspects of positive emotions. The elongated 'o' suggests a heightened emotional state, likely excitement or joy. However, without additional context, there is a small chance it could be interpreted as sarcasm or frustration, but the default interpretation leans towards positive excitement.","The post 'oh my gooooood' is an expression that typically conveys excitement or surprise, which are aspects of positive emotions. The elongated 'o' suggests a heightened emotional state, likely excitement or joy. However, without additional context, there is a small chance it could be interpreted as sarcasm or frustration, but the default interpretation leans towards positive excitement.",0.8,0.8000000000000002
5,I am so relieved,0.8,0.19999999999999996,1.0,0.0,"The post explicitly states a feeling of relief, which is a clear aspect of positive emotions. The expression 'I am so relieved' directly conveys a sense of reassurance and relaxation following release from anxiety or distress. This clarity in expressing a positive emotion suggests that all annotators would classify it as exhibiting positive emotions.","The post 'I am so relieved' clearly expresses the emotion of relief, which is a positive emotion. The statement is straightforward and unambiguous in conveying this feeling, leading to the prediction that 100% of annotators would classify it as exhibiting positive emotions.",0.19999999999999996,0.049999999999999975
6,"I've heard vegetarians talking about various sources of cholesterol, maybe try r/vegetarian and ask what meats they prefer?",0.4,0.6,0.2,0.8,"The post is a neutral suggestion for someone to ask vegetarians about their preferences. It doesn't explicitly convey positive emotions like joy, admiration, or excitement. The mention of vegetarians and cholesterol is factual and lacks emotional content. There might be a slight hint of amusement or curiosity, but it's not strong enough to be considered a positive emotion by most annotators.","The post is a neutral suggestion for someone to ask vegetarians about their preferences. It doesn't explicitly convey positive emotions like joy, admiration, or excitement. The mention of vegetarians and cholesterol is factual and lacks emotional content. There might be a slight hint of amusement or curiosity, but it's not strong enough to be considered a positive emotion by most annotators.",0.2,0.10000000000000003
7,"Oh, my [NAME] ",0.4,0.6,0.5,0.5,"The post 'Oh, my [NAME]' is ambiguous and lacks context, making it difficult to determine the presence of positive emotions. It could express admiration, surprise, or even concern, depending on the context, which is not provided. Therefore, annotators might be equally split in interpreting it as positive or not.","The post 'Oh, my [NAME]' is too vague to clearly convey any specific positive emotion. Without additional context, it could be interpreted in multiple ways, leading to a balanced distribution of opinions among annotators.",0.09999999999999998,0.09999999999999998
8,"How can someone be so stupid to post that online, let alone publicly do that",0.2,0.8,0.0,1.0,"The post expresses a negative sentiment by criticizing someone's actions as 'stupid.' There is no indication of positive emotions such as admiration, amusement, or approval. The language used is dismissive and judgmental, which suggests that annotators are unlikely to classify this post as exhibiting positive emotions.","The post is critical and lacks any elements of positive emotions. It focuses on the negative aspect of someone's actions, using the word 'stupid' to describe them. This indicates a lack of admiration, amusement, or any other positive emotion, leading to a prediction that 0% of annotators would classify it as exhibiting positive emotions.",0.2,0.05000000000000001
9,I like that idea.,1.0,0.0,1.0,0.0,"The post 'I like that idea.' clearly expresses approval and a favorable opinion towards the idea being discussed. This is a straightforward expression of positive emotion, specifically approval, without any ambiguity or negative connotations. Therefore, it is likely that all annotators would classify this post as exhibiting positive emotions.","The post 'I like that idea.' is a clear expression of approval, which is a positive emotion. There is no ambiguity or negative sentiment in the statement, making it highly likely that all annotators would agree it conveys positive emotions. Thus, the predicted percentages are [1.0, 0.0].",0.0,0.0
10,"Would be really interesting to see how an FMT from a 20 year old would play out in the gut of 60 year old, or vice versa. ",0.5,0.5,0.4,0.6,"The post expresses curiosity and interest, which can be associated with positive emotions like excitement or amusement. However, it lacks strong indicators of other positive emotions such as joy, love, or gratitude. The scientific nature of the curiosity might not be perceived as strongly positive by all annotators, leading to a moderate percentage of positive emotion classification.","The post is about a scientific curiosity regarding fecal microbiota transplantation (FMT) between different age groups. While it shows interest and a sense of wonder, it doesn't strongly convey emotions like joy or love. Therefore, the prediction is that 40% of annotators might classify it as exhibiting positive emotions due to the interest and excitement aspect, while 60% might not see it as strongly positive.",0.09999999999999998,0.09999999999999998
11,"That sounds like a hot date. ;) I've never been, but friends say just order the cheapest food and enjoy the ambiance.",1.0,0.0,0.8,0.2,"The post expresses positive emotions through excitement and amusement, indicated by the phrase 'hot date' and the winking emoticon ';)', which suggests a playful tone. Additionally, the suggestion to 'enjoy the ambiance' implies a sense of joy and approval of the experience. The mention of friends' recommendations also hints at a shared positive sentiment. Overall, the post conveys a lighthearted and positive outlook, leading to a higher percentage of annotators likely classifying it as exhibiting positive emotions.","The post expresses positive emotions through excitement and amusement, indicated by the phrase 'hot date' and the winking emoticon ';)', which suggests a playful tone. Additionally, the suggestion to 'enjoy the ambiance' implies a sense of joy and approval of the experience. The mention of friends' recommendations also hints at a shared positive sentiment. Overall, the post conveys a lighthearted and positive outlook, leading to a higher percentage of annotators likely classifying it as exhibiting positive emotions.",0.19999999999999996,0.049999999999999975
12,I bet we have a scene of the new girlfriend fighting with [NAME],0.4,0.6,0.4,0.6,"The post suggests a scenario that could be interpreted as amusing or entertaining, as it hints at a dramatic or humorous scene involving a fight. However, the post itself does not explicitly express positive emotions such as joy, admiration, or excitement. The ambiguity of the post's tone and the lack of clear positive emotional content likely leads to a mixed interpretation among annotators.","The post hints at a potentially entertaining or amusing scenario, which might lead some annotators to perceive it as expressing positive emotions. However, the lack of explicit positive emotional language and the neutral tone regarding the 'fight' scenario might result in a lower percentage of annotators classifying it as positive. Therefore, a moderate percentage of annotators might see it as positive due to the potential for amusement, while others may not see it as positive at all.",0.0,0.0
13,"She can take her boring, drunk husband with her. He's not interesting at all.",0.2,0.8,0.0,1.0,"The post expresses a negative sentiment towards the individuals mentioned, describing them as 'boring' and 'not interesting at all.' There are no aspects of positive emotions such as admiration, amusement, or approval present in the post. The language used is dismissive and critical, indicating a lack of positive emotional expression.","The post does not convey any positive emotions. It is critical and dismissive, focusing on negative attributes of the individuals mentioned.",0.2,0.05000000000000001
14,"Oh, I definitely got muted, too.",0.2,0.8,0.2,0.8,"The post 'Oh, I definitely got muted, too.' does not clearly express any of the aspects of positive emotions. It seems to be a neutral or slightly negative statement, possibly indicating a lack of communication or being ignored. There is no clear indication of joy, amusement, or any other positive emotion. Therefore, it is likely that a small percentage of annotators might see some humor or amusement in the situation, but the majority would not classify it as exhibiting positive emotions.","The post 'Oh, I definitely got muted, too.' does not clearly express any of the aspects of positive emotions. It seems to be a neutral or slightly negative statement, possibly indicating a lack of communication or being ignored. There is no clear indication of joy, amusement, or any other positive emotion. Therefore, it is likely that a small percentage of annotators might see some humor or amusement in the situation, but the majority would not classify it as exhibiting positive emotions.",0.0,0.0
15,I miss them being alive,0.2,0.8,0.2,0.8,"The post 'I miss them being alive' expresses a sense of longing and possibly sadness, which are not typically associated with positive emotions. While there might be a hint of love or caring in the sentiment of missing someone, the overall tone is more likely to be interpreted as negative due to the context of loss or absence. Therefore, a small percentage of annotators might see the positive aspect of love or caring, but the majority would likely classify it as not exhibiting positive emotions.","The post 'I miss them being alive' is more likely to be interpreted as expressing negative emotions due to the context of loss or absence. While there might be a hint of love or caring in the sentiment of missing someone, the overall tone is more likely to be interpreted as negative. Therefore, a small percentage of annotators might see the positive aspect of love or caring, but the majority would likely classify it as not exhibiting positive emotions.",0.0,0.0
16,I can't help it. It's just so perfect.,1.0,0.0,0.9,0.1,"The post expresses a strong sense of admiration and approval, as the speaker finds something 'so perfect.' This indicates a positive emotional response, likely leading most annotators to classify it as exhibiting positive emotions.","The post 'I can't help it. It's just so perfect.' conveys admiration and approval, which are aspects of positive emotions. The use of 'perfect' suggests a high level of satisfaction and positive regard, making it likely that a high percentage of annotators would classify it as positive.",0.09999999999999998,0.011111111111111105
17,"When nobody can tell or force you to pay up, being in debt isnt so bad.",0.2,0.8,0.4,0.6,"The post expresses a sense of relief or optimism about being in debt, as it suggests that not being forced to pay up makes the situation not so bad. However, the positive emotion is not strongly expressed, and there is an underlying implication of irresponsibility or avoidance, which may not be viewed positively by all annotators.","The post suggests a sense of relief or optimism about being in debt, as it implies that not being forced to pay up makes the situation not so bad. However, the positive emotion is not strongly expressed, and there is an underlying implication of irresponsibility or avoidance, which may not be viewed positively by all annotators. Therefore, the prediction is that 40% of annotators might classify it as exhibiting positive emotions, while 60% might not.",0.2,0.10000000000000003
18,"Should have been a and 1 tbh, [NAME] smacked him in the face.",0.0,1.0,0.2,0.8,"The post discusses a situation in a sports context where a player was hit in the face, suggesting a foul should have been called. The tone is more about pointing out an injustice or error rather than expressing positive emotions. There is no clear expression of admiration, amusement, approval, caring, desire, excitement, gratitude, joy, love, optimism, pride, or relief. The focus is on a perceived mistake or oversight, which does not align with positive emotions.","The post is focused on a sports incident where a foul was not called, which is more about pointing out a mistake rather than expressing positive emotions. The lack of positive emotional aspects like joy, admiration, or excitement suggests that most annotators would not classify it as conveying positive emotions.",0.2,0.05000000000000001
19,please fire this fuck head im tired of losing games because of our power play,0.0,1.0,0.0,1.0,"The post expresses frustration and anger towards a person, likely a coach or player, due to losing games. There is no indication of positive emotions such as admiration, amusement, approval, or any other aspect of positive emotions. The language used is negative and critical, focusing on dissatisfaction and a desire for change due to poor performance.","The post is clearly negative, with no elements of positive emotions present. The use of profanity and the context of being 'tired of losing games' indicates a strong negative sentiment.",0.0,0.0
20,Yep that’s the problem I have. Can’t make friends,0.4,0.6,0.0,1.0,"The post expresses a problem or difficulty in making friends, which does not convey any of the aspects of positive emotions such as joy, admiration, or excitement. Instead, it suggests a sense of loneliness or social struggle, which are not positive emotions.","The post 'Yep that’s the problem I have. Can’t make friends' does not convey positive emotions. It highlights a personal issue or challenge, specifically the inability to make friends, which is more aligned with negative emotions such as loneliness or frustration. Therefore, the prediction is that 0% of annotators would classify this post as exhibiting positive emotions, while 100% would not.",0.4,0.2666666666666667
21,"I didn't know that having the occupation of a journalist and the method of ones murder being beheading, gives ones death a special status. ",0.0,1.0,0.0,1.0,"The post expresses a critical and possibly sarcastic tone regarding the perceived special status of a journalist's death by beheading. There are no clear indicators of positive emotions such as admiration, amusement, approval, caring, or any other positive aspect. The content is more focused on questioning and critiquing societal perceptions, which does not align with positive emotions.","The post does not convey any positive emotions. It is critical and possibly sarcastic, questioning the perceived special status of a journalist's death by beheading. There are no elements of admiration, amusement, approval, caring, or any other positive emotion. The focus is on critique rather than positivity.",0.0,0.0
22,"You’re heartless if you’re calling people who smoke marijuana “druggies” and I’m done arguing with you, have a nice day.",0.0,1.0,0.4,0.6,"The post expresses a mix of emotions. The phrase 'have a nice day' could be seen as a polite or positive closure, indicating a small degree of positive emotion such as approval or caring. However, the overall tone of the post is defensive and confrontational, as it addresses a disagreement and labels the other party as 'heartless.' This suggests that the majority of annotators might not perceive it as predominantly positive.","The post contains a polite closing remark, but the main content is confrontational and defensive, which may lead to a mixed perception of positive emotions.",0.4,0.2666666666666667
23,I think its safe to assume that we're clearly referring to the article and topic at hand.,0.75,0.25,0.0,1.0,"The post is a straightforward statement about referring to an article and topic, without any indication of positive emotions such as joy, admiration, or excitement. It lacks any emotional language or context that would suggest positive emotions are being conveyed.","The post is neutral and factual, focusing on clarity about the topic being discussed. There is no expression of positive emotions.",0.75,0.75
24,ehhhh I don't think so. iirc [NAME] was responsible for that Russian embargo and he's the reason why AKs are so expensive now.,0.2,0.8,0.0,1.0,"The post expresses a negative sentiment towards a person, blaming them for a situation that is perceived as unfavorable (the Russian embargo and the increased cost of AKs). There is no indication of positive emotions such as admiration, amusement, approval, or any other aspect of positive emotions. The tone is more critical and dismissive, which suggests that annotators are unlikely to classify this post as exhibiting positive emotions.","The post does not convey any positive emotions. It is critical and blames someone for a negative outcome, which is the opposite of expressing positive emotions. Therefore, the prediction is that 0% of annotators would classify it as exhibiting positive emotions, while 100% would not.",0.2,0.05000000000000001
25,And she wouldn't give it to him. Poor fellow.,0.0,1.0,0.2,0.8,"The post expresses a sense of sympathy or pity for the 'poor fellow,' which could be interpreted as a mild form of caring. However, the overall tone is more neutral or slightly negative, as it highlights a situation where someone is not getting what they want. The lack of explicit positive emotions such as joy, excitement, or admiration makes it likely that most annotators would not classify this post as exhibiting positive emotions.","The post 'And she wouldn't give it to him. Poor fellow.' suggests a situation where someone is being denied something, leading to a sense of sympathy for the person being denied. While there is a hint of caring in the expression 'Poor fellow,' the overall context does not strongly convey positive emotions. Therefore, it is likely that a minority of annotators would classify this as exhibiting positive emotions, resulting in an estimated distribution of [0.2, 0.8].",0.2,0.05000000000000001
26,"I find that telling the truth as much as possible makes things less complicated. I've learned to spin the truth when needed, though.",0.75,0.25,0.4,0.6,"The post expresses a sense of approval and possibly pride in telling the truth, which can be seen as a positive emotion. However, the mention of 'spinning the truth' introduces a level of ambiguity and complexity that might not be perceived as entirely positive. This duality could lead to a mixed interpretation among annotators, with some focusing on the positive aspect of truthfulness and others on the less positive aspect of manipulation.","The post discusses the benefits of truth-telling, which can be associated with positive emotions like approval and pride. However, the admission of 'spinning the truth' when needed introduces a less straightforward, potentially negative aspect. This complexity might lead to a split in annotator opinions, with some seeing the positive side of truthfulness and others focusing on the manipulation aspect. Therefore, the prediction is that 40% of annotators might classify it as exhibiting positive emotions, while 60% might not.",0.35,0.35
27,"I really hope we see another fighter like him he was so fun to watch, a fighting machine with that killer instinct",1.0,0.0,0.8,0.2,"The post expresses a strong sense of admiration and excitement for a fighter, describing him as 'fun to watch' and a 'fighting machine with that killer instinct.' The use of 'hope' also indicates a desire to see another fighter like him. These elements suggest that a significant portion of annotators would classify the post as exhibiting positive emotions, particularly admiration, excitement, and desire.",The post conveys admiration for the fighter's skills and excitement about watching him fight. The mention of 'hope' indicates a desire for similar experiences in the future. These positive aspects are likely to lead to a high percentage of annotators perceiving the post as positive.,0.19999999999999996,0.049999999999999975
28,Where did I say that happened? Lmao most of my friends are single for the record. Quit jumping to conclusions.,0.2,0.8,0.4,0.6,"The post contains a humorous tone with the use of 'Lmao,' which suggests amusement. However, the main content of the post is defensive, addressing a misunderstanding or assumption, which does not strongly convey positive emotions. The amusement aspect is present but not dominant, leading to a moderate percentage of annotators perceiving positive emotions.","The post uses 'Lmao,' indicating amusement, but the overall tone is defensive, addressing a misunderstanding. This results in a moderate percentage of annotators perceiving positive emotions.",0.2,0.10000000000000003
29,^She ^took ^me ^by ^the ^hand... ^made ^me ^a ^man... ^THAT ^ONE ^NIGHT!,0.2,0.8,0.8,0.2,"The post seems to express a sense of joy and excitement, possibly related to a memorable or transformative experience. The use of capital letters and exclamation marks suggests enthusiasm and eagerness, which are aspects of positive emotions. The phrase 'made me a man' could imply a significant and positive personal change, possibly evoking pride or admiration. Overall, the post conveys positive emotions, though the context is somewhat ambiguous without additional information.","The post expresses positive emotions such as joy, excitement, and possibly pride. The use of capital letters and exclamation marks indicates enthusiasm. The phrase 'made me a man' suggests a significant and positive personal change, which could evoke pride or admiration. The context is somewhat ambiguous, but the overall tone is positive.",0.6000000000000001,0.6000000000000001
30,Dang the charge heavy down from 60 is brutal. Poor [NAME],0.25,0.75,0.2,0.8,"The post expresses a sense of sympathy or pity for [NAME] due to the heavy charge, which could be interpreted as a mild form of caring. However, the overall tone is more neutral or slightly negative, focusing on the harshness of the situation rather than any positive emotion. The use of 'brutal' suggests a negative impact, and 'poor [NAME]' indicates sympathy rather than a positive emotion like joy or amusement.","The post primarily conveys a sense of sympathy or pity, which is a mild form of caring. However, the overall tone is more neutral or slightly negative, focusing on the harshness of the situation rather than any positive emotion. The use of 'brutal' suggests a negative impact, and 'poor [NAME]' indicates sympathy rather than a positive emotion like joy or amusement. Therefore, the percentage of annotators who classify the post as exhibiting positive emotions is likely low.",0.04999999999999999,0.004545454545454543
31,You realize legal investigations take a long time? [NAME] is a methodical professional and clearly several steps ahead of [NAME]. Be patient,0.0,1.0,0.6,0.4,"The post expresses a sense of admiration and approval for the methodical and professional nature of the person being discussed. The use of 'methodical professional' and 'several steps ahead' suggests respect and confidence in their abilities, which are positive emotions. However, the overall tone is more informative and advisory, which might not strongly convey positive emotions to all annotators.","The post acknowledges the complexity and time-consuming nature of legal investigations, while expressing admiration and approval for the professional's methodical approach. This suggests a positive view of the person's capabilities, leading to a moderate percentage of annotators perceiving positive emotions.",0.6,0.6
32,EXACTLY. It literally blows my mind that 45 minutes from me it’s completely legal but here it’s jail time like...ok.,0.5,0.5,0.2,0.8,"The post expresses a sense of disbelief and frustration about the legal differences between two locations. There is no clear expression of positive emotions such as joy, admiration, or excitement. The tone is more incredulous and critical, which suggests that most annotators would not classify it as exhibiting positive emotions.","The post does not convey any of the aspects of positive emotions listed. It focuses on the inconsistency of laws and the speaker's frustration with this situation. Therefore, it is likely that a small percentage of annotators might see some amusement in the absurdity of the situation, but the majority would not classify it as positive.",0.3,0.3
33,Haha ik I SHOULD be. But I still love em both like a red headed step child.,0.8,0.19999999999999996,0.8,0.2,"The post expresses amusement ('Haha') and love ('I still love em both'), which are clear indicators of positive emotions. The phrase 'like a red headed step child' is often used humorously, suggesting a playful tone rather than a negative one. The combination of amusement and love suggests that a significant majority of annotators would classify this post as exhibiting positive emotions.","The post contains elements of amusement and love, which are strong indicators of positive emotions. The humorous tone and expression of affection suggest that most annotators would perceive it positively.",0.0,0.0
34,Yeah I’m working with my therapist to help me identify certain behaviors early and pay attention to the red flags.,0.8,0.19999999999999996,0.4,0.6,"The post reflects a proactive and optimistic approach towards personal growth and mental health, which can be associated with positive emotions like optimism and caring. However, the focus on 'red flags' and 'certain behaviors' suggests an underlying concern or issue being addressed, which may not be perceived as entirely positive. This duality might lead to a mixed perception among annotators, with a slight lean towards recognizing positive emotions due to the proactive and self-improvement aspect.","The post reflects a proactive and optimistic approach towards personal growth and mental health, which can be associated with positive emotions like optimism and caring. However, the focus on 'red flags' and 'certain behaviors' suggests an underlying concern or issue being addressed, which may not be perceived as entirely positive. This duality might lead to a mixed perception among annotators, with a slight lean towards recognizing positive emotions due to the proactive and self-improvement aspect.",0.4,0.4000000000000001
35,Damn youtube and outrage drama is super lucrative for reddit,0.6,0.4,0.2,0.8,"The post expresses a critical view of YouTube and outrage drama, suggesting that it is lucrative for Reddit. There is no clear expression of positive emotions such as joy, admiration, or excitement. The tone seems more critical or cynical rather than positive, which would lead to a lower percentage of annotators classifying it as exhibiting positive emotions.","The post does not clearly convey any of the aspects of positive emotions. It seems to be more of a critical observation about the relationship between YouTube, outrage drama, and Reddit. The lack of positive emotional language or sentiment suggests that most annotators would not classify it as exhibiting positive emotions.",0.39999999999999997,0.39999999999999997
36,"Ah, so you're the reason people hate aspies. ",0.0,1.0,0.0,1.0,"The post contains a negative sentiment, as it implies blame and dislike towards a group of people ('aspies'). There are no aspects of positive emotions such as admiration, amusement, approval, caring, desire, excitement, gratitude, joy, love, optimism, pride, or relief present in the post. The content is clear in its negative tone, leading to the prediction that no annotators would classify it as exhibiting positive emotions.","The post 'Ah, so you're the reason people hate aspies.' is likely to be classified by annotators as not exhibiting positive emotions. The statement is accusatory and negative, lacking any elements of positive emotions. Therefore, the predicted percentages are [0.0, 1.0].",0.0,0.0
37,"14 days actually So we're both wrong, yay!",0.6,0.4,0.8,0.2,"The post expresses a sense of amusement and mild joy in the realization that both parties were incorrect, using 'yay' to convey a light-hearted and positive reaction to the situation. This suggests that a significant portion of annotators would perceive the post as exhibiting positive emotions, particularly amusement and joy.","The post uses 'yay' which is often associated with a positive or celebratory tone, indicating amusement or joy. The context of both being wrong is presented in a light-hearted manner, suggesting a positive emotional undertone.",0.20000000000000007,0.10000000000000006
38,"The ""dad"" in that Pizza Hut commercial looks weird af",0.2,0.8,0.2,0.8,"The post expresses a negative opinion about the appearance of a character in a commercial, using the term 'weird af' which suggests disapproval rather than any positive emotion. There is no indication of admiration, amusement, or any other positive emotion aspect. The use of 'weird af' is more likely to be interpreted as a negative or neutral sentiment, leading to a low percentage of annotators classifying it as positive.","The post does not convey any clear positive emotions. It focuses on a negative or critical observation about the appearance of a character in a commercial. The language used ('weird af') suggests disapproval or criticism rather than any positive sentiment. Therefore, it is likely that a small percentage of annotators would classify this as exhibiting positive emotions.",0.0,0.0
39,Oh well pain depends entirely on how you die,0.25,0.75,0.0,1.0,"The post discusses the concept of pain in relation to death, which is generally a negative or neutral topic. There are no clear expressions of positive emotions such as joy, admiration, or gratitude. The focus is on the inevitability and nature of pain, which does not align with any of the positive emotion aspects.","The post does not convey any positive emotions. It is more of a factual or philosophical statement about pain and death, lacking any elements of joy, amusement, or other positive emotions.",0.25,0.08333333333333333
40,bad acts at a reasonable price,0.0,1.0,0.2,0.8,"The post 'bad acts at a reasonable price' is ambiguous and does not clearly convey any specific positive emotions. It could be interpreted as a sarcastic remark or a critique, which does not align with positive emotions. There is no clear expression of admiration, amusement, approval, caring, desire, excitement, gratitude, joy, love, optimism, pride, or relief. Therefore, it is likely that a minority of annotators might perceive some amusement or approval in the context, but the majority would not classify it as exhibiting positive emotions.","The post 'bad acts at a reasonable price' is ambiguous and does not clearly convey any specific positive emotions. It could be interpreted as a sarcastic remark or a critique, which does not align with positive emotions. There is no clear expression of admiration, amusement, approval, caring, desire, excitement, gratitude, joy, love, optimism, pride, or relief. Therefore, it is likely that a minority of annotators might perceive some amusement or approval in the context, but the majority would not classify it as exhibiting positive emotions.",0.2,0.05000000000000001
41,But it's still raping infantry. The case rounds OHK infantry up close. It's just horrendously weak against planes now...,0.2,0.8,0.0,1.0,"The post discusses the effectiveness of a weapon in a game context, using terms like 'raping infantry' and 'horrendously weak against planes.' The language is technical and focused on game mechanics, with no clear expression of positive emotions such as joy, admiration, or excitement. The use of violent language further detracts from any potential positive emotional interpretation.","The post is focused on the performance of a weapon in a game, using language that is technical and somewhat aggressive. There is no indication of positive emotions being expressed, as the focus is on the effectiveness and weaknesses of the weapon rather than any emotional response to it. The language used does not convey admiration, joy, or any other positive emotion, leading to the conclusion that annotators would not classify this post as exhibiting positive emotions.",0.2,0.05000000000000001
42,BALL DONT LIE.,0.2,0.8,0.6,0.4,"The phrase 'BALL DONT LIE' is often used in sports contexts, particularly basketball, to express a sense of justice or truth when a call or play goes in favor of what the speaker believes is the rightful outcome. This can convey a sense of excitement or satisfaction, as it implies that the outcome was fair and just. The phrase is typically used in a positive, enthusiastic manner, suggesting that a majority of annotators might perceive it as expressing positive emotions such as excitement or approval.","The post 'BALL DONT LIE' likely conveys positive emotions related to excitement and approval, as it is a common expression in sports to indicate that the outcome of a play or call was just and deserved. This expression is often used with enthusiasm and satisfaction, suggesting that the majority of annotators would classify it as exhibiting positive emotions. Therefore, the predicted percentages are [0.6, 0.4].",0.39999999999999997,0.39999999999999997
43,hahaha. She is stunning though!,1.0,0.0,0.8,0.2,"The post expresses amusement through the use of 'hahaha' and admiration by describing someone as 'stunning.' These aspects of positive emotions are clear and likely to be recognized by annotators, leading to a high percentage classifying the post as exhibiting positive emotions.","The post contains elements of amusement and admiration, which are aspects of positive emotions. The laughter ('hahaha') suggests amusement, and the compliment ('She is stunning') indicates admiration. These positive aspects are clear, so a significant majority of annotators would likely classify this post as exhibiting positive emotions.",0.19999999999999996,0.049999999999999975
44,I have to cuddle my dog so hard right now.,1.0,0.0,0.9,0.1,"The post expresses a strong desire to cuddle the dog, which indicates a positive emotion of love and caring. The use of 'so hard' emphasizes the intensity of the positive emotion. Most annotators would likely classify this as exhibiting positive emotions due to the clear expression of affection and desire to be close to the pet.","The post 'I have to cuddle my dog so hard right now.' conveys a strong sense of love and caring towards the dog. The phrase 'so hard' suggests an intense positive emotion, likely leading most annotators to classify it as exhibiting positive emotions.",0.09999999999999998,0.011111111111111105
45,"I make lots of lists and none of them are useful. Except my playlists, I use them.",0.0,1.0,0.6,0.4,"The post expresses a sense of amusement and self-awareness about the habit of making lists, which are generally not useful except for playlists. The mention of playlists suggests a positive aspect, as it implies enjoyment or satisfaction from using them. This could be interpreted as a mild form of joy or approval of one's own playlists, leading to a moderate percentage of annotators perceiving positive emotions.","The post conveys a light-hearted tone with a hint of amusement about the habit of making lists. The positive mention of playlists suggests some level of joy or approval, which could lead to a moderate percentage of annotators perceiving positive emotions.",0.6,0.6
46,Inexperience meant I didn’t know that I could legally refuse service,0.0,1.0,0.0,1.0,"The post reflects a realization about a lack of knowledge regarding legal rights, which does not inherently convey any positive emotions. There is no expression of admiration, amusement, approval, caring, desire, excitement, gratitude, joy, love, optimism, pride, or relief. The tone is more factual and possibly regretful, but not positive.","The post does not express any of the aspects of positive emotions. It is more about a realization or learning experience, which is neutral or slightly negative in tone.",0.0,0.0
47,"Fellow [NAME] fan, reporting in. She's my favorite character in the series lol. ",0.8,0.19999999999999996,0.8,0.2,"The post expresses a positive sentiment towards a character, indicating admiration and approval. The use of 'favorite' and 'lol' suggests a light-hearted and joyful tone, which are aspects of positive emotions. The clarity of the positive sentiment is high, leading to a higher percentage of annotators likely classifying it as exhibiting positive emotions.","The post clearly expresses admiration and approval for a character, which are aspects of positive emotions. The use of 'favorite' and 'lol' suggests a light-hearted and joyful tone, contributing to the positive sentiment. Therefore, a significant percentage of annotators would classify this post as exhibiting positive emotions.",0.0,0.0
48,"Ugh, that contour looks so incredibly natural. I love this look; it's stunning and smooth as hell.",1.0,0.0,1.0,0.0,"The post expresses admiration and approval for the contour, describing it as 'incredibly natural,' 'stunning,' and 'smooth as hell.' The use of 'I love this look' indicates a strong positive emotion of love and approval. The language is clear and unambiguous in conveying positive emotions, particularly admiration and approval.","The post is filled with positive language and expressions of admiration and approval for the contour. The use of words like 'incredibly natural,' 'stunning,' and 'smooth as hell' clearly indicates admiration. The phrase 'I love this look' further emphasizes the positive emotion of love and approval. There is no ambiguity in the expression of positive emotions, making it likely that all annotators would classify this post as exhibiting positive emotions.",0.0,0.0
49,"Guys it's a dril tweet, false alarm",0.2,0.8,0.4,0.6,"The post refers to a 'dril tweet,' which is a reference to a popular Twitter account known for its humorous and absurd tweets. The phrase 'false alarm' suggests a light-hearted or humorous tone, indicating amusement. However, the post is not explicitly expressing strong positive emotions like joy or excitement, leading to a moderate percentage of annotators perceiving it as positive.","The post refers to a 'dril tweet,' which is a reference to a popular Twitter account known for its humorous and absurd tweets. The phrase 'false alarm' suggests a light-hearted or humorous tone, indicating amusement. However, the post is not explicitly expressing strong positive emotions like joy or excitement, leading to a moderate percentage of annotators perceiving it as positive.",0.2,0.10000000000000003
50,"Yeah, that's why I'm not feeling like there's much I can do except vent.",0.25,0.75,0.2,0.8,"The post expresses a sense of helplessness and the need to vent, which does not strongly align with any specific positive emotion. There is no clear indication of joy, excitement, or any other positive emotion. The expression of venting suggests a release of frustration rather than a positive sentiment.","The post does not convey positive emotions clearly. It reflects a sense of frustration and helplessness, which are not associated with positive emotions. Therefore, a small percentage of annotators might perceive some relief in the act of venting, but the majority would not classify it as positive.",0.04999999999999999,0.004545454545454543
51,This entire discussion is very unnecessary,0.0,1.0,0.0,1.0,"The post expresses a negative sentiment about the discussion, indicating that the author finds it unnecessary. There are no clear aspects of positive emotions such as joy, admiration, or excitement present in the post. The statement is straightforward and lacks any positive emotional content.","The post 'This entire discussion is very unnecessary' does not convey any positive emotions. It suggests a negative view of the discussion, implying it is pointless or redundant. Therefore, it is likely that 0% of annotators would classify it as exhibiting positive emotions, while 100% would not.",0.0,0.0
52,"This is how the really, really good porns start.",0.6,0.4,0.4,0.6,"The post seems to express amusement or entertainment, which is a positive emotion. However, the context of the post being about 'porns' might make some annotators uncomfortable or view it as inappropriate, leading to a lower percentage of positive emotion classification. The humor or amusement aspect is present but might not be strong enough to convince a majority of annotators.","The post suggests a humorous or entertaining scenario, which can be associated with amusement, a positive emotion. However, the subject matter might not be universally seen as positive, leading to a split in annotator opinions.",0.19999999999999996,0.19999999999999996
53,Honestly I’d believe it. [NAME] seems stuck in that high school mentality,0.4,0.6,0.0,1.0,"The post expresses a critical view of someone being stuck in a 'high school mentality,' which does not convey any of the positive emotions listed. It lacks admiration, amusement, approval, caring, desire, excitement, gratitude, joy, love, optimism, pride, or relief. The tone is more dismissive or critical, leading to a prediction that no annotators would classify it as exhibiting positive emotions.","The post does not express any positive emotions. It is critical of someone, suggesting they are immature or stuck in a past mindset. This does not align with any of the positive emotions such as admiration, joy, or love. Therefore, it is likely that 0% of annotators would classify it as exhibiting positive emotions, while 100% would not.",0.4,0.2666666666666667
54,"I bid my condolences to any player who did not experience release day action. “*Glorious battles, tooth and nail* *Noobs arrived, our matches grew stale*”",0.2,0.8,0.4,0.6,"The post expresses a mix of emotions. The phrase 'I bid my condolences' suggests a sense of caring or empathy for those who missed out on the experience, which is a positive emotion. However, the overall tone of the post is somewhat neutral, as it reflects on the past excitement ('Glorious battles') and the subsequent decline in excitement ('matches grew stale'). The use of poetic language adds a touch of admiration for the past experiences, but the post does not strongly convey joy or other positive emotions. Therefore, the prediction is that a moderate percentage of annotators might classify it as exhibiting positive emotions, but the majority may not.","The post reflects on past experiences with a sense of nostalgia and empathy for those who missed out. It uses poetic language to describe the excitement of 'release day action' and the decline in excitement as 'matches grew stale.' While there is a hint of admiration and caring, the overall tone is more reflective and neutral, leading to a prediction of [0.4, 0.6] for positive emotions versus not.",0.2,0.10000000000000003
55,I think the one thing we can all agree on is Kill Mikol. This was too difficult to answer in full..,0.4,0.6,0.0,1.0,"The post expresses a sentiment of aggression or hostility towards 'Mikol,' which does not align with any of the positive emotions listed. There is no indication of admiration, amusement, approval, caring, desire, excitement, gratitude, joy, love, optimism, pride, or relief. The phrase 'Kill Mikol' is particularly negative and suggests a lack of positive emotion.","The post does not convey any positive emotions. The phrase 'Kill Mikol' is aggressive and hostile, which is contrary to positive emotions. The difficulty mentioned in the post does not imply any positive sentiment either.",0.4,0.2666666666666667
56,Not sure where people get them from but I see people offering them out here and there so thought I'd take advantage,0.4,0.6,0.6,0.4,"The post expresses a sense of opportunity and possibly excitement or desire, as the author mentions 'taking advantage' of something being offered. This suggests a positive outlook towards the situation, which could be interpreted as optimism or excitement. However, the post is somewhat neutral and lacks strong emotional language, which might lead some annotators to not classify it as strongly positive.","The post suggests a positive action of taking advantage of opportunities, which can be associated with optimism or excitement. However, the language is not strongly emotional, leading to a moderate percentage of annotators seeing it as positive.",0.19999999999999996,0.19999999999999996
57,I had a guy who just kept jumping off the bridge in Eichenwald to his death over and over.. in a placement match.. WHY!,0.0,1.0,0.2,0.8,"The post expresses frustration and confusion about a player's behavior in a game, which does not convey positive emotions. There is no clear indication of admiration, amusement, approval, caring, desire, excitement, gratitude, joy, love, optimism, pride, or relief. The focus is on the negative impact of the player's actions during a placement match, leading to a higher percentage of annotators likely not classifying it as exhibiting positive emotions.","The post is about a frustrating experience in a game where a player repeatedly sabotages the match. The tone is more negative due to the confusion and frustration expressed, rather than any positive emotion.",0.2,0.05000000000000001
58,Alright guys I got next on the repost,0.0,1.0,0.4,0.6,"The post 'Alright guys I got next on the repost' suggests a casual and light-hearted tone, which might be interpreted as amusement or excitement about participating in a shared activity (reposting). However, the post lacks explicit expressions of strong positive emotions such as joy, love, or gratitude. The ambiguity in the post's intent and the absence of clear positive emotional indicators likely leads to a moderate distribution of annotators perceiving it as positive.","The post 'Alright guys I got next on the repost' suggests a casual and light-hearted tone, which might be interpreted as amusement or excitement about participating in a shared activity (reposting). However, the post lacks explicit expressions of strong positive emotions such as joy, love, or gratitude. The ambiguity in the post's intent and the absence of clear positive emotional indicators likely leads to a moderate distribution of annotators perceiving it as positive.",0.4,0.2666666666666667
59,Is [NAME] up to his neck is dodgy dealings again after RHI?,0.0,1.0,0.0,1.0,"The post questions whether someone is involved in 'dodgy dealings,' which implies suspicion and potential wrongdoing. There are no elements of positive emotions such as admiration, amusement, approval, caring, desire, excitement, gratitude, joy, love, optimism, pride, or relief present in the post. The focus is on negative implications rather than any positive sentiment.","The post does not convey any positive emotions. It is centered around suspicion and potential negative behavior, which are not associated with positive emotional aspects.",0.0,0.0
60,Iv done it before.,0.6,0.4,0.4,0.6,"The post 'Iv done it before.' is quite ambiguous and lacks context. It could imply a sense of pride or accomplishment, which are aspects of positive emotions, but without additional context, it is difficult to determine the exact emotion. Therefore, there might be a slight inclination towards positive emotions, but the ambiguity leads to a balanced distribution.","The post 'Iv done it before.' is ambiguous and lacks context. It could imply pride or accomplishment, but without more information, it's hard to determine the exact emotion. Thus, a balanced distribution is likely.",0.19999999999999996,0.19999999999999996
61,Do you ever feel exhausted after chasing girls? I do sometimes,0.25,0.75,0.4,0.6,"The post expresses a sense of exhaustion, which is not typically associated with positive emotions. However, the context of 'chasing girls' might imply a playful or light-hearted pursuit, which could be seen as amusing or exciting to some extent. This duality creates a mix of potential positive emotions like amusement or excitement, but the overall tone leans towards exhaustion, which is not positive.","The post mentions feeling exhausted, which is generally not a positive emotion. However, the context of 'chasing girls' could imply a playful or light-hearted activity, which might be seen as amusing or exciting. This creates a mix of potential positive emotions, but the overall tone is more about exhaustion.",0.15000000000000002,0.06428571428571431
62,"""No thanks""",0.2,0.8,0.0,1.0,"The post 'No thanks' is a straightforward expression of refusal or disinterest. It does not convey any of the aspects of positive emotions such as admiration, amusement, approval, caring, desire, excitement, gratitude, joy, love, optimism, pride, or relief. The lack of context or additional information makes it unlikely for annotators to perceive it as exhibiting positive emotions.","The post 'No thanks' is a simple expression of refusal or disinterest, lacking any positive emotional content.",0.2,0.05000000000000001
63,Please just give [NAME] some rest. He looks tired.,0.4,0.6,0.6,0.4,"The post expresses concern and caring for [NAME], suggesting that they need rest because they look tired. This indicates a display of kindness and concern, which is an aspect of positive emotions. However, the post is not overtly joyful or enthusiastic, which might lead some annotators to not classify it as strongly positive.","The post expresses caring, which is a positive emotion, but lacks other strong positive emotional aspects like joy or excitement.",0.19999999999999996,0.19999999999999996
64,are you fcking serious sis,0.0,1.0,0.0,1.0,"The post 'are you fcking serious sis' does not clearly convey any positive emotions. It seems to express disbelief or frustration, which are not aspects of positive emotions. The use of 'fcking' suggests a negative or confrontational tone, further indicating a lack of positive emotional content.","The post 'are you fcking serious sis' does not convey positive emotions such as admiration, amusement, approval, caring, desire, excitement, gratitude, joy, love, optimism, pride, or relief. Instead, it suggests disbelief or frustration, which are not positive emotions. Therefore, the prediction is that 0% of annotators would classify it as exhibiting positive emotions, while 100% would not.",0.0,0.0
65,"Just curious, people keep saying fire [NAME]. And then what?",0.0,1.0,0.0,1.0,"The post expresses curiosity and questions the outcome of a suggested action (firing someone). It does not convey any clear positive emotions such as joy, admiration, or approval. Instead, it seems to be a neutral inquiry or a challenge to the idea of firing someone without a clear plan. The lack of positive emotional content suggests that annotators would not classify this post as exhibiting positive emotions.","The post is a question that challenges the idea of firing someone without a clear plan. It does not express any positive emotions like joy, admiration, or approval, making it unlikely to be classified as exhibiting positive emotions by annotators.",0.0,0.0
66,You seem to be on the right track you gotta get 10k karma before your account is a year old,0.6,0.4,0.8,0.2,"The post expresses approval and encouragement, suggesting that the person is on the right track and has a goal to achieve. This conveys positive emotions such as approval and optimism, as it implies confidence in the person's ability to reach the goal of 10k karma within a year.","The post is supportive and encouraging, indicating a positive outlook on the person's progress and potential success. This aligns with aspects of positive emotions like approval and optimism, leading to a higher percentage of annotators likely classifying it as exhibiting positive emotions.",0.20000000000000007,0.10000000000000006
67,Makes me want to go shit on the doorstep of 540 Hampshire Street (Good2go HQ),0.25,0.75,0.0,1.0,"The post expresses a desire to perform a negative action (shitting on a doorstep), which does not align with any of the positive emotions listed. It conveys frustration or anger rather than any form of positive emotion such as joy, admiration, or amusement.","The post does not exhibit any positive emotions. It is more likely to be interpreted as expressing negative emotions such as anger or frustration. Therefore, the percentage of annotators who classify the post as exhibiting positive emotions is likely to be very low, if not zero.",0.25,0.08333333333333333
68,I'm surprised [NAME] didn't bust that dress open when she bent down to high [NAME],0.2,0.8,0.3,0.7,"The post contains a hint of amusement or surprise, which could be interpreted as a positive emotion. However, the comment could also be seen as objectifying or mocking, which detracts from the positivity. The ambiguity in the tone and the potential for negative interpretation likely leads to a lower percentage of annotators perceiving it as positive.","The post expresses surprise, which can be a neutral or slightly positive emotion, depending on context. The mention of 'busting a dress' could be seen as humorous or mocking, which complicates the interpretation. Given these factors, a minority of annotators might see it as positive due to the amusement aspect, but the majority might not due to the potential for objectification or mockery.",0.09999999999999998,0.01999999999999999
69,I would if possible but we are a flexible bunch.,0.2,0.8,0.8,0.2,"The post expresses a willingness to adapt and flexibility, which can be associated with positive emotions such as optimism and approval. The phrase 'I would if possible' suggests a desire to accommodate, and 'we are a flexible bunch' indicates a positive view of adaptability. These elements are likely to be interpreted by annotators as conveying positive emotions.","The post 'I would if possible but we are a flexible bunch.' suggests a positive attitude towards adaptability and willingness to accommodate. This can be associated with optimism and approval, leading to a higher likelihood of being classified as exhibiting positive emotions.",0.6000000000000001,0.6000000000000001
70,"Happy birthday my guy! Hope you have a great day today, tomorrow, and every day after that. You and everyone deserve a good day. 😃",1.0,0.0,1.0,0.0,"The post clearly expresses positive emotions such as joy, caring, and optimism. The use of 'Happy birthday' and 'Hope you have a great day' conveys joy and optimism. The phrase 'You and everyone deserve a good day' shows caring and approval. The smiley emoji further emphasizes the positive tone. There is no ambiguity in the expression of positive emotions, making it likely that all annotators would classify this post as exhibiting positive emotions.","The post is a clear expression of positive emotions, including joy, caring, and optimism. The language used is straightforward and unambiguous in conveying well-wishes and positive sentiments. The presence of a smiley emoji further reinforces the positive tone. Therefore, it is highly likely that all annotators would agree that this post exhibits positive emotions.",0.0,0.0
71,I just want someone who listens to scientists. That's too much to ask though.,0.6,0.4,0.4,0.6,"The post expresses a desire for someone who listens to scientists, which indicates a positive emotion of desire. However, the phrase 'That's too much to ask though' suggests a sense of resignation or pessimism, which tempers the positive emotion. The post is somewhat ambiguous, as it contains both a positive desire and a negative expectation, leading to a moderate likelihood of being classified as exhibiting positive emotions.","The post expresses a desire for someone who listens to scientists, which indicates a positive emotion of desire. However, the phrase 'That's too much to ask though' suggests a sense of resignation or pessimism, which tempers the positive emotion. The post is somewhat ambiguous, as it contains both a positive desire and a negative expectation, leading to a moderate likelihood of being classified as exhibiting positive emotions.",0.19999999999999996,0.19999999999999996
72,It just keeps getting better,0.8,0.19999999999999996,0.8,0.2,"The post 'It just keeps getting better' suggests a positive outlook and optimism about a situation. The phrase implies that things are improving, which is a clear indicator of optimism and possibly joy. The simplicity and positivity of the statement make it likely that a majority of annotators would classify it as exhibiting positive emotions.","The post 'It just keeps getting better' suggests a positive outlook and optimism about a situation. The phrase implies that things are improving, which is a clear indicator of optimism and possibly joy. The simplicity and positivity of the statement make it likely that a majority of annotators would classify it as exhibiting positive emotions.",0.0,0.0
73,also that fiat (if paid in Bolivares) will quickly depreciate in a week,0.4,0.6,0.0,1.0,"The post discusses the depreciation of currency, specifically Bolivares, which is generally a negative economic situation. There are no clear expressions of positive emotions such as joy, admiration, or excitement. The content is more factual and possibly critical of the economic situation, lacking any positive emotional aspects.","The post does not convey any positive emotions. It focuses on the depreciation of currency, which is typically associated with negative economic implications. There is no indication of joy, admiration, or any other positive emotion in the content.",0.4,0.2666666666666667
74,[NAME] in AHS Roanoke takes that spot for me. [NAME] was painful to listen to,0.2,0.8,0.2,0.8,"The post expresses a negative opinion about a character or actor in AHS Roanoke, describing them as 'painful to listen to.' This suggests disapproval rather than any positive emotion. There is no clear indication of admiration, amusement, approval, or any other positive emotion aspect.","The post primarily conveys disapproval and criticism, which are not positive emotions. Therefore, a small percentage of annotators might perceive some amusement or interest in the discussion of the show, but the majority would likely classify it as not exhibiting positive emotions.",0.0,0.0
75,Oh I will be independent. I don't need someone like that in my life.,0.2,0.8,0.4,0.6,"The post expresses a sense of independence and self-reliance, which can be associated with positive emotions like pride and optimism. However, the context of not needing someone suggests a possible negative undertone, such as relief from a negative relationship. The positive emotions are present but not strongly emphasized, leading to a moderate percentage of annotators perceiving positive emotions.","The post conveys a sense of independence and self-reliance, which are positive emotions. However, the context of not needing someone suggests a possible negative undertone, such as relief from a negative relationship. The positive emotions are present but not strongly emphasized, leading to a moderate percentage of annotators perceiving positive emotions.",0.2,0.10000000000000003
76,Doing what?,0.0,1.0,0.0,1.0,"The post 'Doing what?' is a very short and ambiguous question that does not convey any clear positive emotions. It lacks context and does not express any of the aspects of positive emotions such as joy, admiration, or excitement. Therefore, it is unlikely that annotators would classify it as exhibiting positive emotions.","The post 'Doing what?' is a simple question that lacks any emotional content or context. It does not express any positive emotions such as joy, admiration, or excitement. As a result, it is unlikely to be classified as exhibiting positive emotions by annotators.",0.0,0.0
77,"If it weren't for my horse, I wouldn't have spent that year in college.",0.4,0.6,0.6,0.4,"The post is a humorous and somewhat absurd statement that can evoke amusement due to its unexpected and nonsensical nature. The connection between a horse and attending college is not clear, which adds to the humor. This amusement aspect suggests that a significant portion of annotators might perceive it as conveying positive emotions, specifically amusement.","The post is likely to be perceived as amusing due to its absurdity and unexpectedness, which can lead to a positive emotional response. Therefore, a majority of annotators might classify it as exhibiting positive emotions, but not overwhelmingly so due to its ambiguity.",0.19999999999999996,0.19999999999999996
78,Damn it!,0.0,1.0,0.2,0.8,"The post 'Damn it!' expresses frustration or disappointment, which are not positive emotions. There is no clear indication of any positive emotion such as joy, amusement, or excitement. The expression is more likely to be associated with negative emotions, leading to a low percentage of annotators classifying it as exhibiting positive emotions.","The post 'Damn it!' is a brief expression of frustration or disappointment. It lacks any clear indicators of positive emotions such as joy, amusement, or excitement. Therefore, it is likely that a small percentage of annotators would classify it as exhibiting positive emotions, while the majority would not.",0.2,0.05000000000000001
79,Shes awful and its all about her. Try again. And when the show has awful ratings thatll be confirmed.,0.0,1.0,0.0,1.0,"The post expresses a negative opinion about a person and a show, indicating disapproval and criticism. There are no elements of positive emotions such as admiration, amusement, or joy. The focus is on the awfulness of the person and the expected failure of the show, which suggests a lack of positive sentiment.","The post is critical and negative, focusing on the awfulness of a person and predicting poor ratings for a show. There is no indication of positive emotions such as admiration, joy, or approval. The sentiment is entirely negative, leading to a prediction that 0% of annotators would classify it as exhibiting positive emotions.",0.0,0.0
80,I wish I could’ve had that kind of relationship with my mother.,0.8,0.19999999999999996,0.4,0.6,"The post expresses a sense of desire for a positive relationship, which can be associated with positive emotions like caring and love. However, it also implies a lack of fulfillment and possibly regret, which introduces a negative aspect. The mixed nature of the sentiment suggests that a moderate percentage of annotators might see it as expressing positive emotions, while a slightly higher percentage might not.","The post reflects a desire for a positive relationship, indicating aspects of caring and love. However, the unfulfilled nature of this desire introduces a negative tone, leading to a mixed interpretation of the emotions conveyed.",0.4,0.4000000000000001
81,9 to 4. That's pretty sorry.,0.0,1.0,0.0,1.0,"The post '9 to 4. That's pretty sorry.' does not clearly express any positive emotions. It seems to be expressing disappointment or dissatisfaction, likely in response to a score or result. There is no indication of admiration, amusement, approval, caring, desire, excitement, gratitude, joy, love, optimism, pride, or relief. The tone is more negative, focusing on a poor outcome or performance.","The post '9 to 4. That's pretty sorry.' does not convey any positive emotions. It seems to express disappointment or dissatisfaction, likely in response to a score or result. There is no indication of admiration, amusement, approval, caring, desire, excitement, gratitude, joy, love, optimism, pride, or relief. The tone is more negative, focusing on a poor outcome or performance.",0.0,0.0
82,"Sure. Let’s start with the terrorists with the biggest guns. How about Israel, or Saudi Arabia? ",0.4,0.6,0.0,1.0,"The post uses a sarcastic tone to refer to Israel and Saudi Arabia as terrorists, which is a negative sentiment. There is no expression of positive emotions such as admiration, joy, or gratitude. The content is more likely to be perceived as critical or accusatory rather than positive.","The post does not convey any of the aspects of positive emotions. It is critical and potentially sarcastic, focusing on a negative portrayal of certain countries. Therefore, it is unlikely that any annotators would classify this as exhibiting positive emotions.",0.4,0.2666666666666667
83,we got good at breakaways!!,0.8,0.19999999999999996,0.8,0.2,"The post 'we got good at breakaways!!' suggests a sense of achievement and excitement. The use of exclamation marks indicates enthusiasm, and the statement itself implies pride in improvement or success in a particular skill. These elements align with positive emotions such as pride and excitement, making it likely that a significant portion of annotators would classify this post as exhibiting positive emotions.","The post 'we got good at breakaways!!' suggests a sense of achievement and excitement. The use of exclamation marks indicates enthusiasm, and the statement itself implies pride in improvement or success in a particular skill. These elements align with positive emotions such as pride and excitement, making it likely that a significant portion of annotators would classify this post as exhibiting positive emotions.",0.0,0.0
84,"most issues with nervousness and anxiety can be eliminated by eliminating the bad habits that are causing them to begin with, instead of 'just exercising/meditating' more",0.6,0.4,0.4,0.6,"The post suggests a solution to nervousness and anxiety by addressing the root causes rather than just using common remedies like exercise or meditation. This implies a sense of optimism and relief, as it offers a proactive approach to overcoming these issues. However, the post does not explicitly express strong positive emotions such as joy, love, or excitement, which may lead to a moderate percentage of annotators perceiving it as positive.","The post discusses overcoming nervousness and anxiety by addressing bad habits, which implies optimism and relief. However, it lacks explicit expressions of strong positive emotions, leading to a moderate perception of positivity.",0.19999999999999996,0.19999999999999996
85,"I am secretly hoping for a Vini winner - he deserves it so much, the guy pours his heart out on the pitch",0.8,0.19999999999999996,0.9,0.1,"The post expresses a strong desire and admiration for Vini, indicating positive emotions. The phrase 'he deserves it so much' shows approval and admiration, while 'the guy pours his heart out on the pitch' suggests admiration and possibly love for his dedication. The hope for a 'Vini winner' also indicates optimism and desire.","The post is filled with positive emotions, primarily admiration and desire. The writer expresses a strong wish for Vini to win, which is a clear indication of desire. The admiration is evident in the acknowledgment of Vini's efforts and dedication. The overall tone is hopeful and supportive, suggesting that a high percentage of annotators would classify this post as exhibiting positive emotions.",0.09999999999999998,0.014285714285714277
86,"Nobody consciously thinks ""today I feel like chewing with my mouth open"".",0.5,0.5,0.0,1.0,"The post does not express any of the aspects of positive emotions. It is a neutral statement about a behavior (chewing with mouth open) that is generally considered impolite. There is no indication of admiration, amusement, approval, caring, desire, excitement, gratitude, joy, love, optimism, pride, or relief.",The post is a neutral observation about a behavior that is typically seen as negative or impolite. It does not convey any positive emotions.,0.5,0.5
87,I'm an inspiring man,0.8,0.19999999999999996,0.8,0.2,"The post 'I'm an inspiring man' suggests a sense of pride and possibly admiration. The use of the word 'inspiring' indicates that the person sees themselves as having a positive impact on others, which is a positive emotion. This could lead to a high percentage of annotators perceiving it as conveying positive emotions, particularly pride and admiration.","The post 'I'm an inspiring man' suggests a sense of pride and possibly admiration. The use of the word 'inspiring' indicates that the person sees themselves as having a positive impact on others, which is a positive emotion. This could lead to a high percentage of annotators perceiving it as conveying positive emotions, particularly pride and admiration.",0.0,0.0
88,Because it’s more fun?,0.6,0.4,0.8,0.2,"The post 'Because it’s more fun?' suggests a positive emotion related to amusement or joy. The use of 'fun' indicates a sense of enjoyment or entertainment, which are aspects of positive emotions. The question format might imply a light-hearted or playful tone, further supporting the presence of positive emotions. However, the brevity and lack of context might lead some annotators to interpret it differently, but the primary sentiment leans towards positive emotions.","The post 'Because it’s more fun?' suggests a positive emotion related to amusement or joy. The use of 'fun' indicates a sense of enjoyment or entertainment, which are aspects of positive emotions. The question format might imply a light-hearted or playful tone, further supporting the presence of positive emotions. However, the brevity and lack of context might lead some annotators to interpret it differently, but the primary sentiment leans towards positive emotions.",0.20000000000000007,0.10000000000000006
89,I'm just reminding everyone. you're not helping the situation by being pedantic,0.0,1.0,0.2,0.8,"The post seems to express a mild disapproval or frustration towards being pedantic, which is not typically associated with positive emotions. There is no clear indication of admiration, amusement, approval, caring, desire, excitement, gratitude, joy, love, optimism, pride, or relief. The tone suggests a corrective or admonishing stance rather than a positive one.","The post does not clearly convey any of the aspects of positive emotions. It appears to be more of a reminder or a critique, which is generally not associated with positive emotions. Therefore, a small percentage of annotators might see some positive intent in the reminder, but the majority would likely not classify it as exhibiting positive emotions.",0.2,0.05000000000000001
90,Great to hear!,1.0,0.0,1.0,0.0,"The post 'Great to hear!' clearly expresses approval and possibly joy. It is a straightforward expression of positive emotion, indicating that the speaker is pleased with the information they received. There is no ambiguity in the expression, making it highly likely that all annotators would classify it as exhibiting positive emotions.","The post 'Great to hear!' is a clear expression of positive emotion, specifically approval and joy. It indicates that the speaker is pleased with the information they received, and there is no ambiguity in the expression. Therefore, it is highly likely that all annotators would classify it as exhibiting positive emotions.",0.0,0.0
91,He's also a chaser and is convinced that shouting at someone is an escalation from a shooting spree. He is incredibly dumb.,0.0,1.0,0.0,1.0,"The post contains negative language, describing someone as 'incredibly dumb' and associating them with negative actions like 'shouting' and 'shooting spree.' There are no clear aspects of positive emotions such as admiration, joy, or gratitude present in the post. The content is critical and derogatory, which suggests that annotators would not classify it as exhibiting positive emotions.","The post is critical and derogatory, focusing on negative actions and attributes. There are no positive emotions expressed.",0.0,0.0
92,"And ignoring how ""magic"" works in the same way you support your arguments.",0.0,1.0,0.0,1.0,"The post seems to be a critique or a sarcastic remark about someone's argument style, possibly implying that the person is using 'magic' or illogical reasoning to support their arguments. There is no clear expression of positive emotions such as admiration, amusement, approval, or any other aspect listed. The tone appears more critical or dismissive rather than positive.","The post does not convey any positive emotions. It seems to be a critique or sarcastic remark about someone's argument style, implying that they are using 'magic' or illogical reasoning. There is no expression of admiration, amusement, approval, or any other positive emotion. The tone is more critical or dismissive.",0.0,0.0
93,"Let's be real, [NAME] is coming back.",0.5,0.5,0.6,0.4,"The post expresses a sense of optimism or confidence about the return of someone named [NAME]. This suggests a positive outlook or hopefulness, which aligns with the aspect of optimism. However, the post is quite neutral and lacks strong emotional language, which might lead some annotators to not perceive it as strongly positive.","The post 'Let's be real, [NAME] is coming back.' suggests a positive expectation or hope regarding [NAME]'s return. This aligns with the aspect of optimism, as it conveys confidence about a future event. However, the language is straightforward and lacks emotional intensity, which might result in a moderate percentage of annotators perceiving it as positive.",0.09999999999999998,0.09999999999999998
94,The puppy is actually suggesting that the use of laptop to be repulsive. ^^^^PCMR4Lyfe,0.4,0.6,0.4,0.6,"The post contains a humorous element with the phrase 'PCMR4Lyfe,' which is a playful nod to the 'PC Master Race' meme, suggesting amusement. However, the main content about the puppy finding the laptop repulsive does not strongly convey positive emotions like joy or admiration. The humor is subtle and may not be perceived as positive by all annotators, leading to a moderate percentage of positive emotion classification.","The post humorously suggests that a puppy finds laptops repulsive, with a playful reference to the 'PC Master Race' meme. This could be seen as amusing to some, but the humor is subtle and not overtly positive, leading to a moderate percentage of annotators classifying it as positive.",0.0,0.0
95,Oh jeez I missed that :(,0.0,1.0,0.4,0.6,"The post 'Oh jeez I missed that :(' expresses a mild sense of regret or disappointment, indicated by the sad emoticon ':('. However, the use of 'Oh jeez' suggests a light-hearted or amused tone, which could be interpreted as amusement or a casual acknowledgment of missing something. The emoticon adds a layer of emotion that could be seen as playful rather than purely negative. This ambiguity might lead some annotators to see a slight positive emotion, such as amusement, while others might focus on the regretful aspect.","The post 'Oh jeez I missed that :(' expresses a mild sense of regret or disappointment, indicated by the sad emoticon ':('. However, the use of 'Oh jeez' suggests a light-hearted or amused tone, which could be interpreted as amusement or a casual acknowledgment of missing something. The emoticon adds a layer of emotion that could be seen as playful rather than purely negative. This ambiguity might lead some annotators to see a slight positive emotion, such as amusement, while others might focus on the regretful aspect.",0.4,0.2666666666666667
96,I dated a girl once who made a gb with her cup holder. Dropped my phone in it once,0.2,0.8,0.4,0.6,"The post describes a humorous and somewhat absurd situation involving a makeshift gadget and an accidental mishap. The mention of dating and the light-hearted tone could evoke amusement and mild nostalgia, which are aspects of positive emotions. However, the post is not overtly positive and could be interpreted as neutral or slightly negative due to the inconvenience of dropping a phone. This ambiguity leads to a moderate prediction of positive emotion classification.","The post describes a humorous situation involving a makeshift gadget and an accidental mishap. The mention of dating and the light-hearted tone could evoke amusement and mild nostalgia, which are aspects of positive emotions. However, the post is not overtly positive and could be interpreted as neutral or slightly negative due to the inconvenience of dropping a phone. This ambiguity leads to a moderate prediction of positive emotion classification.",0.2,0.10000000000000003
97,That's not even accounting for the NDAs other customers have had to sign.,0.0,1.0,0.0,1.0,"The post discusses NDAs (non-disclosure agreements) which are typically associated with confidentiality and legal matters. There is no indication of positive emotions such as joy, admiration, or excitement. The content is neutral and factual, focusing on a legal aspect rather than any emotional expression.","The post is factual and neutral, discussing NDAs without any emotional context. It does not convey any positive emotions.",0.0,0.0
98,"Nobody forced [NAME] to take [NAME] over [NAME], if he liked him that much then he should’ve just taken him.",0.6,0.4,0.0,1.0,"The post expresses a critical opinion about a decision made by someone, suggesting that they should have acted differently if they truly liked the person mentioned. There is no indication of positive emotions such as admiration, amusement, approval, or any other aspect of positive emotions. The tone is more critical and possibly frustrated, which aligns with a lack of positive emotional expression.","The post does not convey any positive emotions. It is more of a critique or expression of dissatisfaction with a decision made by someone. The language used does not reflect any admiration, amusement, approval, or other positive emotions. Therefore, it is likely that 0% of annotators would classify this post as exhibiting positive emotions, while 100% would not.",0.6,0.6
99,"Same. You all tried to save me, but I rewatched with the sound on and... I have regrets.",0.2,0.8,0.2,0.8,"The post expresses a sense of regret, which is not typically associated with positive emotions. There is no clear indication of admiration, amusement, approval, caring, desire, excitement, gratitude, joy, love, optimism, pride, or relief. The mention of 'regrets' suggests a negative sentiment, leading to a higher likelihood that annotators would classify it as not exhibiting positive emotions.","The post does not clearly convey any of the aspects of positive emotions. The mention of 'regrets' suggests a negative sentiment, which is likely to lead annotators to classify it as not exhibiting positive emotions. Therefore, the prediction is that 20% of annotators might see some humor or amusement in the situation, while 80% would classify it as not exhibiting positive emotions.",0.0,0.0
100,I tell myself that but when I’m at 90 I’m like a zombie,0.6,0.4,0.2,0.8,"The post expresses a sense of fatigue or lack of energy, as indicated by the comparison to being 'like a zombie.' This suggests a lack of positive emotions such as joy, excitement, or enthusiasm. The post does not clearly convey any of the positive emotions listed, such as admiration, amusement, or optimism. Therefore, it is likely that a majority of annotators would not classify this post as exhibiting positive emotions.","The post 'I tell myself that but when I’m at 90 I’m like a zombie' does not clearly express any positive emotions. The mention of being 'like a zombie' suggests a state of exhaustion or lack of vitality, which is contrary to positive emotions like joy or excitement. As such, it is predicted that 20% of annotators might see some positive aspect, perhaps in the context of self-awareness or humor, while 80% would not classify it as positive.",0.39999999999999997,0.39999999999999997
101,"I feel bad for house slaves, even if it's in their understandable self-interest. ",0.0,1.0,0.2,0.8,"The post expresses a sense of sympathy or pity towards 'house slaves,' which could be interpreted as a form of caring. However, the overall tone is more somber and reflective rather than overtly positive. The mention of 'understandable self-interest' suggests a rationalization rather than an emotional expression of positive sentiment. Therefore, the post is more likely to be seen as not exhibiting positive emotions by the majority of annotators.","The post expresses a sense of sympathy or pity towards 'house slaves,' which could be interpreted as a form of caring. However, the overall tone is more somber and reflective rather than overtly positive. The mention of 'understandable self-interest' suggests a rationalization rather than an emotional expression of positive sentiment. Therefore, the post is more likely to be seen as not exhibiting positive emotions by the majority of annotators.",0.2,0.05000000000000001
102,I always feel like cute gay couples have a pug...,0.6,0.4,0.7,0.3,"The post expresses a sense of amusement and possibly admiration for cute gay couples having a pug, which is a light-hearted and positive observation. The use of 'cute' suggests approval and affection, contributing to the positive emotional tone. However, the post is not overtly enthusiastic or joyful, which might lead some annotators to not classify it as strongly positive.","The post 'I always feel like cute gay couples have a pug...' conveys a sense of amusement and admiration. The mention of 'cute' indicates approval and affection, and the idea of associating gay couples with pugs is a light-hearted observation that can be seen as amusing. This results in a majority of annotators likely perceiving it as positive, but not overwhelmingly so, as it lacks strong expressions of joy or excitement.",0.09999999999999998,0.033333333333333326
103,I’ve been dreaming in rdr2 several nights. Not a bad thing though. I must have a lot to process,0.4,0.6,0.6,0.4,"The post expresses a sense of amusement and perhaps joy in dreaming about a video game (RDR2). The phrase 'Not a bad thing though' suggests a positive outlook or approval of the situation. However, the mention of 'a lot to process' could imply some underlying stress or complexity, which might not be entirely positive. Therefore, while there are positive emotions present, they are not overwhelmingly strong or clear, leading to a moderate percentage of annotators perceiving positive emotions.","The post reflects amusement and a positive attitude towards dreaming about a video game, indicating some level of joy or approval. However, the mention of 'a lot to process' introduces a slight ambiguity, suggesting that not all emotions might be positive. This results in a moderate percentage of annotators perceiving positive emotions.",0.19999999999999996,0.19999999999999996
104,"You did nothing wrong. I really encourage you to look into emotional abuse and manipulation, as it sounds like you're on the receiving end.",0.6,0.4,0.4,0.6,"The post expresses a sense of caring and concern for the recipient by encouraging them to look into emotional abuse and manipulation, suggesting support and understanding. However, the overall tone is more serious and focused on addressing a negative situation, which may not strongly convey positive emotions to all annotators.","The post shows elements of caring and concern, which are aspects of positive emotions. However, the context of emotional abuse and manipulation introduces a serious tone that may not be perceived as positive by all annotators. Therefore, a moderate percentage of annotators might classify it as exhibiting positive emotions, while a slightly higher percentage might not.",0.19999999999999996,0.19999999999999996
105,Welcome to the new normal.,0.8,0.19999999999999996,0.4,0.6,"The phrase 'Welcome to the new normal' can be interpreted in multiple ways. It might convey a sense of acceptance or optimism about adapting to new circumstances, which could be seen as positive. However, it could also be interpreted as a resigned acknowledgment of an undesirable situation. The ambiguity in the tone and context makes it likely that annotators are divided, with a slight lean towards not perceiving it as positive.","The post 'Welcome to the new normal' is ambiguous in its emotional tone. It could imply optimism or acceptance, but it could also suggest resignation or neutrality. This ambiguity likely results in a mixed perception among annotators, with a slight majority not classifying it as positive.",0.4,0.4000000000000001
106,covergirl (girl...girl..^girl...girl... ),0.0,1.0,0.4,0.6,"The post 'covergirl (girl...girl..^girl...girl... )' is ambiguous in terms of positive emotions. The repetition and playful tone might suggest amusement or excitement, but it lacks clear context or content that strongly conveys positive emotions such as joy, admiration, or love. Therefore, while some annotators might perceive a light-hearted or playful tone, others might not see it as conveying significant positive emotions.","The post 'covergirl (girl...girl..^girl...girl... )' is ambiguous in terms of positive emotions. The repetition and playful tone might suggest amusement or excitement, but it lacks clear context or content that strongly conveys positive emotions such as joy, admiration, or love. Therefore, while some annotators might perceive a light-hearted or playful tone, others might not see it as conveying significant positive emotions.",0.4,0.2666666666666667
107,I'm not going out of my way to watch it but I might channel flip,0.0,1.0,0.4,0.6,"The post expresses a mild interest in watching something, which could be associated with a slight sense of amusement or approval. However, the lack of strong enthusiasm or eagerness suggests that the positive emotions are not dominant. The phrase 'I might channel flip' indicates a casual, non-committal attitude, which does not strongly convey positive emotions like excitement or joy.","The post shows a slight inclination towards positive emotions, but it's not strong or clear enough to be overwhelmingly positive. The percentages reflect a balanced view with a slight lean towards not exhibiting strong positive emotions.",0.4,0.2666666666666667
108,"Have you actually seen the pictures of her scratches? There’re not on her stomach at all, they’re on her side and back.",0.0,1.0,0.0,1.0,"The post is factual and descriptive, focusing on the location of scratches. It does not express any positive emotions such as admiration, amusement, approval, or any other aspect of positive emotions. The content is neutral and lacks any emotional tone that would suggest positive emotions.","The post is a straightforward statement about the location of scratches, without any indication of positive emotions. It is purely informational and does not convey any feelings of joy, excitement, or other positive emotions.",0.0,0.0
109,If it’s so in demands why are you posting that you can only get unpaid internships,0.0,1.0,0.0,1.0,"The post questions the demand for a certain field or position by pointing out the availability of only unpaid internships. This suggests skepticism or criticism rather than any positive emotion. There is no clear expression of admiration, amusement, approval, caring, desire, excitement, gratitude, joy, love, optimism, pride, or relief.","The post does not convey any positive emotions. It is more of a critical or skeptical remark about the situation of unpaid internships despite the supposed demand. Therefore, the percentage of annotators who classify the post as exhibiting positive emotions is likely to be very low.",0.0,0.0
110,Good to know!,0.6,0.4,0.8,0.2,"The post 'Good to know!' expresses a positive sentiment, likely indicating approval or satisfaction with the information received. The phrase is straightforward and lacks ambiguity, suggesting that a majority of annotators would classify it as exhibiting positive emotions, particularly approval or relief.","The post 'Good to know!' is a brief expression of positive sentiment. It suggests that the speaker is pleased or satisfied with the information they have received, which aligns with the aspect of approval. The simplicity and clarity of the statement make it likely that most annotators would perceive it as conveying positive emotions.",0.20000000000000007,0.10000000000000006
111,"The Morton hockey team train there, if the football moved down maybe we’d have success",0.25,0.75,0.4,0.6,"The post expresses a sense of optimism and hopefulness about the potential success of the football team if they were to move down, similar to the hockey team's training location. However, the expression of positive emotion is not very strong or explicit, as it is more of a speculative statement rather than a clear expression of joy or excitement.","The post suggests a potential improvement in success for the football team, which indicates a sense of optimism. However, the optimism is not strongly expressed, and the post is more speculative than celebratory. Therefore, a moderate percentage of annotators might classify it as exhibiting positive emotions, but not overwhelmingly so.",0.15000000000000002,0.06428571428571431
112,I heard the same thing after she had made false allegations and tried to hoover me back . Its so triggering now .,0.0,1.0,0.0,1.0,"The post discusses a negative experience involving false allegations and emotional manipulation, which are not associated with positive emotions. The mention of being 'triggered' further indicates distress rather than any positive emotional aspect.","The post does not convey any of the aspects of positive emotions such as admiration, amusement, approval, caring, desire, excitement, gratitude, joy, love, optimism, pride, or relief. Instead, it reflects a negative emotional experience.",0.0,0.0
113,You're an idiot and no one believes you and your telegram jerk-off buddies.,0.0,1.0,0.0,1.0,"The post contains negative language and insults, which do not align with any aspects of positive emotions such as admiration, amusement, approval, or joy. The use of 'idiot' and 'jerk-off' indicates a lack of respect and a confrontational tone, suggesting that annotators would not classify this post as exhibiting positive emotions.","The post is clearly negative and does not convey any positive emotions. It is more likely to be perceived as hostile or aggressive, leading to a prediction that 0% of annotators would classify it as exhibiting positive emotions, while 100% would not.",0.0,0.0
114,Thank you for your service.,1.0,0.0,1.0,0.0,"The post 'Thank you for your service.' clearly expresses gratitude, which is a positive emotion. The phrase is a direct expression of thankfulness and appreciation, typically used to acknowledge someone's efforts or contributions. Given the clarity and directness of the expression, it is highly likely that all annotators would classify this post as exhibiting positive emotions, specifically gratitude.","The post 'Thank you for your service.' is a straightforward expression of gratitude. Gratitude is one of the aspects of positive emotions, and this post directly conveys thankfulness and appreciation. There is no ambiguity in the message, making it very likely that all annotators would agree on its positive emotional content. Therefore, the predicted percentages are [1.0, 0.0].",0.0,0.0
115,explain Hudson bay edit: not to say Florida flooding wouldn't be welcome change,0.2,0.8,0.2,0.8,"The post mentions 'Florida flooding wouldn't be welcome change,' which suggests a negative sentiment towards flooding, indicating a lack of positive emotions. The mention of 'Hudson bay edit' is ambiguous and does not clearly convey any positive emotion. Overall, the post lacks clear expressions of positive emotions such as joy, admiration, or excitement, leading to a higher likelihood that annotators would not classify it as exhibiting positive emotions.","The post does not clearly express any of the aspects of positive emotions. The mention of 'Florida flooding wouldn't be welcome change' suggests a negative sentiment, and the reference to 'Hudson bay edit' is ambiguous without context. Therefore, it is likely that a majority of annotators would not classify this post as exhibiting positive emotions.",0.0,0.0
116,I sure hope so! Smug bastards!,0.8,0.19999999999999996,0.4,0.6,"The post expresses a mix of emotions. The phrase 'I sure hope so!' indicates a sense of optimism or desire, which are aspects of positive emotions. However, the term 'Smug bastards!' introduces a negative tone, suggesting disapproval or irritation. This combination makes the post somewhat ambiguous, leading to a moderate percentage of annotators perceiving positive emotions.","The post contains both positive and negative elements. The hope expressed at the beginning suggests optimism, but the negative term 'smug bastards' counteracts this with disapproval. This results in a mixed interpretation of the post's emotional tone.",0.4,0.4000000000000001
117,I have soo many questions!,0.0,1.0,0.4,0.6,"The post 'I have soo many questions!' does not explicitly convey any of the specific aspects of positive emotions such as joy, admiration, or excitement. However, the use of 'soo' with extra 'o's could imply a sense of enthusiasm or curiosity, which might be interpreted as a mild form of excitement or interest. This could lead some annotators to perceive a slight positive emotion. Nonetheless, the lack of clear positive emotional content means that a majority might not classify it as exhibiting positive emotions.","The post 'I have soo many questions!' suggests curiosity, which can be a neutral or slightly positive emotion. The exaggerated 'soo' might indicate enthusiasm or excitement, but it's not strong enough to clearly convey positive emotions like joy or admiration. Therefore, the prediction is that 40% of annotators might see it as positive due to the enthusiasm, while 60% might not see it as clearly positive.",0.4,0.2666666666666667
118,I don't bother diagnosing it in people with BPD. The handful of genuine DIDs that I was referring to were people who didn't have BPD.,0.0,1.0,0.0,1.0,"The post discusses a clinical perspective on diagnosing disorders, specifically BPD and DID. It lacks any expression of positive emotions such as admiration, amusement, approval, caring, desire, excitement, gratitude, joy, love, optimism, pride, or relief. The content is purely informational and does not convey any emotional tone that would be classified as positive.","The post is clinical and factual, focusing on the diagnosis of psychological disorders. There is no indication of positive emotions in the content.",0.0,0.0
119,"fyi, straight men also use dildos. Also, your mom is awesome!",0.4,0.6,0.8,0.2,"The post contains a positive statement about someone's mother, which can be interpreted as expressing admiration or approval. The use of 'awesome' suggests a favorable opinion, contributing to positive emotions. The first part of the post is neutral and factual, but the second part clearly conveys positive emotions.",The post is likely to be classified as exhibiting positive emotions by a majority of annotators due to the expression of admiration or approval towards someone's mother. The use of the word 'awesome' is a strong indicator of positive sentiment.,0.4,0.4000000000000001
120,I dont go because it ends 1 of 2 ways. Either im sick or im not. I dont like either of those answers.,0.0,1.0,0.0,1.0,"The post expresses a sense of dissatisfaction and avoidance regarding the outcomes of a situation, which are either being sick or not. There is no indication of positive emotions such as joy, excitement, or optimism. Instead, the post reflects a negative or neutral stance, lacking any elements of admiration, amusement, or approval.","The post does not convey any positive emotions. It reflects a negative or neutral sentiment towards the situation described, with no aspects of positive emotions present.",0.0,0.0
121,"gotchu lol, in that case sorry you got downvoted to hell for this lol",0.6,0.4,0.6,0.4,"The post uses 'lol' twice, which suggests amusement or a light-hearted tone. The phrase 'sorry you got downvoted to hell' indicates a sense of caring or empathy towards the person being addressed. The combination of amusement and caring suggests that a significant portion of annotators might perceive positive emotions in this post, though the context of downvoting might introduce some ambiguity.","The post expresses amusement and a sense of caring, which are aspects of positive emotions. However, the mention of being 'downvoted to hell' could be seen as negative, but the overall tone seems light-hearted and empathetic.",0.0,0.0
122,">Sorry, but any city that had any kind of ~~epidemic in its~~ history will have bunches of dead people buried under it.",0.2,0.8,0.0,1.0,"The post discusses a historical fact about cities with epidemics and the presence of buried dead people. It does not express any positive emotions such as admiration, amusement, approval, caring, desire, excitement, gratitude, joy, love, optimism, pride, or relief. The content is factual and neutral, lacking any elements that would typically be associated with positive emotions.","The post is factual and neutral, discussing historical events without any expression of positive emotions. Therefore, it is likely that 0% of annotators would classify it as exhibiting positive emotions, while 100% would not.",0.2,0.05000000000000001
123,You always listen to Pizza! ... especially pizza with pineapple on it!,0.0,1.0,0.8,0.2,"The post expresses a sense of amusement and joy, particularly with the playful mention of 'listening to pizza' and the specific preference for 'pizza with pineapple on it,' which is often a humorous and light-hearted topic. This suggests that a significant portion of annotators would perceive the post as conveying positive emotions, primarily amusement and joy.","The post is light-hearted and playful, focusing on a humorous take on pizza preferences. The mention of 'listening to pizza' is amusing, and the specific mention of 'pineapple on it' adds to the humor, as pineapple on pizza is a common topic of playful debate. This suggests a high likelihood of positive emotion classification.",0.8,0.8000000000000002
124,I can’t imagine being this retired,0.2,0.8,0.2,0.8,"The post 'I can’t imagine being this retired' does not clearly convey any specific positive emotions. It could imply a sense of amusement or disbelief, but it lacks explicit indicators of joy, admiration, or other positive emotions. The ambiguity and lack of clear positive emotional content suggest that most annotators would not classify it as exhibiting positive emotions.","The post 'I can’t imagine being this retired' does not clearly convey any specific positive emotions. It could imply a sense of amusement or disbelief, but it lacks explicit indicators of joy, admiration, or other positive emotions. The ambiguity and lack of clear positive emotional content suggest that most annotators would not classify it as exhibiting positive emotions.",0.0,0.0
125,I almost thought this was gonna turn into a story of your tissue you'd been reusing for months. I'm glad it was not lol,1.0,0.0,0.6,0.4,"The post expresses relief and amusement. The relief comes from the fact that the story did not turn out to be about a reused tissue, which would likely be unpleasant. The 'lol' at the end indicates amusement, suggesting the person found the situation funny. These elements contribute to positive emotions, but the context of the reused tissue might still carry a slightly negative connotation for some annotators.","The post expresses relief and amusement, as the speaker is glad the story did not turn out to be about a reused tissue, which would likely be unpleasant. The 'lol' at the end indicates amusement, suggesting the person found the situation funny. These elements contribute to positive emotions, but the context of the reused tissue might still carry a slightly negative connotation for some annotators.",0.4,0.2666666666666667
126,"5'11"" [NAME]. He's basically 6 foot, so I must be missing something here.",0.0,1.0,0.4,0.6,"The post seems to express a mild form of approval or admiration by acknowledging the height of the person mentioned, suggesting that being 'basically 6 foot' is something positive or noteworthy. However, the post is not overtly positive and lacks strong emotional language, making it somewhat ambiguous. Therefore, a moderate percentage of annotators might see it as positive, but not overwhelmingly so.","The post acknowledges a person's height in a way that could be seen as positive or approving, but it lacks strong emotional language or clear indicators of positive emotions. This results in a moderate likelihood of being classified as positive.",0.4,0.2666666666666667
127,Favorite: Hardhomme! That epic stare down at the end! Least favorite: No One. Completely ridiculous and unbeleivable,0.8,0.19999999999999996,0.6,0.4,"The post expresses positive emotions through admiration and excitement for the 'epic stare down' in 'Hardhomme,' which suggests a favorable opinion and enthusiasm. However, the mention of 'least favorite' and 'completely ridiculous and unbelievable' introduces a negative aspect, which might lead some annotators to not classify the post as entirely positive.","The post contains both positive and negative sentiments. The admiration and excitement for 'Hardhomme' are clear indicators of positive emotions, but the criticism of 'No One' introduces negativity. Therefore, a majority might see the positive aspects, but a significant portion could focus on the negative, leading to a split in classification.",0.20000000000000007,0.10000000000000006
128,[NAME]. They’re grasping for straws!,0.0,1.0,0.2,0.8,"The post '[NAME]. They’re grasping for straws!' suggests a critical or dismissive tone, implying that someone is making weak or desperate arguments. This does not clearly convey any positive emotions such as admiration, joy, or excitement. The phrase 'grasping for straws' is often used to describe a futile or weak attempt, which is generally not associated with positive emotions. Therefore, it is likely that a small percentage of annotators might perceive some amusement or approval if they interpret the post as humorous, but the majority would not classify it as exhibiting positive emotions.","The post '[NAME]. They’re grasping for straws!' suggests a critical or dismissive tone, implying that someone is making weak or desperate arguments. This does not clearly convey any positive emotions such as admiration, joy, or excitement. The phrase 'grasping for straws' is often used to describe a futile or weak attempt, which is generally not associated with positive emotions. Therefore, it is likely that a small percentage of annotators might perceive some amusement or approval if they interpret the post as humorous, but the majority would not classify it as exhibiting positive emotions.",0.2,0.05000000000000001
129,She already received $750K from the school. And she'll be in debt to the state for the rest of her life.,0.2,0.8,0.0,1.0,"The post discusses a financial situation involving a large sum of money and debt, which typically does not convey positive emotions. There is no indication of admiration, amusement, approval, caring, desire, excitement, gratitude, joy, love, optimism, pride, or relief. The focus is on the financial burden and debt, which are generally associated with negative emotions.","The post does not express any clear positive emotions. It focuses on a financial transaction and the resulting debt, which are not typically associated with positive emotions. Therefore, it is likely that most annotators would not classify this post as exhibiting positive emotions.",0.2,0.05000000000000001
130,Skinny Security Bro brings the bantz!,0.2,0.8,0.7,0.3,"The post 'Skinny Security Bro brings the bantz!' likely conveys positive emotions, particularly amusement and admiration. The use of 'bantz' suggests a humorous or entertaining interaction, which aligns with amusement. Additionally, referring to someone as 'Skinny Security Bro' in a positive context may indicate admiration for their personality or actions. The post is light-hearted and likely to be perceived as positive by a majority of annotators.","The post 'Skinny Security Bro brings the bantz!' likely conveys positive emotions, particularly amusement and admiration. The use of 'bantz' suggests a humorous or entertaining interaction, which aligns with amusement. Additionally, referring to someone as 'Skinny Security Bro' in a positive context may indicate admiration for their personality or actions. The post is light-hearted and likely to be perceived as positive by a majority of annotators.",0.49999999999999994,0.49999999999999994
131,Wise choice. You had kebab.,1.0,0.0,0.8,0.2,"The post 'Wise choice. You had kebab.' suggests approval and possibly joy. The phrase 'wise choice' indicates a favorable opinion, which aligns with the aspect of approval. Additionally, the mention of having kebab could imply a sense of joy or satisfaction, as food is often associated with pleasure. The post is straightforward and positive, leading to a higher likelihood of being classified as exhibiting positive emotions.","The post 'Wise choice. You had kebab.' suggests approval and possibly joy. The phrase 'wise choice' indicates a favorable opinion, which aligns with the aspect of approval. Additionally, the mention of having kebab could imply a sense of joy or satisfaction, as food is often associated with pleasure. The post is straightforward and positive, leading to a higher likelihood of being classified as exhibiting positive emotions.",0.19999999999999996,0.049999999999999975
132,I will still shag her u fooking poof. gave im a rite fockin japester innit well u won't be having erection next few days.,0.0,1.0,0.2,0.8,"The post contains informal and potentially offensive language, with a focus on sexual innuendo and derogatory terms. While there might be a hint of amusement or jest in the language used, the overall tone is more aggressive and dismissive rather than genuinely positive. The use of terms like 'fooking poof' and 'rite fockin japester' suggests a mocking or derogatory intent rather than admiration, joy, or any other positive emotion. Therefore, a minority of annotators might perceive some amusement, but the majority are likely to classify it as not exhibiting positive emotions.","The post uses informal and potentially offensive language, with a focus on sexual innuendo and derogatory terms. While there might be a hint of amusement or jest in the language used, the overall tone is more aggressive and dismissive rather than genuinely positive. The use of terms like 'fooking poof' and 'rite fockin japester' suggests a mocking or derogatory intent rather than admiration, joy, or any other positive emotion. Therefore, a minority of annotators might perceive some amusement, but the majority are likely to classify it as not exhibiting positive emotions.",0.2,0.05000000000000001
133,"There are two other choices as well, each of them slightly better than the two terrible choices.",0.4,0.6,0.2,0.8,"The post discusses choices, with a slight preference for two options over others, but it does not express strong positive emotions. The language used ('slightly better' and 'terrible choices') suggests a lack of enthusiasm or excitement, and there is no clear expression of joy, admiration, or other positive emotions. The post is more neutral or slightly negative, leading to a prediction that a small percentage of annotators might see some positivity, but the majority would not.","The post evaluates choices, indicating a preference for some over others, but lacks strong positive emotional expression. The use of 'slightly better' and 'terrible choices' suggests a neutral or slightly negative tone, with no clear positive emotions like joy or excitement. Therefore, a small percentage of annotators might perceive some positivity, but most would not.",0.2,0.10000000000000003
134,i didn't knew your toe can get that flat without breaking the nail in thousand of pieces,0.0,1.0,0.2,0.8,"The post describes a surprising observation about a toe, which might contain a slight element of amusement or curiosity. However, it lacks clear expressions of positive emotions such as joy, admiration, or excitement. The focus is more on the physical description rather than an emotional response, leading to a low percentage of annotators perceiving it as positive.","The post is more descriptive and lacks clear positive emotional content, leading to a prediction of [0.2, 0.8] for positive versus non-positive emotion classification.",0.2,0.05000000000000001
135,Don’t hate barstool,0.4,0.6,0.6,0.4,"The post 'Don’t hate barstool' suggests a sense of approval or support for 'barstool,' which is likely a reference to Barstool Sports, a media company. The use of 'don't hate' implies a positive stance or defense against negativity, which can be associated with approval or admiration. However, the post is quite brief and lacks explicit expressions of strong positive emotions like joy or excitement, leading to some ambiguity. Therefore, a moderate percentage of annotators might classify it as exhibiting positive emotions due to the implied approval, while others might not see it as strongly positive due to its brevity and lack of explicit emotional content.","The post 'Don’t hate barstool' suggests a sense of approval or support for 'barstool,' which is likely a reference to Barstool Sports, a media company. The use of 'don't hate' implies a positive stance or defense against negativity, which can be associated with approval or admiration. However, the post is quite brief and lacks explicit expressions of strong positive emotions like joy or excitement, leading to some ambiguity. Therefore, a moderate percentage of annotators might classify it as exhibiting positive emotions due to the implied approval, while others might not see it as strongly positive due to its brevity and lack of explicit emotional content.",0.19999999999999996,0.19999999999999996
136,O cool noworries ya I don't actually hate [NAME] he's now my favorite player for Vegas.,1.0,0.0,0.8,0.2,"The post expresses a positive change in opinion towards a player, indicating approval and possibly admiration. The use of 'favorite player' suggests a strong positive emotion, likely admiration or approval. The phrase 'O cool noworries' also implies a relaxed and positive attitude, contributing to the overall positive sentiment of the post.","The post conveys positive emotions through the expression of approval and admiration for a player. The language used is informal and friendly, indicating a positive shift in perception. The mention of the player being a 'favorite' suggests a strong positive regard, which is likely to be recognized by a majority of annotators as a positive emotion.",0.19999999999999996,0.049999999999999975
137,"I don’t think it’ll happen solely because of UA, however that’ll surely be cool if it does happen",0.8,0.19999999999999996,0.6,0.4,"The post expresses a sense of optimism and excitement about a potential event happening, which are aspects of positive emotions. The phrase 'that’ll surely be cool if it does happen' indicates a positive outlook and enthusiasm. However, the initial part of the post 'I don’t think it’ll happen solely because of UA' introduces a slight doubt, which might lead some annotators to not classify it as fully positive. Therefore, a majority might see it as positive, but not overwhelmingly so.","The post contains elements of optimism and excitement, as the author expresses that it would be 'cool' if the event happens. This suggests a positive emotional response to the potential occurrence of the event. However, the initial doubt expressed ('I don’t think it’ll happen solely because of UA') might lead to some annotators perceiving it as less positive. Overall, the positive aspects are more prominent, leading to a prediction of 60% of annotators classifying it as positive.",0.20000000000000007,0.10000000000000006
138,Didn't even realize that the Mazda was a competition. It's always a Camry and Accord.,0.2,0.8,0.4,0.6,"The post expresses a mild surprise or amusement at the realization that Mazda is considered a competition, which could be seen as a form of amusement or approval. However, the post is primarily factual and lacks strong positive emotional content, leading to a moderate percentage of annotators perceiving positive emotions.","The post mentions a realization about Mazda being a competition, which could imply a sense of amusement or mild approval. However, the overall tone is neutral and factual, focusing on the comparison with Camry and Accord. This results in a moderate likelihood of annotators perceiving positive emotions, as the post does not strongly convey aspects like joy, excitement, or admiration.",0.2,0.10000000000000003
139,Bro he has always been a bully in the community. He is a pseudo scientist.,0.2,0.8,0.0,1.0,"The post describes someone as a 'bully' and a 'pseudo scientist,' which are negative descriptors. There is no indication of positive emotions such as admiration, amusement, approval, or any other positive aspect. The language used is critical and dismissive, suggesting that annotators would not classify this post as exhibiting positive emotions.","The post is critical and negative in tone, focusing on negative attributes of a person. There is no expression of positive emotions.",0.2,0.05000000000000001
140,The whole thing is poetry. That finish is magic. Nose to the mit. Love this !,0.8,0.19999999999999996,0.9,0.1,"The post expresses strong positive emotions, particularly admiration and love, towards something described as 'poetry' and 'magic.' The use of the word 'love' explicitly indicates a positive sentiment. The enthusiasm in the language suggests a high likelihood that annotators would classify this post as exhibiting positive emotions.","The post is filled with positive language, such as 'poetry,' 'magic,' and 'love,' which are clear indicators of admiration and affection. The excitement and enthusiasm in the post suggest that a large majority of annotators would perceive it as conveying positive emotions.",0.09999999999999998,0.014285714285714277
141,"[NAME] and [NAME] = The hero's we need, but not the hero's we deserve.",0.4,0.6,0.7,0.3,"The post expresses admiration and approval for the individuals mentioned, suggesting they are seen as impressive or worthy of respect. The use of 'heroes' indicates a positive view, and the phrase 'the heroes we need' implies a sense of gratitude or appreciation for their qualities or actions. However, the phrase 'not the heroes we deserve' introduces a slight ambiguity, as it could imply a critique of the current state of affairs or a sense of unworthiness, which might reduce the overall perception of positive emotion. Despite this, the primary sentiment is positive, leading to a higher percentage of annotators likely classifying it as such.","The post uses the phrase 'The hero's we need, but not the hero's we deserve,' which is a play on a popular trope often used to express admiration and approval. The mention of 'heroes' typically conveys a positive sentiment, as it suggests that the individuals are seen as admirable or worthy of respect. The phrase 'the heroes we need' implies that these individuals are appreciated for their qualities or actions, which aligns with aspects of admiration and approval. However, the phrase 'not the heroes we deserve' introduces a slight ambiguity, as it could imply a critique of the current state of affairs or a sense of unworthiness, which might reduce the overall perception of positive emotion. Despite this, the primary sentiment is positive, leading to a higher percentage of annotators likely classifying it as such.",0.29999999999999993,0.29999999999999993
142,Oof. Didn't see what happened but cizikas like died on the ice there for a minute.,0.2,0.8,0.2,0.8,"The post describes a concerning event where someone 'like died on the ice,' which suggests a serious or alarming situation rather than a positive one. The use of 'Oof' indicates surprise or concern, but not positive emotions. There is no clear expression of positive emotions such as joy, amusement, or admiration. Therefore, it is likely that a small percentage of annotators might perceive some form of relief if the situation resolved positively, but the majority would not classify this as a positive emotion post.","The post describes a concerning event where someone 'like died on the ice,' which suggests a serious or alarming situation rather than a positive one. The use of 'Oof' indicates surprise or concern, but not positive emotions. There is no clear expression of positive emotions such as joy, amusement, or admiration. Therefore, it is likely that a small percentage of annotators might perceive some form of relief if the situation resolved positively, but the majority would not classify this as a positive emotion post.",0.0,0.0
143,Oy vey! Shut it down!,0.0,1.0,0.2,0.8,"The post 'Oy vey! Shut it down!' is ambiguous in terms of positive emotions. The phrase 'Oy vey' is often used to express dismay or exasperation, which are not positive emotions. 'Shut it down!' could be interpreted as a call to action, but it lacks context to determine if it's positive. Overall, the post does not clearly convey any specific positive emotions such as joy, amusement, or excitement, leading to a low percentage of annotators likely classifying it as positive.","The post 'Oy vey! Shut it down!' does not clearly convey positive emotions. The expression 'Oy vey' is typically used to express dismay or frustration, which are not positive emotions. The phrase 'Shut it down!' could be interpreted in various ways, but without additional context, it does not inherently suggest positive emotions such as joy, amusement, or excitement. Therefore, it is likely that a small percentage of annotators would classify this post as exhibiting positive emotions, while the majority would not.",0.2,0.05000000000000001
144,"People are still playing bf1?Wow thats nice,I should play some games until more content drops for bf5.",0.8,0.19999999999999996,0.8,0.2,"The post expresses a positive sentiment towards the game 'bf1' by showing surprise and approval that people are still playing it. The use of 'Wow thats nice' indicates admiration or approval. Additionally, the intention to play the game suggests a desire or excitement. These elements contribute to a positive emotional tone, leading to a higher percentage of annotators likely classifying it as exhibiting positive emotions.","The post expresses positive emotions such as admiration, approval, and desire. The surprise and approval ('Wow thats nice') about people still playing 'bf1' and the intention to play it until more content drops for 'bf5' suggest a positive sentiment. Therefore, a significant portion of annotators would likely classify this post as exhibiting positive emotions.",0.0,0.0
145,"How he dropped that sheep, probably going to hell but i almost choked laughing. ",1.0,0.0,0.6,0.4,"The post expresses amusement, as the speaker finds the situation of someone dropping a sheep funny enough to almost choke from laughing. This indicates a positive emotion of amusement, despite the mention of 'going to hell,' which is likely a hyperbolic expression of guilt for finding humor in the situation. The amusement aspect is clear, leading to a higher percentage of annotators likely classifying it as positive.","The post conveys amusement due to the speaker's reaction of almost choking from laughter. The mention of 'going to hell' is a humorous exaggeration, not a literal negative sentiment. Therefore, the post is likely to be seen as positive by a majority of annotators.",0.4,0.2666666666666667
146,What is with people microwaving cheese on top of chips and calling it nachos?,0.0,1.0,0.0,1.0,"The post expresses a critical opinion about a common food practice, which does not convey any of the aspects of positive emotions such as admiration, amusement, approval, or joy. Instead, it reflects a sense of disapproval or confusion, which are not positive emotions.","The post questions the practice of microwaving cheese on chips and calling it nachos, indicating a lack of approval or admiration for this action. There is no expression of positive emotions like joy, amusement, or excitement. Therefore, it is likely that none of the annotators would classify this post as exhibiting positive emotions.",0.0,0.0
147,"Oh my god, I'm so glad this wasn't just me. I thought my YouTube was broken!",1.0,0.0,0.8,0.2,"The post expresses relief and a sense of shared experience, which are positive emotions. The phrase 'Oh my god, I'm so glad' indicates relief and possibly joy that the issue wasn't unique to the poster. The use of 'glad' suggests a positive resolution to a concern, which is a clear indicator of positive emotions.","The post conveys relief and joy, as the user is happy to find out that the issue was not unique to them. This shared experience and resolution of concern are positive emotions, leading to a higher percentage of annotators likely classifying it as such.",0.19999999999999996,0.049999999999999975
148,“Screaming outrage” you say? Project much?,0.0,1.0,0.0,1.0,"The post uses the phrase 'Screaming outrage' and 'Project much?' which suggests a tone of sarcasm or criticism rather than any positive emotion. There is no clear indication of admiration, amusement, approval, caring, desire, excitement, gratitude, joy, love, optimism, pride, or relief. The content seems to be more about pointing out perceived hypocrisy or exaggeration, which does not align with positive emotions.","The post does not convey any of the aspects of positive emotions. It seems to be a sarcastic or critical remark, likely addressing someone else's behavior or statement. Therefore, it is unlikely that any annotators would classify this as exhibiting positive emotions.",0.0,0.0
149,i was not prepared for this,0.2,0.8,0.4,0.6,"The post 'i was not prepared for this' is ambiguous in terms of positive emotions. It could imply surprise or excitement, which are aspects of positive emotions, but it could also imply anxiety or stress, which are not positive emotions. The lack of context makes it difficult to determine the exact emotion, leading to a balanced prediction.","The post 'i was not prepared for this' is ambiguous and could be interpreted in multiple ways. It might suggest excitement or surprise, which are positive emotions, but it could also indicate stress or anxiety, which are not positive emotions. Without additional context, it's challenging to definitively categorize the emotion, resulting in a prediction of [0.4, 0.6].",0.2,0.10000000000000003
150,From the looks of his haphazard flailing it seems he needs to go back to the dojo...,0.2,0.8,0.2,0.8,"The post contains a critical tone, suggesting that the person being referred to is not performing well and needs more practice. This implies a lack of admiration or approval, and there is no clear expression of positive emotions such as joy, excitement, or gratitude. The humor in the phrase 'haphazard flailing' might be seen as mildly amusing to some, but overall, the post leans more towards a critical observation rather than a positive one.","The post is critical of someone's performance, suggesting they need more practice. While there might be a slight humorous element in the description 'haphazard flailing,' it is not enough to strongly convey positive emotions. Therefore, a small percentage of annotators might find it amusing, but the majority would not classify it as exhibiting positive emotions.",0.0,0.0
151,"Nope. That’s a really inaccurate, misleading headline.",0.0,1.0,0.0,1.0,"The post expresses a critical opinion about a headline, indicating disapproval. There are no elements of positive emotions such as joy, admiration, or excitement present in the content. The focus is on correcting or criticizing the headline, which does not align with any of the positive emotion aspects.","The post is critical and does not convey any positive emotions. It focuses on the inaccuracy and misleading nature of a headline, which suggests disapproval rather than any positive sentiment.",0.0,0.0
152,[NAME] sorry it was rude not to @ you lol,0.2,0.8,0.8,0.2,"The post contains an apology, which can be associated with the aspect of 'Caring' as it shows concern for the other person's feelings. The use of 'lol' at the end suggests a light-hearted tone, which can be linked to 'Amusement'. These elements contribute to the perception of positive emotions in the post.","The post is an apology for not tagging someone, which shows a level of caring and consideration for the other person. The inclusion of 'lol' adds a humorous or light-hearted element, suggesting amusement. These factors indicate that a significant portion of annotators would classify the post as exhibiting positive emotions.",0.6000000000000001,0.6000000000000001
153,You're* Stay in school lol,1.0,0.0,0.4,0.6,"The post contains a correction ('You're*') followed by a light-hearted suggestion ('Stay in school lol'). The 'lol' indicates amusement, and the suggestion to stay in school could be seen as caring or approval, albeit in a humorous context. However, the correction might also be perceived as slightly condescending, which could reduce the perception of positive emotions. Overall, the post is somewhat ambiguous, but it leans slightly towards positive emotions due to the humorous tone.","The post 'You're* Stay in school lol' includes a correction of a common grammatical error, which is followed by a humorous suggestion to stay in school. The use of 'lol' suggests amusement, and the suggestion itself could be interpreted as caring or approval, though it is delivered in a joking manner. The correction might be seen as condescending, which could detract from the positive emotion perception. Therefore, the post is somewhat ambiguous, but it leans slightly towards positive emotions due to the humorous tone.",0.6,0.6
154,I am twice as proud of my baby [NAME].,1.0,0.0,0.9,0.1,"The post clearly expresses pride, which is a positive emotion. The use of 'twice as proud' emphasizes a strong feeling of pride in the subject, likely a child or someone close to the poster. This clarity in expressing pride suggests that a high percentage of annotators would classify this post as exhibiting positive emotions.","The post 'I am twice as proud of my baby [NAME].' strongly conveys the emotion of pride, which is a positive emotion. The phrase 'twice as proud' indicates an intensified feeling of pride, making it very likely that most annotators would recognize this as a positive emotional expression. Therefore, the predicted percentages are [0.9, 0.1].",0.09999999999999998,0.011111111111111105
155,Manlets unite!,0.0,1.0,0.6,0.4,"The post 'Manlets unite!' suggests a call for unity among a group, which can be associated with positive emotions such as camaraderie and solidarity. This can evoke feelings of pride and optimism within the group being addressed. However, the term 'manlet' can sometimes be used in a derogatory manner, which might lead to some ambiguity in the interpretation of the post's tone. Therefore, while a majority might see it as positive due to the unifying aspect, a significant minority might not perceive it as such due to potential negative connotations.","The post 'Manlets unite!' suggests a call for unity among a group, which can be associated with positive emotions such as camaraderie and solidarity. This can evoke feelings of pride and optimism within the group being addressed. However, the term 'manlet' can sometimes be used in a derogatory manner, which might lead to some ambiguity in the interpretation of the post's tone. Therefore, while a majority might see it as positive due to the unifying aspect, a significant minority might not perceive it as such due to potential negative connotations.",0.6,0.6
156,Fake lous!,0.0,1.0,0.0,1.0,"The post 'Fake lous!' is ambiguous and lacks context, making it difficult to identify any specific positive emotions. The term 'fake' often carries a negative connotation, and without additional context, it does not clearly convey admiration, amusement, approval, caring, desire, excitement, gratitude, joy, love, optimism, pride, or relief. Therefore, it is likely that most annotators would not classify this post as exhibiting positive emotions.","The post 'Fake lous!' does not provide enough information to suggest any positive emotions. The use of the word 'fake' typically implies something negative or inauthentic, which does not align with the aspects of positive emotions. Without further context or clarification, it is reasonable to predict that the majority of annotators would not perceive this post as conveying positive emotions.",0.0,0.0
157,"I would try to find someone who wasn’t married and exploring sex parties because...I’m boring as fuck, I guess.",0.75,0.25,0.4,0.6,"The post expresses a sense of self-deprecation and humor about being 'boring,' which could be interpreted as amusement. However, the overall tone is more neutral and lacks strong positive emotions like joy or excitement. The mention of 'exploring sex parties' might imply a desire for excitement, but the self-description as 'boring' suggests a lack of enthusiasm. Therefore, the post is somewhat ambiguous, leading to a moderate percentage of annotators perceiving positive emotions.","The post contains a mix of self-deprecating humor and a neutral tone. While there is a slight hint of amusement in the self-description as 'boring,' the overall content does not strongly convey positive emotions such as joy or excitement. The mention of 'exploring sex parties' could imply a desire for excitement, but the self-labeling as 'boring' suggests a lack of enthusiasm. This ambiguity results in a moderate percentage of annotators perceiving positive emotions.",0.35,0.35
158,Lol dream on buddy. You’ve had enough attention today. Actually learn what your talking about helps a lot. Sorry your stuck in free roam smokin crack,0.4,0.6,0.0,1.0,"The post contains sarcasm and dismissive language, indicating a lack of positive emotions. The use of 'Lol dream on buddy' and 'Sorry your stuck in free roam smokin crack' suggests a mocking tone rather than admiration, amusement, or any other positive emotion. The post is more likely to be perceived as negative or critical.","The post does not clearly express any of the aspects of positive emotions such as admiration, amusement, or joy. Instead, it seems to be dismissive and sarcastic, which are not aligned with positive emotions.",0.4,0.2666666666666667
159,I think Voit hits 30+ so it’s not impossible.,0.4,0.6,0.6,0.4,"The post expresses optimism about Voit's performance, suggesting a belief in his ability to hit 30+ home runs. This shows a positive outlook and confidence in Voit's potential, which aligns with the aspect of optimism. However, the post is not overtly enthusiastic or filled with strong positive emotions, so not all annotators might classify it as exhibiting positive emotions.","The post expresses a positive outlook regarding Voit's potential performance, indicating optimism. However, it lacks strong emotional language that would make it overwhelmingly positive, leading to a moderate percentage of annotators seeing it as positive.",0.19999999999999996,0.19999999999999996
160,In a sous vide? How does that work?,0.2,0.8,0.4,0.6,"The post is a question about how a sous vide works, which does not inherently convey positive emotions. However, the curiosity and interest in learning about a cooking method could be seen as a mild form of excitement or desire to learn, which are aspects of positive emotions. The post lacks explicit expressions of joy, admiration, or other strong positive emotions, leading to a moderate prediction of positive emotion classification.","The post is a question about how a sous vide works, which does not inherently convey positive emotions. However, the curiosity and interest in learning about a cooking method could be seen as a mild form of excitement or desire to learn, which are aspects of positive emotions. The post lacks explicit expressions of joy, admiration, or other strong positive emotions, leading to a moderate prediction of positive emotion classification.",0.2,0.10000000000000003
161,Give the mouse a chance!.leave the cat to it.,0.6,0.4,0.6,0.4,"The post 'Give the mouse a chance!.leave the cat to it.' suggests a playful or humorous scenario, which can be associated with amusement. The phrase 'give the mouse a chance' implies a sense of fairness or caring for the underdog, which can also be seen as a positive emotion. However, the post is somewhat ambiguous and lacks explicit expressions of strong positive emotions like joy or love, leading to a moderate prediction of positive emotion classification.","The post 'Give the mouse a chance!.leave the cat to it.' suggests a playful or humorous scenario, which can be associated with amusement. The phrase 'give the mouse a chance' implies a sense of fairness or caring for the underdog, which can also be seen as a positive emotion. However, the post is somewhat ambiguous and lacks explicit expressions of strong positive emotions like joy or love, leading to a moderate prediction of positive emotion classification.",0.0,0.0
162,Was that before or after he murdered over a million [NAME]?,0.0,1.0,0.0,1.0,"The post references a serious and negative event, specifically a murder of over a million people, which is inherently negative and does not convey any aspects of positive emotions such as joy, admiration, or gratitude. The context is likely to evoke negative emotions such as anger, sadness, or disbelief rather than any positive emotions.","The post does not exhibit any positive emotions. It discusses a grave and negative event, which is unlikely to be associated with positive emotions. Therefore, the percentage of annotators who classify the post as exhibiting positive emotions is expected to be 0.0, while those who do not is 1.0.",0.0,0.0
163,Shh that breaks the narrative though.,0.0,1.0,0.0,1.0,"The post 'Shh that breaks the narrative though.' does not clearly express any positive emotions. It seems to be a sarcastic or critical remark about maintaining a certain narrative, which does not align with any of the positive emotion aspects such as admiration, amusement, approval, caring, desire, excitement, gratitude, joy, love, optimism, pride, or relief. The tone is more likely to be interpreted as dismissive or critical rather than positive.","The post 'Shh that breaks the narrative though.' does not clearly express any positive emotions. It seems to be a sarcastic or critical remark about maintaining a certain narrative, which does not align with any of the positive emotion aspects such as admiration, amusement, approval, caring, desire, excitement, gratitude, joy, love, optimism, pride, or relief. The tone is more likely to be interpreted as dismissive or critical rather than positive.",0.0,0.0
164,You’re as cool as a hand-job on a honeymoon. Go draw some anime and cry yourself to sleep.,0.6,0.4,0.1,0.9,"The post contains sarcasm and a dismissive tone, which suggests a lack of positive emotions. The phrase 'cool as a hand-job on a honeymoon' is likely sarcastic, and the suggestion to 'go draw some anime and cry yourself to sleep' is dismissive and potentially mocking. These elements do not align with the aspects of positive emotions such as admiration, joy, or approval. Therefore, it is likely that a small percentage of annotators might perceive some humor or amusement, but the majority would not classify this as exhibiting positive emotions.","The post is sarcastic and dismissive, lacking clear positive emotions. It might be seen as slightly amusing by some, but overall, it does not convey positive emotions.",0.5,0.5
165,"He forgot the most important law : Everyone can be stupid, and everyone will be at some point. Although he does illustrate it very well with his article.",0.4,0.6,0.4,0.6,"The post contains a mix of amusement and a hint of approval. The statement 'Everyone can be stupid, and everyone will be at some point' is a humorous observation about human nature, which can be seen as amusing. Additionally, the phrase 'he does illustrate it very well with his article' suggests a level of approval or admiration for the article's effectiveness in illustrating the point. However, the overall tone is somewhat sarcastic, which might lead to a lower percentage of annotators perceiving it as positive.","The post contains elements of amusement and approval, but the sarcastic tone might reduce the perception of positive emotions.",0.0,0.0
166,"Someone had to ""strongly reccomend"" that he didnt take another shot at that..... The stupid is incredibly strong with this one.",0.2,0.8,0.0,1.0,"The post expresses a negative sentiment towards someone, implying that they are making poor decisions or are not very intelligent. There is no indication of positive emotions such as admiration, amusement, or approval. The language used is critical and dismissive, which suggests that annotators are unlikely to classify this post as exhibiting positive emotions.","The post criticizes someone for their actions or decisions, suggesting they are not wise or intelligent. The use of 'stupid' indicates a lack of respect or admiration, and there is no humor or approval present. Therefore, it is unlikely that any annotators would perceive this as a positive emotion post.",0.2,0.05000000000000001
167,One of the best photos I’ve seen of the Arch. Breathtaking.,0.8,0.19999999999999996,0.9,0.1,"The post expresses admiration and approval for a photo of the Arch, describing it as 'one of the best' and 'breathtaking.' These terms indicate a strong positive emotional response, likely leading most annotators to classify it as exhibiting positive emotions.","The post is likely to be classified as exhibiting positive emotions by a high percentage of annotators due to the use of words like 'best' and 'breathtaking,' which convey admiration and approval.",0.09999999999999998,0.014285714285714277
168,It’s time for mango dream to come true. We need to spirit bomb him at the last second.,0.6,0.4,0.7,0.3,"The post expresses a sense of excitement and desire, as it talks about a 'mango dream' coming true and the need to 'spirit bomb him at the last second,' which suggests a playful and enthusiastic tone. The use of 'dream' and 'spirit bomb' implies a positive and hopeful sentiment, likely leading a majority of annotators to classify it as exhibiting positive emotions.","The post conveys excitement and desire, with a playful and enthusiastic tone, suggesting a positive sentiment.",0.09999999999999998,0.033333333333333326
169,"Same here, she left the house we bought and is giving me till the end of the month. Woooo",0.4,0.6,0.6,0.4,"The post expresses a sense of relief and possibly excitement about a change in living situation. The 'Woooo' at the end suggests a positive or enthusiastic reaction, indicating that the person might be looking forward to the change or is relieved by the situation. However, the context of someone leaving a shared house could also carry negative connotations, which might lead some annotators to not classify it as entirely positive.","The post expresses a sense of relief and possibly excitement about a change in living situation. The 'Woooo' at the end suggests a positive or enthusiastic reaction, indicating that the person might be looking forward to the change or is relieved by the situation. However, the context of someone leaving a shared house could also carry negative connotations, which might lead some annotators to not classify it as entirely positive. Therefore, the predicted percentages of annotators who classify the post as exhibiting positive emotions versus those who do not are [0.6, 0.4].",0.19999999999999996,0.19999999999999996
170,May you find and skin the perpetrator. My apologies to your family. ❤,0.6,0.4,0.3,0.7,"The post contains a mix of emotions. The phrase 'May you find and skin the perpetrator' suggests a desire for revenge or justice, which is not typically associated with positive emotions. However, the phrase 'My apologies to your family' and the heart emoji '❤' indicate caring and concern, which are positive emotions. The presence of these mixed signals likely leads to some annotators perceiving positive emotions, but the overall tone is more negative due to the violent imagery.","The post contains elements of caring and concern, indicated by the apology and heart emoji, but is overshadowed by the violent imagery of 'skinning the perpetrator,' which is not a positive emotion. This results in a minority of annotators perceiving positive emotions.",0.3,0.3
171,Ok sure that’s a nice unfounded opinion you’ve got there. Unless you’ve been in one in which case wow sorry,0.2,0.8,0.2,0.8,"The post contains a sarcastic tone, which suggests a lack of genuine positive emotion. The phrase 'nice unfounded opinion' is dismissive, and the 'wow sorry' could be interpreted as sarcastic rather than sincere. There is no clear expression of admiration, amusement, approval, or any other positive emotion aspect.","The post's sarcastic tone and dismissive language indicate that most annotators would not classify it as exhibiting positive emotions. The lack of genuine positive emotion aspects such as admiration, amusement, or approval leads to a prediction of 20% of annotators seeing positive emotions and 80% not.",0.0,0.0
172,Buncha people having (admittedly loud) fun. Don’t really see the issue.,0.8,0.19999999999999996,0.8,0.2,"The post describes a situation where people are having fun, which is a clear indication of positive emotions such as amusement and joy. The use of 'admittedly loud' suggests a minor inconvenience, but the overall tone is positive as the author does not see an issue with the fun being had. This suggests that a majority of annotators would classify the post as exhibiting positive emotions.","The post conveys a sense of amusement and joy, as it describes people having fun. The author acknowledges the noise but does not express any negative feelings about it, indicating a positive perspective. Therefore, it is likely that 80% of annotators would classify this post as exhibiting positive emotions, while 20% might focus on the mention of noise as a potential issue.",0.0,0.0
173,I thought it was funny ‍♀️,0.8,0.19999999999999996,0.8,0.2,"The post explicitly states that the author found something funny, which directly relates to the aspect of amusement, a positive emotion. The use of the phrase 'I thought it was funny' suggests a personal experience of amusement, which is a clear indicator of positive emotion. The presence of the shrugging emoji further emphasizes a light-hearted, amused tone. Therefore, a significant majority of annotators are likely to classify this post as exhibiting positive emotions.",The post 'I thought it was funny ‍♀️' is likely to be classified by a majority of annotators as exhibiting positive emotions due to its clear expression of amusement.,0.0,0.0
174,Oh hey that's pretty cool!,1.0,0.0,0.9,0.1,"The post 'Oh hey that's pretty cool!' expresses a positive emotion of approval and possibly admiration. The phrase 'pretty cool' indicates a favorable opinion, suggesting that the speaker finds something impressive or worthy of respect. The use of 'Oh hey' adds a casual and enthusiastic tone, further reinforcing the positive sentiment. Given the clarity of the positive emotion expressed, a high percentage of annotators are likely to classify this post as exhibiting positive emotions.",The post 'Oh hey that's pretty cool!' is likely to be classified by a high percentage of annotators as exhibiting positive emotions due to its clear expression of approval and admiration.,0.09999999999999998,0.011111111111111105
175,I didn’t get to watch!!!! WHAT HAPPENED!!!!!,0.4,0.6,0.4,0.6,"The post expresses a sense of excitement or eagerness, as indicated by the use of multiple exclamation marks and the urgency in the question. However, it lacks explicit positive emotions such as joy, gratitude, or love. The excitement is more about curiosity or anticipation rather than a clear positive emotional state, leading to a moderate percentage of annotators perceiving it as positive.","The post 'I didn’t get to watch!!!! WHAT HAPPENED!!!!!' conveys a sense of excitement or eagerness, as indicated by the use of multiple exclamation marks and the urgency in the question. However, it lacks explicit positive emotions such as joy, gratitude, or love. The excitement is more about curiosity or anticipation rather than a clear positive emotional state, leading to a moderate percentage of annotators perceiving it as positive.",0.0,0.0
176,I was my father's 4th girl. **Nothing** made him uncomfortable by that point,0.2,0.8,0.2,0.8,"The post reflects a sense of resignation or acceptance rather than positive emotions. The phrase 'Nothing made him uncomfortable by that point' suggests a lack of surprise or concern, which might be interpreted as relief, but it is not strongly indicative of positive emotions like joy, admiration, or love. The context of being the '4th girl' might imply a sense of being accustomed to a situation rather than celebrating it. Therefore, the post is more likely to be seen as neutral or slightly negative rather than positive.","The post reflects a sense of resignation or acceptance rather than positive emotions. The phrase 'Nothing made him uncomfortable by that point' suggests a lack of surprise or concern, which might be interpreted as relief, but it is not strongly indicative of positive emotions like joy, admiration, or love. The context of being the '4th girl' might imply a sense of being accustomed to a situation rather than celebrating it. Therefore, the post is more likely to be seen as neutral or slightly negative rather than positive.",0.0,0.0
177,Or Not my policy *Gets beaten up*,0.0,1.0,0.2,0.8,"The post 'Or Not my policy *Gets beaten up*' suggests a scenario where someone is being physically attacked, which is generally not associated with positive emotions. The phrase 'Not my policy' could imply a sense of detachment or indifference, but the subsequent '*Gets beaten up*' indicates a negative or violent situation. There is no clear expression of positive emotions such as joy, admiration, or amusement. Therefore, it is likely that a small percentage of annotators might interpret some humor or sarcasm, but the majority would not classify this as a post exhibiting positive emotions.","The post 'Or Not my policy *Gets beaten up*' suggests a scenario where someone is being physically attacked, which is generally not associated with positive emotions. The phrase 'Not my policy' could imply a sense of detachment or indifference, but the subsequent '*Gets beaten up*' indicates a negative or violent situation. There is no clear expression of positive emotions such as joy, admiration, or amusement. Therefore, it is likely that a small percentage of annotators might interpret some humor or sarcasm, but the majority would not classify this as a post exhibiting positive emotions.",0.2,0.05000000000000001
178,I love her omg,0.8,0.19999999999999996,1.0,0.0,"The post clearly expresses a strong positive emotion of love, as indicated by the phrase 'I love her.' The use of 'omg' (oh my god) further emphasizes the intensity of this emotion, suggesting admiration and excitement as well. Given the clarity and intensity of the positive emotions expressed, it is likely that all annotators would classify this post as exhibiting positive emotions.","The post 'I love her omg' is a clear expression of love and admiration. The use of 'omg' adds excitement to the statement, reinforcing the positive emotional tone. Therefore, it is predicted that 100% of annotators would classify this post as exhibiting positive emotions.",0.19999999999999996,0.049999999999999975
179,"And any form of bottom up government is also extremely susceptible to corruption. Basically, humans suck. ",0.2,0.8,0.1,0.9,"The post expresses a negative view of human nature and governance, suggesting that humans are inherently flawed and prone to corruption. This perspective lacks any clear expression of positive emotions such as optimism, admiration, or approval. The statement 'humans suck' is particularly negative, indicating a lack of positive sentiment. Therefore, it is likely that a very small percentage of annotators would classify this post as exhibiting positive emotions.","The post is critical of both bottom-up government systems and human nature, emphasizing susceptibility to corruption and a general negative view of humans. There is no indication of positive emotions such as optimism or admiration, leading to a prediction that only a small minority of annotators might perceive any positive sentiment.",0.1,0.014285714285714289
180,Well I am the son of a parent who legally immigrated from the [RELIGION] country of Turkey so no thanks jackass.,0.2,0.8,0.0,1.0,"The post contains a defensive and possibly confrontational tone, as indicated by the use of 'jackass.' There is no clear expression of positive emotions such as admiration, joy, or gratitude. Instead, the post seems to be a response to a perceived slight or insult, which does not align with the aspects of positive emotions listed.","The post does not convey any of the aspects of positive emotions. It is more focused on asserting identity and responding to a perceived negative comment, which suggests that annotators would not classify it as exhibiting positive emotions.",0.2,0.05000000000000001
181,Two questions: do we still get a lip sync next week with [NAME] and [NAME] next week? do they do anything week 6?,0.2,0.8,0.4,0.6,"The post is asking questions about a future event, which could imply a sense of excitement or anticipation, particularly if the event is something the poster is looking forward to. However, the post is primarily informational and lacks explicit expressions of positive emotions such as joy, admiration, or amusement. The questions suggest a mild interest or curiosity, which might be interpreted as a low level of excitement or desire, but the overall tone is neutral.","The post is asking about future events related to a lip sync, which might suggest some level of excitement or anticipation. However, the post is primarily seeking information and does not explicitly express positive emotions. The questions indicate curiosity or interest, which could be seen as a mild form of excitement or desire, but the overall tone remains neutral. Therefore, a moderate percentage of annotators might classify it as exhibiting positive emotions, while the majority might not.",0.2,0.10000000000000003
182,">Found out that **my** [NAME] Oh, I get it. You've caught the scent of a lesser stag in your nostrils. Pity!",0.0,1.0,0.2,0.8,"The post contains a sarcastic tone, indicated by the phrase 'Oh, I get it' and 'Pity!' which suggests a lack of genuine positive emotion. The mention of 'caught the scent of a lesser stag in your nostrils' implies a sense of disdain or mockery rather than admiration or approval. There is no clear expression of positive emotions such as joy, love, or gratitude. The sarcasm and possible mockery lead to a prediction that a minority of annotators might perceive any positive emotion, likely due to the ambiguous nature of sarcasm.","The post's sarcastic tone and possible mockery suggest a lack of genuine positive emotions, leading to a prediction of [0.2, 0.8].",0.2,0.05000000000000001
183,Drink up before it gets cold,0.4,0.6,0.6,0.4,"The post 'Drink up before it gets cold' suggests a sense of caring or concern, as it implies a reminder to enjoy a beverage while it's still warm. This can be seen as a display of kindness or consideration, which aligns with the aspect of 'Caring' in positive emotions. However, the post is quite neutral and lacks strong emotional language, which might lead some annotators to not perceive it as strongly positive.","The post 'Drink up before it gets cold' suggests a sense of caring or concern, as it implies a reminder to enjoy a beverage while it's still warm. This can be seen as a display of kindness or consideration, which aligns with the aspect of 'Caring' in positive emotions. However, the post is quite neutral and lacks strong emotional language, which might lead some annotators to not perceive it as strongly positive.",0.19999999999999996,0.19999999999999996
184,"I'm pretty jelly now, lol. Esp. The pear shape 😧",0.8,0.19999999999999996,0.6,0.4,"The post expresses a sense of amusement and mild envy ('jelly' is slang for jealous), which can be associated with positive emotions like amusement and admiration. The use of 'lol' suggests a light-hearted tone, and the emoji 😧 indicates a playful expression of surprise or admiration. However, the presence of envy might lead some annotators to not classify it as entirely positive, hence a moderate percentage of positive classification.","The post conveys a mix of amusement and admiration, with a playful tone indicated by 'lol' and the emoji. The term 'jelly' suggests envy, but in a light-hearted manner. This results in a moderate percentage of annotators likely classifying it as positive.",0.20000000000000007,0.10000000000000006
185,Bop employee here. Not GLAD,0.0,1.0,0.2,0.8,"The post 'Bop employee here. Not GLAD' suggests a lack of positive emotions. The use of 'Not GLAD' indicates the absence of joy, approval, or excitement. The post does not express any of the positive emotions such as admiration, amusement, or gratitude. The statement is straightforward and lacks any positive emotional content, leading to a higher likelihood that annotators would classify it as not exhibiting positive emotions.","The post 'Bop employee here. Not GLAD' suggests a lack of positive emotions. The use of 'Not GLAD' indicates the absence of joy, approval, or excitement. The post does not express any of the positive emotions such as admiration, amusement, or gratitude. The statement is straightforward and lacks any positive emotional content, leading to a higher likelihood that annotators would classify it as not exhibiting positive emotions.",0.2,0.05000000000000001
186,What will the UN bring anyway? Turkey will be victorious. I love my country.,1.0,0.0,0.8,0.2,"The post expresses a strong positive emotion of love and pride towards the country, Turkey. The mention of 'Turkey will be victorious' suggests optimism and confidence about the future success of the country. The phrase 'I love my country' explicitly conveys love and pride, which are clear indicators of positive emotions. Therefore, a significant majority of annotators are likely to classify this post as exhibiting positive emotions.","The post expresses love and pride for the country, Turkey, and optimism about its future success. These are clear indicators of positive emotions.",0.19999999999999996,0.049999999999999975
187,And how she can’t cry bc of her “expensive lashes.” 🤦🏼‍♀️,0.0,1.0,0.2,0.8,"The post seems to be making a sarcastic or humorous remark about someone who is unable to cry due to having expensive lashes. The use of the facepalm emoji suggests a tone of mild amusement or disbelief, but it doesn't strongly convey positive emotions like joy or admiration. The focus is more on the irony or absurdity of the situation rather than a clear expression of positive emotion.","The post uses sarcasm and a facepalm emoji to comment on the situation, which might be seen as mildly amusing to some, but it doesn't strongly convey positive emotions. The focus is on the irony of the situation rather than a clear expression of positive emotion.",0.2,0.05000000000000001
188,Did you guys personally pay someone for the banner? Because that's incredible.,0.6,0.4,0.8,0.2,"The post expresses admiration and approval for the banner, indicating that the person finds it impressive and worthy of respect. The use of the word 'incredible' suggests a strong positive emotion, likely leading a majority of annotators to classify it as exhibiting positive emotions.","The post conveys admiration and approval, which are aspects of positive emotions. The use of 'incredible' suggests a strong positive reaction to the banner, likely leading to a high percentage of annotators classifying it as positive.",0.20000000000000007,0.10000000000000006
189,[NAME] black?,0.2,0.8,0.0,1.0,"The post is a simple question about someone's race, which does not inherently convey any positive emotions. It lacks any clear expression of admiration, amusement, approval, caring, desire, excitement, gratitude, joy, love, optimism, pride, or relief. Therefore, it is unlikely that annotators would classify this post as exhibiting positive emotions.","The post '[NAME] black?' is a straightforward inquiry about a person's race. It does not express any positive emotions such as admiration, joy, or love. The question is neutral and lacks emotional content, making it unlikely to be perceived as positive by annotators.",0.2,0.05000000000000001
190,#BHAW!,0.0,1.0,0.8,0.2,"The post '#BHAW!' is likely an expression of excitement or enthusiasm, possibly related to a sports team or event. The use of a hashtag and the exclamation mark suggests a positive, energetic sentiment. However, without additional context, there is some ambiguity, which might lead a small percentage of annotators to not classify it as positive.","The post '#BHAW!' is short and uses a hashtag, which often indicates a trend or a rallying cry, typically associated with excitement or enthusiasm. The exclamation mark further emphasizes a positive emotional tone. Given these elements, it is reasonable to predict that a majority of annotators would classify this as exhibiting positive emotions, particularly excitement. However, the lack of specific context might lead some annotators to be uncertain about the positivity, resulting in a minority not classifying it as such.",0.8,0.8000000000000002
191,I'll take just being able to have the Wellington ending in season 4. Atm you cant even get the scar in season 4.,0.2,0.8,0.4,0.6,"The post expresses a desire for a specific outcome in a series, which indicates a positive emotion of desire. However, the mention of not being able to achieve a certain aspect (the scar) suggests some dissatisfaction. The overall tone is not strongly positive, as it reflects a mix of desire and mild disappointment.","The post reflects a desire for a specific ending in a series, which is a positive emotion. However, the mention of not being able to achieve a certain aspect (the scar) suggests some dissatisfaction. The overall tone is not strongly positive, as it reflects a mix of desire and mild disappointment. Therefore, the prediction is that 40% of annotators would classify it as exhibiting positive emotions, while 60% would not.",0.2,0.10000000000000003
192,What the fuck I thought it was normal to pee before taking a shower and like not pee in the shower Especially if it’s a shared shower ew,0.0,1.0,0.0,1.0,"The post expresses a strong negative reaction to the idea of peeing in a shared shower, using language that conveys disgust ('ew'). There are no elements of positive emotions such as joy, amusement, or approval present in the post. The use of 'What the fuck' and 'ew' indicates a lack of positive sentiment, leading to the conclusion that annotators would not classify this post as exhibiting positive emotions.","The post is focused on expressing a negative opinion about a specific behavior (peeing in a shared shower), using strong language to convey disgust. There is no indication of positive emotions such as joy, amusement, or approval. The language used ('What the fuck', 'ew') suggests a clear negative sentiment, leading to the prediction that 0% of annotators would classify it as exhibiting positive emotions, while 100% would not.",0.0,0.0
193,Did I just get called [NAME]? Achievement Unlocked!,0.6,0.4,0.8,0.2,"The post expresses a sense of pride and amusement. The phrase 'Achievement Unlocked!' suggests a playful and positive reaction to being called a name, indicating a sense of pride or accomplishment. This aligns with the aspects of pride and amusement, which are positive emotions. The post is clear in its expression of these emotions, leading to a higher percentage of annotators likely classifying it as exhibiting positive emotions.","The post 'Did I just get called [NAME]? Achievement Unlocked!' conveys a sense of pride and amusement. The use of 'Achievement Unlocked!' suggests that the speaker is taking the name-calling as a compliment or a humorous milestone, which aligns with positive emotions such as pride and amusement. Therefore, a significant portion of annotators would likely classify this post as exhibiting positive emotions.",0.20000000000000007,0.10000000000000006
194,So hit Seek and Indeed.,0.0,1.0,0.0,1.0,"The post 'So hit Seek and Indeed.' is a straightforward statement that suggests using job search platforms. It lacks any clear expression of positive emotions such as joy, excitement, or optimism. The post is more of a directive or suggestion without any emotional context, making it unlikely to be classified as exhibiting positive emotions by annotators.","The post is a simple directive to use job search platforms, without any emotional content.",0.0,0.0
195,that’s beautiful. are you sure it’s only twelve feet though? it seems much taller,0.4,0.6,0.8,0.2,"The post expresses admiration for something described as 'beautiful,' which is a clear indicator of positive emotion. The question about the height suggests curiosity or interest, but the primary emotion conveyed is admiration. Given the clarity of the admiration expressed, a high percentage of annotators are likely to classify this post as exhibiting positive emotions.","The post 'that’s beautiful. are you sure it’s only twelve feet though? it seems much taller' is likely to be classified by a high percentage of annotators as exhibiting positive emotions, primarily due to the expression of admiration. The use of the word 'beautiful' directly indicates a positive emotional response, and the question about the height further suggests interest or intrigue, which can be associated with positive engagement. Therefore, the predicted percentages are [0.8, 0.2].",0.4,0.4000000000000001
196,You have to spit into a plastic vial. It would take some decent effort to pull that off.,0.2,0.8,0.2,0.8,"The post describes a task that requires effort, which might imply a sense of challenge or determination. However, it lacks explicit expressions of positive emotions such as joy, excitement, or pride. The focus is more on the effort required rather than any positive emotional response to the task. Therefore, it is likely that a minority of annotators might perceive some positive emotion related to the challenge, but the majority would not classify it as exhibiting positive emotions.","The post is about the effort needed to spit into a plastic vial, which doesn't clearly convey any positive emotions. It might be seen as a challenge, but it lacks explicit positive emotional content.",0.0,0.0
197,I believe that the heart does go on,0.6,0.4,0.9,0.1,"The post expresses a strong sense of optimism and possibly love, as it suggests a belief in enduring emotions or connections. The phrase 'the heart does go on' is often associated with resilience and hope, which are positive emotions. The clarity of the expression of these emotions suggests that a high percentage of annotators would classify this post as exhibiting positive emotions.","The post 'I believe that the heart does go on' conveys a sense of optimism and enduring love. The phrase is reminiscent of themes of resilience and hope, often associated with positive emotions. Given the clarity and positivity of the message, it is likely that a significant majority of annotators would perceive this post as expressing positive emotions.",0.30000000000000004,0.18000000000000005
198,"Gettysburg is awesome, I've been twice. I want to go back as an adult! Have fun!",1.0,0.0,0.9,0.1,"The post expresses admiration for Gettysburg by describing it as 'awesome' and shows a desire to return, indicating positive emotions. The phrase 'Have fun!' also conveys approval and excitement for someone else's experience. These elements suggest a high likelihood of annotators perceiving positive emotions.","The post conveys admiration, desire, and approval, which are aspects of positive emotions. The enthusiasm for returning to Gettysburg and the well-wishing 'Have fun!' contribute to a strong positive emotional tone.",0.09999999999999998,0.011111111111111105
199,"Emergency vehicle, lights on, no siren?",0.0,1.0,0.0,1.0,"The post is a straightforward question about the behavior of an emergency vehicle, which does not inherently convey any positive emotions. It lacks any expression of admiration, amusement, approval, caring, desire, excitement, gratitude, joy, love, optimism, pride, or relief. Therefore, it is unlikely that annotators would classify this post as exhibiting positive emotions.","The post is a simple inquiry about the operation of an emergency vehicle, specifically questioning why it has lights on but no siren. This is a neutral observation and does not express any positive emotions. As such, it is expected that the majority of annotators would not classify this post as exhibiting positive emotions.",0.0,0.0
200,I don't think that's true. Every major story I remember from the [NAME] investigation has been from court documents.,0.0,1.0,0.0,1.0,"The post is a straightforward statement expressing skepticism about a claim, with no evident positive emotions such as joy, admiration, or excitement. It focuses on recalling facts from an investigation, which is neutral and lacks any positive emotional content.","The post does not convey any positive emotions. It is a factual statement about the source of major stories from an investigation, without any expression of joy, admiration, or other positive emotions.",0.0,0.0
201,"Lol, the delusion is strong.",0.6,0.4,0.2,0.8,"The post uses 'Lol,' which could indicate amusement, but the overall tone is dismissive and critical, suggesting a lack of positive emotions. The phrase 'the delusion is strong' implies a negative judgment rather than admiration, approval, or any other positive emotion. Therefore, most annotators would likely not classify this as exhibiting positive emotions.","The post 'Lol, the delusion is strong.' contains a hint of amusement with 'Lol,' but the main sentiment is dismissive and critical, focusing on the perceived delusion. This suggests a lack of positive emotions, leading to a prediction that 20% of annotators might see some amusement, while 80% would not classify it as positive.",0.39999999999999997,0.39999999999999997
202,No no forms or anything. I was pleading with them not to go and it seemed surreal that I was being forced to go,0.0,1.0,0.0,1.0,"The post describes a situation where the speaker is pleading and feels forced, which suggests a lack of control and possibly distress. There are no clear indicators of positive emotions such as joy, excitement, or gratitude. The language used ('pleading', 'forced', 'surreal') does not align with any of the positive emotion aspects listed.","The post does not convey any positive emotions. It describes a situation of pleading and being forced, which are negative experiences. Therefore, it is likely that 0% of annotators would classify this post as exhibiting positive emotions, while 100% would not.",0.0,0.0
203,"I agree. Girls digg when you take the lead on this, Just be upfront.",0.8,0.19999999999999996,0.8,0.2,"The post expresses approval and possibly admiration for taking the lead, which are aspects of positive emotions. The phrase 'Girls digg when you take the lead' suggests a favorable opinion and approval of such behavior. The encouragement to 'Just be upfront' also implies a positive and supportive tone. These elements are likely to lead a majority of annotators to classify the post as exhibiting positive emotions.","The post expresses approval and possibly admiration for taking the lead, which are aspects of positive emotions. The phrase 'Girls digg when you take the lead' suggests a favorable opinion and approval of such behavior. The encouragement to 'Just be upfront' also implies a positive and supportive tone. These elements are likely to lead a majority of annotators to classify the post as exhibiting positive emotions.",0.0,0.0
204,Why dont you go complaint about USA 75% deforestation?,0.0,1.0,0.0,1.0,"The post appears to be a sarcastic or critical remark about deforestation in the USA. It does not express any of the positive emotions such as admiration, amusement, approval, caring, desire, excitement, gratitude, joy, love, optimism, pride, or relief. Instead, it seems to be pointing out a negative issue, likely with a tone of criticism or frustration.","The post does not convey positive emotions. It is more likely to be perceived as critical or sarcastic, focusing on a negative environmental issue.",0.0,0.0
205,"In doing so, they gave humanity a cinematic treasure for the ages. ",0.8,0.19999999999999996,0.9,0.1,"The post expresses admiration and approval for a cinematic work, describing it as a 'treasure for the ages.' This language strongly suggests positive emotions, particularly admiration for the creators and approval of their work. The clarity of the positive sentiment is high, as the post is straightforward in its praise.",The post is likely to be classified as exhibiting positive emotions by a high percentage of annotators due to its clear expression of admiration and approval for a cinematic work.,0.09999999999999998,0.014285714285714277
206,Pls provide a timestamp to their antimigration chants and bravado lol,0.4,0.6,0.2,0.8,"The post seems to be mocking or making light of 'antimigration chants and bravado,' which could be interpreted as amusement. However, the use of 'lol' suggests a sarcastic tone rather than genuine amusement. The post does not clearly express any of the other aspects of positive emotions such as admiration, approval, or joy. Therefore, the majority of annotators are likely to classify it as not exhibiting positive emotions.","The post contains a sarcastic tone with the use of 'lol,' which might indicate amusement, but it is not strong enough to be considered a clear expression of positive emotions. The focus on 'antimigration chants and bravado' suggests a critical or mocking stance rather than genuine positive emotion.",0.2,0.10000000000000003
207,Hahaha years of being a nets fan makes me only look for reasons we wont win.,0.6,0.4,0.6,0.4,"The post contains elements of amusement ('Hahaha') and a hint of optimism or pride in being a long-term fan, despite the negative outlook on winning. The laughter suggests a light-hearted approach to the situation, which can be seen as a positive emotion. However, the focus on reasons for not winning introduces a negative aspect, leading to a mixed interpretation.","The post expresses amusement through laughter ('Hahaha') and reflects a long-term commitment to being a fan, which can be seen as a form of pride or optimism. However, the focus on reasons for not winning introduces a negative aspect, leading to a mixed interpretation of positive emotions. Therefore, the prediction is that 60% of annotators might classify it as exhibiting positive emotions due to the amusement and pride, while 40% might not due to the focus on potential failure.",0.0,0.0
208,That's the best treasure I could every hope to find,0.8,0.19999999999999996,1.0,0.0,"The post clearly expresses a strong sense of joy and gratitude, as it describes something as 'the best treasure' one could hope to find. This indicates a high level of appreciation and positive emotion, likely leading most annotators to classify it as exhibiting positive emotions.","The post 'That's the best treasure I could every hope to find' conveys a strong sense of joy and gratitude. The use of 'best treasure' suggests a high level of appreciation and positive emotion, which is likely to be interpreted as positive by most annotators.",0.19999999999999996,0.049999999999999975
209,Yeah but being happy at other misfortune is sowing bad karma for yourself.,0.4,0.6,0.2,0.8,"The post suggests a negative view on finding happiness in others' misfortune, which implies a lack of positive emotions. It warns against the consequences of such behavior, indicating disapproval rather than any positive sentiment. The mention of 'bad karma' further emphasizes the negative connotation, suggesting that the post is more about cautioning against negative behavior than expressing positive emotions.","The post does not clearly express any of the aspects of positive emotions. It focuses on the negative consequences of being happy at others' misfortune, which is not a positive emotion. Therefore, a small percentage of annotators might see a hint of approval or caring in the warning against bad karma, but the majority would likely classify it as not exhibiting positive emotions.",0.2,0.10000000000000003
210,Are you being stalked by anti-vaxxers? I’m so sorry that sucks so much,0.2,0.8,0.4,0.6,"The post expresses sympathy and concern for someone who might be experiencing harassment from anti-vaxxers. The phrase 'I’m so sorry that sucks so much' indicates caring and empathy, which are aspects of positive emotions. However, the overall context of being stalked is negative, which might lead some annotators to focus more on the negative situation rather than the positive emotional support being offered.","The post expresses sympathy and concern for someone who might be experiencing harassment from anti-vaxxers. The phrase 'I’m so sorry that sucks so much' indicates caring and empathy, which are aspects of positive emotions. However, the overall context of being stalked is negative, which might lead some annotators to focus more on the negative situation rather than the positive emotional support being offered. Therefore, the prediction is that 40% of annotators would classify the post as exhibiting positive emotions, while 60% would not.",0.2,0.10000000000000003
211,Oh fuck I almost forgot to jerk off and smoke weed today. I'm so forgetful. Appreciate the reminder.,0.2,0.8,0.4,0.6,"The post expresses a sense of amusement and relief. The use of 'Oh fuck' and 'I'm so forgetful' suggests a light-hearted, humorous tone, indicating amusement. The phrase 'Appreciate the reminder' shows a hint of gratitude. However, the overall context of the post is casual and not strongly positive, leading to a moderate percentage of annotators perceiving positive emotions.","The post contains elements of amusement and a slight sense of gratitude, but the overall tone is casual and not strongly positive, leading to a moderate percentage of annotators perceiving positive emotions.",0.2,0.10000000000000003
212,The power dynamics argument is one of the most ridiculous arguments ever - unless it’s someone who has a *direct* influence on your life or outcomes.,0.2,0.8,0.2,0.8,"The post expresses a critical opinion about the power dynamics argument, suggesting it is ridiculous unless it directly influences one's life. There is no clear expression of positive emotions such as admiration, joy, or excitement. The tone is more dismissive and critical, which is not typically associated with positive emotions. Therefore, a small percentage of annotators might perceive some underlying approval or relief if they agree with the sentiment, but the majority would not classify it as exhibiting positive emotions.","The post is critical of the power dynamics argument, labeling it as ridiculous unless it directly affects one's life. This critical stance does not align with positive emotions like admiration, joy, or excitement. The tone is dismissive and critical, which is not typically associated with positive emotions. A small percentage of annotators might perceive some underlying approval or relief if they agree with the sentiment, but the majority would not classify it as exhibiting positive emotions. Therefore, the predicted percentages are [0.2, 0.8].",0.0,0.0
213,She represents window licking retards.,0.0,1.0,0.0,1.0,"The post uses derogatory language and does not express any positive emotions. It is likely to be perceived as offensive and disrespectful, which aligns with negative emotions rather than positive ones.","The post contains offensive language and does not convey any of the aspects of positive emotions such as admiration, amusement, approval, caring, desire, excitement, gratitude, joy, love, optimism, pride, or relief. Therefore, it is predicted that 0% of annotators would classify it as exhibiting positive emotions, while 100% would not.",0.0,0.0
214,Obviously excluding shotguns..,0.5,0.5,0.0,1.0,"The post 'Obviously excluding shotguns..' does not convey any clear positive emotions. It lacks context and does not express admiration, amusement, approval, caring, desire, excitement, gratitude, joy, love, optimism, pride, or relief. The statement is neutral and factual, focusing on exclusion rather than any positive sentiment.",The post is neutral and lacks any expression of positive emotions. It is a factual statement without context that could imply positive sentiment.,0.5,0.5
215,Curse your sudden but inevitable betrayal!,0.0,1.0,0.4,0.6,"The post uses a humorous and dramatic phrase that is often associated with playful banter or jest, which can evoke amusement. However, the context of 'betrayal' might also imply a negative connotation, leading to some ambiguity. Therefore, while some annotators might perceive the humor and classify it as positive, others might focus on the betrayal aspect and not see it as positive.","The phrase 'Curse your sudden but inevitable betrayal!' is a well-known line from a comedic scene in the TV show 'Firefly.' It is often used humorously to mockingly express mock betrayal in a light-hearted manner. The humor aspect could lead to a moderate percentage of annotators seeing it as positive due to amusement, but the word 'betrayal' might still carry a negative undertone for others.",0.4,0.2666666666666667
216,"Cool so you saw something already posted, didn't want to believe and did it yourself to post it all again?",0.25,0.75,0.0,1.0,"The post expresses a sense of frustration or annoyance towards someone repeating an action that has already been done. There is no indication of positive emotions such as admiration, amusement, approval, or any other aspect of positive emotions. The tone is more critical and dismissive, which suggests that annotators are unlikely to classify it as exhibiting positive emotions.","The post does not convey any positive emotions. It seems to criticize or question someone's actions in a negative light, lacking any elements of joy, amusement, or approval.",0.25,0.08333333333333333
217,These things are so cool.,1.0,0.0,0.9,0.1,"The post expresses admiration and approval, as the speaker finds 'these things' to be 'so cool.' This indicates a positive emotional response, likely leading most annotators to classify it as exhibiting positive emotions.","The post 'These things are so cool.' conveys a clear sense of admiration and approval, which are aspects of positive emotions. The use of 'so cool' suggests a strong positive reaction, making it likely that a high percentage of annotators would classify it as exhibiting positive emotions.",0.09999999999999998,0.011111111111111105
218,Tell him he should get a divorce.,0.0,1.0,0.2,0.8,"The post suggests advising someone to get a divorce, which is generally not associated with positive emotions. It lacks any clear expression of positive emotions such as joy, love, or optimism. Instead, it may imply dissatisfaction or disapproval with the current situation, which are not positive emotions.","The post 'Tell him he should get a divorce.' does not convey positive emotions. It suggests a course of action that is typically associated with negative or neutral emotions, such as dissatisfaction or disapproval. There is no indication of admiration, amusement, approval, caring, desire, excitement, gratitude, joy, love, optimism, pride, or relief. Therefore, the percentage of annotators who classify the post as exhibiting positive emotions is likely low, around 20%, while 80% would not see it as positive.",0.2,0.05000000000000001
219,My son and I both enjoy taking pictures. It gives us pleasure. Part of the fun for us on vacation is taking pictures of new things.,1.0,0.0,1.0,0.0,"The post clearly expresses joy and pleasure derived from taking pictures, especially during vacations. It mentions enjoyment and fun, which are strong indicators of positive emotions. The shared activity with the son also suggests a sense of bonding and love. The clarity of the positive emotions expressed in the post makes it likely that all annotators would classify it as exhibiting positive emotions.","The post is about the joy and pleasure of taking pictures, especially during vacations. It highlights enjoyment, fun, and a shared activity with a loved one, which are clear indicators of positive emotions. Therefore, it is predicted that 100% of annotators would classify this post as exhibiting positive emotions.",0.0,0.0
220,Do you have the link to that ? I would love to hear the story from him,0.8,0.19999999999999996,0.8,0.2,"The post expresses a desire to hear a story, which indicates a positive emotion of interest and engagement. The use of 'I would love to hear' suggests a strong positive emotion of desire and possibly admiration for the story or the person telling it. This makes it likely that a significant majority of annotators would classify this post as exhibiting positive emotions.","The post is straightforward in expressing a positive emotion, specifically desire and interest in hearing a story. The language used ('I would love to hear') is clear and unambiguous in conveying positive emotions, leading to a high likelihood of annotators agreeing on the positive classification.",0.0,0.0
221,I mean all of those countries were doing really well before the US stepped anywhere near them... Press X to doubt,0.4,0.6,0.0,1.0,"The post expresses skepticism and doubt about the positive impact of the US on other countries, which does not align with any of the aspects of positive emotions such as admiration, amusement, approval, caring, desire, excitement, gratitude, joy, love, optimism, pride, or relief. The tone is more critical and doubtful, indicating a lack of positive emotional expression.","The post does not convey any positive emotions. It is critical and skeptical, focusing on doubt rather than any positive sentiment.",0.4,0.2666666666666667
222,"Quite superpower you got there, op. Reminds me of [NAME] in Unbreakable. U beautiful person!",0.6,0.4,0.9,0.1,"The post expresses admiration and approval towards the original poster (op) by calling them a 'beautiful person' and comparing them to a character from 'Unbreakable,' which suggests a positive and impressive quality. The use of 'Quite superpower you got there' further indicates admiration. These elements strongly convey positive emotions, leading to a high percentage of annotators likely classifying it as such.","The post is filled with positive language and admiration, making it clear that it conveys positive emotions.",0.30000000000000004,0.18000000000000005
223,I had the biggest smile!,0.8,0.19999999999999996,1.0,0.0,"The post 'I had the biggest smile!' clearly conveys a strong sense of joy and happiness. The expression of having a 'biggest smile' is a direct indication of positive emotions, specifically joy. There is no ambiguity in the statement, and it is straightforward in expressing a positive emotional state.","The post 'I had the biggest smile!' is a clear expression of joy, as having a big smile is typically associated with happiness and positive feelings. There is no indication of negative emotions or ambiguity in the statement, making it highly likely that all annotators would classify it as exhibiting positive emotions.",0.19999999999999996,0.049999999999999975
224,Sticking a road in the middle of someone's land just to satisfy your OCD seems pretty cruel.,0.0,1.0,0.0,1.0,"The post expresses a negative sentiment towards the action of sticking a road in the middle of someone's land, describing it as 'cruel.' There is no indication of positive emotions such as admiration, amusement, approval, or any other aspect of positive emotions. The focus is on the perceived cruelty of the action, which suggests a lack of positive emotional content.","The post does not convey any positive emotions. It criticizes an action as 'cruel,' which is inherently negative. There is no expression of joy, admiration, or any other positive emotion. Therefore, it is likely that 0% of annotators would classify this post as exhibiting positive emotions, while 100% would not.",0.0,0.0
225,"It's a Mercedes. Take it in for an oil change, and it's an enormous bill.",0.2,0.8,0.2,0.8,"The post expresses a sentiment that is more negative than positive, focusing on the high cost associated with maintaining a luxury car. There is a hint of sarcasm or frustration rather than admiration or joy. The mention of 'enormous bill' suggests dissatisfaction rather than any positive emotion.","The post discusses the high cost of maintaining a Mercedes, which is likely to be perceived negatively by most annotators. The lack of explicit positive emotions such as joy, admiration, or excitement leads to a prediction that a minority of annotators might see any positive aspect, possibly in the form of pride in owning a luxury car, but the majority would not classify it as positive.",0.0,0.0
226,"Well, you know what they say..... ....I can't think of any witty comment to say about that.",0.4,0.6,0.2,0.8,"The post expresses a sense of amusement or self-deprecation due to the inability to come up with a witty comment. However, it lacks strong positive emotions such as joy, excitement, or admiration. The humor is subtle and may not be perceived as positive by all annotators, leading to a lower percentage of positive emotion classification.","The post is light-hearted and slightly humorous, but it doesn't strongly convey any of the specific aspects of positive emotions. The humor is mild and self-deprecating, which might be seen as amusing by some, but not enough to classify it as predominantly positive. Therefore, a small percentage of annotators might see it as positive due to the amusement aspect, but the majority would not.",0.2,0.10000000000000003
227,"Ah didn’t know what that term meant. Got bored with all the party terminology. But yes, I guess I am. ",0.0,1.0,0.4,0.6,"The post expresses a sense of boredom with party terminology, which might suggest a lack of excitement or enthusiasm. However, the phrase 'But yes, I guess I am' could imply a mild acceptance or approval of being associated with a certain term, which might be seen as a positive emotion. The overall tone is somewhat neutral, with a slight lean towards positive due to the acceptance, but the boredom aspect keeps it from being strongly positive.","The post expresses a sense of boredom with party terminology, which might suggest a lack of excitement or enthusiasm. However, the phrase 'But yes, I guess I am' could imply a mild acceptance or approval of being associated with a certain term, which might be seen as a positive emotion. The overall tone is somewhat neutral, with a slight lean towards positive due to the acceptance, but the boredom aspect keeps it from being strongly positive.",0.4,0.2666666666666667
228,Looking cool [NAME],0.8,0.19999999999999996,0.8,0.2,"The post 'Looking cool [NAME]' expresses approval and admiration, which are aspects of positive emotions. The use of 'cool' suggests a favorable opinion, and the direct address to [NAME] implies admiration. This makes it likely that a significant majority of annotators would classify this post as exhibiting positive emotions.","The post 'Looking cool [NAME]' is likely to be perceived as positive due to its expression of approval and admiration. The word 'cool' is often used to convey a favorable opinion, and addressing someone directly with this compliment suggests admiration. Therefore, it is predicted that 80% of annotators would classify this post as exhibiting positive emotions, while 20% might not perceive it as strongly positive.",0.0,0.0
229,If New Jersey are going to win it in the winter they better get something done quickly..,0.2,0.8,0.4,0.6,"The post expresses a sense of urgency and determination, which can be associated with optimism about New Jersey's potential success. However, it lacks explicit expressions of joy, excitement, or other strong positive emotions, making it somewhat ambiguous. Therefore, a moderate percentage of annotators might classify it as exhibiting positive emotions due to the underlying optimism, while others may not see it as strongly positive.","The post suggests a sense of urgency and determination, which can be linked to optimism about New Jersey's potential success. However, it lacks explicit expressions of joy, excitement, or other strong positive emotions, making it somewhat ambiguous. Therefore, a moderate percentage of annotators might classify it as exhibiting positive emotions due to the underlying optimism, while others may not see it as strongly positive.",0.2,0.10000000000000003
230,"> bad ass-friend *** ^(Bleep-bloop, I'm a bot. This comment was inspired by )^xkcd#37",0.0,1.0,0.6,0.4,"The post uses the term 'bad ass-friend,' which can be interpreted as a positive expression of admiration or approval, suggesting that the friend is impressive or cool. However, the context is somewhat ambiguous due to the lack of additional information and the presence of a bot-generated comment, which might not convey genuine emotion. Therefore, while there is a positive aspect, the ambiguity might lead to a moderate percentage of annotators recognizing positive emotions.","The post contains a positive term 'bad ass-friend,' indicating admiration or approval, but the context is limited and includes a bot comment, which may not convey genuine emotion. This results in a moderate likelihood of being classified as positive.",0.6,0.6
231,"That’s exactly what it says on the menu, don’t see what’s wrong here.",0.25,0.75,0.2,0.8,"The post seems to be a straightforward statement about a menu item, without any explicit expression of positive emotions. It lacks clear indicators of admiration, amusement, approval, caring, desire, excitement, gratitude, joy, love, optimism, pride, or relief. The tone is neutral and factual, which suggests that most annotators would not classify it as exhibiting positive emotions.","The post is a factual statement about a menu item, with no clear expression of positive emotions. It is neutral and lacks indicators of positive emotional aspects.",0.04999999999999999,0.004545454545454543
232,> YOU DONT GET (ALL OF THE) MONEY IF YOU DONT SPECTATE UNTIL THE END OF GUN RUSH,0.2,0.8,0.2,0.8,"The post is written in all caps, which often indicates a strong emotion, but it does not clearly convey any specific positive emotion. It seems more like a statement or a rule about a game, possibly expressing frustration or a reminder rather than joy, amusement, or any other positive emotion. The lack of explicit positive emotional content suggests that most annotators would not classify it as exhibiting positive emotions.","The post is a directive or reminder about a game rule, likely related to a video game. The use of all caps could imply emphasis or frustration, but it does not inherently convey positive emotions such as joy, amusement, or excitement. The content is more informative or cautionary, lacking clear indicators of positive emotional aspects. Therefore, it is likely that a minority of annotators would perceive it as expressing positive emotions.",0.0,0.0
233,happy cake day.,0.8,0.19999999999999996,1.0,0.0,"The post 'happy cake day' is a clear expression of positive emotions, specifically joy and possibly gratitude. The phrase 'cake day' is often used in social media contexts to celebrate an anniversary or special occasion, which is typically associated with happiness and well-wishing. Therefore, it is highly likely that all annotators would classify this post as exhibiting positive emotions.","The post 'happy cake day' is a clear expression of positive emotions, specifically joy and possibly gratitude. The phrase 'cake day' is often used in social media contexts to celebrate an anniversary or special occasion, which is typically associated with happiness and well-wishing. Therefore, it is highly likely that all annotators would classify this post as exhibiting positive emotions. [1.0, 0.0]",0.19999999999999996,0.049999999999999975
234,"And it’s being posted by a person who apparently has an MD, PhD, and MBA. One would hope they knew better",0.6,0.4,0.2,0.8,"The post seems to express a sense of disappointment or disbelief that someone with such high qualifications (MD, PhD, MBA) would post something questionable. There is no clear expression of positive emotions such as admiration, joy, or approval. Instead, the tone suggests a critical or skeptical view, which is not aligned with positive emotions.","The post does not clearly convey any of the aspects of positive emotions. It seems more focused on questioning or criticizing the actions of a highly qualified individual, which suggests a lack of positive emotional expression.",0.39999999999999997,0.39999999999999997
235,There is also no dog in the white house. Why? Because dogs can smell an asshole a mile away.,0.8,0.19999999999999996,0.0,1.0,"The post uses humor to make a critical point about the absence of a dog in the White House, implying a negative view of the current occupant. While it employs a humorous tone, the underlying sentiment is critical rather than positive. The humor is more sarcastic and does not convey amusement in a positive sense, nor does it express any other positive emotions such as joy, admiration, or approval.","The post is sarcastic and critical, using humor to make a point about the absence of a dog in the White House. The humor is not intended to amuse in a positive way but rather to criticize, which does not align with positive emotions. Therefore, the percentage of annotators who classify the post as exhibiting positive emotions is likely to be very low.",0.8,0.8000000000000002
236,You're too ugly to even bully,0.2,0.8,0.0,1.0,"The post contains a negative statement that is insulting and derogatory. It does not express any of the aspects of positive emotions such as admiration, amusement, approval, caring, desire, excitement, gratitude, joy, love, optimism, pride, or relief. Instead, it conveys a negative sentiment, likely leading all annotators to classify it as not exhibiting positive emotions.","The post 'You're too ugly to even bully' is clearly negative and insulting. It lacks any positive emotional content and is likely to be classified by all annotators as not exhibiting positive emotions. Therefore, the predicted percentages are [0.0, 1.0].",0.2,0.05000000000000001
237,Don't think we should be stomping all over people's bodily autonomy just so public health authorities can declare victory.,0.0,1.0,0.0,1.0,"The post expresses a critical stance towards public health authorities and emphasizes the importance of bodily autonomy. There is no indication of positive emotions such as admiration, amusement, approval, or any other aspect of positive emotions. The tone is more aligned with concern or criticism rather than positivity.","The post does not convey any positive emotions. It is critical of public health authorities and focuses on the issue of bodily autonomy, which does not align with any of the positive emotion aspects listed.",0.0,0.0
238,[NAME] is in no way comparable to [NAME]. [NAME] is an imbecile.,0.0,1.0,0.0,1.0,"The post is a direct comparison between two individuals, where one is labeled as an 'imbecile.' This language is derogatory and does not convey any positive emotions such as admiration, approval, or joy. The post lacks any elements of positive emotions and instead focuses on a negative judgment.","The post does not express any positive emotions. It is critical and dismissive, focusing on a negative comparison.",0.0,0.0
239,that is the most obnoxious chant ever the chiefs do it too,0.2,0.8,0.0,1.0,"The post expresses a negative opinion about a chant, describing it as 'obnoxious.' There is no indication of positive emotions such as admiration, amusement, or approval. The language used is critical and dismissive, which suggests that annotators are unlikely to classify this post as exhibiting positive emotions.","The post criticizes a chant, calling it 'obnoxious,' which is a negative descriptor. There is no expression of positive emotions like admiration or amusement. Therefore, the prediction is that 0% of annotators would classify it as exhibiting positive emotions, while 100% would not.",0.2,0.05000000000000001
240,So much effort for such terrible person!,0.0,1.0,0.0,1.0,"The post expresses a negative sentiment towards a person, indicating that the effort put in is not deserved due to the person's perceived negative qualities. There are no aspects of positive emotions such as admiration, joy, or approval present in the post.","The post does not convey any positive emotions. It focuses on the perceived negativity of a person, suggesting that the effort is wasted on them. This indicates a lack of admiration, approval, or any other positive emotion.",0.0,0.0
241,"Worth a try to report the bus number, the route and the time to PTV to see if he can get them back. Best of luck!",0.8,0.19999999999999996,0.8,0.2,"The post expresses a sense of optimism and caring. The suggestion to report the bus number, route, and time to potentially retrieve lost items shows concern for the person who lost them. Additionally, the phrase 'Best of luck!' conveys a hopeful and supportive sentiment, indicating optimism about the outcome.","The post suggests a course of action to potentially recover lost items, which shows caring and concern. The closing 'Best of luck!' adds an element of optimism, as it wishes for a positive outcome. These elements contribute to a high likelihood of the post being perceived as exhibiting positive emotions.",0.0,0.0
242,So unnecessary.,0.0,1.0,0.0,1.0,"The post 'So unnecessary.' is a brief statement that does not convey any clear positive emotions. It lacks context or any indication of admiration, amusement, approval, caring, desire, excitement, gratitude, joy, love, optimism, pride, or relief. The statement seems to express a negative sentiment or disapproval, which is the opposite of positive emotions.","The post 'So unnecessary.' does not exhibit any aspects of positive emotions. It is more likely to be interpreted as a negative or dismissive comment, leading to a prediction that 0% of annotators would classify it as exhibiting positive emotions, while 100% would not.",0.0,0.0
243,I’ll never be able to unsee this.,0.2,0.8,0.2,0.8,"The post 'I’ll never be able to unsee this.' suggests a strong reaction to something seen, but it does not clearly convey any specific positive emotion. It lacks elements of joy, amusement, or admiration, and instead implies a potentially negative or shocking experience. Therefore, a small percentage of annotators might interpret it as positive due to the intensity of the reaction, but the majority would likely not see it as conveying positive emotions.","The post 'I’ll never be able to unsee this.' suggests a strong reaction to something seen, but it does not clearly convey any specific positive emotion. It lacks elements of joy, amusement, or admiration, and instead implies a potentially negative or shocking experience. Therefore, a small percentage of annotators might interpret it as positive due to the intensity of the reaction, but the majority would likely not see it as conveying positive emotions.",0.0,0.0
244,"Ranked #3 edge defender in the NFL, 25 years old, and makes our division rival weaker",0.0,1.0,0.8,0.2,"The post expresses admiration for the player's ranking and age, as well as approval and excitement about the strategic advantage gained by weakening a division rival. These aspects of positive emotions are clear and likely to be recognized by annotators.","The post highlights positive aspects such as the player's high ranking, young age, and the strategic benefit to the team, which are likely to be seen as positive emotions by most annotators.",0.8,0.8000000000000002
245,I think I could watch an entire show with just these two all the time.,0.8,0.19999999999999996,0.8,0.2,"The post expresses a strong sense of amusement and approval, as the author indicates they could watch an entire show featuring just two individuals. This suggests a positive emotional response towards the content or characters mentioned, likely leading a majority of annotators to classify it as exhibiting positive emotions.","The post conveys amusement and approval, as the author expresses enjoyment and a favorable opinion towards the idea of watching a show with just two individuals. This positive sentiment is likely to be recognized by a significant portion of annotators.",0.0,0.0
246,Day 7 is tough... Not as tough as day 15 but tough,0.0,1.0,0.4,0.6,"The post expresses a sense of challenge and perseverance, which could be interpreted as a form of optimism or pride in enduring a difficult situation. However, the post does not explicitly convey strong positive emotions such as joy, excitement, or love. The mention of toughness suggests a struggle, which might not be seen as a positive emotion by all annotators. Therefore, there is likely a moderate split among annotators, with a slight majority not classifying it as exhibiting positive emotions.","The post acknowledges the difficulty of a situation, comparing day 7 to day 15, which implies a sense of endurance and possibly pride or optimism in facing challenges. However, the focus on toughness might lead some annotators to not view it as a positive emotion, resulting in a moderate split in classification.",0.4,0.2666666666666667
247,Wanna know how hard I hit it? I hit it into next week.,0.4,0.6,0.6,0.4,"The post uses a metaphorical expression to describe hitting something with great force, which can be interpreted as a display of pride or excitement. The phrase 'hit it into next week' suggests a sense of accomplishment or enthusiasm about the action. However, the post lacks explicit context or additional emotional cues, making it somewhat ambiguous. Therefore, while a majority might see it as positive due to the implied pride or excitement, a significant portion might not see it as clearly positive due to the lack of context.","The post 'Wanna know how hard I hit it? I hit it into next week.' suggests a sense of pride or excitement about an action. The metaphorical language implies a strong, impressive action, which can be associated with pride or excitement. However, without additional context, the emotional tone is somewhat ambiguous, leading to a prediction that 60% of annotators might classify it as positive, while 40% might not.",0.19999999999999996,0.19999999999999996
248,Same - I feel like I stim a lot more - but I'm much more comfortable and less self-conscious about it.,0.4,0.6,0.8,0.2,"The post expresses a sense of relief and comfort, indicating a positive change in the person's self-consciousness. The use of 'much more comfortable' suggests a positive emotion of relief and self-acceptance, which are aspects of positive emotions. The post does not express any negative emotions or ambiguity that would lead to a significant number of annotators classifying it as not exhibiting positive emotions.","The post 'Same - I feel like I stim a lot more - but I'm much more comfortable and less self-conscious about it.' conveys positive emotions primarily through the expression of comfort and reduced self-consciousness. This indicates a sense of relief and self-acceptance, which are positive emotional states. The clarity of the positive change in the person's feelings about their behavior suggests that a majority of annotators would classify this post as exhibiting positive emotions.",0.4,0.4000000000000001
249,"Wasn't implying that, just weird that a South African brand is so popular overseas all things considered.",0.0,1.0,0.4,0.6,"The post expresses a mild sense of surprise or curiosity about the popularity of a South African brand overseas. This could be interpreted as a form of admiration or approval for the brand's success, which are aspects of positive emotions. However, the post does not strongly convey emotions like joy, excitement, or love, making the expression of positive emotions somewhat ambiguous. Therefore, a moderate percentage of annotators might classify it as exhibiting positive emotions, while a slightly higher percentage might not.","The post expresses a mild sense of surprise or curiosity about the popularity of a South African brand overseas. This could be interpreted as a form of admiration or approval for the brand's success, which are aspects of positive emotions. However, the post does not strongly convey emotions like joy, excitement, or love, making the expression of positive emotions somewhat ambiguous. Therefore, a moderate percentage of annotators might classify it as exhibiting positive emotions, while a slightly higher percentage might not.",0.4,0.2666666666666667
250,> laughing me off. > can’t expect everyone to be current on every topic,0.4,0.6,0.4,0.6,"The post contains a phrase 'laughing me off,' which suggests amusement or a light-hearted reaction. However, the second part of the post, 'can’t expect everyone to be current on every topic,' introduces a neutral or slightly defensive tone. This combination of amusement and neutrality suggests that a moderate percentage of annotators might perceive positive emotions, but the overall tone is not strongly positive.","The post has elements of amusement but also a neutral or slightly defensive tone, leading to a moderate prediction of positive emotion perception.",0.0,0.0
251,Waiting to see if a card expansion will make the game fun.,0.6,0.4,0.4,0.6,"The post expresses a sense of anticipation and hopefulness about the future, which aligns with the aspect of optimism. However, the post also implies that the current state of the game is not fun, which may lead some annotators to not classify it as positive. The anticipation of fun suggests a potential for positive emotions, but the current lack of fun may overshadow this for some annotators.","The post expresses a sense of anticipation and hopefulness about the future, which aligns with the aspect of optimism. However, the post also implies that the current state of the game is not fun, which may lead some annotators to not classify it as positive. The anticipation of fun suggests a potential for positive emotions, but the current lack of fun may overshadow this for some annotators. Therefore, the prediction is that 40% of annotators would classify it as exhibiting positive emotions, while 60% would not.",0.19999999999999996,0.19999999999999996
252,"I mean just let it go and assume things aren’t going to work out. Drop it, so to speak.",0.4,0.6,0.0,1.0,"The post suggests a sense of resignation and giving up, which does not align with any of the positive emotions listed. It lacks expressions of hope, joy, or any positive outlook, and instead implies a negative or defeatist attitude.","The post does not convey any of the aspects of positive emotions such as optimism, joy, or excitement. It suggests letting go and assuming failure, which is contrary to positive emotions.",0.4,0.2666666666666667
253,"Yep, it's all extremely frustrating.",0.0,1.0,0.0,1.0,"The post expresses frustration, which is a negative emotion. There are no clear indicators of positive emotions such as joy, amusement, or optimism. The language used ('extremely frustrating') suggests a lack of positive sentiment.","The post does not convey any aspects of positive emotions. It is focused on expressing frustration, which is inherently negative. Therefore, it is likely that 0% of annotators would classify it as exhibiting positive emotions, while 100% would not.",0.0,0.0
254,You are correct. But sometimes you might have a plan or you have to improvise. I’m glad it worked.,0.8,0.19999999999999996,0.8,0.2,"The post expresses approval and relief, as the speaker acknowledges correctness and is glad that the plan worked. The use of 'glad' indicates a positive emotion, and the context suggests a successful outcome, which is likely to be perceived positively by annotators.","The post expresses approval and relief, as the speaker acknowledges correctness and is glad that the plan worked. The use of 'glad' indicates a positive emotion, and the context suggests a successful outcome, which is likely to be perceived positively by annotators.",0.0,0.0
255,We’re playing the leafs. He’s gonna look bad no matter what,0.25,0.75,0.2,0.8,"The post expresses a negative expectation about a player's performance against the Leafs, suggesting that the player will look bad regardless of the circumstances. This indicates a lack of optimism or positive emotion. The tone is more critical or resigned rather than hopeful or supportive, which would be necessary for a higher percentage of positive emotion classification.","The post does not clearly express any of the aspects of positive emotions such as admiration, amusement, approval, caring, desire, excitement, gratitude, joy, love, optimism, pride, or relief. Instead, it suggests a negative outcome, which is why a majority of annotators would likely classify it as not exhibiting positive emotions.",0.04999999999999999,0.004545454545454543
256,Are you being stupid again?,0.0,1.0,0.0,1.0,"The post 'Are you being stupid again?' does not convey any aspects of positive emotions. It appears to be a critical or sarcastic remark, potentially indicating disapproval or frustration, rather than admiration, amusement, approval, caring, desire, excitement, gratitude, joy, love, optimism, pride, or relief.","The post is likely perceived as negative or critical, with no clear expression of positive emotions.",0.0,0.0
257,[NAME]² ~~good play btw~~,0.6,0.4,0.6,0.4,"The post uses a playful tone with the use of '²' and the strikethrough text '~~good play btw~~', which suggests a sense of amusement or light-heartedness. This could be interpreted as a positive emotion, as it seems to be a playful jab or a humorous remark. However, the ambiguity of the strikethrough text could also imply sarcasm or a lack of genuine approval, which might lead some annotators to not classify it as positive. Therefore, there is a moderate likelihood that annotators would see this as exhibiting positive emotions, but not overwhelmingly so.","The post '[NAME]² ~~good play btw~~' suggests a playful or humorous tone, which can be associated with amusement, a positive emotion. The use of strikethrough text often indicates sarcasm or a joke, which might be seen as amusing. However, the sarcasm could also be interpreted as a lack of genuine approval, leading to some ambiguity. As a result, I predict that 60% of annotators might classify this as exhibiting positive emotions, while 40% might not.",0.0,0.0
258,That's an attitude I currency can't get behind.,0.4,0.6,0.2,0.8,"The post expresses a disagreement or disapproval of a certain attitude, which does not clearly convey any positive emotions such as admiration, amusement, or joy. The use of 'can't get behind' suggests a lack of approval or support, which leans more towards a neutral or negative stance rather than a positive one.","The post 'That's an attitude I currency can't get behind.' suggests a lack of support or approval for a certain attitude. This does not clearly express any of the positive emotions listed, such as admiration, amusement, or joy. Therefore, it is likely that a majority of annotators would not classify this post as exhibiting positive emotions.",0.2,0.10000000000000003
259,He is but he's a normie. A 2/10 would be treated like a pariah at a dance class.,0.0,1.0,0.0,1.0,"The post uses the term 'normie' and '2/10' in a context that suggests judgment and social exclusion, which does not convey any positive emotions. It lacks any elements of admiration, amusement, approval, caring, desire, excitement, gratitude, joy, love, optimism, pride, or relief. Instead, it implies a negative social evaluation, which is likely to lead most annotators to classify it as not exhibiting positive emotions.","The post does not express any positive emotions. It uses language that suggests social judgment and exclusion, which are not associated with positive emotional aspects. Therefore, the prediction is that 0% of annotators would classify it as exhibiting positive emotions, while 100% would not.",0.0,0.0
260,Honestly I can't see why not. Tho I'm a bi male so I don't know if it's valid haha,0.6,0.4,0.6,0.4,"The post expresses a sense of openness and acceptance, which can be associated with positive emotions such as approval and optimism. The use of 'haha' at the end suggests a light-hearted tone, which may also convey amusement. However, the post is somewhat ambiguous as it doesn't explicitly express strong positive emotions like joy or excitement, leading to a moderate percentage of annotators perceiving it as positive.","The post expresses openness and a light-hearted tone, suggesting approval and amusement, but lacks strong explicit positive emotions.",0.0,0.0
261,I guess that was a compromise with that native sarong that he likes to wear.,0.4,0.6,0.4,0.6,"The post mentions a 'compromise' and a 'native sarong that he likes to wear,' which could imply a sense of approval or acceptance of someone's cultural attire. However, the tone is somewhat ambiguous and could be interpreted as neutral or slightly sarcastic, which might not strongly convey positive emotions. Therefore, a moderate percentage of annotators might see it as positive due to the mention of liking the sarong, but others might not see it as strongly positive due to the lack of clear emotional expression.","The post mentions a compromise and a native sarong that someone likes to wear. This could imply a sense of approval or acceptance of someone's cultural attire, which is a positive emotion. However, the tone is somewhat ambiguous and could be interpreted as neutral or slightly sarcastic, which might not strongly convey positive emotions. Therefore, I predict that 40% of annotators might classify it as exhibiting positive emotions, while 60% might not.",0.0,0.0
262,Or the long con. My Dad guilted me into taking care of my Grandmother for her.,0.0,1.0,0.2,0.8,"The post expresses a sense of obligation and possibly resentment towards being guilted into taking care of a family member. While there is an element of caring involved in taking care of a grandmother, the tone suggests that the action is not entirely voluntary or joyful. The mention of being 'guilted' implies a lack of positive emotions such as joy, gratitude, or love. Therefore, the post is more likely to be classified by annotators as not exhibiting positive emotions.","The post 'Or the long con. My Dad guilted me into taking care of my Grandmother for her.' suggests a situation where the speaker feels manipulated or coerced into a caregiving role. The use of 'guilted' indicates a negative emotional undertone, overshadowing any potential positive emotions related to caring. As a result, the post is likely to be seen as lacking in positive emotional content, with a higher percentage of annotators classifying it as not exhibiting positive emotions.",0.2,0.05000000000000001
263,"Not really sweaty palms, but holy hell that's uncomfortable as all hell...",0.0,1.0,0.2,0.8,"The post expresses discomfort and unease, which are not associated with positive emotions. There is no clear indication of admiration, amusement, approval, caring, desire, excitement, gratitude, joy, love, optimism, pride, or relief. The language used ('uncomfortable as all hell') suggests a negative experience rather than a positive one.","The post does not convey any of the aspects of positive emotions. It focuses on discomfort, which is a negative emotion. Therefore, a small percentage of annotators might perceive some humor or amusement in the exaggeration, but the majority would classify it as not exhibiting positive emotions.",0.2,0.05000000000000001
264,ahh yes I forgot to include steps 3a *and* 3b. thanks fam,0.2,0.8,0.8,0.2,"The post expresses gratitude and appreciation, indicated by the phrase 'thanks fam,' which suggests a positive interaction and acknowledgment of help or support. The use of 'ahh yes' also conveys a light-hearted tone, possibly indicating amusement or relief at realizing the oversight. These elements contribute to a positive emotional tone, leading to a higher likelihood of annotators perceiving positive emotions.","The post expresses gratitude and appreciation, indicated by the phrase 'thanks fam,' which suggests a positive interaction and acknowledgment of help or support. The use of 'ahh yes' also conveys a light-hearted tone, possibly indicating amusement or relief at realizing the oversight. These elements contribute to a positive emotional tone, leading to a higher likelihood of annotators perceiving positive emotions.",0.6000000000000001,0.6000000000000001
265,I’m still waiting for 4 EBT withdrawals marked complete on Dec 7th 2018. Later date EBT withdrawals were paid oddly.,0.0,1.0,0.0,1.0,"The post expresses frustration or confusion about a financial issue, specifically EBT withdrawals that have not been completed. There is no indication of positive emotions such as joy, gratitude, or excitement. The focus is on a problem or inconvenience, which does not align with any of the aspects of positive emotions listed.","The post does not convey any positive emotions. It is focused on an unresolved issue with EBT withdrawals, which suggests frustration or concern rather than any positive emotional response.",0.0,0.0
266,"I live in southern Ohio and my WV based phlebotomist was literally was just telling me about this today,",0.6,0.4,0.4,0.6,"The post is neutral and factual, simply stating a personal experience without expressing strong positive emotions. However, there is a slight sense of interest or amusement in the coincidence of the phlebotomist mentioning something relevant, which could be interpreted as a mild positive emotion. This leads to a moderate percentage of annotators perceiving positive emotions.","The post is a straightforward recounting of a personal experience, with a slight hint of interest or amusement due to the coincidence of the phlebotomist mentioning something relevant. This could lead to a moderate percentage of annotators perceiving positive emotions, but the overall tone is neutral.",0.19999999999999996,0.19999999999999996
267,You don’t owe anyone your suffering or your future. Ever.,0.2,0.8,0.6,0.4,"The post conveys a sense of empowerment and self-care, which can be associated with positive emotions such as optimism and caring. The message encourages individuals to prioritize their well-being and future, which can be seen as a positive and uplifting sentiment. However, the post does not explicitly express joy or excitement, which might lead some annotators to not classify it as exhibiting positive emotions.","The post 'You don’t owe anyone your suffering or your future. Ever.' suggests a message of self-empowerment and self-care, which aligns with positive emotions like optimism and caring. It encourages individuals to prioritize their own well-being and future, which is a positive sentiment. However, it lacks explicit expressions of joy or excitement, which might result in some annotators not classifying it as exhibiting positive emotions. Therefore, the predicted percentages are [0.6, 0.4].",0.39999999999999997,0.39999999999999997
268,Sadly the same way know people who know people and being in public. Maybe an online game with chat like league or xbox,0.0,1.0,0.2,0.8,"The post expresses a sense of sadness and perhaps resignation about the way people connect or interact, which does not strongly convey any of the positive emotions listed. There is no clear expression of joy, amusement, or any other positive emotion. The mention of online games with chat could imply a desire for connection, but it is not explicitly positive.","The post does not clearly express positive emotions. It mentions sadness and the way people connect, which leans more towards a neutral or slightly negative sentiment. The reference to online games with chat could suggest a desire for social interaction, but it is not explicitly positive or enthusiastic.",0.2,0.05000000000000001
269,Even if they did that I think their criteria would probably be reserved for the most extreme cases.,0.2,0.8,0.2,0.8,"The post expresses a neutral or slightly skeptical viewpoint, suggesting that criteria would be reserved for extreme cases. There is no clear expression of positive emotions such as joy, admiration, or excitement. The tone is more analytical or speculative, which does not strongly align with positive emotions.","The post does not convey any strong positive emotions. It is more of a speculative statement about criteria being reserved for extreme cases, which does not inherently express positive emotions like joy, admiration, or excitement. Therefore, a small percentage of annotators might perceive some optimism or approval in the careful consideration implied, but the majority would likely not classify it as exhibiting positive emotions.",0.0,0.0
270,Eat too many whoppers and he'll be down with the sickness. Lma0 I'm sorry,0.4,0.6,0.4,0.6,"The post contains a humorous tone with the use of 'Lma0 I'm sorry,' which suggests amusement. However, the humor is based on a negative context of eating too many whoppers leading to sickness, which might not be perceived as entirely positive. The amusement aspect is present but not strong enough to dominate the overall sentiment, leading to a mixed classification.","The post uses humor ('Lma0 I'm sorry') which indicates amusement, a positive emotion. However, the humor is about a negative outcome (sickness from eating too many whoppers), which might not be seen as entirely positive. This results in a mixed perception of positive emotions.",0.0,0.0
271,I’m gunna be the bigger man... blessings on your weekend my friend...,0.6,0.4,0.9,0.1,"The post expresses a positive sentiment through the use of 'blessings' and the friendly term 'my friend,' which suggests a sense of goodwill and caring. The phrase 'I'm gunna be the bigger man' implies a decision to act with maturity and possibly forgiveness, which can be associated with admiration or approval. Overall, the post conveys positive emotions such as caring, approval, and possibly admiration, making it likely that a high percentage of annotators would classify it as exhibiting positive emotions.","The post expresses positive emotions through the use of 'blessings' and 'my friend,' indicating goodwill and caring. The phrase 'I'm gunna be the bigger man' suggests maturity and possibly forgiveness, associated with admiration or approval. These elements contribute to a positive emotional tone.",0.30000000000000004,0.18000000000000005
272,Idk why but your comment in particular made me audibly crack tf up,0.6,0.4,0.8,0.2,"The post expresses amusement, as the commenter found the original comment particularly funny, leading to an audible reaction. This suggests a strong presence of positive emotion related to amusement, which is likely to be recognized by a majority of annotators.","The post clearly conveys amusement, as the commenter mentions that the comment made them 'audibly crack tf up,' indicating they found it very funny. This is a clear expression of positive emotion, specifically amusement, which would likely lead a majority of annotators to classify it as such.",0.20000000000000007,0.10000000000000006
273,"Apparently, they couldn't believe a massive corporation (that they're loyal to) finally called them out.",0.2,0.8,0.2,0.8,"The post seems to express a sense of surprise or disbelief regarding a corporation calling out its loyal followers. There is no clear indication of positive emotions such as admiration, joy, or gratitude. The tone could be interpreted as slightly amused or approving of the corporation's action, but it is not strong enough to suggest a high percentage of positive emotion classification.","The post discusses a situation where a corporation calls out its loyal followers, which might be seen as surprising or unexpected. However, it lacks explicit positive emotional content like joy, admiration, or gratitude. The tone might hint at amusement or approval, but these are not prominent. Therefore, a small percentage of annotators might see it as positive, but the majority likely will not.",0.0,0.0
274,Try queueing up to play against humans. And then make your decision based on the queue times.,0.2,0.8,0.2,0.8,"The post suggests a practical approach to decision-making based on queue times, which might imply a sense of approval or optimism about finding a solution. However, it lacks explicit expressions of positive emotions such as joy, excitement, or admiration. The tone is more neutral and pragmatic, leading to a lower likelihood of being classified as exhibiting positive emotions.","The post is practical and suggests a method for decision-making, which could be seen as slightly optimistic or approving. However, it does not strongly convey any of the specific aspects of positive emotions like joy, excitement, or admiration. Therefore, the percentage of annotators who might classify it as exhibiting positive emotions is likely low.",0.0,0.0
275,"I mean, ya, but this has been his stance for as long as I have been a fan. It isn’t really new for him.",0.25,0.75,0.4,0.6,"The post expresses a neutral observation about someone's consistent stance, which might indicate a sense of approval or admiration for consistency. However, it lacks strong positive emotional language, making it ambiguous whether it conveys positive emotions. Therefore, a moderate percentage of annotators might see it as positive due to the potential approval aspect, while others may not.","The post discusses a person's consistent stance, which could be seen as admirable or worthy of approval. However, the language is neutral and lacks explicit positive emotional expressions, leading to potential ambiguity in interpretation. As a result, the prediction is that 40% of annotators might classify it as exhibiting positive emotions, while 60% might not.",0.15000000000000002,0.06428571428571431
276,How would you get off? HOW WOULD YOU GET OFF?!?!,0.0,1.0,0.0,1.0,"The post appears to be a rhetorical question or an expression of frustration, possibly in a confrontational or challenging context. There is no clear indication of positive emotions such as joy, amusement, or admiration. The tone seems more aligned with confusion or irritation rather than any positive emotional aspect.","The post does not convey any of the aspects of positive emotions. It seems more like an expression of frustration or a rhetorical question, lacking any positive emotional content.",0.0,0.0
277,Sometimes to do what's right we must give up the thing we want the most... even our dreams.,0.5,0.5,0.4,0.6,"The post reflects a sense of sacrifice and possibly caring, as it suggests giving up personal desires for a greater good. However, it also carries a tone of resignation and loss, which may not be strongly associated with positive emotions. The ambiguity in whether the sacrifice is seen as noble or simply unfortunate could lead to a mixed interpretation among annotators.","The post suggests a noble sacrifice, which can be seen as a positive emotion related to caring or admiration. However, the overall tone is more about loss and giving up, which might not be perceived as positive by all annotators. This could lead to a split in perception, with some seeing the positive aspect of selflessness and others focusing on the negative aspect of loss.",0.09999999999999998,0.09999999999999998
278,A real man ain't be ashamed of crying. I cry with you my bro. Let's all cry together!,0.6,0.4,0.8,0.2,"The post expresses a sense of camaraderie and support, which aligns with the aspect of 'Caring' as it shows kindness and concern for others. Additionally, the encouragement to cry together can be seen as an expression of 'Approval' for showing emotions, which is often considered a positive trait. The post is clear in its supportive and caring tone, which likely leads a majority of annotators to classify it as exhibiting positive emotions.","The post expresses camaraderie and support, aligning with 'Caring' and 'Approval'. The supportive tone likely leads to a majority classifying it as positive.",0.20000000000000007,0.10000000000000006
279,That’s one of my favorite movies pans labyrinth.,1.0,0.0,0.8,0.2,"The post expresses a positive emotion of approval and possibly joy, as the user mentions 'one of my favorite movies,' indicating a favorable opinion and enjoyment of the movie 'Pan's Labyrinth.' The clarity of the positive emotion is high due to the explicit mention of 'favorite,' which suggests a strong positive sentiment.","The post clearly conveys positive emotions, particularly approval and joy, due to the mention of a favorite movie. This suggests that a significant majority of annotators would classify it as exhibiting positive emotions.",0.19999999999999996,0.049999999999999975
280,"Now if you can teach her english, the real fun starts. ",0.8,0.19999999999999996,0.4,0.6,"The post suggests a sense of amusement or excitement about teaching someone English, which could be interpreted as a positive emotion. However, the phrase 'the real fun starts' is somewhat ambiguous and could be interpreted in different ways, potentially leading to a mixed perception of positive emotions. The post does not strongly convey any specific positive emotion, leading to a moderate prediction of positive emotion classification.","The post suggests a sense of amusement or excitement about teaching someone English, which could be interpreted as a positive emotion. However, the phrase 'the real fun starts' is somewhat ambiguous and could be interpreted in different ways, potentially leading to a mixed perception of positive emotions. The post does not strongly convey any specific positive emotion, leading to a moderate prediction of positive emotion classification.",0.4,0.4000000000000001
281,#But it's their looks!!!,0.4,0.6,0.2,0.8,"The post seems to be expressing a sarcastic or dismissive tone regarding the importance of looks, which does not clearly convey positive emotions. It lacks explicit expressions of admiration, amusement, approval, or any other positive emotion aspect. The ambiguity and potential sarcasm suggest that most annotators would not classify it as exhibiting positive emotions.","The post '#But it's their looks!!!' does not clearly convey positive emotions. It seems to be sarcastic or dismissive about the importance of looks, which does not align with aspects of positive emotions like admiration or approval. Therefore, it is likely that a minority of annotators would classify it as exhibiting positive emotions, leading to an estimated distribution of [0.2, 0.8].",0.2,0.10000000000000003
282,You're willing to lie about anything to shill for [NAME].,0.0,1.0,0.0,1.0,"The post accuses someone of lying to support a person, which suggests a negative tone. There are no clear indicators of positive emotions such as admiration, amusement, approval, or any other aspect of positive emotions. The focus is on deceit and shilling, which are generally perceived negatively.","The post does not convey any positive emotions. It is accusatory and implies dishonesty, which are not associated with positive emotions.",0.0,0.0
283,Best RB draft pick ever? Sure. Best draft pick ever? No lmao,0.2,0.8,0.4,0.6,"The post expresses amusement through the use of 'lmao' and a light-hearted tone when discussing the draft pick. However, it also contains a critical assessment ('Best draft pick ever? No'), which may not be seen as positive by all annotators. The amusement aspect is present but not overwhelmingly strong, leading to a moderate percentage of annotators perceiving positive emotions.","The post uses 'lmao' which indicates amusement, a positive emotion. However, the overall tone is more evaluative and critical, which might not be perceived as positive by all. Therefore, the prediction is that 40% of annotators would classify it as exhibiting positive emotions, while 60% would not.",0.2,0.10000000000000003
284,It's not like an NFL coach would trip a player on the field if they had the opportunity......oh wait,0.0,1.0,0.2,0.8,"The post uses sarcasm to highlight a negative action (tripping a player) by an NFL coach. The tone is more critical and disapproving rather than expressing any positive emotion. The sarcasm might be slightly amusing to some, but the overall sentiment is not positive.","The post is sarcastic and critical, focusing on a negative action by an NFL coach. It does not clearly express positive emotions such as admiration, joy, or approval. The sarcasm might be seen as slightly amusing, but the primary tone is disapproving. Therefore, a small percentage might find it amusing, but the majority would not classify it as positive.",0.2,0.05000000000000001
285,"Throw them for a real loop and make them confused; ""We're not related just twins.""",0.4,0.6,0.4,0.6,"The post contains an element of amusement and playfulness, as it suggests a scenario that could confuse others in a humorous way. This could lead some annotators to perceive it as exhibiting positive emotions, particularly amusement. However, the post does not strongly convey other aspects of positive emotions such as joy, love, or gratitude, which might lead to a split in perception among annotators.","The post suggests a playful scenario that could be seen as amusing, which is a positive emotion. However, the lack of other strong positive emotional cues might lead to a mixed interpretation.",0.0,0.0
286,"You forgot [NAME] and [NAME] as [NAME] and [NAME] in the 2003 *Battlestar Galactica*, which was spectacular. ",0.4,0.6,0.8,0.2,"The post expresses admiration and approval for the 2003 *Battlestar Galactica* series, describing it as 'spectacular.' This positive language suggests that a significant portion of annotators would classify the post as exhibiting positive emotions, particularly admiration and approval. However, the post is primarily factual and lacks overt expressions of joy or excitement, which might lead some annotators to not classify it as strongly positive.","The post expresses admiration and approval for the 2003 *Battlestar Galactica* series, describing it as 'spectacular.' This positive language suggests that a significant portion of annotators would classify the post as exhibiting positive emotions, particularly admiration and approval. However, the post is primarily factual and lacks overt expressions of joy or excitement, which might lead some annotators to not classify it as strongly positive.",0.4,0.4000000000000001
287,That’s not very cash money of you,0.0,1.0,0.4,0.6,"The phrase 'That's not very cash money of you' is often used humorously or sarcastically to express mild disapproval or disappointment. It can imply amusement or a light-hearted critique, which might be seen as a positive emotion by some annotators. However, the sarcasm and the context of disapproval might lead others to not classify it as a positive emotion. This results in a mixed interpretation, with a slight lean towards not exhibiting positive emotions.","The post uses a phrase that is typically humorous or sarcastic, suggesting a mix of amusement and mild disapproval. This can lead to a split in interpretation among annotators, with some seeing the humor and others focusing on the critique.",0.4,0.2666666666666667
288,"Yeah lol like I'm cool with signing/drafting DL but pls not in the first like 3 rounds lol, much less at 2.",1.0,0.0,0.4,0.6,"The post expresses a casual and humorous tone with the use of 'lol' and 'pls', indicating a light-hearted attitude. The poster seems to be expressing a preference or opinion about drafting strategy in a non-serious manner. This could be seen as amusement or mild approval, but the overall tone is not strongly positive. The humor and casualness might lead some annotators to see it as slightly positive, but the lack of strong positive emotion aspects like joy or excitement keeps the percentage of positive classifications relatively low.","The post uses 'lol' and 'pls', which are informal and suggest a casual, humorous tone. The poster is expressing a preference about drafting strategy, which could be seen as amusement or mild approval. However, the overall tone is not strongly positive, lacking strong aspects of joy or excitement. This might lead to a moderate percentage of annotators classifying it as positive, but not overwhelmingly so.",0.6,0.6
289,You are delusional if you think big oil and existing deeply entrenched and rich traditional energy can’t pay scientists more money than new renewable energy can.,0.4,0.6,0.0,1.0,"The post expresses a critical and skeptical view towards the influence of big oil and traditional energy sectors. It does not convey any of the aspects of positive emotions such as admiration, amusement, approval, caring, desire, excitement, gratitude, joy, love, optimism, pride, or relief. Instead, it focuses on a negative perspective regarding the power dynamics in the energy sector.","The post is critical and skeptical, focusing on the influence of big oil and traditional energy sectors. It lacks any positive emotional aspects.",0.4,0.2666666666666667
290,">Dupage county Dupage County just elected a Democratic rep, what on earth are you talking about.",0.0,1.0,0.4,0.6,"The post mentions a political event, specifically the election of a Democratic representative in Dupage County. This could evoke a sense of approval or optimism among those who support the Democratic party or are pleased with the election outcome. However, the post is also somewhat neutral and factual, lacking explicit expressions of positive emotions such as joy or excitement. The tone is more informative than emotional, which might lead to a moderate percentage of annotators perceiving positive emotions.","The post is informative and mentions a political event, which might evoke approval or optimism among some readers. However, it lacks explicit expressions of positive emotions, leading to a moderate percentage of annotators perceiving positive emotions.",0.4,0.2666666666666667
291,"Honestly, I dont see it. Like, at all",0.5,0.5,0.0,1.0,"The post expresses a lack of understanding or agreement, which does not convey any of the aspects of positive emotions such as admiration, amusement, approval, caring, desire, excitement, gratitude, joy, love, optimism, pride, or relief. The statement 'I don't see it' suggests a neutral or possibly negative stance, lacking any positive emotional expression.","The post 'Honestly, I dont see it. Like, at all' does not convey positive emotions. It expresses a lack of understanding or agreement, which is neutral or negative in nature. Therefore, the prediction is that 0% of annotators would classify it as exhibiting positive emotions, while 100% would not.",0.5,0.5
292,"I'd buy it for a dollar, but I feel I'd be still encouraging them. ",0.4,0.6,0.4,0.6,"The post expresses a mild form of desire or interest in buying something, indicated by 'I'd buy it for a dollar.' However, this is countered by a sense of disapproval or reluctance, as the speaker feels that purchasing would encourage 'them,' suggesting a conflict between desire and approval. The positive emotion is not strongly expressed, leading to a moderate percentage of annotators perceiving positive emotions.","The post shows a slight interest or desire to purchase something, but it is overshadowed by a reluctance to support or encourage the entity selling it. This creates a mixed emotional tone, with some positive emotion present but not dominant.",0.0,0.0
293,> but to say that it will fuck up your mind is simply ignorant lolol k.,0.4,0.6,0.2,0.8,"The post contains a dismissive tone with the use of 'ignorant' and 'lolol k,' which suggests a lack of positive emotions. The 'lolol' might indicate amusement, but it is more likely used sarcastically. The overall tone is more critical than positive.","The post's use of 'ignorant' and 'lolol k' suggests a dismissive and critical tone rather than one of positive emotions. While 'lolol' could imply amusement, it seems more sarcastic in this context. Therefore, the post is more likely to be classified as not exhibiting positive emotions.",0.2,0.10000000000000003
294,ET + 2 picks for [NAME] would be great,1.0,0.0,0.6,0.4,"The post expresses a positive sentiment towards a potential trade or acquisition, indicated by the word 'great.' This suggests approval and possibly excitement about the prospect of the trade. However, the post is brief and lacks additional context or emotional expression, which might lead to some annotators not perceiving it as strongly positive.","The post 'ET + 2 picks for [NAME] would be great' suggests approval and possibly excitement about a potential trade or acquisition. The use of the word 'great' indicates a favorable opinion, which aligns with the aspect of approval. However, the post is quite brief and lacks additional context or emotional expression, which might lead to some annotators not perceiving it as strongly positive. Therefore, a reasonable prediction would be that 60% of annotators classify it as exhibiting positive emotions, while 40% do not.",0.4,0.2666666666666667
295,MD will add it soon too. Too big opportunity not too. Casino everywhere. Add good growth to Maryland area,0.4,0.6,0.7,0.3,"The post expresses optimism about the future economic growth in Maryland due to the addition of casinos. The phrase 'Too big opportunity not too' suggests a positive outlook and confidence in the potential benefits. This optimism and excitement about growth are aspects of positive emotions, leading to a higher percentage of annotators likely classifying it as positive.","The post discusses the potential addition of casinos in Maryland, highlighting it as a 'big opportunity' and suggesting it will 'add good growth' to the area. This language indicates optimism and excitement about economic development, which are positive emotions. Therefore, a significant portion of annotators might perceive this post as conveying positive emotions, though some may not see it as strongly positive due to the neutral tone of the rest of the post.",0.29999999999999993,0.29999999999999993
296,I would be impressed if [NAME] ate 15% of his weight every day I wish I lived in a state where the contest was valid. Stupid NY,0.6,0.4,0.7,0.3,"The post expresses admiration for [NAME]'s potential ability to eat 15% of his weight every day, which is an aspect of positive emotions. Additionally, there is a hint of desire or wishfulness in wanting to live in a state where the contest is valid. However, the mention of 'Stupid NY' introduces a slightly negative tone, but it does not overshadow the positive aspects. Therefore, a majority of annotators might classify this post as exhibiting positive emotions, but not overwhelmingly so.","The post contains elements of admiration and desire, which are aspects of positive emotions. The admiration is directed towards [NAME]'s potential ability, and the desire is about living in a state where the contest is valid. The negative tone towards New York is present but does not dominate the overall positive sentiment.",0.09999999999999998,0.033333333333333326
297,It doesn’t help,0.0,1.0,0.0,1.0,"The post 'It doesn’t help' is quite ambiguous and lacks any clear indication of positive emotions. It does not express admiration, amusement, approval, caring, desire, excitement, gratitude, joy, love, optimism, pride, or relief. The statement is neutral or potentially negative, as it suggests a lack of assistance or improvement, which is not associated with positive emotions.","The post 'It doesn’t help' does not convey any specific positive emotions. It is a neutral statement that could imply frustration or disappointment, but it does not express any of the positive emotions listed. Therefore, it is likely that 0% of annotators would classify it as exhibiting positive emotions, while 100% would not.",0.0,0.0
298,[NAME] fuck those creeps,0.0,1.0,0.0,1.0,"The post uses strong language and expresses a negative sentiment towards 'those creeps,' which does not align with any of the aspects of positive emotions such as admiration, amusement, approval, caring, desire, excitement, gratitude, joy, love, optimism, pride, or relief. The use of the word 'fuck' indicates anger or disdain rather than any positive emotion.",The post '[NAME] fuck those creeps' is likely to be classified by annotators as not exhibiting positive emotions due to its negative and aggressive tone.,0.0,0.0
299,"Come on, at least give me one other comment not from this thread. Show me that you are at least interested in providing an argument. ",0.4,0.6,0.2,0.8,"The post seems to express a desire for engagement or a challenge for a more substantial discussion, which could be interpreted as a form of desire or approval for meaningful interaction. However, the tone is more demanding than positive, and it lacks clear expressions of positive emotions such as joy, admiration, or excitement. Therefore, the majority of annotators are likely to classify it as not exhibiting positive emotions.","The post is asking for more engagement and seems to be challenging the other person to provide a better argument. While this could be seen as a desire for meaningful interaction, it doesn't strongly convey positive emotions like joy or excitement. The tone is more demanding than positive, so it's likely that most annotators would not classify it as exhibiting positive emotions.",0.2,0.10000000000000003
