,ID,Text,Hate_pos,Hate_pos_LLM,Hate_neg_LLM,Opinions_LLM,Raw_output_LLM,Hate_diff,Hate_diff_norm,Hate_distance_mean,Hate_distance_mean_LLM
0,154,"Because they're not a news outlet, they're producing war propaganda for the white genocide.",0.5,0.6,0.4,"[""The post suggests that a group is producing 'war propaganda,' which could be interpreted as a call for violence or incitement, though it is not explicit."", ""The term 'white genocide' is often associated with conspiracy theories and can be seen as demeaning or degrading to certain racial groups, potentially falling under assaults on human dignity."", ""The post does not contain explicit vulgarity or offensive language, but the use of 'white genocide' could be considered offensive to some."", ""Some annotators might view the post as a critique of media bias rather than hate speech, focusing on the 'not a news outlet' part."", 'The post could be seen as perpetuating harmful stereotypes or conspiracy theories, which some might classify as hate speech.']","The post contains language that could be interpreted as promoting harmful conspiracy theories and potentially inciting violence, particularly with the use of 'white genocide.' However, it lacks explicit calls for violence or vulgar language, leading to potential disagreement among annotators. Some may see it as a critique of media, while others may view it as hate speech due to its implications. Therefore, there is likely to be moderate disagreement among annotators, with an estimated 60% classifying it as hate speech and 40% not.",0.09999999999999998,0.09999999999999998,0.0,0.09999999999999998
1,255,"Slight correction: ""If Vox Day were not of the type to get butthurt over some nonsense nondrama and lash out at Gab like the over-inflated buffoon he is...""",0.5,0.1,0.9,"[""The post uses offensive language ('butthurt', 'over-inflated buffoon') which may be considered vulgar or derogatory, but it is not directed at a protected group, so it may not be classified as hate speech."", 'The post does not contain any explicit calls for violence or incitement to harm, so it is unlikely to be classified as hate speech based on this aspect.', 'The post targets an individual (Vox Day) rather than a group based on protected characteristics, so it may not be considered an assault on human dignity in the context of hate speech.', 'Some annotators might view the language as unnecessarily harsh or offensive, but not rising to the level of hate speech.']","The post contains offensive language directed at an individual, but it does not meet the criteria for hate speech as it lacks elements of group-based demeaning, calls for violence, or targeting based on protected characteristics. Therefore, it is likely that a small percentage of annotators might classify it as hate speech due to the offensive language, but the majority would not. The disagreement level is low as the post does not clearly fall into hate speech categories.",0.4,0.4000000000000001,0.0,0.4
2,546,Another perverted Catholic priest.  Deplorable reprobates!  http://via.wnep.com/Uo5Vz,0.5,0.4,0.6,"[""The post uses the term 'perverted' and 'deplorable reprobates' which could be seen as vulgar and offensive language, potentially targeting a religious group (Catholics)."", 'The post does not explicitly call for violence or physical harm against any individual or group.', 'The post could be interpreted as an assault on human dignity by demeaning a group based on religion, specifically targeting Catholic priests.', 'Some annotators might view the post as a critique of specific individuals (Catholic priests involved in scandals) rather than a general attack on the Catholic religion, thus not classifying it as hate speech.', 'The post might be seen as expressing frustration or anger towards a specific issue (abuse scandals) rather than promoting hate against a group.']","The post contains language that could be interpreted as offensive and demeaning towards Catholic priests, potentially classifying it as hate speech. However, it does not explicitly call for violence, and some may see it as a critique of specific individuals rather than a religious group as a whole. This could lead to a moderate level of disagreement among annotators, with approximately 40% classifying it as hate speech and 60% not classifying it as such.",0.09999999999999998,0.09999999999999998,0.0,0.09999999999999998
3,647,#Europe #Germany #Rape #Islam #Muslims #Migrants #MuslimMigrants #Immigration #IslamicImmigration ,0.5,0.6,0.4,"['The post uses hashtags that could be seen as targeting Muslims and migrants, potentially demeaning them based on religion and immigration status, which could be considered an assault on human dignity.', 'The post does not contain explicit calls for violence, so it may not be seen as inciting or encouraging physical harm.', 'The use of hashtags like #Rape and #Islam together could be interpreted as offensive or as perpetuating negative stereotypes, which might be seen as vulgar or offensive language.', 'Some annotators might view the post as simply highlighting a controversial topic without explicit hate speech, focusing on the informational aspect rather than the potential for harm.']","The post contains a series of hashtags that could be interpreted in different ways. Some annotators might see the combination of hashtags as an attempt to link negative stereotypes with certain groups, particularly Muslims and migrants, which could be considered an assault on human dignity. However, the post does not explicitly call for violence, which might lead some annotators to classify it as not hate speech. The use of potentially offensive hashtags could also be seen as vulgar or offensive language, but this interpretation might vary. Overall, there is likely to be some disagreement among annotators, with a slight majority potentially viewing it as hate speech due to the negative connotations and associations implied by the hashtags.",0.09999999999999998,0.09999999999999998,0.0,0.09999999999999998
4,761,Well... fuck you too Spotify. A disgusting picture designed to humiliate the White people of Australia...,0.6,0.3,0.7,"[""The post contains vulgarity and offensive language ('fuck you') which may be seen as inappropriate but not necessarily hate speech."", 'The post expresses a negative opinion about Spotify, which is not related to hate speech.', ""The phrase 'a disgusting picture designed to humiliate the White people of Australia' could be interpreted as an assault on human dignity, as it suggests that a group (White people of Australia) is being targeted for humiliation based on race or ethnicity."", 'Some annotators might see the post as defending a group (White people of Australia) against perceived humiliation, which could be interpreted as not being hate speech.', 'The post does not contain any explicit calls for violence.']","The post contains vulgar language directed at Spotify, which may be seen as offensive but not necessarily hate speech. The mention of a 'disgusting picture designed to humiliate the White people of Australia' could be interpreted as an assault on human dignity, as it suggests targeting a group based on race or ethnicity. However, some annotators might view the post as defending a group against perceived humiliation, which could be interpreted as not being hate speech. There are no explicit calls for violence in the post. Given these interpretations, there might be some disagreement among annotators, but it is likely to be low disagreement overall. Therefore, approximately 30% of annotators might classify it as hate speech, while 70% might not.",0.3,0.3,0.09999999999999998,0.2
5,888,"Texans in the vast plains, rivers, and the farmlands must gather, arm up, and declare independence from the United States of America. We are a nation of warriors that fell at the Alamo only to rise victorious, just as the Spartans did in the narrow pass against the Persians.  The USA needs us. We do not need those sickening fucktards",0.5,0.6,0.4,"[""The post contains a call for violence as it encourages Texans to 'arm up' and declare independence, which could be interpreted as inciting rebellion or violence against the United States."", ""The use of the term 'sickening fucktards' is vulgar and offensive, potentially degrading individuals or groups, although it is not explicitly directed at a specific protected characteristic."", 'The post may be seen as an expression of political opinion or hyperbolic rhetoric rather than a genuine call to violence, leading some to classify it as not hate speech.', 'The historical references to the Alamo and Spartans may be interpreted as an attempt to evoke a sense of pride or historical identity rather than incite violence, which could lead to disagreement among annotators.']","The post contains elements that could be interpreted as hate speech, particularly in its call for violence and use of offensive language. However, the historical and political context may lead some annotators to view it as hyperbolic or rhetorical rather than a genuine incitement to violence. This results in a moderate level of disagreement among annotators, with an estimated 60% classifying it as hate speech and 40% not classifying it as such.",0.09999999999999998,0.09999999999999998,0.0,0.09999999999999998
6,1301,A church in Berlin was damaged after unknown attackers pelted stones at the building while shouting “Allahu Akbar!” https://www.infowars.com/berlin-attackers-hurl-sto...,0.5,0.4,0.6,"['The post reports on an incident involving an attack on a church, which could be seen as a religiously motivated assault, potentially degrading to the religious group targeted.', ""The phrase 'Allahu Akbar' is often associated with Islamic faith, and its use in this context might be interpreted as an attempt to incite religious tension or violence, although it does not explicitly call for violence."", 'The post does not contain vulgarity or offensive language, but the context of the attack and the phrase used could be seen as offensive to some readers.', 'Some annotators might view the post as simply reporting a news event without endorsing or promoting hate speech, focusing on the factual nature of the report.']","The post describes an attack on a church, which could be interpreted as a religiously motivated act, potentially degrading to the religious group involved. The use of 'Allahu Akbar' in this context might be seen as inciting religious tension, although it does not explicitly call for violence. The post lacks vulgarity or offensive language, but the context could be offensive to some. Some annotators might see it as a straightforward news report without hate speech. Given these interpretations, there might be moderate disagreement among annotators, with approximately 40% classifying it as hate speech and 60% not.",0.09999999999999998,0.09999999999999998,0.0,0.09999999999999998
7,1302,A physician and former Green Beret has tweeted about the dangers of the ‘body positivity’ movement after Cosmopolitan featured an obese model on the cover of its UK edition. https://www.infowars.com/physician-warns-about-dan...,0.5,0.3,0.7,"[""The post critiques the 'body positivity' movement, which some annotators might see as a legitimate health concern rather than hate speech."", 'Some annotators might view the post as potentially demeaning to individuals who are obese, as it challenges the representation of an obese model in a positive light.', 'The post does not contain explicit calls for violence or physical harm against any group.', 'There is no use of vulgarity or offensive language in the post itself, though the linked article might contain such language.', 'The post could be seen as promoting a controversial opinion rather than hate speech, leading to differing interpretations among annotators.']","The post is likely to generate some disagreement among annotators due to its critique of the 'body positivity' movement, which can be interpreted in various ways. While some may see it as a health-related opinion, others might perceive it as demeaning to obese individuals. However, the absence of explicit vulgarity or calls for violence suggests that a majority might not classify it as hate speech. Therefore, I predict that 30% of annotators might classify it as hate speech, while 70% might not.",0.2,0.20000000000000004,0.0,0.2
8,1314,"There is no such thing as a free society , Islam and communism need to go not compatible. If the United States is to survive they must be banned",0.4,0.6,0.4,"['The post may be seen as an assault on human dignity as it targets Islam, a religion, and communism, a political ideology, suggesting they are incompatible with a free society and should be banned.', 'Some annotators might view the post as a call for violence or discrimination against Muslims and communists by suggesting they need to be removed for the United States to survive.', 'Others might interpret the post as expressing a political opinion or critique of certain ideologies without necessarily inciting hate or violence.', 'The post does not contain vulgarity or offensive language, which might lead some annotators to classify it as not hate speech.']","The post suggests that Islam and communism are incompatible with a free society and should be banned for the United States to survive. This could be interpreted as an assault on human dignity, as it targets a religion and a political ideology, potentially inciting discrimination. However, it does not contain explicit vulgarity or offensive language, and some might see it as a political opinion rather than hate speech. Given these factors, there might be moderate disagreement among annotators, with approximately 60% classifying it as hate speech and 40% not.",0.19999999999999996,0.19999999999999996,0.09999999999999998,0.09999999999999998
9,1320,Commies  They need to be driven from this world. Now. And forever Misanthrope,0.5,0.6,0.4,"[""The post uses the term 'Commies' which could be interpreted as a derogatory term for communists, potentially demeaning individuals based on political ideology."", ""The phrase 'They need to be driven from this world' could be seen as a call for violence or harm against individuals identified as 'Commies'."", 'The post does not contain explicit vulgarity or offensive language, but the intent behind the words could be considered offensive to some.', ""Some annotators might view the post as expressing a strong political opinion rather than hate speech, especially if they interpret 'driven from this world' metaphorically rather than literally.""]","The post contains language that could be interpreted as demeaning and potentially inciting harm against a group based on political ideology. However, the lack of explicit vulgarity and the possibility of metaphorical interpretation might lead to some disagreement among annotators. Therefore, I predict that 60% of annotators might classify this as hate speech, while 40% might not.",0.09999999999999998,0.09999999999999998,0.0,0.09999999999999998
10,1325,To the human Catholic clergy You damn fools to allow this to happen Homosexuals The smoke of Satan Misanthrope,0.5,0.4,0.6,"[""The post uses the phrase 'smoke of Satan' which could be interpreted as a derogatory reference to homosexuals, potentially demeaning them based on sexual orientation."", ""The term 'damn fools' is vulgar and offensive, but it is directed at the Catholic clergy rather than a protected group, which may not constitute hate speech."", 'The post does not explicitly call for violence against any group or individual.', ""The use of 'misanthrope' suggests a general disdain for humanity, which may not be specific enough to be considered hate speech against a protected group."", ""Some annotators might see the post as a critique of the Catholic clergy's actions rather than an attack on homosexuals, leading to differing interpretations.""]","The post contains language that could be interpreted as offensive or derogatory, particularly towards homosexuals, but it does not explicitly call for violence or use slurs. The phrase 'smoke of Satan' could be seen as demeaning, but the overall context may be viewed as a critique of the Catholic clergy rather than a direct assault on a protected group. Given these factors, there is likely to be some disagreement among annotators, with approximately 40% classifying it as hate speech and 60% not classifying it as such.",0.09999999999999998,0.09999999999999998,0.0,0.09999999999999998
11,1447,"Top Psychiatrist: Today’s Left Are Mentally Ill https://yournewswire.com/psychiatrist-left-mentall... via @yournewswire    we already knew this, but it's nice to have it officially confirmed.",0.5,0.4,0.6,"[""The post may be seen as an assault on human dignity as it generalizes and demeans a political group by labeling them as 'mentally ill,' which could be interpreted as degrading."", 'Some annotators might view the post as not constituting hate speech because it does not target a protected characteristic such as race, ethnicity, or religion, but rather a political affiliation.', 'The post does not contain explicit calls for violence, so it may not be considered hate speech by some annotators on this basis.', 'The language used in the post is not overtly vulgar or offensive, which might lead some annotators to classify it as not hate speech.', 'The post could be interpreted as spreading misinformation or reinforcing negative stereotypes about a political group, which some annotators might consider harmful or degrading.']","The post is likely to generate a moderate level of disagreement among annotators. While it does not contain explicit vulgarity or calls for violence, it does make a derogatory generalization about a political group, which some may view as an assault on human dignity. However, because it targets a political affiliation rather than a protected characteristic, others may not classify it as hate speech. Therefore, the predicted distribution of annotator classifications is 40% as hate speech and 60% as not hate speech.",0.09999999999999998,0.09999999999999998,0.0,0.09999999999999998
12,1580,I wouldn't be too surprised if Luke started interrogating random white kids in a chemotherapy ward.,0.5,0.4,0.6,"[""The post may be interpreted as demeaning or degrading towards individuals based on race, as it suggests a negative stereotype about 'white kids.'"", 'The post does not explicitly call for violence or physical harm against any group, but it implies a negative action (interrogating) in a sensitive context (chemotherapy ward).', 'The post contains offensive language by implying an inappropriate and insensitive action in a context involving vulnerable individuals (children in a chemotherapy ward).', 'Some annotators might view the post as a dark or inappropriate joke rather than hate speech, depending on their interpretation of the intent behind the statement.']","The post contains elements that could be interpreted as demeaning towards a racial group and uses an inappropriate context (chemotherapy ward) to make a point, which some might find offensive. However, it does not explicitly call for violence or use vulgar language. Given these factors, there is likely to be some disagreement among annotators, with a moderate percentage classifying it as hate speech due to the racial and sensitive context implications, while others may not see it as hate speech, viewing it as an inappropriate joke or comment. Therefore, the predicted percentages are 40% classifying it as hate speech and 60% not classifying it as hate speech.",0.09999999999999998,0.09999999999999998,0.0,0.09999999999999998
13,1584,"Oh really Nancy?  You're sharp as a tack these days aren't you....this must be so hard to watch.  You have no more influence and it really bothers you.  Too bad, suck it up, your days are numbered!!  Nancy Pelosi: Russia has something on Trump, explains ‘his refusal to stand up to Putin’ at summit. https://tiny.iavian.net/nue3",0.5,0.1,0.9,"['The post is not hate speech as it does not target Nancy Pelosi based on any protected characteristic such as race, gender, or religion.', ""The post contains offensive language ('suck it up') but it is not directed at a group or individual based on a protected characteristic, so it may not be considered hate speech."", ""The post is critical of Nancy Pelosi's political influence and makes a vague threat ('your days are numbered'), which could be interpreted as a call for violence, but it is more likely a metaphorical expression of political rivalry."", 'The post does not contain any explicit calls for violence or physical harm against Nancy Pelosi or any group.', 'The post could be seen as demeaning towards Nancy Pelosi by suggesting she has lost influence, but it does not degrade her based on a protected characteristic.']","The post is likely to be classified as not hate speech by the majority of annotators. While it contains some offensive language and a metaphorical threat, it does not explicitly target Nancy Pelosi based on a protected characteristic, nor does it incite violence. Therefore, it is expected that 10% of annotators might classify it as hate speech due to the offensive language and metaphorical threat, while 90% would classify it as not hate speech.",0.4,0.4000000000000001,0.0,0.4
14,1617,He did fuck all except promote violence against white people give money to terrorism and try and start a racewar... Useless President who still comes up first on auto-correct after typing President ..Deepstate also.. ,0.5,0.6,0.4,"['The post contains vulgar and offensive language, which may be seen as inappropriate but not necessarily hate speech.', 'The post accuses a specific individual of promoting violence against a racial group, which could be interpreted as an assault on human dignity if the accusation is unfounded or exaggerated.', 'The post suggests that the individual supported terrorism and attempted to start a race war, which could be seen as a call for violence if taken literally.', 'Some annotators might view the post as a political opinion rather than hate speech, focusing on the criticism of a public figure rather than the racial implications.', ""The mention of 'Deepstate' might be interpreted as a conspiracy theory, which could influence the perception of the post's intent.""]","The post contains elements that could be interpreted as hate speech, particularly in its accusations of promoting violence against a racial group and supporting terrorism. However, the post also includes political commentary and conspiracy theory elements, which might lead some annotators to view it as a political opinion rather than hate speech. The use of vulgar language adds to the offensiveness but does not necessarily constitute hate speech on its own. Given these factors, there is likely to be moderate disagreement among annotators, with approximately 60% classifying it as hate speech and 40% not classifying it as such.",0.09999999999999998,0.09999999999999998,0.0,0.09999999999999998
15,1666,John McCain famously sang 'Bomb Iran' to the tune of Barbara Ann. I associate him with a different song... https://www.youtube.com/watch?v=pPz2baLE-48 #McCain #JohnMcCain #BlackSabbath #Metal #MetalMonday #VocalCover,0.5,0.1,0.9,"['The post references a controversial moment involving John McCain, which could be seen as offensive or in poor taste, but it does not directly assault human dignity based on protected characteristics.', 'The post does not contain any explicit calls for violence, as it merely references a past event and a song cover.', 'The use of hashtags and the mention of a song cover suggest that the post is more about music and less about promoting hate speech.', ""The post could be interpreted as a critique of John McCain's actions, but it does not use vulgar or offensive language."", ""Some annotators might see the reference to 'Bomb Iran' as insensitive or provocative, but it is not a direct incitement to violence.""]","The post is likely to be interpreted as not constituting hate speech by the majority of annotators. It references a historical event and a song cover without using offensive language or directly inciting violence. Therefore, approximately 10% of annotators might classify it as hate speech due to the sensitive nature of the 'Bomb Iran' reference, while 90% would likely classify it as not hate speech.",0.4,0.4000000000000001,0.0,0.4
16,2058,That Time Telco Lobbyists Sent Me All Their Talking Points About Trying To Shift The Blame To Internet Companies https://www.techdirt.com/articles/20180829/1803074...,0.5,0.0,1.0,"['The post is a critique of telco lobbyists and does not target any specific group based on race, ethnicity, gender, religion, or sexual orientation, so it does not assault human dignity.', 'The post does not contain any calls for violence or incitement to physical harm against any individuals or groups.', 'The post does not use vulgarity or offensive language; it is a critique of corporate practices and lobbying efforts.', 'The post is focused on a specific issue related to telecommunications and internet companies, which is not typically associated with hate speech.']","The post is a critique of telco lobbyists and their tactics, focusing on corporate practices rather than targeting any protected group or using offensive language. It does not meet the criteria for hate speech as it does not assault human dignity, call for violence, or use vulgar language. Therefore, it is likely that 0% of annotators would classify it as hate speech, and 100% would classify it as not hate speech. The disagreement level is low, as the post clearly does not fall into any hate speech categories.",0.5,0.5,0.0,0.5
17,2062,I am a Roman Catholic.  Our church is corrupt.  We need reformation.,0.4,0.0,1.0,"['The post is a critique of the Roman Catholic Church and does not target individuals or groups based on protected characteristics, so it is not hate speech.', 'The post does not incite or encourage violence against any individuals or groups, so it is not hate speech.', 'The post does not contain vulgarity, slurs, or offensive language, so it is not hate speech.', 'The post expresses a personal opinion about the need for reformation within the church, which is a form of free speech and not hate speech.']","The post is a personal critique of the Roman Catholic Church, focusing on the need for reformation. It does not demean or degrade individuals or groups based on protected characteristics, nor does it incite violence or use offensive language. Therefore, it is unlikely to be classified as hate speech by annotators. The disagreement level is low, as the post clearly does not fall into any hate speech categories. The predicted percentage of annotators who classify the post as hate speech is 0%, while 100% would classify it as not hate speech.",0.4,0.2666666666666667,0.09999999999999998,0.5
18,2063,"In America, Right Wing can best be described as people who are self-sufficient and want to be left alone.  Left Wing is best described as people who are dependent and want to tell everyone else what to do.",0.6,0.1,0.9,"['The post is a generalization of political groups and does not target any specific race, ethnicity, gender, religion, or sexual orientation, so it may not be considered hate speech by some annotators.', 'The post does not contain any explicit calls for violence or physical harm against any group, which may lead some annotators to classify it as not hate speech.', 'The language used in the post is not vulgar or offensive, which may lead some annotators to classify it as not hate speech.', 'Some annotators might view the post as demeaning or degrading to individuals based on their political beliefs, which could be seen as an assault on human dignity.', 'The post could be interpreted as promoting stereotypes about political groups, which might be considered offensive by some annotators.']","The post is likely to be classified as not hate speech by the majority of annotators due to the lack of explicit hate speech elements such as vulgarity, calls for violence, or direct assaults on protected characteristics. However, a small percentage might view it as offensive or demeaning based on political stereotypes. Therefore, the predicted percentages are [0.1, 0.9], with 10% classifying it as hate speech and 90% as not hate speech.",0.5,0.5,0.09999999999999998,0.4
19,2243,"Now that Infowars has been hit by the Silicon Valley Death Star, I am amazed Twitter didn’t join in. But they are the same liberal far left trash and probably wanted to join the other kids kicking a dog when it’s down. Scum.",0.5,0.1,0.9,"[""The post uses derogatory language ('trash', 'scum') which could be seen as offensive but not necessarily hate speech."", ""The post does not target a specific protected group based on race, ethnicity, gender, religion, or sexual orientation, so it may not be considered hate speech under 'assaults on human dignity'."", 'The post does not contain explicit calls for violence against any individual or group.', ""The post expresses a strong negative opinion about a political group ('liberal far left') but does not use slurs or profanity directed at a protected group."", 'Some annotators might see the language as contributing to a hostile environment, while others might see it as political opinion.']","The post contains derogatory language and a strong negative opinion about a political group, but it does not explicitly target a protected group or incite violence. Therefore, it is likely that a small percentage of annotators might classify it as hate speech due to the offensive language, while the majority would not consider it hate speech. The disagreement level is low as the post does not clearly fall into the hate speech categories. Predicted percentages: 10% hate speech, 90% not hate speech.",0.4,0.4000000000000001,0.0,0.4
20,2318,"""A place to discuss Jesus with fellow clean-living Christians"" lol that description. But wasn't christianity responsible for the tentacle hentai?",0.5,0.1,0.9,"['The post is not hate speech as it does not demean or degrade individuals or groups based on protected characteristics. It seems to be a sarcastic or humorous comment about Christianity.', 'The post does not contain calls for violence or incite physical harm against any group or individual.', 'The post uses a humorous or sarcastic tone, which might be seen as offensive to some, but it does not use vulgarity or slurs.', 'Some annotators might find the post offensive to Christians as it makes a sarcastic remark about the religion, potentially mocking it.', 'The post could be interpreted as a critique of Christianity, but it does not explicitly attack or demean Christians as a group.']","The post is likely to be interpreted as not constituting hate speech by most annotators. It uses a sarcastic tone to make a point about Christianity, but it does not contain explicit hate speech elements such as demeaning language, calls for violence, or vulgarity. Therefore, it is expected that a small percentage of annotators might see it as offensive or in poor taste, but the majority would not classify it as hate speech. The disagreement level is low, as the post does not clearly fall into any hate speech category.",0.4,0.4000000000000001,0.0,0.4
21,2590,"All across the West media tycoons are in cahoots with governments, banks and big corporations and yet no one seems to connect the dots as to why MSM is covering up the sins of the rich and powerful. What free press? It's been gone since the 19th century.",0.5,0.1,0.9,"['The post criticizes media and government institutions but does not target any specific group based on race, ethnicity, gender, religion, or other protected characteristics, so it may not be considered hate speech by some annotators.', 'The post does not contain any explicit calls for violence or physical harm against individuals or groups, which may lead annotators to classify it as not hate speech.', 'The language used in the post is not vulgar or offensive, which may lead annotators to view it as a critique rather than hate speech.', 'Some annotators might view the post as promoting conspiracy theories, which could be seen as harmful or misleading, but not necessarily hate speech.']","The post is likely to be classified as not hate speech by the majority of annotators due to the lack of direct attacks on protected groups, absence of calls for violence, and non-vulgar language. However, a small percentage might consider it as hate speech due to its conspiratorial tone.",0.4,0.4000000000000001,0.0,0.4
22,2610,People are such fucking slobs. Anyone who wears flip-flops to the airport ought to be subject to execution.,0.5,0.3,0.7,"[""The post uses vulgar and offensive language ('fucking slobs') which may be seen as inappropriate but not necessarily hate speech."", 'The statement about execution is hyperbolic and not a genuine call for violence, but it could be interpreted as promoting violence in a joking manner.', 'The post does not target a specific protected group based on race, ethnicity, gender, religion, or sexual orientation, so it may not be considered an assault on human dignity.', 'Some annotators might see the hyperbolic language as a form of hate speech due to its violent imagery, while others might see it as a joke or exaggeration not meant to be taken seriously.']","The post contains offensive language and hyperbolic statements that could be interpreted in different ways. While it does not target a specific protected group, the mention of execution could be seen as promoting violence, albeit in a non-serious manner. Therefore, there is likely to be some disagreement among annotators, with approximately 30% classifying it as hate speech and 70% not classifying it as such.",0.2,0.20000000000000004,0.0,0.2
23,2611,"Bitching on social media may be cathartic, but the best way to fight the biased lefty press is not to watch, mention, click, link, post, or refer to their lefty crap.  Even by complaining (mentioning) you’re giving them data to sell to their advertisers. Take away their ability to sell your data, take away your eyeballs and they’ll go out of business over time.",0.5,0.1,0.9,"[""The post uses the term 'bitching,' which some may find vulgar or offensive, but it is not directed at a specific individual or group based on protected characteristics."", ""The post criticizes the 'biased lefty press,' which could be seen as a political opinion rather than hate speech, as it does not target a protected characteristic."", 'There is no call for violence or incitement to harm in the post; it suggests a non-violent method of protest by not engaging with certain media.', ""Some annotators might view the term 'lefty crap' as offensive or derogatory, but it is more likely to be interpreted as a strong political opinion rather than hate speech."", 'The post does not demean or degrade individuals based on race, ethnicity, gender, religion, sexual orientation, or other protected characteristics.']","The post is likely to be interpreted as a strong political opinion rather than hate speech. While it uses some offensive language, it does not target individuals or groups based on protected characteristics, nor does it incite violence. Therefore, it is expected that a small percentage of annotators might classify it as hate speech due to the use of terms like 'bitching' and 'lefty crap,' but the majority would not. The disagreement level is low.",0.4,0.4000000000000001,0.0,0.4
24,2662,'Front Hole'  https://www.healthline.com/health/lgbtqia-safe-sex...    Please explain the objectification of women in the current context. Thanks.,0.5,0.3,0.7,"[""The post uses the term 'Front Hole,' which some may find offensive or objectifying towards women, as it reduces a complex human identity to a body part."", 'The post includes a link to a health article, which may suggest an educational intent rather than a derogatory one, leading some to not classify it as hate speech.', 'Some annotators might view the term as part of inclusive language efforts, aiming to be respectful towards transgender and non-binary individuals, thus not seeing it as hate speech.', 'Others might see the term as vulgar or inappropriate, especially if they are not familiar with its use in inclusive language contexts, potentially classifying it as hate speech.']","The post uses the term 'Front Hole,' which can be interpreted in various ways. Some annotators might find it objectifying or offensive towards women, as it reduces a complex human identity to a body part. However, the inclusion of a link to a health article suggests an educational intent, which might lead others to not classify it as hate speech. Additionally, some might view the term as part of inclusive language efforts, aiming to be respectful towards transgender and non-binary individuals, thus not seeing it as hate speech. On the other hand, others might see the term as vulgar or inappropriate, especially if they are not familiar with its use in inclusive language contexts. Given these differing perspectives, there is likely to be a moderate level of disagreement among annotators, with an estimated 30% classifying it as hate speech and 70% not classifying it as such.",0.2,0.20000000000000004,0.0,0.2
25,2713,"The Horrific A friend and former business partner who also is a retired policeman sent this along to me today. It describes a case he had, which was the wreckage left behind by one homosexual priest. Predators. Gay predators. Which sounds like a joke. But as my friend knows better than anyone, it most certainly is not:",0.5,0.6,0.4,"[""The post uses the term 'gay predators' which could be seen as demeaning to individuals based on sexual orientation, potentially falling under assaults on human dignity."", 'The post does not explicitly call for violence against any group, so it may not be seen as inciting violence.', ""The language used in the post, such as 'predators,' could be considered offensive or vulgar, especially in the context of discussing a specific group, which might be interpreted as hate speech by some annotators."", 'Some annotators might view the post as a critique of a specific incident involving a priest and not as a generalization about all homosexuals, thus not classifying it as hate speech.', 'The post could be interpreted as perpetuating harmful stereotypes about homosexuals, which might lead some annotators to classify it as hate speech.']","The post contains language that could be interpreted as demeaning to individuals based on sexual orientation, particularly with the use of terms like 'gay predators.' This could lead some annotators to classify it as hate speech due to assaults on human dignity. However, the post does not explicitly call for violence, which might lead others to not classify it as hate speech. The use of potentially offensive language, such as 'predators,' could also contribute to differing opinions. Some annotators might see the post as a critique of a specific incident rather than a generalization, leading to a split in classification. Overall, there is likely to be moderate disagreement among annotators, with an estimated 60% classifying it as hate speech and 40% not classifying it as such.",0.09999999999999998,0.09999999999999998,0.0,0.09999999999999998
26,2923,Liberal collateral damage.,0.5,0.3,0.7,"[""The post uses the term 'collateral damage' which could imply harm or loss, but it is not explicitly calling for violence or harm against liberals."", ""The term 'liberal' is used, which could be seen as targeting a political group, but it does not explicitly demean or degrade individuals based on protected characteristics."", 'The post lacks vulgarity or offensive language, as it does not contain profanity or slurs.', 'The phrase could be interpreted as dismissive or trivializing harm to a group, which might be seen as an assault on human dignity by some annotators.', 'Some annotators might view the post as a political statement rather than hate speech, focusing on the lack of explicit calls for violence or offensive language.']","The post 'Liberal collateral damage' is likely to result in high disagreement among annotators. Some may see it as a political statement without explicit hate speech elements, while others might interpret it as trivializing harm to a group, potentially assaulting human dignity. Given these interpretations, approximately 30% of annotators might classify it as hate speech, while 70% might not.",0.2,0.20000000000000004,0.0,0.2
27,3075,"Man, this delusion neckbeard has a wife who doesn't have a forehead...That cone skull ranks at least a tenhead.  Geez.https://www.thesun.co.uk/news/7148589/inside-churc...",0.5,0.3,0.7,"[""The post uses derogatory language ('delusion neckbeard') that could be seen as demeaning to individuals based on appearance or stereotypes, which might be considered an assault on human dignity."", 'The post does not contain any explicit calls for violence or incitement to harm, so it is unlikely to be classified as hate speech based on this aspect.', ""The use of terms like 'tenhead' and 'cone skull' could be interpreted as vulgar or offensive language, targeting someone's physical appearance, which might be seen as degrading."", 'Some annotators might view the post as a form of cyberbullying or harassment due to its mocking tone and focus on physical appearance, which could influence their classification as hate speech.', 'Others might see the post as merely a rude or offensive joke without serious intent to harm, thus not classifying it as hate speech.']","The post contains derogatory and potentially offensive language targeting an individual's appearance, which could be seen as an assault on human dignity. However, it lacks explicit calls for violence. The vulgarity and mocking tone might lead some annotators to classify it as hate speech, while others may see it as a rude joke. Given these factors, there is likely to be some disagreement among annotators, but not extremely high. Therefore, approximately 30% might classify it as hate speech, while 70% might not.",0.2,0.20000000000000004,0.0,0.2
28,3079,I'm sure Bill Clinton has a donut for Ariana Grande to lick...https://www.youtube.com/watch?v=Oja97POVbM8,0.4,0.1,0.9,"['The post is a harmless joke referencing a past incident involving Ariana Grande licking a donut, and does not constitute hate speech.', 'The post is inappropriate and vulgar, but it does not target any specific group or individual based on protected characteristics, so it is not hate speech.', 'The post uses suggestive language that could be seen as offensive, but it does not incite violence or degrade any group, so it is not hate speech.', 'The post is a humorous take on a public figure and a celebrity, and while it may be in poor taste, it does not meet the criteria for hate speech.']","The post is likely to be interpreted as a joke or humorous comment about a past incident involving a celebrity, rather than hate speech. It does not target any specific group based on protected characteristics, nor does it incite violence. While it may contain suggestive or vulgar language, it is not directed at a group in a way that would constitute hate speech. Therefore, it is expected that a majority of annotators would classify this post as not hate speech, with a small percentage possibly viewing it as inappropriate or offensive.",0.30000000000000004,0.18000000000000005,0.09999999999999998,0.4
29,3083,Do you need evidence that Progressives are intellectually superior to the rest of us?Here you go:  'Front Hole',0.6,0.3,0.7,"[""The post uses the term 'Front Hole' which may be seen as vulgar or offensive by some, but it is not directed at a specific individual or group, thus not constituting hate speech."", 'The post could be interpreted as mocking or demeaning towards a group (Progressives) by implying they use nonsensical or ridiculous terms, which could be seen as an assault on human dignity.', 'The post does not contain any explicit calls for violence or incitement to harm.', 'Some annotators might see the post as a satirical or humorous critique of language used by certain groups, rather than hate speech.', 'The post does not target any protected characteristic such as race, ethnicity, gender, religion, or sexual orientation directly.']","The post is likely to result in some disagreement among annotators due to its use of potentially offensive language ('Front Hole') and its mocking tone towards a group (Progressives). However, it does not explicitly target a protected characteristic or incite violence, which may lead to a majority of annotators not classifying it as hate speech. Therefore, I predict that 30% of annotators might classify it as hate speech, while 70% might not.",0.3,0.3,0.09999999999999998,0.2
30,3232,"He lives in the Selma March over and over. Worst case of racism I ever saw,and pay your fucking taxes",0.5,0.3,0.7,"['The post references the Selma March, a significant event in the civil rights movement, which may suggest a historical context of racism. Some annotators might see this as a critique of ongoing racial issues, potentially demeaning to those who are perceived as perpetuating racism.', ""The phrase 'worst case of racism I ever saw' could be interpreted as an acknowledgment of racism, but it might also be seen as hyperbolic or sarcastic, leading to different interpretations about whether it constitutes hate speech."", ""The use of 'pay your fucking taxes' includes vulgar language, which might be seen as offensive or aggressive, but not necessarily hate speech unless directed at a specific group."", 'Some annotators might view the post as a general expression of frustration or anger, rather than hate speech, due to the lack of direct attacks on a specific group based on protected characteristics.']","The post contains elements that could be interpreted in multiple ways, leading to potential disagreement among annotators. The historical reference to the Selma March and the mention of racism might be seen as a critique of racial issues, but the context is not clear enough to definitively categorize it as hate speech. The vulgar language used ('pay your fucking taxes') adds an element of offensiveness, but it is not directly tied to a specific group or characteristic. Therefore, it is likely that a minority of annotators might classify this as hate speech due to the offensive language and perceived racial undertones, while the majority would not see it as hate speech, resulting in a predicted distribution of [0.3, 0.7].",0.2,0.20000000000000004,0.0,0.2
31,3299,"While I know it’s “not presidential” to take on a lowlife like Omarosa, and while I would rather not be doing so, this is a modern day form of communication and I know the Fake News Media will be working overtime to make even Wacky Omarosa look legitimate as possible. Sorry!",0.5,0.3,0.7,"[""The post uses derogatory language ('lowlife', 'Wacky') which could be seen as demeaning to an individual, but not necessarily based on a protected characteristic, so it may not be considered hate speech by some annotators."", 'The post does not explicitly call for violence or physical harm against any individual or group, so it is unlikely to be classified as hate speech based on this aspect.', ""The use of terms like 'Fake News Media' and 'Wacky' could be seen as offensive or vulgar, but they are not directed at a group based on race, ethnicity, gender, etc., which may lead some annotators to classify it as not hate speech."", 'Some annotators might view the post as a personal attack on Omarosa, which could be seen as an assault on human dignity, but others might see it as political rhetoric not amounting to hate speech.']","The post contains derogatory language towards an individual, Omarosa, calling her a 'lowlife' and 'Wacky'. However, these terms are not based on race, ethnicity, gender, or other protected characteristics, which may lead some annotators to not classify it as hate speech. The post does not call for violence or physical harm, which is another reason it might not be classified as hate speech. The language used could be seen as offensive or vulgar, but it is more likely to be interpreted as political rhetoric. Therefore, there might be some disagreement among annotators, but it is likely that a majority would not classify it as hate speech. The estimated percentages are 30% classifying it as hate speech and 70% not classifying it as hate speech.",0.2,0.20000000000000004,0.0,0.2
32,3439,Popular leftist terms that do not exist: - Toxic Masculinity - Patriarchy - White Privilege No matter how long the gender studies majors at McDonald's try to push this propaganda we must push back with facts #politics,0.5,0.3,0.7,"[""The post dismisses concepts like 'Toxic Masculinity', 'Patriarchy', and 'White Privilege', which could be seen as an assault on human dignity by denying systemic issues related to gender and race."", 'The post does not contain any direct calls for violence against individuals or groups.', ""The post uses dismissive language towards 'gender studies majors at McDonald's', which could be interpreted as offensive or derogatory, but it does not use explicit vulgarity or slurs."", 'Some annotators might view the post as a critique of certain political ideologies rather than hate speech, focusing on the political context rather than the language used.', 'Others might see the post as undermining important social issues, which could be interpreted as a form of hate speech by dismissing the experiences of marginalized groups.']","The post is likely to generate some disagreement among annotators. While it dismisses certain social concepts, it does not explicitly attack individuals or groups based on protected characteristics. The language is dismissive and could be seen as offensive, but it lacks vulgarity or direct incitement to violence. Therefore, I predict that 30% of annotators might classify it as hate speech due to its dismissive nature towards systemic issues, while 70% might not classify it as hate speech, viewing it as a political opinion or critique.",0.2,0.20000000000000004,0.0,0.2
33,3645,"So if #robots can plant the food; pick the food; and serve the food, why do we need #illegalaliens again?  Not to vote #democrat. They have already moved on to simply changing the counts.  https://www.zerohedge.com/news/2018-08-26/robot-ma...",0.5,0.6,0.4,"['The post implies that illegal immigrants are unnecessary and replaceable by robots, which could be seen as demeaning to a group based on their immigration status, potentially assaulting human dignity.', 'The post does not explicitly call for violence against any group, so it may not be considered as inciting violence.', ""The use of the term 'illegal aliens' is considered by some to be offensive and dehumanizing, which could be seen as vulgar or offensive language."", 'The post suggests a political bias by implying that illegal immigrants are used to vote for a specific political party, which could be seen as a stereotype or an unfounded accusation.', 'Some annotators might view the post as a commentary on automation and its impact on labor markets, rather than hate speech.']","The post contains language that could be interpreted as demeaning to immigrants, particularly those without legal status, by suggesting they are unnecessary and replaceable by robots. This could be seen as an assault on human dignity. However, it does not explicitly call for violence, and while it uses the term 'illegal aliens,' which some find offensive, it may not be universally considered hate speech. The political commentary aspect might lead some to view it as a critique of political systems rather than a direct attack on a group. Given these factors, there is likely to be moderate disagreement among annotators, with a slight majority potentially viewing it as hate speech due to the demeaning language and offensive terminology. Therefore, the estimated percentages are 60% classifying it as hate speech and 40% not classifying it as such.",0.09999999999999998,0.09999999999999998,0.0,0.09999999999999998
34,3742,"The Kalergi Plan for White Genocide,(funded by George Soros),through unending Turd World Mass Migration into ALL White Nations,..They Come..They Breed,Rape,Terrorize,Defecate,Leech,Infect and Plunder......WE DIE!!!! ",0.5,0.85,0.15,"[""The post promotes a conspiracy theory about a 'Kalergi Plan' and 'White Genocide,' which could be seen as an assault on human dignity by demeaning non-white groups and immigrants."", ""The post uses highly offensive and vulgar language, such as 'Turd World,' 'Breed,' 'Rape,' 'Defecate,' and 'Leech,' which could be considered hate speech due to its dehumanizing nature."", 'The post does not explicitly call for violence, but the language used could be interpreted as inciting fear and hostility towards non-white groups and immigrants.', 'Some annotators might view the post as a form of political expression or hyperbole, rather than hate speech, depending on their views on free speech and the context of the discussion.']","The post is likely to be classified as hate speech by a majority of annotators due to its demeaning language towards non-white groups and immigrants, as well as the use of vulgar and offensive terms. However, a minority might not classify it as hate speech, viewing it as political expression or hyperbole. Therefore, the predicted percentages are 85% for hate speech and 15% for not hate speech.",0.35,0.35,0.0,0.35
35,3780,THEN WHY HAVEN'T THEY BEEN HUNG FOR TREASON!,0.5,0.6,0.4,"['The post may be interpreted as a call for violence, as it suggests hanging individuals, which is a form of physical harm.', 'Some annotators might see this as a rhetorical question or hyperbole, not meant to be taken literally, thus not a direct call for violence.', 'The post does not specify any particular group or individual, which might lead some to argue it lacks specificity to be considered hate speech.', ""The use of the word 'treason' might imply a political context, which could be seen as a critique of political figures rather than a hate speech issue."", 'The post does not contain vulgarity or offensive language, which might lead some annotators to classify it as not hate speech.']","The post ""THEN WHY HAVEN'T THEY BEEN HUNG FOR TREASON!"" can be interpreted in several ways. Some annotators might view it as a call for violence due to the suggestion of hanging, which is a violent act. Others might see it as rhetorical or hyperbolic, not intended to incite actual violence. The lack of specific targets or groups might lead some to argue it doesn't meet the criteria for hate speech. Additionally, the absence of vulgar or offensive language might influence some annotators to classify it as not hate speech. Given these interpretations, there is likely to be moderate disagreement among annotators, with an estimated 60% classifying it as hate speech and 40% not.",0.09999999999999998,0.09999999999999998,0.0,0.09999999999999998
36,3847,"In-N-Out Refuses to Back Down, Responds to Democrats Boycotting Them with Fierce Statement.  Yikes. That’s the chair of the California Democratic Party acting like he’s ten years old. https://www.chicksonright.com/youngcons/2018/08/31...",0.4,0.1,0.9,"['The post criticizes a political figure, which may not constitute hate speech as it does not target a protected characteristic.', ""The language used ('acting like he’s ten years old') is dismissive but not necessarily vulgar or offensive in a hate speech context."", 'The post does not contain any explicit calls for violence or physical harm against individuals or groups.', 'The post does not demean or degrade individuals based on race, ethnicity, gender, religion, sexual orientation, or other protected characteristics.']","The post primarily focuses on a political disagreement and uses language that is critical but not overtly hateful. It does not target any protected characteristics, nor does it incite violence or use vulgar language. Therefore, it is likely that a majority of annotators would not classify this as hate speech, leading to a low disagreement among annotators. The estimated percentages are 10% for hate speech and 90% for not hate speech.",0.30000000000000004,0.18000000000000005,0.09999999999999998,0.4
37,3848,"Black Conservatives on Twatter: CNN's @JeffreyToobin called Antifa, a left-wing political terror group with few if any black participants, an 'African-American organization.' These violent stereotypes are racist and wrong. Using it to smear POTUS Trump — even worse! Liars @CNNPR! https://twitter.com/i/status/1035315440153755648",0.5,0.3,0.7,"[""The post criticizes CNN and Jeffrey Toobin for allegedly mischaracterizing Antifa as an 'African-American organization,' which could be seen as an assault on human dignity by perpetuating racial stereotypes."", ""The post accuses CNN of lying and uses strong language like 'Liars,' which could be interpreted as vulgar or offensive, but not necessarily hate speech."", 'The post does not contain explicit calls for violence or incitement to harm, focusing instead on media criticism.', 'Some annotators might view the post as a legitimate critique of media portrayal and not hate speech, focusing on the political nature of the content rather than racial aspects.', ""Others might see the mention of 'violent stereotypes' and the association with race as problematic, potentially classifying it as hate speech due to racial insensitivity.""]","The post is likely to generate some disagreement among annotators due to its political nature and the mention of racial stereotypes. While it criticizes media portrayal, it does not explicitly incite violence or use overtly offensive language. However, the racial aspect might lead some to view it as problematic. Therefore, I predict that 30% of annotators might classify it as hate speech, while 70% might not.",0.2,0.20000000000000004,0.0,0.2
38,4191,"'I find wearing these little yellow stars on the chest is a good way to expiate our past sins, it reminds us of our privilege and keeps the memory of our crimes alive now that the last nazi is dead.' Conservative, circa 2025. #ConservativeMindset",0.5,0.3,0.7,"['The post uses historical references to the Holocaust, which could be seen as trivializing or inappropriately using a symbol of immense suffering, potentially assaulting human dignity.', 'The post does not explicitly call for violence or physical harm against any group, so it may not be seen as inciting violence.', 'The language used in the post is not vulgar or overtly offensive, but the context and symbolism could be considered offensive to some, especially those sensitive to Holocaust references.', 'Some annotators might view the post as a critique of conservative ideology, using irony or satire, which could lead to different interpretations of its intent.', 'The post could be seen as a commentary on privilege and historical accountability, which might not be classified as hate speech by some annotators.']","The post is likely to result in high disagreement among annotators due to its use of historical symbols and potential for varied interpretations. Some may see it as offensive or trivializing a serious historical event, while others may interpret it as a critique or commentary on privilege and accountability. Therefore, approximately 30% of annotators might classify it as hate speech, while 70% might not.",0.2,0.20000000000000004,0.0,0.2
39,4325,Liberals: These bikini coffee chains are sexist and a bad influence on impressionable young girls. Also Liberals: Lets take our kids down to the Folsom street fair where they can see transvestites swinging their junk around and getting whipped in public. http://www.foxnews.com/food-drink/2018/08/30/bikin...,0.5,0.4,0.6,"[""The post uses derogatory language such as 'transvestites' which is considered outdated and offensive, potentially assaulting human dignity based on gender identity."", 'The post does not explicitly call for violence or physical harm against any group, so it does not fall under calls for violence.', 'The post contains a sarcastic tone and uses language that could be considered offensive or vulgar, particularly in the context of discussing sensitive topics like gender identity and public decency.', 'Some annotators might view the post as a critique of perceived liberal hypocrisy, rather than hate speech, focusing on the political commentary aspect.', 'Others might see the post as perpetuating negative stereotypes about transgender individuals, thus contributing to a hostile environment for marginalized groups.']","The post contains elements that could be interpreted as offensive or degrading, particularly towards transgender individuals, due to the use of outdated and derogatory terms. However, it does not explicitly incite violence or use extreme vulgarity. The sarcastic tone and political commentary might lead some annotators to view it as a critique rather than hate speech. Given these factors, there is likely to be moderate disagreement among annotators, with approximately 40% classifying it as hate speech and 60% not classifying it as such.",0.09999999999999998,0.09999999999999998,0.0,0.09999999999999998
40,4351,"While Democrats play the race card, we play the Trump cardJobs, Jobs, Jobs, equals a win for all https://canadafreepress.com/article/jobs-jobs-jobs...",0.4,0.3,0.7,"[""The post uses the phrase 'race card,' which some may interpret as dismissive or trivializing of racial issues, potentially assaulting human dignity."", 'The post does not contain any explicit calls for violence against any group or individual.', 'The language used in the post is not vulgar or overtly offensive, focusing instead on political rhetoric and economic claims.', 'Some annotators might see the post as a political statement rather than hate speech, focusing on the economic message rather than the racial undertones.', ""Others might view the use of 'race card' as a subtle form of racial insensitivity, which could be seen as degrading to discussions about race.""]","The post is likely to result in some disagreement among annotators. While it does not contain explicit hate speech or calls for violence, the use of the term 'race card' can be seen as dismissive of racial issues, which might be interpreted as an assault on human dignity by some. However, the overall tone is more political and economic, which may lead others to classify it as not hate speech. Therefore, I predict that 30% of annotators might classify it as hate speech due to the racial undertones, while 70% might not, focusing on the political and economic aspects.",0.10000000000000003,0.03333333333333336,0.09999999999999998,0.2
41,4354,Explosive Ivy League Study Repressed For Finding Transgender Kids May Be A Social Contagion http://thefederalist.com/2018/08/31/explosive-ivy-...,0.4,0.4,0.6,"[""The post may be seen as demeaning to transgender individuals by suggesting that being transgender is a 'social contagion,' which could be interpreted as an assault on human dignity."", 'Some annotators might view the post as not hate speech, interpreting it as a discussion of a controversial study rather than an attack on transgender individuals.', 'The post does not contain explicit calls for violence against any group, which might lead some annotators to classify it as not hate speech.', 'The language used in the post is not overtly vulgar or offensive, which might lead some annotators to see it as not hate speech.', ""The term 'social contagion' could be seen as offensive or demeaning, leading some annotators to classify the post as hate speech.""]","The post is likely to generate mixed opinions among annotators. Some may see it as demeaning to transgender individuals by implying that being transgender is a 'social contagion,' which could be considered an assault on human dignity. Others might interpret the post as a discussion of a controversial study rather than an attack, thus not classifying it as hate speech. The post does not contain explicit calls for violence, and the language is not overtly vulgar, which might lead some annotators to classify it as not hate speech. However, the term 'social contagion' could be seen as offensive or demeaning, leading to a split in opinions. Therefore, the disagreement level is high, with an estimated 40% of annotators classifying it as hate speech and 60% as not hate speech.",0.0,0.0,0.09999999999999998,0.09999999999999998
42,4360,"If the regressive socialist marxist dems go back any further into his background I'm sure they will find out he used to play cowboys and Indians when he was a kid. Of course he played the part of the cowboy so you will hear them say he's prejudice, hates Indians and poc Senate Democrats call Nixon lawyer John Dean to testify at Kavanaugh hearing https://www.washingtonexaminer.com/news/senate-d...",0.4,0.3,0.7,"[""The post uses political labels like 'regressive socialist marxist dems' which could be seen as derogatory but not necessarily hate speech."", ""The post makes a sarcastic comment about playing 'cowboys and Indians,' which could be interpreted as trivializing racial issues, but it does not directly assault human dignity."", 'There is no direct call for violence in the post.', 'The language used is not vulgar or overtly offensive, though it is sarcastic and dismissive.', 'Some annotators might see the post as perpetuating stereotypes or being dismissive of racial sensitivities, which could be seen as a form of subtle hate speech.', 'Others might view the post as political commentary or satire, not hate speech.']","The post contains political commentary with a sarcastic tone, which may lead to different interpretations. Some annotators might see it as perpetuating stereotypes or being dismissive of racial sensitivities, while others might view it as political satire. Given the lack of direct vulgarity, calls for violence, or explicit assaults on human dignity, it is likely that a minority of annotators would classify it as hate speech. Therefore, the predicted percentages are 30% for hate speech and 70% for not hate speech, indicating high disagreement due to the subjective nature of interpreting sarcasm and political commentary.",0.10000000000000003,0.03333333333333336,0.09999999999999998,0.2
43,4471,Of course what better mascot than your stupid fat ass. Thanks for doing the enemies work for them.,0.5,0.3,0.7,"[""The post contains vulgarity and offensive language, as it uses derogatory terms like 'stupid' and 'fat ass,' which may be seen as demeaning to individuals."", 'The post does not explicitly target a specific group based on race, ethnicity, gender, religion, or other protected characteristics, so it may not be considered an assault on human dignity.', 'The post does not contain any direct calls for violence or incitement to physical harm.', 'Some annotators might view the post as a personal attack or insult rather than hate speech, as it seems to be directed at an individual rather than a group.', 'The post could be interpreted as sarcastic or humorous by some, which might lead to it being classified as not hate speech.']","The post contains offensive language and could be seen as a personal attack, but it lacks elements of hate speech such as targeting a protected group or inciting violence. Therefore, it is likely that 30% of annotators might classify it as hate speech due to the offensive language, while 70% might not classify it as hate speech, viewing it as a personal insult or sarcastic remark.",0.2,0.20000000000000004,0.0,0.2
44,4588,"Well, yea, but they also believe the greeks were israelites ...  ",0.5,0.1,0.9,"['The post is not hate speech as it does not directly demean or degrade any group based on protected characteristics.', 'The post does not contain any calls for violence against individuals or groups.', 'The post does not use vulgarity or offensive language.', 'The post may be interpreted as mocking or dismissive of certain beliefs, but this does not necessarily constitute hate speech.', 'Some annotators might see the post as perpetuating stereotypes or misinformation, which could be seen as indirectly harmful.']","The post is likely to be classified as not hate speech by the majority of annotators. It does not contain explicit demeaning language, calls for violence, or vulgarity. However, a small percentage might see it as problematic due to its dismissive tone towards certain beliefs, potentially perpetuating stereotypes or misinformation. Therefore, I predict that 10% of annotators might classify it as hate speech, while 90% would not.",0.4,0.4000000000000001,0.0,0.4
45,4702,"People who say 'nobody's born a racist, you have to be taught' are also the ones who tell their children to be gay degenerates and killing white people is right.",0.5,0.7,0.3,"['The post contains assaults on human dignity by suggesting that certain groups (those who teach their children to be gay) are degenerates, which is a demeaning term.', ""The post implies a call for violence by suggesting that some people teach their children that 'killing white people is right,' which could be interpreted as inciting violence against a racial group."", ""The post uses offensive language by referring to people as 'gay degenerates,' which is vulgar and derogatory."", 'Some annotators might view the post as a critique of certain ideologies rather than a direct assault on any group, thus not classifying it as hate speech.', 'The post could be seen as expressing a controversial opinion rather than a direct call to action or violence, leading some to not classify it as hate speech.']","The post is likely to be classified as hate speech by a majority of annotators due to its demeaning language and implications of violence. However, a minority might see it as a controversial opinion rather than direct hate speech. Therefore, approximately 70% of annotators might classify it as hate speech, while 30% might not.",0.19999999999999996,0.19999999999999996,0.0,0.19999999999999996
46,4741,"That hair probably costs over $200 including the trip to the salon, and she's holding an $800 iPhone... She's wearing makeup and jewelry, too, while she howls & cries about how oppressed she is. Liberals have no sense of reality.",0.5,0.1,0.9,"['The post does not directly assault human dignity based on race, ethnicity, gender, religion, sexual orientation, or other protected characteristics, but it does mock and belittle a perceived political group (liberals) for their views on oppression.', 'The post does not contain any calls for violence or incitement to physical harm against any individuals or groups.', 'The post contains a mocking tone and could be considered offensive by some due to its dismissive attitude towards a group of people (liberals), but it does not use vulgarity or explicit slurs.']","The post is likely to be interpreted as not constituting hate speech by most annotators, as it does not directly attack protected characteristics or incite violence. However, it does mock a political group, which some might find offensive. Given the lack of explicit hate speech elements, there is likely to be low disagreement among annotators, with the majority classifying it as not hate speech. Therefore, the predicted percentages are 10% for hate speech and 90% for not hate speech.",0.4,0.4000000000000001,0.0,0.4
47,4754,Democrats want your guns to inflict gory socialist totalitarian hell on America. ,0.5,0.3,0.7,"['The post uses hyperbolic language to criticize a political group, which may not be considered hate speech by some annotators.', 'Some annotators might view the post as an assault on human dignity by implying that a political group has malicious intent, but it does not target a protected characteristic.', 'The post does not contain explicit calls for violence, so it may not be classified as hate speech based on that aspect.', 'The language used is strong and potentially offensive, but it lacks vulgarity or slurs, which might lead some annotators to not classify it as hate speech.']","The post is likely to result in low disagreement among annotators. While it uses strong and hyperbolic language, it does not explicitly target a protected characteristic or call for violence. Therefore, it is likely that a minority of annotators (around 30%) might classify it as hate speech due to perceived assaults on human dignity or offensive language, while the majority (around 70%) would not classify it as hate speech.",0.2,0.20000000000000004,0.0,0.2
48,4845,"Google image : "" mélissa theuriau jamel debbouze "" ",0.5,0.05,0.95,"['The post is neutral and simply suggests searching for images of Mélissa Theuriau and Jamel Debbouze, which are public figures, without any offensive or hateful content.', 'The post could be seen as potentially problematic if the context of the search is to find images that have been used in a derogatory or demeaning manner, but this is speculative.', 'The post does not contain any vulgarity, offensive language, or calls for violence, and thus is unlikely to be considered hate speech.']","The post ""Google image : 'mélissa theuriau jamel debbouze'"" is likely to be interpreted by most annotators as not constituting hate speech. The post appears to be a simple suggestion to search for images of two public figures, Mélissa Theuriau and Jamel Debbouze, without any explicit or implicit hate speech elements. 

1. Assaults on Human Dignity: There is no direct or indirect language in the post that demeans or degrades individuals or groups based on protected characteristics. 
2. Calls for Violence: The post does not incite or encourage any form of violence against individuals or groups.
3. Vulgarity and/or Offensive Language: The post does not contain any profanity, slurs, or offensive language.

Given the lack of explicit hate speech elements, the disagreement among annotators is likely to be low. Most annotators would classify this post as not hate speech, with a small percentage possibly considering the context of the search as potentially problematic, but this is speculative and not evident from the post itself.

Predicted percentages: [0.05, 0.95] indicating that 5% might classify it as hate speech due to speculative context concerns, while 95% would classify it as not hate speech.",0.45,0.45,0.0,0.45
49,4959,https://www.youtube.com/watch?v=-PgkF1pF4kg   I have no problem with how China treats these bastards.They are only treating them like how the rest of us get treated by muzzies.,0.5,0.7,0.3,"[""The post degrades individuals or groups based on religion, specifically using the term 'muzzies' which is a derogatory term for Muslims, thus assaulting human dignity."", 'The post does not explicitly call for violence but expresses approval of harsh treatment, which could be interpreted as an indirect endorsement of violence or mistreatment.', ""The use of the term 'bastards' and 'muzzies' constitutes vulgarity and offensive language, which may be considered hate speech by some annotators."", 'Some annotators might view the post as expressing a personal opinion rather than a direct attack, thus not classifying it as hate speech.']","The post contains derogatory language and expresses approval of mistreatment based on religion, which many annotators might classify as hate speech. However, some might see it as a personal opinion without a direct call for violence, leading to a minority not classifying it as hate speech. Therefore, approximately 70% might classify it as hate speech, while 30% might not.",0.19999999999999996,0.19999999999999996,0.0,0.19999999999999996
50,5065,"Planned Parenthood is fighting back against Blacks catching on to what Margaret Sanger was all about: Limiting the Black population. It's why she formed PP in the first place.  So now, billboards making it look bright and shiny and liberating to kill off their unborn.",0.5,0.6,0.4,"['The post suggests that Planned Parenthood has a racially motivated agenda, which could be seen as an assault on human dignity by implying a conspiracy against a racial group.', 'The post does not explicitly call for violence, but it does use charged language that could be interpreted as inciting distrust or animosity towards Planned Parenthood.', 'The language used in the post is not overtly vulgar or offensive, but it does employ a provocative tone that could be seen as inflammatory or misleading.']","The post is likely to generate mixed opinions among annotators. Some may view it as hate speech due to its implications of racial targeting and the potential to incite animosity, while others may see it as a critique of an organization without crossing into hate speech territory. Given the charged nature of the topic and the potential for different interpretations, there is likely to be moderate disagreement among annotators. Therefore, approximately 60% of annotators might classify it as hate speech, while 40% might not.",0.09999999999999998,0.09999999999999998,0.0,0.09999999999999998
51,5264,"There are two types of socialists: the evil socialist, and the stupid socialist. Evil socialists are despots who seek control.  Stupid socialists think socialism works and is good.",0.5,0.1,0.9,"['The post is a critique of socialism and does not target individuals based on protected characteristics, so it is not hate speech.', ""The post uses derogatory language ('evil' and 'stupid') which could be seen as offensive, but it is directed at a political ideology rather than a protected group."", 'The post does not call for violence or physical harm against any individuals or groups.', ""The language used ('evil' and 'stupid') could be considered vulgar or offensive, but it is not directed at a specific individual or group based on race, ethnicity, gender, etc."", 'Some annotators might see the post as an expression of political opinion rather than hate speech.']","The post is likely to be interpreted as a political opinion rather than hate speech. While it uses derogatory terms, they are directed at a political ideology rather than a protected group. Therefore, it is expected that a small percentage of annotators might classify it as hate speech due to the offensive language, but the majority would not. The disagreement level is low as the post does not clearly fall into the hate speech categories.",0.4,0.4000000000000001,0.0,0.4
52,5380,"it says he is willing to respect other people's wishes no matter how fucking stupid they are, what does it say to you Donna?  ",0.5,0.1,0.9,"[""The post uses vulgar language ('fucking stupid'), which may be considered offensive but not necessarily hate speech."", 'The post expresses a willingness to respect others, which suggests a lack of intent to demean or degrade individuals or groups.', ""The use of 'fucking stupid' could be interpreted as a general expression of frustration rather than a targeted assault on human dignity."", 'The post does not contain any calls for violence or incitement to harm.', 'Some annotators might see the language as unnecessarily harsh or disrespectful, but not rising to the level of hate speech.']","The post contains vulgar language, which might be seen as offensive, but it does not clearly demean or degrade any specific group based on protected characteristics. It also does not incite violence. Therefore, it is likely that a majority of annotators would not classify this as hate speech, though a small percentage might due to the use of offensive language. The disagreement level is low, as the post does not strongly align with typical hate speech criteria.",0.4,0.4000000000000001,0.0,0.4
53,5548,#UKNews 😲THREE YEAR OLD child is victim of FGM in UK 😡😡😡 Ghana/Uganda parents in East London accused of FGM plus 10 counts of indecent image allegations. Sick fecks!!!!!!!  They plead NOT guilty.. #TheRope! #KidsLivesMatter #BritFam,0.4,0.4,0.6,"['The post highlights a serious issue of FGM, which is a human rights violation, and expresses outrage, which may not be considered hate speech.', ""The use of 'Sick fecks' could be seen as vulgar and offensive language, but it is directed at individuals accused of a crime, not a protected group."", ""The mention of 'Ghana/Uganda parents' could be interpreted as targeting specific ethnic groups, potentially demeaning them, which might be seen as an assault on human dignity."", 'The hashtag #TheRope could be interpreted as a call for violence or harsh punishment, which might be considered hate speech.', 'Some annotators might see the post as raising awareness about a crime rather than promoting hate speech.']","The post contains elements that could be interpreted in different ways. While it addresses a serious crime, the language and hashtags used could be seen as offensive or inciting violence. Annotators might be divided on whether it constitutes hate speech, with some focusing on the potential ethnic targeting and call for violence, while others see it as a reaction to a crime. Therefore, there might be a moderate level of disagreement among annotators, with approximately 40% classifying it as hate speech and 60% not classifying it as such.",0.0,0.0,0.09999999999999998,0.09999999999999998
54,5549,Theresa May dancing. Arthritic praying mantis with butt plug engaged.   #True !,0.6,0.3,0.7,"[""The post uses vulgar and offensive language by comparing Theresa May to an 'arthritic praying mantis with butt plug engaged,' which could be seen as demeaning and degrading."", 'The post does not directly assault human dignity based on protected characteristics such as race, ethnicity, gender, religion, or sexual orientation.', 'The post does not contain any calls for violence or incitement to physical harm.', ""Some annotators might view the post as a humorous or satirical comment on Theresa May's dancing, rather than hate speech."", ""The use of the hashtag '#True' might be interpreted as an endorsement of the offensive comparison, which could influence some annotators to view it as more harmful.""]","The post contains vulgar and offensive language, which may lead some annotators to classify it as hate speech. However, it does not directly assault human dignity based on protected characteristics or call for violence. The humorous or satirical intent might lead to a higher percentage of annotators not classifying it as hate speech. Therefore, the predicted percentages are 30% classifying it as hate speech and 70% not classifying it as hate speech.",0.3,0.3,0.09999999999999998,0.2
55,5964,IE: Most humans are fucking ignorant and arrogant AND most ETs are fucking amazingly honourable and wise.  See?  Balance.  :>,0.5,0.1,0.9,"[""The post uses vulgar language ('fucking') which may be considered offensive, but it is not directed at a specific individual or group based on protected characteristics."", ""The post makes a generalization about humans being 'ignorant and arrogant,' which could be seen as demeaning to humanity as a whole, but it does not target a specific race, ethnicity, gender, or other protected group."", ""The post contrasts humans with 'ETs' (extraterrestrials), which is a fictional or hypothetical group, and thus may not be taken seriously as hate speech."", 'There is no call for violence or incitement to harm in the post.', 'Some annotators might see the post as a humorous or satirical commentary on human nature, rather than hate speech.']","The post contains vulgar language and a generalization about humans, but it does not target a specific protected group or incite violence. It is likely to be interpreted as not hate speech by most annotators, with some seeing it as humorous or satirical. Therefore, the predicted percentage of annotators who classify the post as hate speech is 10%, and those who classify it as not hate speech is 90%. The disagreement level is low due to the lack of specific targeting or incitement.",0.4,0.4000000000000001,0.0,0.4
56,6059,@ironwand‍  Guardian journalist  Daniel José Camacho spews anti-white hatred after Super  Bowl. (Guardianista nonwhite journalists openly now show their anti-white racism ),0.5,0.4,0.6,"[""The post accuses a journalist of 'anti-white hatred,' which could be seen as an assault on human dignity by suggesting that the journalist is racist against white people."", ""The phrase 'spews anti-white hatred' could be interpreted as a call for violence if it is seen as inciting others to act against the journalist, although this is not explicit."", ""The use of the term 'anti-white hatred' and 'racism' could be seen as offensive language, especially if it is perceived as an unfounded accusation against the journalist."", 'Some annotators might view the post as a critique of perceived bias in journalism rather than hate speech, focusing on the expression of an opinion about media bias.', 'The post could be seen as highlighting a racial issue, which might lead some to interpret it as a legitimate concern about racism rather than hate speech.']","The post is likely to generate mixed opinions among annotators. Some may see it as hate speech due to the accusation of 'anti-white hatred' and the potential for it to incite negative actions against the journalist. Others may view it as a critique of media bias without crossing into hate speech territory. Given these interpretations, I predict that 40% of annotators might classify it as hate speech, while 60% might not.",0.09999999999999998,0.09999999999999998,0.0,0.09999999999999998
57,6098,"Look forward to reading UR next book. My 1st thoughts R that we R in this situation through 'cock-up' rather than 'conspiracy'. Or more precisely, 'cock-up' on our side & something that's not quite conspiracy on the Moslem side: them just acting as they always do. We should have learnt from History, but  we were complacent. ",0.5,0.6,0.4,"['The post suggests that Muslims are inherently conspiratorial, which could be seen as an assault on human dignity by demeaning a religious group.', ""The phrase 'them just acting as they always do' implies a negative stereotype about Muslims, which could be interpreted as hate speech."", 'The post does not explicitly call for violence or physical harm against any group.', 'The language used in the post is not overtly vulgar or profane, but it does contain potentially offensive stereotypes.', ""Some annotators might view the post as a critique of political or historical events rather than hate speech, focusing on the 'cock-up' aspect rather than the comments about Muslims.""]","The post contains language that could be interpreted as demeaning towards Muslims, suggesting they are inherently conspiratorial. This could be seen as an assault on human dignity. However, it does not explicitly call for violence or use vulgar language. The interpretation of the post may vary, with some annotators focusing on the historical critique rather than the comments about Muslims. Therefore, there is likely to be some disagreement among annotators, but a slight majority might classify it as hate speech due to the negative stereotyping of Muslims.",0.09999999999999998,0.09999999999999998,0.0,0.09999999999999998
58,6114,"The main problem with California’s bail bond elimination is that it opens the door to 5th amendment violations. What if a Jew judge deems a member of Patriot Prayer a high risk based on their political beliefs and throws them in prison, where they will then have to wait months for their first pre-trial hearing?? There are so many ways that this new system can and will be abused. I warn you, if y...",0.4,0.4,0.6,"[""The post contains an anti-Semitic stereotype by implying that a 'Jew judge' would be biased against certain political groups, which could be seen as an assault on human dignity based on religion."", 'The post does not explicitly call for violence or physical harm against any group, so it may not be considered a call for violence.', ""The use of 'Jew judge' could be considered offensive language, as it reduces a person's identity to their religion in a derogatory manner."", 'Some annotators might view the post as a critique of the legal system and not as hate speech, focusing on the argument about potential 5th amendment violations rather than the language used.', 'The post could be seen as fear-mongering by suggesting that the legal system will be abused, but this alone may not constitute hate speech.']","The post contains language that could be interpreted as anti-Semitic, particularly the phrase 'Jew judge,' which may be seen as demeaning to individuals based on religion. However, the post does not explicitly call for violence or use vulgar language extensively. Some annotators might focus on the legal critique aspect of the post, leading to a split in opinions. Therefore, it is likely that there will be moderate disagreement among annotators, with approximately 40% classifying it as hate speech and 60% not classifying it as such.",0.0,0.0,0.09999999999999998,0.09999999999999998
59,6118,"How the fuck can a communist claim to be the champion of the working class when they have NEVER HELD A FUCKING JOB!!??? And no, being a community organizer doesn't make you a member of your stupid asshole proletariat.",0.4,0.4,0.6,"['The post uses vulgar and offensive language, which may be considered hate speech by some annotators.', 'The post targets individuals based on their political beliefs (communists), which could be seen as an assault on human dignity.', 'The post does not explicitly call for violence, so it may not be considered hate speech by some annotators.', 'Some annotators might view the post as a critique of political ideology rather than hate speech.', ""The post's use of profanity and derogatory terms could lead some annotators to classify it as hate speech.""]","The post contains vulgar and offensive language, particularly with the use of profanity and derogatory terms like ""stupid asshole proletariat."" This could lead some annotators to classify it as hate speech due to the offensive nature of the language. Additionally, the post targets individuals based on their political beliefs (communists), which could be interpreted as an assault on human dignity. However, the post does not explicitly call for violence, which might lead some annotators to view it as a critique of political ideology rather than hate speech. Given these factors, there is likely to be some disagreement among annotators, with an estimated 40% classifying it as hate speech and 60% not classifying it as such.",0.0,0.0,0.09999999999999998,0.09999999999999998
60,6126,"It doesn’t matter if there are non-whites who share some of our nationalist views. they are still different from us. Should they be allowed in our ethnostate? If it were up to me, the answer is no. I don’t support a policy of, “anyone who’s like Joe the Jew is welcome in our white ethnostate.” The whole idea of an ethnostate is to preserve our genetics and identity, not specifically our...",0.5,0.7,0.3,"['The post promotes the idea of an ethnostate, which can be seen as an assault on human dignity by excluding individuals based on race or ethnicity.', 'The post does not explicitly call for violence, but the exclusionary language may be interpreted as promoting social division and discrimination.', ""The post uses the phrase 'Joe the Jew,' which could be considered offensive or derogatory, contributing to the perception of hate speech."", 'Some annotators might view the post as a political opinion rather than hate speech, focusing on the expression of nationalist views without direct incitement to violence.']","The post is likely to be classified as hate speech by a majority of annotators due to its exclusionary language and potential assault on human dignity. However, a minority might not classify it as hate speech, viewing it as a political opinion without direct calls for violence. Therefore, the predicted percentages are 70% classifying it as hate speech and 30% not classifying it as hate speech.",0.19999999999999996,0.19999999999999996,0.0,0.19999999999999996
61,6182,"'A confidential, 49-page memo for defeating Trump by working with the major social-media platforms to eliminate “right wing propaganda and fake news” was presented in January 2017  by Media Matters founder David Brock at a retreat in Florida with about 100 donors, the Washington Free Beacon reported at the time.' https://www.wnd.com/2018/08/mask-off-social-media-... #FAGS #So...",0.5,0.6,0.4,"[""The post may be seen as an assault on human dignity due to the use of the slur '#FAGS', which is offensive to the LGBTQ+ community."", 'Some annotators might view the post as not constituting hate speech because it primarily discusses a political strategy and does not directly incite violence or demean a specific group beyond the use of the slur.', ""The use of the slur '#FAGS' could be interpreted as vulgar and offensive language, which might lead some annotators to classify the post as hate speech."", 'The post does not contain any direct calls for violence, which might lead some annotators to classify it as not hate speech.', 'The context of the post, discussing political strategies and media influence, might lead some annotators to focus on the political content rather than the offensive language, resulting in a classification of not hate speech.']","The post contains offensive language with the use of the slur '#FAGS', which is likely to be considered hate speech by some annotators due to its vulgarity and potential assault on human dignity. However, the main content of the post discusses a political strategy, which does not directly incite violence or target a specific group beyond the use of the slur. This could lead to a split in opinions, with some annotators focusing on the offensive language and others on the political context. Therefore, the predicted distribution of annotators classifying the post as hate speech is 60%, while 40% may classify it as not hate speech due to the focus on political content and lack of direct calls for violence.",0.09999999999999998,0.09999999999999998,0.0,0.09999999999999998
62,6269,The Express reported  Driver has injured 5 people ,0.5,0.0,1.0,"['The post is a straightforward news report about an incident and does not contain any hate speech elements.', 'The post does not demean or degrade any individuals or groups based on protected characteristics.', 'There is no call for violence or incitement to harm in the post.', 'The language used in the post is neutral and does not contain vulgarity or offensive language.']","The post is a straightforward news report about an incident where a driver injured 5 people. It does not contain any elements of hate speech as it does not assault human dignity, call for violence, or use vulgar or offensive language. Therefore, it is likely that 0% of annotators would classify this as hate speech, and 100% would classify it as not hate speech. The disagreement level is low as the post is clearly a factual report without any hate speech indicators.",0.5,0.5,0.0,0.5
63,6295,"It's what always happens when you can't argue with reason, facts and evidence. They can't win with logic, so they resort to violence. ",0.4,0.1,0.9,"['The post does not explicitly target any specific group based on race, ethnicity, gender, religion, sexual orientation, or other protected characteristics, so it may not be considered an assault on human dignity.', 'The post does not contain any direct calls for violence or incitement to physical harm against individuals or groups.', 'The post does not use vulgarity, profanity, or offensive language, so it may not be considered offensive in terms of language.', 'The post could be interpreted as a general statement about people who resort to violence when they cannot win an argument, which may not be considered hate speech.', 'Some annotators might see the post as implying that certain groups are inherently violent, which could be seen as a subtle form of hate speech.']","The post is likely to be classified as not hate speech by the majority of annotators, as it does not explicitly target any specific group or use offensive language. However, a small percentage might interpret it as implying negative stereotypes about certain groups, leading to a minority classifying it as hate speech. Therefore, the predicted percentages are [0.1, 0.9].",0.30000000000000004,0.18000000000000005,0.09999999999999998,0.4
64,6499,"It's a damn shame we can't turn this magnificent beast loose on Congress.  Maybe next year's SOTU.  Stop feeding her a week or two beforehand.  Lock the doors and enjoy the screaming.  I'd probably sell my house to be able to hear it in person.  Oh, nice picture of a lion, too.",0.5,0.4,0.6,"['The post uses metaphorical language that could be interpreted as a call for violence against members of Congress, suggesting releasing a lion on them, which some might see as inciting harm.', 'The post does not explicitly call for violence, as it uses a metaphor and does not directly instruct anyone to commit a violent act, which might lead some to classify it as not hate speech.', ""The post contains a level of vulgarity or offensive language, such as 'damn shame,' but it is not directed at a specific individual or group based on protected characteristics, which might lead some to see it as not hate speech."", 'The post could be seen as an assault on human dignity by dehumanizing members of Congress, suggesting they deserve to be attacked by a lion, which might be interpreted as degrading.', 'Some annotators might view the post as a form of political satire or hyperbole, not intended to be taken literally, and therefore not classify it as hate speech.']","The post contains metaphorical language that suggests releasing a lion on Congress, which could be interpreted as a call for violence. However, it does not explicitly instruct violence, and some may see it as political satire or hyperbole. The use of 'damn shame' adds a level of vulgarity, but it is not directed at a protected group. Opinions may vary, leading to a moderate level of disagreement among annotators. Predicted percentages: 40% classify as hate speech, 60% do not.",0.09999999999999998,0.09999999999999998,0.0,0.09999999999999998
65,6578,59% of Americans fear violence from Anti-Trumpers...behold the 'tolerance' of the hysteria-inducing Political Left in 2018: #Unhinged #CW2 https://www.youtube.com/watch?v=eFRHX6glTSM&t=...,0.42857142857142855,0.3,0.7,"[""The post may be seen as demeaning or degrading to individuals or groups associated with the political left, potentially assaulting their human dignity by labeling them as 'hysteria-inducing' and 'unhinged'."", 'The post does not explicitly call for violence, but it references fear of violence from a specific political group, which could be interpreted as inciting fear or hostility.', ""The use of terms like 'unhinged' and 'hysteria-inducing' could be considered offensive or vulgar, but they are not explicit slurs or profanity.""]","The post is likely to generate some disagreement among annotators. Some may view it as hate speech due to its derogatory language towards a political group, while others may see it as a political opinion or critique without explicit hate speech elements. Therefore, I predict that 30% of annotators might classify it as hate speech, while 70% might not.",0.12857142857142856,0.06090225563909773,0.07142857142857145,0.2
66,6667,"Why do you follow Jew hater Cantwell? Oh, don't tell me your friend Danny is Jewish. So was Soros. @LegendaryCollektor  https://web.archive.org/web/20180830165242/https:/...",0.5,0.6,0.4,"[""The post may be seen as an assault on human dignity as it uses the term 'Jew hater' which could be interpreted as demeaning or degrading to Jewish individuals."", ""The mention of 'Jew hater Cantwell' could be interpreted as a call for violence if it is seen as endorsing or supporting anti-Semitic views, although this is not explicit."", ""The post contains potentially offensive language with the use of 'Jew hater,' which could be considered a slur or derogatory term."", ""Some annotators might view the post as not hate speech if they interpret it as a critique of someone else's anti-Semitic behavior rather than an endorsement of it."", ""The post could be seen as ambiguous, as it references multiple individuals and could be interpreted in different ways depending on the reader's perspective on the context and intent.""]","The post contains language that could be interpreted as hate speech due to its reference to 'Jew hater Cantwell' and the potentially derogatory mention of Jewish individuals. However, the context is somewhat ambiguous, as it could be seen as either critiquing or endorsing anti-Semitic views. This ambiguity may lead to a moderate level of disagreement among annotators. Therefore, it is estimated that 60% of annotators might classify the post as hate speech, while 40% might not.",0.09999999999999998,0.09999999999999998,0.0,0.09999999999999998
67,6717,"Sharia May is to set up a new unit to deal with fake news . Stupid woman , if she wants to stop fake news , just shut down the BBC .",0.5,0.3,0.7,"[""The post contains a derogatory term 'stupid woman' which may be seen as an assault on human dignity, particularly towards women."", ""The use of 'Sharia May' could be interpreted as a derogatory or mocking reference to Theresa May, potentially implying negative stereotypes about Islam or suggesting an association with Sharia law in a pejorative manner."", 'The post does not contain any direct calls for violence or incitement to harm.', ""The suggestion to 'shut down the BBC' could be seen as hyperbolic or satirical rather than a serious call to action, thus not a call for violence."", ""The post contains offensive language ('stupid woman') but lacks vulgarity or profanity."", 'Some annotators might view the post as a critique of media and political figures rather than hate speech, focusing on the satirical or critical tone.']","The post is likely to result in high disagreement among annotators. Some may see the use of 'stupid woman' and 'Sharia May' as offensive and potentially degrading, thus classifying it as hate speech. Others may interpret the post as a satirical critique of political figures and media, not meeting the threshold for hate speech. Therefore, approximately 30% of annotators might classify it as hate speech, while 70% might not.",0.2,0.20000000000000004,0.0,0.2
68,7126,"Tulsi Gabbard is basically an out-and-out socialist and open-borders zealot. That's not crazy enough for modern D's, though. You have to also want war with Russia. And the poor girl just couldn't get her mind right on that issue.",0.5,0.1,0.9,"[""The post criticizes Tulsi Gabbard's political stance, which some may view as a legitimate political opinion rather than hate speech."", ""The use of 'poor girl' could be seen as patronizing or demeaning, but not necessarily an assault on human dignity."", 'The post does not contain any explicit calls for violence against individuals or groups.', 'There is no use of vulgarity or offensive language in the post.', 'Some may interpret the post as a critique of political ideology rather than an attack on a protected characteristic.']","The post primarily critiques a political figure's stance and does not explicitly demean or degrade individuals based on protected characteristics, nor does it incite violence or use vulgar language. Therefore, it is likely that a majority of annotators would not classify this as hate speech, leading to a low disagreement and an estimated 10% classifying it as hate speech and 90% not classifying it as such.",0.4,0.4000000000000001,0.0,0.4
69,7285,"And we need to see more of them in Movies, TV & banging white chicks. Now or its racism. And we will harass you if you don't.",0.5,0.6,0.4,"['The post may be seen as an assault on human dignity as it implies a demand for representation in a way that could be interpreted as demeaning or objectifying to both the group being represented and the group being targeted (white women).', ""Some annotators might view the post as a call for violence or harassment, as it explicitly mentions 'we will harass you if you don't,' which could be interpreted as encouraging aggressive behavior."", ""The post contains vulgarity and offensive language, particularly in the phrase 'banging white chicks,' which could be seen as disrespectful and objectifying."", 'Some annotators might interpret the post as a satirical or hyperbolic statement meant to criticize perceived racial inequalities in media representation, rather than a genuine call to action.', 'Others might see the post as a demand for diversity and inclusion, albeit expressed in a crude and potentially offensive manner, rather than hate speech.']","The post contains elements that could be interpreted as hate speech, particularly in its use of offensive language and potential incitement to harassment. However, the context and intent behind the post might lead to differing interpretations. Some annotators might see it as a crude demand for diversity, while others might view it as objectifying and demeaning. Given these factors, there is likely to be moderate disagreement among annotators, with approximately 60% classifying it as hate speech and 40% not.",0.09999999999999998,0.09999999999999998,0.0,0.09999999999999998
70,7286,"Lesson, be careful what you wish for. Specially if you are an idiot. Never could figure out how people with such a better work ethic come from such shit hole countries? They are like Superman. Get near their home countries & they become worthless, but super worker here? Strange how that happens. Like Work kryptonite",0.5,0.6,0.4,"[""The post contains offensive language and derogatory terms like 'idiot' and 'shit hole countries,' which could be seen as demeaning to individuals from certain countries, thus assaulting human dignity."", 'The post does not explicitly call for violence or physical harm against any group, so it may not be considered a call for violence.', 'The post uses vulgar and offensive language, which could be interpreted as hate speech due to its derogatory nature towards people from certain countries.', 'Some annotators might view the post as a critique of immigration or work ethic without intending to demean any group, thus not classifying it as hate speech.', ""The post's use of 'Superman' and 'Work kryptonite' could be seen as metaphorical and not necessarily intended to degrade any group, leading some to not classify it as hate speech.""]","The post contains language that could be interpreted as demeaning to individuals from certain countries, using terms like 'idiot' and 'shit hole countries.' This could be seen as an assault on human dignity. However, it does not explicitly call for violence, which might lead some annotators to not classify it as hate speech. The use of vulgar and offensive language is present, which could contribute to it being seen as hate speech. Some annotators might interpret the post as a critique of immigration or work ethic without intending to demean any group, thus not classifying it as hate speech. The metaphorical language ('Superman,' 'Work kryptonite') might also lead to differing interpretations. Overall, there is likely to be moderate disagreement among annotators, with an estimated 60% classifying it as hate speech and 40% not classifying it as such.",0.09999999999999998,0.09999999999999998,0.0,0.09999999999999998
71,7430,Don't forget: Lex Luthor isn't the bad guy. He's just a Capitalist. Superman is the goodie two shoes illegal alien who pretends to be patriotic while pushing socialist propaganda.,0.5,0.3,0.7,"[""The post uses the term 'illegal alien' which could be seen as demeaning or degrading to immigrants, potentially assaulting human dignity."", 'The post does not contain any direct calls for violence against any individual or group.', ""The post uses the term 'illegal alien' which some may find offensive, but it does not contain vulgarity or explicit slurs."", 'The post is a critique of fictional characters and may be interpreted as a satirical commentary on political ideologies rather than hate speech.', 'Some annotators might view the post as a harmless expression of opinion on fictional characters and political ideologies, not constituting hate speech.']","The post uses the term 'illegal alien' which could be seen as demeaning or degrading to immigrants, potentially assaulting human dignity. However, it does not contain any direct calls for violence against any individual or group. The term 'illegal alien' might be considered offensive by some, but the post lacks vulgarity or explicit slurs. It appears to be a critique of fictional characters, possibly intended as a satirical commentary on political ideologies, rather than a direct attack on real individuals or groups. Some annotators might view it as a harmless expression of opinion on fictional characters and political ideologies, not constituting hate speech. Therefore, there might be a moderate level of disagreement among annotators, with approximately 30% classifying it as hate speech and 70% not classifying it as such.",0.2,0.20000000000000004,0.0,0.2
72,7684,go back to your shithole and learn how to be civilized,0.5,0.7,0.3,"[""The post contains an assault on human dignity as it degrades individuals or groups by implying they are uncivilized and belong to a 'shithole,' which could be interpreted as a derogatory reference to a country or region."", 'The post does not explicitly call for violence, but the language used is demeaning and could be seen as inciting hostility or discrimination against certain groups.', ""The use of the term 'shithole' is vulgar and offensive, contributing to the post's potential classification as hate speech."", 'Some annotators might argue that the post is not hate speech because it does not directly threaten or incite violence, focusing instead on the offensive nature of the language.']","The post is likely to be classified as hate speech by a majority of annotators due to its demeaning language and vulgarity, which target individuals or groups based on perceived national or ethnic characteristics. However, a minority might not classify it as hate speech, focusing on the absence of direct calls for violence.",0.19999999999999996,0.19999999999999996,0.0,0.19999999999999996
73,7785,Everything on /popular is in Portuguese now! Build that Wall!,0.5,0.4,0.6,"[""The post uses the phrase 'Build that Wall!' which is often associated with anti-immigrant sentiment and could be seen as an assault on human dignity, particularly towards Portuguese-speaking communities."", ""The phrase 'Build that Wall!' may be interpreted as a call for exclusion or separation, which some might view as a metaphorical call for violence or division, though not a direct incitement to physical harm."", ""The post does not contain vulgarity or offensive language in terms of profanity or slurs, but the phrase 'Build that Wall!' can be considered offensive to some due to its political connotations."", 'Some annotators might see the post as a complaint about language preference on a platform, without any intent of hate speech, focusing on the expression of frustration rather than hate.', 'The post could be interpreted as a joke or sarcastic comment about the prevalence of Portuguese content, which might lead some annotators to not classify it as hate speech.']","The post contains a phrase that is politically charged and can be interpreted in multiple ways. Some annotators might see it as an expression of frustration or a joke, while others might view it as an exclusionary or offensive statement. Given the potential for different interpretations, there is likely to be moderate disagreement among annotators. Therefore, approximately 40% of annotators might classify it as hate speech due to its exclusionary undertones, while 60% might not classify it as hate speech, viewing it as a non-serious or context-specific comment.",0.09999999999999998,0.09999999999999998,0.0,0.09999999999999998
74,7786,"So, a local representative for the Sweden Democrats said that Swedes are white, and now she's getting expelled from the party. In the Sweden Democrats, who some people naively believe are a nationalist party, you can have a lot of different opinions on taxes, abortions and LGBTQ-stuff, as long as those opinions are more left leaning than the official party line. But don't you dare say that Swedes...",0.5,0.4,0.6,"['The post may be seen as demeaning or degrading to individuals based on race, as it implies a racial definition of Swedish identity, which could be considered an assault on human dignity.', 'The post does not explicitly call for violence or encourage physical harm against any group, so it is unlikely to be classified as hate speech based on calls for violence.', 'The post contains potentially offensive language or implications, particularly in its sarcastic tone and the way it addresses political and social issues, but it does not use explicit vulgarity or slurs.', 'Some annotators might view the post as a critique of political correctness or party politics rather than hate speech, focusing on the political commentary aspect.', 'Others might interpret the post as promoting a racial or exclusionary view of national identity, which could be seen as a form of hate speech.']","The post presents a nuanced situation where opinions may vary significantly. Some annotators might see it as a critique of political correctness and not hate speech, while others might view it as promoting a racial or exclusionary view of national identity, which could be considered hate speech. Given these perspectives, there is likely to be moderate disagreement among annotators. Therefore, approximately 40% might classify it as hate speech, while 60% might not.",0.09999999999999998,0.09999999999999998,0.0,0.09999999999999998
75,7812,"Romney is remembered for the Obamacare prototype, for not fighting Gay Marriage, Speaking in front of Planned Parenthood, Being part of the Vulture Capital firm Bain, that destroyed companies and US Jobs with debt, and showing contempt for both the poor and the Deplorables.",0.5,0.1,0.9,"['The post criticizes a public figure, Mitt Romney, for his political actions and affiliations, which may not constitute hate speech as it targets a political figure rather than a protected group.', ""The language used in the post, such as 'Vulture Capital' and 'Deplorables,' could be seen as offensive or derogatory, but it is directed towards political actions and ideologies rather than inherent characteristics of a group."", 'The post does not contain explicit calls for violence or physical harm against any individual or group.', 'The post does not explicitly demean or degrade individuals based on race, ethnicity, gender, religion, sexual orientation, or other protected characteristics.', ""Some annotators might view the term 'Deplorables' as a derogatory term for a group of people, potentially aligning with hate speech aspects, but it is more likely to be seen as political rhetoric.""]","The post is likely to be classified as not hate speech by the majority of annotators, as it primarily criticizes political actions and ideologies rather than targeting protected characteristics. However, a small percentage might view the language as offensive or derogatory, leading to a minority classification as hate speech. Therefore, the predicted percentages are [0.1, 0.9], indicating 10% might classify it as hate speech and 90% as not hate speech.",0.4,0.4000000000000001,0.0,0.4
76,8096,Oprah is quietly put it about that she has no interest in the White House. She knows what's in her past makes even Obama look like a chaste missionary.,0.5,0.3,0.7,"['The post implies a negative comparison between Oprah and Obama, suggesting Oprah has a questionable past, which could be seen as an assault on her dignity.', 'The post does not explicitly call for violence or physical harm against Oprah or any group.', 'The language used in the post is not overtly vulgar or offensive, but it does carry a negative connotation that could be interpreted as demeaning.', 'Some annotators might view the post as a critique of public figures and not necessarily hate speech, focusing on the political context rather than personal attacks.', 'Others might see the post as perpetuating negative stereotypes or unfounded rumors about Oprah, which could be considered a subtle form of hate speech.']","The post suggests that Oprah has a questionable past compared to Obama, which could be interpreted as an assault on her dignity. However, it does not contain explicit calls for violence or use vulgar language. The interpretation of this post as hate speech may vary, with some seeing it as a political critique and others as a subtle attack on Oprah's character. Therefore, there might be moderate disagreement among annotators, with approximately 30% classifying it as hate speech and 70% not.",0.2,0.20000000000000004,0.0,0.2
77,8280,Looks like a bunch of dead bodies to me. Why would you just assume those are dead Jews? Could be anything.,0.4,0.6,0.4,"['The post is dismissive and insensitive towards a group that has historically faced violence and discrimination, which could be seen as an assault on human dignity.', 'The post does not explicitly call for violence, but the dismissive tone towards potential victims of violence could be interpreted as indirectly minimizing or trivializing violence against a specific group.', 'The language used is not overtly vulgar or offensive, but the insensitivity of the comment could be perceived as offensive to some readers.']","The post contains language that is dismissive and potentially degrading towards a group that has historically faced violence and discrimination, which could be interpreted as an assault on human dignity. However, it does not explicitly call for violence or use vulgar language. The insensitivity of the comment could be perceived as offensive, leading to a moderate level of disagreement among annotators. Therefore, it is likely that 60% of annotators might classify this as hate speech due to its dismissive nature towards a specific group, while 40% might not classify it as hate speech, viewing it as insensitive but not meeting the threshold for hate speech.",0.19999999999999996,0.19999999999999996,0.09999999999999998,0.09999999999999998
78,8507,Throw every one of the traitor son of a bitches off the bench and hang them RFN!!!!!!!!!!!!!!!! ,0.5,0.7,0.3,"['The post contains a call for violence, as it explicitly suggests hanging individuals, which is a form of physical harm.', ""The use of 'traitor son of a bitches' includes vulgar and offensive language, which may be considered hate speech depending on the context and target."", 'The post does not specify a particular group based on race, ethnicity, gender, religion, or other protected characteristics, so it may not be seen as an assault on human dignity in that regard.', 'Some annotators might interpret the post as a general expression of anger or frustration rather than a serious call to action, leading to disagreement on whether it constitutes hate speech.']","The post is likely to be classified as hate speech by a majority of annotators due to the explicit call for violence and the use of offensive language. However, there may be some disagreement, as the post does not target a specific protected group and could be interpreted as hyperbolic or metaphorical by some. Therefore, I predict that 70% of annotators would classify it as hate speech, while 30% would not.",0.19999999999999996,0.19999999999999996,0.0,0.19999999999999996
79,8581,"What's the worst thing, beginning with N and ending in R, that you can call a black man? Neighbour.",0.6,0.6,0.4,"['The post uses a play on words to reference a racial slur, which could be seen as an assault on human dignity by demeaning individuals based on race.', 'Some annotators might view the post as a joke that uses wordplay without directly using offensive language, thus not constituting hate speech.', 'The post does not explicitly call for violence or physical harm against any group, which might lead some annotators to classify it as not hate speech.', ""The use of the word 'Neighbour' as a punchline might be interpreted as a way to highlight racial stereotypes, which could be seen as offensive or degrading."", ""The post's reliance on context and wordplay might lead to high disagreement among annotators, as interpretations can vary widely based on individual sensitivity to racial issues.""]","The post uses a play on words to reference a racial slur, which could be seen as an assault on human dignity by demeaning individuals based on race. Some annotators might view the post as a joke that uses wordplay without directly using offensive language, thus not constituting hate speech. The post does not explicitly call for violence or physical harm against any group, which might lead some annotators to classify it as not hate speech. The use of the word 'Neighbour' as a punchline might be interpreted as a way to highlight racial stereotypes, which could be seen as offensive or degrading. The post's reliance on context and wordplay might lead to high disagreement among annotators, as interpretations can vary widely based on individual sensitivity to racial issues. Therefore, the predicted percentage of annotators who classify the post as hate speech is 60%, while 40% might classify it as not hate speech.",0.0,0.0,0.09999999999999998,0.09999999999999998
80,8712,More 'Give them room to riot' leftist reasoning. Leftist controlled cities become shithole cities in such short time. https://www.wral.com/texts-show-police-chief-told-...,0.5,0.1,0.9,"[""The post uses derogatory language ('shithole cities') which may be seen as vulgar and offensive, but not necessarily hate speech."", 'The post criticizes political ideologies (leftist reasoning) rather than specific protected groups, which may not constitute hate speech.', ""Some annotators might view the phrase 'Give them room to riot' as a potential incitement or endorsement of violence, though it is not explicit."", 'The post does not directly assault human dignity based on race, ethnicity, gender, religion, or other protected characteristics.']","The post contains derogatory language and criticizes political ideologies, which may be offensive but not necessarily hate speech. It does not explicitly incite violence or degrade individuals based on protected characteristics. Therefore, it is likely that a small percentage of annotators might classify it as hate speech due to the offensive language, but the majority would not. The disagreement level is low as the post does not clearly fall into the hate speech categories.",0.4,0.4000000000000001,0.0,0.4
81,8872,https://www.huffingtonpost.com/entry/hurricane-mar... Thats a lot more DemonRat voters.,0.5,0.3,0.7,"[""The post uses the term 'DemonRat' which is a derogatory term for Democrats, potentially demeaning individuals based on political affiliation. Some annotators might see this as an assault on human dignity."", 'The post does not explicitly call for violence or physical harm against any group, so it may not be seen as inciting violence.', ""The use of 'DemonRat' could be considered vulgar or offensive language, but it is not a slur based on race, ethnicity, gender, religion, or sexual orientation. Some annotators might not classify this as hate speech due to the lack of targeting protected characteristics."", 'Some annotators might view the post as political commentary or satire, rather than hate speech, due to the context of political discourse.', 'The post could be seen as trivializing a natural disaster by focusing on political implications, which might be offensive to some but not necessarily hate speech.']","The post uses a derogatory term for a political group, which some might see as demeaning, but it lacks explicit calls for violence or targeting of protected characteristics. Annotators might be divided, with some seeing it as offensive political commentary rather than hate speech. Therefore, approximately 30% might classify it as hate speech, while 70% might not.",0.2,0.20000000000000004,0.0,0.2
82,8928,"Big Tech has no interest in ""Democracy"". They're sold out to the Chinese. Democracy without individual rights is a dangerous thing anyhow, and big Tech isn't big on individual rights.",0.5,0.1,0.9,"['The post criticizes Big Tech and suggests they are influenced by China, which could be seen as a political opinion rather than hate speech.', 'The post does not directly assault human dignity as it does not target individuals or groups based on protected characteristics.', 'There is no call for violence in the post; it does not incite or encourage physical harm.', 'The language used in the post is not vulgar or offensive; it is more of a political critique.', ""Some annotators might see the mention of 'Chinese' as potentially problematic, but it is more likely interpreted as a critique of political influence rather than a racial or ethnic attack.""]","The post is likely to be classified as not hate speech by the majority of annotators. It is a political critique of Big Tech and its relationship with China, without using offensive language or inciting violence. The mention of 'Chinese' is in the context of political influence rather than a racial attack. Therefore, the disagreement is low, with approximately 10% of annotators potentially viewing it as hate speech due to the mention of 'Chinese', while 90% would classify it as not hate speech.",0.4,0.4000000000000001,0.0,0.4
83,8968,"As the situation with North Korea improves, look for the Democrats and the media leftists to give credit to China and call Trump nothing more than a bystander.",0.5,0.1,0.9,"['The post does not contain any direct assaults on human dignity as it does not demean or degrade individuals or groups based on protected characteristics.', 'The post does not contain calls for violence or incite physical harm against any individuals or groups.', 'The post contains a critical tone towards Democrats and media leftists, but it does not use vulgarity or offensive language. It reflects a political opinion rather than hate speech.']","The post is likely to be classified as not hate speech by the majority of annotators. It does not contain elements that typically characterize hate speech, such as assaults on human dignity, calls for violence, or vulgarity. The post is more of a political commentary, which may be seen as biased or critical but not hateful. Therefore, I predict that 10% of annotators might classify it as hate speech due to perceived bias or negativity, while 90% would classify it as not hate speech.",0.4,0.4000000000000001,0.0,0.4
84,9203,"if they were only work camps that got twisted later on into death camps, does that mean the jew sees being made to finally work and not be a leech, as the *same* as death?",0.5,0.85,0.15,"[""The post is anti-Semitic as it implies that Jewish people are 'leeches' and demeans their dignity, which is an assault on human dignity."", ""The post uses offensive language by referring to Jewish people as 'leeches,' which is vulgar and derogatory."", 'The post does not explicitly call for violence, but it does perpetuate harmful stereotypes that could indirectly incite hatred.', 'Some annotators might argue that the post is historical revisionism and downplays the Holocaust, which is offensive and harmful.', 'A minority might argue that the post is a misguided attempt at historical discussion, not intended as hate speech.']","The post is likely to be classified as hate speech by a significant majority of annotators due to its anti-Semitic content and offensive language. It assaults human dignity by implying Jewish people are 'leeches' and downplays the Holocaust, which is deeply offensive. However, a small minority might see it as a misguided attempt at historical discussion rather than hate speech. Therefore, the predicted percentages are 85% for hate speech and 15% for not hate speech.",0.35,0.35,0.0,0.35
85,9267,Another lovely #erotic drawing by #Rebecca. I want to strip @SuziDreamer naked and lick her pussy like this. I'd tongue her #clit until her juices were flowing out over my face. #NSFW #DirtyDaydreams,0.5,0.1,0.9,"['The post contains vulgar and offensive language, which may be considered inappropriate or explicit but not necessarily hate speech.', 'The post does not target any specific individual or group based on protected characteristics such as race, ethnicity, gender, religion, or sexual orientation, so it may not be considered hate speech.', 'The post does not incite or encourage violence against any individual or group.', 'Some annotators might view the explicit sexual content as degrading or objectifying towards women, potentially considering it an assault on human dignity.', 'Others might see the post as merely explicit content without any hate speech elements, focusing on its sexual nature rather than any demeaning intent.']","The post is likely to be classified as not hate speech by the majority of annotators due to the lack of targeted demeaning language or calls for violence. However, the explicit sexual content and vulgarity might lead a small percentage of annotators to view it as degrading or objectifying, thus potentially classifying it as hate speech. Therefore, the predicted percentages are 10% for hate speech and 90% for not hate speech.",0.4,0.4000000000000001,0.0,0.4
86,9325,Virtue signalling trumps facts you silly sausage ;-),0.5,0.05,0.95,"[""The post uses the term 'silly sausage' which is a playful and non-offensive term, suggesting the post is not hate speech."", ""The phrase 'virtue signalling' is often used in political or social debates to criticize perceived insincere moral posturing, but it does not inherently constitute hate speech."", 'There is no assault on human dignity as the post does not target any specific group based on protected characteristics.', 'The post does not contain any calls for violence or incitement to harm.', 'The language used is not vulgar or offensive, and the use of a winking emoticon suggests a light-hearted tone.']",The post is likely to be classified as not hate speech by the majority of annotators due to its playful language and lack of offensive content. The percentages are estimated to be 5% for hate speech and 95% for not hate speech.,0.45,0.45,0.0,0.45
87,9416,"Screw them. They deserve it. SesameStreet turned into a leftwing, progressive, propaganda machine as soon as Jim Henson died. The same Disney did after Walt died and the Hollywood Jews took over.",0.5,0.6,0.4,"[""The post contains anti-Semitic language by referring to 'Hollywood Jews' taking over, which can be seen as an assault on human dignity based on religion and ethnicity."", ""The post does not explicitly call for violence, but the phrase 'Screw them. They deserve it.' could be interpreted as a vague expression of hostility."", ""The post uses offensive language ('Screw them') and derogatory references ('propaganda machine'), which may be considered vulgar or offensive."", ""Some annotators might view the post as a critique of media changes and not necessarily hate speech, focusing on the criticism of 'leftwing, progressive, propaganda'."", ""The post's reference to 'Hollywood Jews' could be seen as perpetuating harmful stereotypes, which some annotators might classify as hate speech.""]","The post is likely to result in high disagreement among annotators. While it contains elements that can be interpreted as hate speech, such as anti-Semitic language and offensive expressions, some annotators might focus on the critique of media and not classify it as hate speech. Therefore, approximately 60% of annotators might classify it as hate speech, while 40% might not.",0.09999999999999998,0.09999999999999998,0.0,0.09999999999999998
88,9417,"Tell this fat ugly ape that if she is getting threatened at her job, it's her employer's responsibility to pay for her protection. And if they refuse, it just shows they don't care about her, just like the rest of us don't.",0.5,0.7,0.3,"[""The post uses demeaning language ('fat ugly ape') that assaults human dignity by degrading an individual based on appearance, which could be interpreted as hate speech."", ""The post does not explicitly call for violence but mentions threats, which could be seen as indirectly encouraging a lack of concern for the individual's safety."", ""The use of offensive language ('fat ugly ape') is vulgar and could be considered hate speech due to its derogatory nature."", 'Some annotators might argue that the post is not hate speech because it does not directly incite violence or target a protected characteristic like race or gender.', 'The post could be seen as expressing an opinion about employer responsibility rather than directly attacking the individual, leading some to classify it as not hate speech.']","The post contains demeaning and offensive language that assaults human dignity, particularly with the phrase 'fat ugly ape,' which is likely to be interpreted as hate speech by many annotators. However, it does not explicitly call for violence, and some may argue it is more about employer responsibility, leading to some disagreement. Therefore, approximately 70% of annotators might classify it as hate speech, while 30% might not.",0.19999999999999996,0.19999999999999996,0.0,0.19999999999999996
89,9490,Trump is the king of neo nazis and i am a true neo nazi. You're a faggot jew boomer,0.5,0.7,0.3,"[""The post contains assaults on human dignity by using derogatory terms such as 'faggot' and 'jew' in a demeaning manner, targeting sexual orientation and religion."", 'The post does not explicitly call for violence, but it aligns with ideologies that have historically been associated with violence, which may be concerning to some annotators.', 'The use of vulgarity and offensive language is evident, with slurs and derogatory terms being used to insult and demean individuals or groups.', 'Some annotators might view the post as hate speech due to its alignment with neo-Nazi ideologies, which are inherently violent and discriminatory.', 'Other annotators might argue that while the language is offensive, it does not directly incite violence or harm, and therefore may not meet their threshold for hate speech.']","The post is likely to be classified as hate speech by a majority of annotators due to its use of derogatory language and alignment with neo-Nazi ideologies. However, there may be some disagreement, as not all annotators may view the post as directly inciting violence. Therefore, I predict that 70% of annotators would classify it as hate speech, while 30% would not.",0.19999999999999996,0.19999999999999996,0.0,0.19999999999999996
90,9526,Another black mother stated that a parent making EXCUSES that they never read the DRESS CODE book for the reason their Child did not meet the Dress Code - is IRRESPONSIBLE.,0.5,0.1,0.9,"['The post is not hate speech as it discusses a specific incident related to school dress code without demeaning any group.', ""The post could be seen as indirectly targeting a racial group by highlighting 'black mother,' which might be interpreted as unnecessary racial identification."", 'The post does not contain any calls for violence or incitement to harm.', 'The language used in the post is not vulgar or offensive, focusing instead on a critique of parental responsibility.']","The post is likely to be classified as not hate speech by most annotators. It discusses a specific incident related to school dress code and parental responsibility without using offensive language or inciting violence. However, the mention of 'black mother' could lead to some disagreement among annotators regarding whether it unnecessarily highlights race, but this is unlikely to be seen as hate speech by the majority. Therefore, I predict that 10% of annotators might classify it as hate speech due to perceived racial undertones, while 90% would classify it as not hate speech.",0.4,0.4000000000000001,0.0,0.4
91,9530,el Cifr gives his version of the Sermon on The Mount to an all negro audience. community organizing by Louis Cypher,0.5,0.6,0.4,"[""The post uses racially insensitive language by referring to an 'all negro audience,' which could be seen as demeaning or degrading based on race."", 'The post does not explicitly call for violence or incite physical harm against any group.', ""The use of 'Louis Cypher' as a play on words for 'Lucifer' might be interpreted as offensive or derogatory, especially in a religious context, but it is not directly linked to hate speech."", 'The post could be seen as a satirical or humorous take on a religious sermon, which might not be intended as hate speech but could be interpreted as offensive by some.', 'The post does not contain explicit vulgarity or profanity, but the context and language choice may be considered offensive to some.']","The post contains racially insensitive language and potentially offensive religious references, leading to a moderate level of disagreement among annotators. Some may view it as hate speech due to the racial and religious undertones, while others may see it as an attempt at satire or humor without malicious intent. Therefore, approximately 60% of annotators might classify it as hate speech, while 40% might not.",0.09999999999999998,0.09999999999999998,0.0,0.09999999999999998
92,9544,It truly is satan's world and the democrats are his minions. ,0.5,0.1,0.9,"[""The post uses religious imagery ('satan's world') to criticize a political group, which may be seen as offensive but not necessarily hate speech."", 'The post does not explicitly demean or degrade individuals based on protected characteristics such as race, ethnicity, gender, etc.', 'There is no call for violence or incitement to physical harm against any group or individual in the post.', ""The language used ('satan's world', 'minions') is metaphorical and not vulgar or profane, though it may be considered offensive by some."", 'Some annotators might view the post as a hyperbolic political statement rather than hate speech.']","The post is likely to be categorized as 'low' disagreement because it does not clearly fall into the hate speech categories, and it is more likely to be seen as a political opinion rather than hate speech. Therefore, approximately 10% of annotators might classify it as hate speech due to the offensive nature of the language, while 90% might not classify it as hate speech, viewing it as a political statement.",0.4,0.4000000000000001,0.0,0.4
93,9937,You know your country is MULTICULTURAL . . . .When there's armed patrols on the streets.,0.5,0.4,0.6,"['The post implies a negative association between multiculturalism and the need for armed patrols, which could be seen as an assault on human dignity by suggesting that multicultural societies are inherently dangerous.', 'The post does not explicitly call for violence or harm against any group, so it may not be considered a call for violence.', 'The post does not contain vulgarity or offensive language, but it may be interpreted as offensive by implying that multiculturalism leads to societal issues.', 'Some annotators might view the post as a critique of multicultural policies rather than hate speech, focusing on the societal observation rather than an attack on specific groups.']","The post is likely to generate mixed opinions among annotators. Some may see it as a subtle form of hate speech due to its negative implication about multiculturalism, while others may interpret it as a social commentary without direct hate speech elements. Therefore, I predict that 40% of annotators might classify it as hate speech, while 60% might not.",0.09999999999999998,0.09999999999999998,0.0,0.09999999999999998
94,10362,"A pedophile is like a dog with rabies.  It's sad they're sick, but they still have to be put down. #MAGA",0.4,0.6,0.4,"['The post dehumanizes individuals by comparing them to animals, which could be seen as an assault on human dignity.', ""The post suggests that pedophiles should be 'put down,' which could be interpreted as a call for violence against them."", ""The use of the term 'pedophile' is specific and targets a group based on their criminal behavior, which some may argue is not a protected characteristic, leading to differing opinions on whether this constitutes hate speech."", 'The post uses metaphorical language that could be interpreted as offensive or vulgar, but it does not contain explicit profanity or slurs.', 'Some annotators might view the post as expressing a strong opinion rather than hate speech, especially if they focus on the criminal aspect of the behavior being condemned.']","The post is likely to generate high disagreement among annotators. While some may see it as a clear call for violence and dehumanization, others might interpret it as a metaphorical expression of disgust towards a criminal behavior rather than a direct incitement to violence. The lack of explicit profanity or slurs might also lead some to classify it as not hate speech. Therefore, I predict that 60% of annotators might classify it as hate speech, while 40% might not.",0.19999999999999996,0.19999999999999996,0.09999999999999998,0.09999999999999998
95,10438,"Sooo... you're blaming their censorship on their unfamiliarity of American culture. Bullshit. Haven't you seen pictures of the people that work for these companies? Stick around Gab long enough and you will (they're caught in undercover videos, they post group photos on Twitter, etc) - these guys aren't Iraqis or Hispanics. Most of them look like the white people they claim to hate. Stop bullshitt...",0.5,0.4,0.6,"['The post contains an assault on human dignity by implying that certain ethnic groups (Iraqis or Hispanics) are responsible for censorship, which could be seen as demeaning or degrading.', ""The post does not explicitly call for violence, so it may not be considered hate speech under the 'calls for violence' aspect."", ""The post uses vulgarity and offensive language, such as 'bullshit,' which may be considered offensive but not necessarily hate speech."", 'The post suggests a conspiracy theory about people working for companies, which could be interpreted as an indirect assault on human dignity by implying deceit based on race or ethnicity.', ""Some annotators might see the post as a critique of corporate practices rather than hate speech, focusing on the mention of 'white people they claim to hate' as a commentary on hypocrisy rather than a racial attack.""]","The post contains elements that could be interpreted as hate speech, particularly in its implications about ethnic groups and use of offensive language. However, it does not explicitly call for violence, and some may view it as a critique of corporate practices rather than a direct assault on human dignity. This could lead to a moderate level of disagreement among annotators, with approximately 40% classifying it as hate speech and 60% not classifying it as such.",0.09999999999999998,0.09999999999999998,0.0,0.09999999999999998
96,10440,"[Since you commented and quoted the same thing, I'll do the same...] So, they're *foreign* Nazis and they're blatantly censoring. You need more than 2 choices? You can be a foreigner working for an American company and be censoring Americans. I don't see a problem with my logic....",0.5,0.4,0.6,"[""The post may be seen as an assault on human dignity as it uses the term 'foreign Nazis' which could be interpreted as demeaning or degrading to foreigners, associating them with a universally condemned ideology."", 'The post does not explicitly call for violence, so it is unlikely to be classified under calls for violence.', ""The post contains potentially offensive language by using the term 'Nazis' in a context that may not be appropriate, which could be seen as vulgar or offensive."", 'Some annotators might view the post as expressing a political opinion about censorship and foreign influence, rather than hate speech.', 'The post could be interpreted as xenophobic, suggesting that foreigners are inherently problematic when working for American companies, which might be seen as an assault on human dignity.']","The post contains language that could be interpreted in multiple ways. Some annotators might see it as hate speech due to the use of 'foreign Nazis' and the implication that foreigners are problematic, which could be seen as an assault on human dignity. However, others might view it as a political opinion about censorship and foreign influence, not necessarily hate speech. The lack of explicit calls for violence and the context of discussing censorship might lead to a split in opinions. Therefore, I predict that 40% of annotators might classify it as hate speech, while 60% might not.",0.09999999999999998,0.09999999999999998,0.0,0.09999999999999998
97,10541,#Feminism leads to a decrease in the birth population which then requires mass #migration from the 3rd world to support the aging population since feminists aren't having enough children to replace the population. ,0.5,0.3,0.7,"['The post suggests that feminism is responsible for negative societal changes, which could be seen as an assault on human dignity by blaming a social movement for complex demographic issues.', 'The post does not explicitly call for violence or harm against any group, so it may not be considered hate speech in terms of inciting violence.', 'The language used in the post is not vulgar or overtly offensive, but it could be interpreted as offensive to feminists or women who choose not to have children.', 'Some annotators might view the post as a critique of social policy rather than hate speech, focusing on demographic concerns rather than targeting a specific group with malice.', 'Others might see the post as perpetuating harmful stereotypes about feminists and women, which could be considered a form of hate speech.']","The post is likely to generate a moderate level of disagreement among annotators. While it does not contain explicit calls for violence or vulgar language, it does imply negative consequences of feminism, which could be seen as demeaning to feminists. Some annotators might classify it as hate speech due to its potential to perpetuate harmful stereotypes, while others might see it as a social commentary without malicious intent. Therefore, approximately 30% of annotators might classify it as hate speech, while 70% might not.",0.2,0.20000000000000004,0.0,0.2
98,10637,"Where you will be going, It is too toasty for a fat girl. I don't give a 💩about you, or the Emmies, the Oscars, Holly Weird, NFL players or hypocritical criminal Demon Craps. ",0.5,0.4,0.6,"[""The post uses derogatory language ('fat girl') that could be seen as demeaning to individuals based on body size, which may be considered an assault on human dignity."", ""The post contains vulgar language ('💩') and derogatory terms ('Holly Weird', 'Demon Craps') that could be considered offensive, but not necessarily hate speech."", 'The post does not contain any explicit calls for violence against individuals or groups.', 'Some annotators might view the post as a general expression of disdain towards certain groups (e.g., celebrities, political figures) without targeting a protected characteristic, thus not classifying it as hate speech.', 'Others might see the derogatory language and offensive terms as contributing to a hostile environment, thus classifying it as hate speech.']","The post contains elements that could be interpreted as offensive or derogatory, particularly towards individuals based on body size and political affiliation. However, it lacks explicit calls for violence and does not target a specific protected characteristic in a way that is universally recognized as hate speech. Given the presence of vulgar language and derogatory terms, but the absence of clear incitement to violence or direct attacks on protected characteristics, there is likely to be some disagreement among annotators. Some may view it as hate speech due to the hostile tone and language, while others may see it as merely offensive or distasteful without crossing into hate speech territory. Therefore, I predict a moderate level of disagreement with approximately 40% classifying it as hate speech and 60% not classifying it as such.",0.09999999999999998,0.09999999999999998,0.0,0.09999999999999998
99,10688,This fucking shitshow must come to an end.,0.5,0.1,0.9,"['The post contains vulgarity and offensive language, which may be seen as inappropriate or aggressive, but it is not directed at any specific individual or group.', 'The post does not contain any explicit assaults on human dignity, as it does not target any race, ethnicity, gender, religion, sexual orientation, or other protected characteristics.', 'The post does not include any calls for violence or incitement to physical harm against individuals or groups.', 'Some annotators might view the use of profanity as a form of hate speech due to its aggressive tone, while others might see it as merely expressing frustration without targeting anyone.']","The post uses strong language, but it lacks specific targets or calls to action that would typically characterize hate speech. Therefore, it is likely that a small percentage of annotators might classify it as hate speech due to the vulgarity, while the majority would not see it as hate speech.",0.4,0.4000000000000001,0.0,0.4
100,10724,"We work better as a MAGA unit , stop the in fighting , save the energy to curb stomp commie filth . ",0.5,0.6,0.4,"[""The post uses the term 'commie filth,' which could be seen as demeaning or degrading to individuals or groups based on political beliefs, potentially falling under assaults on human dignity."", ""The phrase 'curb stomp' is a violent term that could be interpreted as a call for violence against those labeled as 'commie filth,' suggesting an incitement to physical harm."", ""The post contains offensive language, such as 'commie filth,' which may be considered vulgar or offensive, though it is not directed at a specific individual or group based on protected characteristics."", 'Some annotators might view the post as political rhetoric rather than hate speech, interpreting it as hyperbolic language common in political discourse without a genuine intent to incite violence.']","The post contains language that could be interpreted as both a call for violence and an assault on human dignity, particularly against those with differing political beliefs. The use of the term 'curb stomp' is particularly concerning as it suggests a violent action. However, some may argue that the post is using hyperbolic language typical in political discourse, which might not be intended as a genuine incitement to violence. Given these interpretations, there is likely to be some disagreement among annotators, but a slight majority may classify it as hate speech due to the violent and demeaning language. Therefore, the estimated percentages are 60% classifying it as hate speech and 40% not classifying it as hate speech.",0.09999999999999998,0.09999999999999998,0.0,0.09999999999999998
101,10736,"My latest piece:  GWOT Veterans, If You Suffer From PTSD, You're Malingerers! https://www.patreon.com/posts/gwot-veterans-if-199...",0.5,0.4,0.6,"[""The post is offensive and demeaning to veterans suffering from PTSD, as it labels them as 'malingerers,' which could be seen as an assault on their dignity."", ""The post does not explicitly call for violence or harm against any group, so it does not fall under the 'calls for violence' category."", ""The use of the term 'malingerers' could be considered offensive, but it does not contain vulgarity or profanity."", 'Some annotators might view the post as a critique or opinion piece rather than hate speech, focusing on the context of the discussion about PTSD and veterans.', 'The post could be seen as stigmatizing mental health issues, which might be interpreted as a form of hate speech by some annotators.']","The post is likely to generate mixed opinions among annotators. Some may see it as offensive and demeaning to veterans with PTSD, potentially classifying it as hate speech due to the assault on human dignity. However, others might interpret it as a provocative opinion piece that does not explicitly incite violence or use vulgar language, thus not meeting the threshold for hate speech. Given these perspectives, I estimate that 40% of annotators might classify it as hate speech, while 60% might not.",0.09999999999999998,0.09999999999999998,0.0,0.09999999999999998
102,10737,My latest The Left IS The Greatest Danger America Faces https://www.patreon.com/posts/left-is-greatest-197...,0.5,0.1,0.9,"['The post is a political opinion piece and does not contain hate speech as it does not target any specific group based on protected characteristics.', 'The post could be seen as demeaning to individuals who identify with leftist political ideologies, but it does not explicitly attack their human dignity based on race, ethnicity, gender, religion, or sexual orientation.', 'The post does not contain any calls for violence against individuals or groups.', 'The post does not use vulgarity or offensive language, but it may be considered provocative or inflammatory in a political context.']","The post is primarily a political opinion and does not explicitly fall into the categories of hate speech. It does not assault human dignity based on protected characteristics, nor does it call for violence or use vulgar language. However, it may be seen as provocative or inflammatory, which could lead to a small percentage of annotators viewing it as hate speech. Therefore, the predicted distribution is 10% classifying it as hate speech and 90% not classifying it as hate speech.",0.4,0.4000000000000001,0.0,0.4
103,11097,Perfect example of why women shouldn't be voting.,0.5,0.7,0.3,"['The post demeans women by suggesting they are incapable of making informed voting decisions, which is an assault on human dignity based on gender.', 'The post does not explicitly call for violence against women, so it does not meet the criteria for calls for violence.', 'The post does not contain vulgarity or offensive language, but it does express a discriminatory opinion against women.']","The post suggests that women should not have the right to vote, which can be seen as demeaning and degrading to women as a group. This aligns with the aspect of assaults on human dignity based on gender. However, the post does not incite violence or use vulgar language, which may lead some annotators to view it as less severe. Given these factors, there is likely to be some disagreement among annotators, but a majority may still classify it as hate speech due to its discriminatory nature. Therefore, I predict that 70% of annotators would classify it as hate speech, while 30% would not.",0.19999999999999996,0.19999999999999996,0.0,0.19999999999999996
104,11180,"Oh so now he's a spoiled *millennial* murderer, too??? https://neonnettle.com/news/4867-mollie-tibbetts-k...  BTW, the guy who owns the property where this scumbag was working is a die-hard Democrat/Hillary supporter. Go figure he'd employ ILLEGAL ALIENS to work for him. 😡",0.5,0.4,0.6,"[""The post uses the term 'scumbag' which is vulgar and offensive, potentially degrading the individual mentioned."", ""The post implies a negative stereotype about 'millennials' by using the term in a derogatory manner, which could be seen as an assault on human dignity."", 'The post associates illegal immigration with criminal behavior, which could be interpreted as demeaning to immigrants and an assault on human dignity.', 'The post does not explicitly call for violence, so it may not be seen as inciting physical harm.', 'The post contains political bias, which may influence how it is perceived but does not necessarily constitute hate speech.']","The post contains elements that could be interpreted as offensive or demeaning, particularly towards immigrants and millennials. However, it does not explicitly call for violence. The use of vulgar language and political bias may lead to differing interpretations of whether it constitutes hate speech. Given these factors, there is likely to be moderate disagreement among annotators, with approximately 40% classifying it as hate speech and 60% not classifying it as such.",0.09999999999999998,0.09999999999999998,0.0,0.09999999999999998
105,11210,Well fuck them. Excuse the language but I've been pissed off over this since listening to that terrible acting job with the little baby voice bitch. I don't believe anything happened and I think she was a drunken slut in high school judging by her yearbook. I think this is such a coordinated setup that all but the most dense must see through. Ford would make a good supporting cast member in the remake of One Flew Over the Cuckoo's Nest but for the so-called hearing? D- and that's being generous. ,0.5,0.4,0.6,"['The post contains vulgar and offensive language, which may be considered hate speech by some annotators due to its derogatory nature.', 'The post does not explicitly call for violence, so it may not be classified as hate speech by some annotators based on this aspect.', ""The post attacks an individual's character and credibility, which could be seen as an assault on human dignity, especially if the individual belongs to a protected group."", 'Some annotators might view the post as a personal opinion or critique rather than hate speech, focusing on the lack of explicit targeting of a protected group.']","The post contains vulgar and offensive language, particularly in the use of terms like ""fuck,"" ""bitch,"" and ""slut,"" which may be considered hate speech by some annotators due to its derogatory nature. However, it does not explicitly call for violence, so it may not be classified as hate speech by some annotators based on this aspect. The post attacks an individual's character and credibility, which could be seen as an assault on human dignity, especially if the individual belongs to a protected group. However, some annotators might view the post as a personal opinion or critique rather than hate speech, focusing on the lack of explicit targeting of a protected group. Given these considerations, there is likely to be moderate disagreement among annotators, with approximately 40% classifying it as hate speech and 60% not classifying it as such.",0.09999999999999998,0.09999999999999998,0.0,0.09999999999999998
106,11236,bill clinton is a rapist,0.4,0.4,0.6,"['Some annotators might view this post as an assault on human dignity, as it accuses a public figure of a serious crime without evidence, potentially degrading their character.', 'Other annotators might argue that the post is not hate speech, as it targets an individual rather than a group based on protected characteristics, and could be seen as a political statement or opinion.', ""Some might see the post as containing vulgarity or offensive language due to the use of the term 'rapist,' which is a strong and potentially defamatory accusation."", 'There might be disagreement on whether this constitutes a call for violence, as the post does not explicitly incite harm but could be interpreted as inciting negative sentiment against the individual.']","The post 'bill clinton is a rapist' is likely to result in high disagreement among annotators. Some may see it as an assault on human dignity due to the serious accusation without evidence, while others may view it as a political opinion. The use of the term 'rapist' could be seen as vulgar or offensive, but it does not explicitly call for violence. Given these factors, I estimate that 40% of annotators might classify it as hate speech, while 60% might not.",0.0,0.0,0.09999999999999998,0.09999999999999998
107,11342,The Coudenhove-Kalergi Plan – The Genocide of the Peoples of Europe ,0.5,0.4,0.6,"['The post may be interpreted as promoting a conspiracy theory that could be seen as an assault on human dignity by suggesting a planned genocide based on race or ethnicity.', 'Some annotators might view the post as not directly calling for violence but rather discussing a controversial topic, thus not classifying it as hate speech.', 'The post does not contain vulgarity or offensive language, which might lead some annotators to not classify it as hate speech.', ""The reference to 'genocide' could be seen as inflammatory and potentially harmful, leading some annotators to classify it as hate speech.""]","The post references a controversial and often debunked conspiracy theory known as the Coudenhove-Kalergi Plan, which some interpret as promoting the idea of a planned genocide against European peoples. This could be seen as an assault on human dignity, as it implies a racial or ethnic threat. However, the post does not explicitly call for violence or use vulgar language, which might lead to differing interpretations among annotators. Some may see it as spreading harmful ideas, while others may view it as merely discussing a topic without direct hate speech elements. Therefore, there is likely to be moderate disagreement among annotators, with an estimated 40% classifying it as hate speech and 60% not classifying it as such.",0.09999999999999998,0.09999999999999998,0.0,0.09999999999999998
108,11456,"Don't you love it when the truly evil, perverted, disgusting leftists are triggered and take off their masks? ",0.5,0.4,0.6,"[""The post uses derogatory language ('evil, perverted, disgusting') to describe a political group, which could be seen as an assault on human dignity based on political beliefs."", 'The post does not explicitly call for violence or physical harm against any individuals or groups.', 'The language used is vulgar and offensive, particularly in the context of political discourse, but it is not directed at a protected characteristic like race or gender.', 'Some annotators might view the post as hate speech due to its demeaning language towards a political group, while others might see it as harsh political rhetoric that does not meet the threshold for hate speech.']","The post contains derogatory language aimed at a political group, which some annotators might interpret as an assault on human dignity. However, it does not call for violence or target a protected characteristic, leading to potential disagreement among annotators. The vulgarity and offensive nature of the language might lead some to classify it as hate speech, while others may see it as non-hate speech political rhetoric. Therefore, there is likely to be moderate disagreement among annotators, with an estimated 40% classifying it as hate speech and 60% not classifying it as such.",0.09999999999999998,0.09999999999999998,0.0,0.09999999999999998
109,11465,"This bullshit about 'private companies can do what they want'? Bake that cake, hypocrite. Cater that gay wedding, H8R, even if you don't cater ANYONE who doesn't walk through the door. (Unless you're Muslim, of course.) I wish to hell the Left would settle on which set of rules is going to be used.",0.5,0.3,0.7,"[""The post uses offensive language such as 'bullshit' and 'H8R', which may be considered vulgar and offensive, but not necessarily hate speech."", 'The post appears to criticize perceived hypocrisy in the application of rules regarding private companies and their obligations, which may not directly assault human dignity.', ""The mention of 'gay wedding' and 'Muslim' could be interpreted as targeting specific groups, but the context suggests a critique of perceived double standards rather than a direct attack on these groups."", 'Some annotators might see the post as expressing frustration with political or social issues rather than inciting violence or hate.', 'The post does not contain explicit calls for violence against any group or individual.']","The post contains offensive language and critiques perceived double standards in societal rules, particularly regarding private companies and their obligations to serve certain groups. While it mentions 'gay wedding' and 'Muslim', it does so in the context of criticizing perceived hypocrisy rather than directly attacking these groups. The language used is vulgar, but there are no explicit calls for violence. Annotators might be divided, with some viewing it as hate speech due to the offensive language and potential targeting of groups, while others may see it as a critique of social issues without direct hate speech. Therefore, the predicted distribution is 30% classifying it as hate speech and 70% not classifying it as hate speech.",0.2,0.20000000000000004,0.0,0.2
110,11812,"When even a flag triggers them, then you know that Hollywood is full of butthurt snowflakes!",0.5,0.1,0.9,"[""The post uses the term 'butthurt snowflakes,' which could be seen as vulgar or offensive language, but it is not directed at a specific protected group, so it may not be considered hate speech by some annotators."", 'The post does not explicitly call for violence or physical harm against any individuals or groups, so it is unlikely to be classified as hate speech based on this aspect.', 'The post could be interpreted as demeaning or degrading to individuals in Hollywood by implying they are overly sensitive, but it does not target a specific protected characteristic such as race, gender, or religion.', 'Some annotators might view the post as a critique of Hollywood culture rather than hate speech, focusing on the context of the entertainment industry rather than any protected group.']","The post is likely to be classified as not hate speech by the majority of annotators, as it does not explicitly target a protected group or call for violence. The use of the term 'butthurt snowflakes' may be seen as offensive, but it is more likely to be interpreted as a critique of Hollywood culture rather than hate speech. Therefore, I predict that 10% of annotators might classify it as hate speech due to the offensive language, while 90% would classify it as not hate speech.",0.4,0.4000000000000001,0.0,0.4
111,11820,"Yep! Bono is a retard, the rest of U2 are retards, the Pope covers up systemic pedophilia inside the Catholic Church, and the EU are corrupt dictators, flooding Europe with dangerous infidelophobic Muslim refugees!! https://www.bitchute.com/video/kQIgciyHIG4/",0.5,0.6,0.4,"[""The post uses the term 'retard' which is considered offensive and derogatory, potentially falling under vulgarity and/or offensive language."", 'The post accuses the Pope of covering up systemic pedophilia, which could be seen as an assault on human dignity, particularly towards Catholics.', ""The post claims the EU are 'corrupt dictators' and accuses them of 'flooding Europe with dangerous infidelophobic Muslim refugees,' which could be interpreted as an assault on human dignity towards Muslims and possibly inciting fear or hatred."", 'Some annotators might view the post as a critique of institutions (the Catholic Church, EU) rather than hate speech, focusing on political or social commentary.', 'The post does not explicitly call for violence, but the language used could be seen as inflammatory or inciting negative sentiment towards certain groups.']","The post contains multiple elements that could be interpreted as hate speech, particularly in its use of derogatory language and its negative portrayal of certain groups (e.g., Muslims, Catholics). However, some annotators might see it as a form of political or social critique rather than outright hate speech. Given the presence of offensive language and potential assaults on human dignity, but the absence of explicit calls for violence, there is likely to be moderate disagreement among annotators. Therefore, approximately 60% might classify it as hate speech, while 40% might not.",0.09999999999999998,0.09999999999999998,0.0,0.09999999999999998
112,11949,"Dont we want hate speech laws? It highlights the problem, what am i missing?   Long before hate speech laws white opinions have been silenced, supressed and ostracised.   Ive been trying to get the state to prosecute me under the hate speech laws but they wont.  ",0.5,0.3,0.7,"['The post suggests that hate speech laws are unnecessary because they believe white opinions are already being suppressed, which could be seen as an assault on human dignity by implying reverse discrimination.', 'The post does not directly call for violence, so it is unlikely to be classified as hate speech based on incitement to violence.', 'The post does not contain vulgarity or offensive language, which might lead some annotators to classify it as not hate speech.', 'Some annotators might see the post as a critique of hate speech laws rather than an endorsement of hate speech, leading them to classify it as not hate speech.', 'The post could be interpreted as sarcastic or rhetorical, questioning the effectiveness of hate speech laws, which might lead to disagreement among annotators.']","The post presents a complex view on hate speech laws, suggesting that they are unnecessary because white opinions are already being suppressed. This could be seen as an assault on human dignity by implying reverse discrimination, but it does not directly call for violence or use vulgar language. Some annotators might interpret the post as a critique of hate speech laws rather than an endorsement of hate speech, leading to a classification of not hate speech. The post's rhetorical nature might also lead to disagreement among annotators. Therefore, I predict that 30% of annotators might classify it as hate speech, while 70% might classify it as not hate speech, indicating a high level of disagreement.",0.2,0.20000000000000004,0.0,0.2
113,12132,"Mixing cultures is an issue, you end up with a mutt race.",0.5,0.7,0.3,"[""The post demeans individuals by referring to mixed-race people as a 'mutt race,' which is an assault on human dignity based on race and ethnicity."", 'The post does not explicitly call for violence, so it may not be seen as inciting physical harm.', ""The use of the term 'mutt race' is offensive and can be considered vulgar language directed at mixed-race individuals."", 'Some annotators might interpret the post as expressing a personal opinion on cultural mixing without intending hate speech, focusing on the context of cultural discussion rather than racial degradation.']","The post is likely to be categorized as hate speech by a majority of annotators due to its demeaning language towards mixed-race individuals, which constitutes an assault on human dignity. However, a minority might not classify it as hate speech, interpreting it as a poorly expressed opinion on cultural mixing without an intent to degrade. Therefore, the predicted percentages are 70% for hate speech and 30% for not hate speech.",0.19999999999999996,0.19999999999999996,0.0,0.19999999999999996
114,12186,"Best article on Hanoi John's passing I've seen tonight:  Let’s be honest. John McCain is a bitter, angry crank who clings to resentments as tightly as an old woman clutches her pocketbook.  http://patriotretort.com/does-dying-make-you-a-sai...",0.5,0.3,0.7,"[""The post uses derogatory language ('bitter, angry crank') that could be seen as demeaning to John McCain, but it does not target a protected characteristic, so it may not be considered hate speech by some annotators."", ""The phrase 'Hanoi John' is a derogatory nickname that references John McCain's time as a prisoner of war in Vietnam, which could be seen as an assault on his dignity, but it is not based on a protected characteristic."", 'The post does not contain any explicit calls for violence against John McCain or any group, so it is unlikely to be classified as hate speech based on this aspect.', ""The post contains offensive language ('bitter, angry crank'), but it is directed at an individual rather than a group, which may lead some annotators to classify it as not hate speech."", ""Some annotators might view the post as disrespectful and in poor taste, especially given the context of discussing someone's passing, but not necessarily as hate speech.""]","The post contains derogatory language and a disrespectful tone towards John McCain, particularly with the use of 'Hanoi John' and 'bitter, angry crank.' However, it does not target a protected characteristic or incite violence, which may lead to differing opinions among annotators. Some may see it as offensive but not hate speech, while others may view the derogatory language as an assault on dignity. Given these factors, there is likely to be moderate disagreement among annotators, with an estimated 30% classifying it as hate speech and 70% not classifying it as such.",0.2,0.20000000000000004,0.0,0.2
115,12189,"Quit whining Texas, we here in Arizona have a long border with California guarded only with a bit of sand and few prickly plants. Since we can't have a wall we are hoping for a big earthquake and California to suddenly become Alaska's problem.  “Far too many immigrants from California come here, take advantage of our pro-business, pro-liberty laws, and refuse to adjust to our way of life,”...",0.5,0.3,0.7,"['The post expresses a desire for a natural disaster to affect California, which could be interpreted as a call for violence or harm, though it is not a direct incitement to violence.', ""The post contains a negative sentiment towards immigrants from California, which could be seen as an assault on human dignity, particularly if 'immigrants' is interpreted broadly to include internal migration."", 'The language used in the post is not overtly vulgar or offensive, but the sentiment could be considered derogatory towards Californians.', 'Some annotators might view the post as a form of political or regional satire, not intended as hate speech but as a hyperbolic expression of frustration.', 'The post does not target a protected characteristic such as race, ethnicity, or religion, which might lead some annotators to classify it as not hate speech.']","The post contains elements that could be interpreted as hate speech, particularly in its negative sentiment towards Californians and the wish for a natural disaster. However, it lacks direct calls for violence or vulgar language, and some may see it as satirical. Therefore, there is likely to be some disagreement among annotators, with an estimated 30% classifying it as hate speech and 70% not.",0.2,0.20000000000000004,0.0,0.2
116,12215,Starving journalists make me nut,0.4,0.3,0.7,"[""The post uses the term 'starving journalists' which could be interpreted as a derogatory or demeaning term, potentially assaulting human dignity by trivializing the struggles of journalists."", ""The phrase 'make me nut' is vulgar and could be seen as offensive language, though it may not be directly targeting a specific individual or group."", 'Some annotators might view the post as a harmless joke or expression of frustration, not intended to demean or degrade anyone.', 'The post does not contain any explicit calls for violence against journalists or any other group.']","The post 'Starving journalists make me nut' could be interpreted in various ways. Some annotators might see it as demeaning to journalists, especially if 'starving' is taken literally or as a metaphor for struggling journalists, thus potentially assaulting human dignity. The phrase 'make me nut' is vulgar and could be considered offensive, though it doesn't directly target a specific group. However, some might interpret the post as a harmless joke or expression of frustration without any intent to harm. There are no explicit calls for violence in the post. Given these interpretations, there might be moderate disagreement among annotators, with an estimated 30% classifying it as hate speech and 70% not classifying it as such.",0.10000000000000003,0.03333333333333336,0.09999999999999998,0.2
117,12220,only *LITERAL FUCKING NAZIS* refuse to sacrifice their children to globohomo gayplex™  By denying globohomo™  the blood of gentile children that it uses to nourish itself with you are basically committing a hate crime,0.5,0.6,0.4,"[""The post uses offensive and vulgar language, including slurs like 'globohomo,' which is often used derogatorily against LGBTQ+ communities."", ""The post contains hyperbolic and inflammatory language that could be interpreted as demeaning to certain groups, particularly by using terms like 'LITERAL FUCKING NAZIS.'"", 'The post does not explicitly call for violence, but it uses aggressive and provocative language that could be seen as inciting hostility.', 'Some annotators might view the post as satirical or hyperbolic, intended to criticize certain ideologies rather than promote hate.', ""The post could be interpreted as an assault on human dignity by implying that certain groups are akin to 'Nazis' if they do not conform to a specific ideology."", 'The use of trademark symbols and exaggerated language might lead some to see the post as a parody or critique of conspiracy theories, rather than a serious statement.']","The post contains a mix of offensive language and potentially demeaning content, which could lead to a moderate level of disagreement among annotators. Some may see it as hate speech due to its derogatory terms and implied assault on human dignity, while others might interpret it as satirical or hyperbolic, not intended to be taken literally. Therefore, I predict that 60% of annotators might classify it as hate speech, while 40% might not.",0.09999999999999998,0.09999999999999998,0.0,0.09999999999999998
118,12221,Sure my slut daughter was raped and murdered but hey at least I get easy access to authentic burritos! Checkmate NAHTZEES. @SCALE,0.5,0.6,0.4,"[""The post uses vulgar and offensive language, particularly the term 'slut,' which is derogatory and demeaning towards women."", 'The post makes a sarcastic and insensitive remark about a serious crime (rape and murder), which could be seen as demeaning to victims of such crimes and their families.', 'The post does not explicitly call for violence, but it trivializes a violent act, which could be interpreted as indirectly endorsing or minimizing violence.', ""The post uses a sarcastic tone that may be interpreted as mocking or belittling certain groups, potentially those concerned with social justice or anti-racism ('Checkmate NAHTZEES')."", 'Some annotators might see the post as a critique of political correctness or social justice movements, rather than hate speech.']","The post contains elements that could be interpreted as hate speech, particularly in its use of offensive language and its trivialization of serious crimes. However, the sarcastic tone and potential for multiple interpretations may lead to some disagreement among annotators. Therefore, it is likely that 60% of annotators might classify this as hate speech due to its offensive and demeaning nature, while 40% might not, viewing it as a poorly executed attempt at satire or social commentary.",0.09999999999999998,0.09999999999999998,0.0,0.09999999999999998
119,12319,"Feminism is now Female Supremacism as women have all the rights that men have and they still have special privileges in the courts and in our culture. Cultural Marxists who hate America, Whites, and the West are the leaders and preachers of Third Wave Feminism.",0.5,0.4,0.6,"['The post may be seen as an assault on human dignity by suggesting that feminism is equivalent to female supremacism, which could be interpreted as demeaning to women and feminists.', 'The post accuses cultural Marxists of hating America, Whites, and the West, which could be interpreted as an attack on certain ideological groups and potentially inciting division.', ""The language used in the post, such as 'Female Supremacism' and 'Cultural Marxists,' may be considered offensive or inflammatory, though it does not contain explicit vulgarity or slurs."", 'Some annotators might view the post as a critique of feminism and cultural Marxism without crossing into hate speech, seeing it as an expression of opinion rather than an incitement to violence or hate.']","The post contains elements that could be interpreted as demeaning to certain groups, such as feminists and cultural Marxists, and uses language that some may find offensive or inflammatory. However, it does not explicitly call for violence or use vulgar language. Given these factors, there is likely to be some disagreement among annotators, with a moderate percentage classifying it as hate speech and a slightly higher percentage not classifying it as such. Therefore, the predicted percentages are 40% classifying it as hate speech and 60% not classifying it as hate speech.",0.09999999999999998,0.09999999999999998,0.0,0.09999999999999998
120,12361,BREAKING! TECH COMPANIES MEET IN SECRET TO STEAL 2018 ELECTION    Left desperate to win midterms   https://www.infowars.com/breaking-tech-companies-m...,0.5,0.1,0.9,"['The post may be seen as not constituting hate speech because it does not directly demean or degrade any specific group based on protected characteristics.', 'Some annotators might view the post as potentially harmful misinformation, but not necessarily hate speech, as it does not contain explicit calls for violence or vulgar language.', 'The post could be interpreted as promoting a conspiracy theory, which might be seen as harmful but not hate speech.', 'Annotators might consider the source (Infowars) as a factor, but the content itself lacks direct hate speech elements.']","The post does not contain direct assaults on human dignity, calls for violence, or vulgar language. It may be seen as spreading misinformation or conspiracy theories, but these aspects do not necessarily qualify as hate speech. Therefore, it is likely that a majority of annotators would classify this post as not hate speech, with a small percentage potentially considering it harmful or misleading content.",0.4,0.4000000000000001,0.0,0.4
121,12363,"This is what will happen if the left takes control! #QAnon #QArmy #Q #RedWave  #RedTsunami #BlueWave #DrainTheDeepState #MAGA #MakeAmericaGreatAgain #WalkAway   Nancy Pelosi laughs at & mocks coal power, then crows “with all due respect to West Virginia” https://t.co/EJZ9vtnZmN",0.5,0.1,0.9,"['The post is political commentary and does not contain hate speech, as it does not demean or degrade individuals or groups based on protected characteristics.', 'The post does not contain any calls for violence or incitement to physical harm against individuals or groups.', 'The post does not use vulgarity or offensive language, but it does use hashtags associated with political movements that some may find controversial or offensive.', 'The post could be seen as promoting divisive political rhetoric, but it does not meet the criteria for hate speech as it lacks direct attacks on human dignity or calls for violence.']","The post is primarily a political statement and does not exhibit characteristics of hate speech. It does not assault human dignity, call for violence, or use vulgar or offensive language. While it may be seen as politically charged, it is unlikely to be classified as hate speech by most annotators. Therefore, I predict that 10% of annotators might classify it as hate speech due to its political nature, while 90% would not classify it as hate speech.",0.4,0.4000000000000001,0.0,0.4
122,12374,Know it when you see it! May I suggest the TV series Elementary (5/7) stick to procedural drama and not propaganda by comparing Christian Identity with the Taliban to see how many useful idiots it can conjure. ,0.5,0.3,0.7,"['The post criticizes a TV series for making a comparison between Christian Identity and the Taliban, which could be seen as an assault on human dignity by equating a religious group with a terrorist organization.', 'The post does not explicitly call for violence or harm against any group, so it may not be considered hate speech in terms of inciting violence.', ""The use of the term 'useful idiots' could be seen as offensive or derogatory, but it is not necessarily a slur or vulgar language."", 'Some annotators might view the post as a critique of media representation rather than hate speech, focusing on the context of the TV series rather than the language used.', 'Others might see the comparison as inherently offensive and degrading to the groups mentioned, thus classifying it as hate speech.']","The post contains a critique of a TV series for making a comparison between Christian Identity and the Taliban. Some annotators might see this as an assault on human dignity by equating a religious group with a terrorist organization, while others might view it as a critique of media representation rather than hate speech. The post does not explicitly call for violence, and the language, while potentially offensive, is not overtly vulgar. Given these factors, there is likely to be some disagreement among annotators, but it is expected that a majority would not classify it as hate speech. Therefore, the predicted percentages are 30% for hate speech and 70% for not hate speech.",0.2,0.20000000000000004,0.0,0.2
123,12455,"This is Antifa, folks.  Filthy, degenerate communist subhumans.  Every single one.",0.5,0.7,0.3,"[""The post assaults human dignity by demeaning individuals associated with Antifa, referring to them as 'filthy, degenerate communist subhumans,' which can be seen as degrading based on political affiliation."", 'The post does not explicitly call for violence, but the dehumanizing language could be interpreted as indirectly encouraging hostility or aggression towards the group.', ""The use of terms like 'filthy' and 'degenerate' can be considered vulgar and offensive, contributing to the perception of the post as hate speech."", 'Some annotators might view the post as political hyperbole or rhetoric, not necessarily crossing into hate speech territory, especially if they consider political affiliation as less protected than other characteristics.']","The post is likely to result in high disagreement among annotators. While the language is demeaning and offensive, the lack of explicit calls for violence and the political context may lead some to view it as non-hate speech. Therefore, approximately 70% of annotators might classify it as hate speech due to the degrading language and dehumanization, while 30% might not, viewing it as political expression.",0.19999999999999996,0.19999999999999996,0.0,0.19999999999999996
124,13109,Saying that the Holocaust happened makes you an Anti-Semite because it means you wanted 6 million jews to die.,0.5,0.6,0.4,"['The post is offensive and distorts historical facts, which could be seen as an assault on human dignity, particularly towards Jewish people.', 'The post does not directly call for violence, but it could be interpreted as minimizing or distorting the impact of a historical atrocity, which is harmful.', 'The language used in the post is not vulgar or profane, but the message could be considered offensive due to its implications.', 'Some annotators might see this as a form of Holocaust denial or distortion, which is a recognized form of hate speech.', 'Others might argue that the post is a misguided attempt at making a controversial point rather than hate speech.']","The post is likely to generate mixed opinions among annotators. Some may view it as hate speech due to its offensive nature and distortion of historical facts, particularly as it relates to the Holocaust and Jewish people. This could be seen as an assault on human dignity. However, it does not contain explicit calls for violence or vulgar language, which might lead some annotators to classify it as not hate speech. Given these factors, there is likely to be moderate disagreement among annotators, with an estimated 60% classifying it as hate speech and 40% not classifying it as such.",0.09999999999999998,0.09999999999999998,0.0,0.09999999999999998
125,13110,"Why do people here believe the Holocaust happened? Why would you WANT TO BELIEVE SUCH AN ATROCITY HAPPENED TO THE JEWS? Of course it didn't happen, otherwise the world wouldn't have Israel and all the Nobel prize winners that came after WW2.",0.5,0.6,0.4,"['The post denies the Holocaust, which is a historical fact, and this denial can be seen as an assault on human dignity, particularly towards Jewish people.', 'The post does not explicitly call for violence, but Holocaust denial can contribute to a culture that may indirectly support harmful ideologies.', 'The post does not contain vulgarity or offensive language in terms of profanity, but the denial of a historical atrocity is offensive to many, especially those affected by the Holocaust.', 'Some annotators might see the post as a form of hate speech due to its denial of the Holocaust, which is a sensitive and significant historical event.', 'Other annotators might argue that the post is not hate speech because it does not directly incite violence or use explicit slurs, viewing it as a misguided or ignorant opinion rather than an attack.']","The post is likely to result in high disagreement among annotators. While some may classify it as hate speech due to Holocaust denial, others may not see it as such because it lacks direct calls for violence or vulgar language. Therefore, approximately 60% of annotators might classify it as hate speech, while 40% might not.",0.09999999999999998,0.09999999999999998,0.0,0.09999999999999998
126,13239,Such a fag   TWITTER CEO Apologizes For Eating Chick-Fil-A... http://amp.dailycaller.com/2018/06/10/twitter-ceo-chick-fil-a-gay-marriage/  #SoyBoy #BetaMale ,0.5,0.6,0.4,"[""The use of the term 'fag' is a slur against LGBTQ+ individuals and can be seen as an assault on human dignity."", 'The post does not explicitly call for violence against any group or individual.', ""The use of 'fag' is vulgar and offensive language, which may be considered hate speech by some annotators."", ""The hashtags '#SoyBoy' and '#BetaMale' are derogatory but may not be considered hate speech by all annotators."", ""Some annotators might view the post as a critique of the Twitter CEO's actions rather than an attack on LGBTQ+ individuals."", 'The context of the post, linking to an article about the Twitter CEO and Chick-Fil-A, might lead some to see it as a commentary on corporate actions rather than hate speech.']","The post contains a slur ('fag') which is offensive and can be seen as an assault on human dignity, particularly towards LGBTQ+ individuals. However, it does not call for violence, and the context might be interpreted as a critique of corporate actions rather than a direct attack on a group. The vulgarity and offensive language aspect is present, but the interpretation of the post's intent may vary among annotators. Therefore, there is likely to be some disagreement, but a slight majority might classify it as hate speech due to the use of a slur.",0.09999999999999998,0.09999999999999998,0.0,0.09999999999999998
127,13742,#Feminism is an infection! https://www.youtube.com/watch?v=r_8hLQmfudM,0.5,0.4,0.6,"[""The post uses the metaphor 'infection' to describe feminism, which could be seen as demeaning or degrading to individuals who identify with or support feminist ideals, potentially falling under assaults on human dignity."", 'The post does not explicitly call for violence or physical harm against individuals or groups, so it may not be considered a call for violence.', ""The use of the term 'infection' could be interpreted as offensive or vulgar, but it does not contain explicit profanity or slurs.""]","The post uses metaphorical language that could be interpreted as demeaning to feminists, but it does not contain explicit calls for violence or use of profanity. Annotators might be divided on whether the metaphor constitutes hate speech, leading to a moderate level of disagreement. Some may see it as a strong opinion or critique rather than hate speech, while others may view it as degrading. Therefore, I predict that 40% of annotators might classify it as hate speech, while 60% might not.",0.09999999999999998,0.09999999999999998,0.0,0.09999999999999998
128,13775,"Me muting idiot Globalist groupies on Gab, on my own little account, is not the same as giant Twatter muting Trump’s base from almost the entire platform. Let’s just clear that brain fart out now should it come up again.",0.6,0.3,0.7,"[""The post uses derogatory language such as 'idiot' and 'Globalist groupies,' which could be seen as demeaning or degrading, but it is not explicitly based on protected characteristics like race or gender."", ""The term 'Globalist' can sometimes be used as a dog whistle for anti-Semitic sentiments, but in this context, it is not explicitly clear if it is being used in that manner."", 'The post does not contain any direct calls for violence or incitement to physical harm.', ""The use of 'Twatter' is a vulgar play on words for Twitter, but it is not directed at a specific individual or group in a harmful way."", 'The post reflects a personal opinion about social media censorship and does not explicitly target a protected group.']","The post contains some derogatory language and potentially offensive terms, but it does not clearly fall into the category of hate speech as it lacks explicit demeaning of protected groups or calls for violence. There is likely to be some disagreement among annotators, but the majority may not classify it as hate speech. Therefore, the predicted percentages are 30% of annotators classifying it as hate speech and 70% not classifying it as hate speech.",0.3,0.3,0.09999999999999998,0.2
129,13777,"You can tell Gab is the place to be, even Dem derps are here now trying to latch onto our feeds talking sh!t looking for attention. I don’t care to address them directly, but I will say that my mute button is fond of them already.",0.6,0.1,0.9,"[""The post uses the term 'Dem derps,' which could be seen as a derogatory term for Democrats, potentially demeaning individuals based on political affiliation."", 'The post does not contain any explicit calls for violence or physical harm against any group or individual.', ""The use of 'sh!t' is vulgar, but it is not directed at a specific individual or group in a way that constitutes hate speech."", 'The post expresses a dismissive attitude towards a political group, but it does not explicitly degrade their human dignity based on protected characteristics like race, gender, or religion.', ""Some annotators might view the term 'Dem derps' as offensive and indicative of a dismissive or derogatory attitude, while others might see it as mild political banter.""]","The post contains some elements that could be interpreted as offensive or dismissive, particularly towards a political group, but it lacks explicit hate speech elements such as calls for violence or severe demeaning language based on protected characteristics. Therefore, it is likely that a small percentage of annotators might classify it as hate speech due to the derogatory term 'Dem derps,' but the majority would not see it as hate speech. The expected distribution is approximately 10% classifying it as hate speech and 90% not classifying it as hate speech.",0.5,0.5,0.09999999999999998,0.4
130,13778,"I’ve often wondered what it would be like for Globalist groupies once they realized they’re living a lie, but now, I’m seeing that it is we patriotic Americans who have been living in a lie for decades... Our country, branches of gov, our MSM and our schools.. ALL are hijacked.",0.4,0.1,0.9,"['The post expresses a political opinion without targeting a specific group based on protected characteristics, so it may not be considered hate speech by some annotators.', ""The term 'Globalist groupies' could be interpreted as a derogatory term, potentially demeaning individuals who support globalism, which might be seen as an assault on human dignity by some annotators."", 'The post does not contain explicit calls for violence, so it is unlikely to be classified as hate speech based on this aspect.', 'The language used in the post is not vulgar or overtly offensive, which might lead some annotators to classify it as not hate speech.']","The post primarily expresses a political opinion and does not explicitly target individuals or groups based on protected characteristics. While the term 'Globalist groupies' could be seen as derogatory, it is not overtly offensive or vulgar. There are no calls for violence present in the post. Given these factors, it is likely that a majority of annotators would classify the post as not hate speech, with a small percentage potentially viewing it as hate speech due to the use of the term 'Globalist groupies.' Therefore, the predicted percentages are [0.1, 0.9], indicating 10% might classify it as hate speech and 90% as not hate speech.",0.30000000000000004,0.18000000000000005,0.09999999999999998,0.4
131,13822,SOROS' Five Steps To Inialate Eourpe. . 1) Buy Off The Top Politicians Of European Counties 2) Buy Off The Top Leadership Of The EU 3) Buy Of The Top Media CEO's Not To Cover Negative Stories. 4) Transport Muslims & Africans To Europe.  5) Get The United State & EU To Pay For It.  ,0.5,0.6,0.4,"['The post suggests a conspiracy theory involving George Soros, which may be seen as an assault on human dignity, particularly if it targets Soros based on his Jewish heritage, thus potentially being anti-Semitic.', 'The post does not explicitly call for violence, but it could be interpreted as inciting fear or hostility towards Muslims and Africans, which might indirectly encourage discriminatory attitudes or actions.', 'The language used in the post is not overtly vulgar or offensive, but the content could be considered offensive to those who are targeted or implicated in the conspiracy theory.', 'Some annotators might view the post as a harmful stereotype or a perpetuation of harmful conspiracy theories, which could be classified as hate speech.', 'Other annotators might see the post as merely expressing a controversial opinion or political critique without crossing into hate speech territory.']","The post contains elements that could be interpreted as hate speech, particularly in its potential to demean or degrade individuals based on race or religion through the propagation of conspiracy theories. However, it lacks explicit calls for violence and does not use vulgar language, leading to a moderate level of disagreement among annotators. Approximately 60% of annotators might classify it as hate speech due to its potential to incite hostility or perpetuate harmful stereotypes, while 40% might not classify it as hate speech, viewing it as a controversial opinion.",0.09999999999999998,0.09999999999999998,0.0,0.09999999999999998
132,13848,Ragheads & OTHER Communists running the UK into the ground need to fuck off and let opposing viewpoints be heard!,0.5,0.7,0.3,"[""The post uses the term 'Ragheads,' which is a racial slur against people of Middle Eastern descent, indicating an assault on human dignity."", ""The post contains vulgar and offensive language, such as 'fuck off,' which may be considered hate speech due to its aggressive tone."", ""The post expresses a strong negative sentiment towards certain groups ('Communists' and 'Ragheads'), which could be interpreted as demeaning or degrading."", 'The post does not explicitly call for violence, but the aggressive language could be seen as encouraging hostility.', ""Some annotators might view the post as a political statement rather than hate speech, focusing on the call for 'opposing viewpoints' to be heard."", ""The use of 'Ragheads' could be seen as a clear indicator of hate speech by some annotators, while others might focus on the broader political context and see it as less severe.""]","The post contains a racial slur ('Ragheads') and vulgar language ('fuck off'), which many annotators might classify as hate speech due to the assault on human dignity and offensive language. However, the lack of explicit calls for violence and the potential interpretation as a political statement might lead some annotators to classify it as not hate speech. Given these factors, there is likely to be some disagreement among annotators, but a majority might still classify it as hate speech. Therefore, the estimated percentages are 70% classifying it as hate speech and 30% as not hate speech.",0.19999999999999996,0.19999999999999996,0.0,0.19999999999999996
133,13859,Gervais SLAMS religious slaughter “I couldn’t give a F*CK what your ‘God’ says” “There is no excuse for animal cruelty. I didn’t care if it’s your ‘culture’. I don’t care if it’s ‘tradition' https://unitynewsnetwork.co.uk/gervais-slams-relig... #BritFam,0.5,0.3,0.7,"['The post criticizes religious practices, which could be seen as an assault on human dignity by demeaning religious beliefs and practices.', 'The post does not call for violence against any group or individual, focusing instead on animal rights.', ""The use of vulgar language ('I couldn’t give a F*CK') may be considered offensive, but it is not directed at a specific group or individual."", 'The post could be interpreted as a strong stance against animal cruelty rather than hate speech, as it targets practices rather than people.', 'Some annotators might see the post as targeting religious groups, potentially classifying it as hate speech due to its dismissive tone towards religious beliefs.']","The post by Gervais is likely to generate mixed opinions among annotators. Some may view it as hate speech due to its dismissive and potentially demeaning tone towards religious practices, which could be seen as an assault on human dignity. However, others may argue that the post is primarily focused on animal rights and does not incite violence or directly attack individuals or groups, thus not constituting hate speech. The use of vulgar language might be considered offensive, but it is not specifically targeted at a group. Given these factors, there is likely to be some disagreement among annotators, with an estimated 30% classifying it as hate speech and 70% not classifying it as such.",0.2,0.20000000000000004,0.0,0.2
134,13878,Did they hit Little Kurdistan? Those Muslims need to be deported as well if they are eligible for deportation.,0.5,0.6,0.4,"['The post suggests deportation of Muslims, which could be seen as an assault on human dignity based on religion and ethnicity.', 'The post does not explicitly call for violence, but the mention of deportation could be interpreted as a form of harm or discrimination.', 'The language used is not overtly vulgar or offensive, but the suggestion of deportation based on religion or ethnicity could be considered offensive by some.', 'Some annotators might view the post as expressing a political opinion rather than hate speech, focusing on the aspect of legal deportation.', 'Others might see the post as targeting a specific religious group, thus constituting hate speech.']","The post contains elements that could be interpreted as hate speech, particularly in its suggestion of deportation based on religion or ethnicity. However, it does not contain explicit calls for violence or use vulgar language. Given these factors, there is likely to be some disagreement among annotators, with a moderate percentage classifying it as hate speech due to the potential assault on human dignity, while others may not see it as such, viewing it as a political statement. Therefore, the predicted distribution is 60% classifying it as hate speech and 40% not classifying it as hate speech.",0.09999999999999998,0.09999999999999998,0.0,0.09999999999999998
135,14143,"If you spend five minutes researching the matter you’ll find Jewish groups led by ADL are behind the protocols that led to the mass deplatforming of Alex Jones. Seriously, if you’re an InfoWars fan set the chemtrails stuff aside. Devote 5 mins to this. It will change your life.",0.5,0.6,0.4,"['The post suggests that Jewish groups, specifically the ADL, are responsible for the deplatforming of Alex Jones, which could be seen as an assault on human dignity by promoting a harmful stereotype about Jewish people controlling media or technology.', 'The post does not explicitly call for violence or physical harm against any group, so it may not be considered a call for violence.', 'The language used in the post is not overtly vulgar or offensive, but it does imply a conspiracy theory that could be offensive to Jewish individuals or groups.', 'Some annotators might view the post as perpetuating harmful stereotypes and conspiracy theories about Jewish people, which could be classified as hate speech.', 'Other annotators might see the post as merely expressing an opinion or belief about the influence of certain groups without intending to demean or degrade, thus not classifying it as hate speech.']","The post is likely to result in high disagreement among annotators. While some may see it as perpetuating harmful stereotypes about Jewish groups, others may interpret it as an expression of opinion without explicit hate speech elements. Therefore, approximately 60% of annotators might classify it as hate speech due to the implied stereotypes, while 40% might not see it as hate speech, viewing it as a controversial opinion instead.",0.09999999999999998,0.09999999999999998,0.0,0.09999999999999998
136,14687,Are Preppers Terrorists ? https://www.youtube.com/watch?v=fsGj9PsWtZ8  #GabFam #Gab #BritFam #UK,0.5,0.3,0.7,"['Some annotators might view the post as a neutral question asking for opinions on a topic without any hate speech intent.', 'Others might see the post as potentially demeaning to preppers by associating them with terrorism, which could be considered an assault on human dignity.', 'Some annotators might consider the post as not containing any vulgarity or offensive language, as it does not use profanity or slurs.', 'The post does not contain any explicit calls for violence, so it might not be seen as inciting harm.']","The post is likely to have a moderate level of disagreement among annotators. While some may see it as a neutral inquiry, others might interpret it as demeaning to a specific group (preppers) by associating them with terrorism. However, the lack of vulgar language and calls for violence might lead a majority to classify it as not hate speech. Therefore, approximately 30% might classify it as hate speech, while 70% might not.",0.2,0.20000000000000004,0.0,0.2
137,14851,"It's really interesting that the black boy is wearing a sweatshirt with a blond girl with her eyes crossed out. The portrait really reminds me of the art of wolfgang willrich, a famous German artist. Also, in the same article the only white girl is wearing a shirt that says ""Superior,"" lol. ",0.5,0.4,0.6,"['The post may be seen as demeaning or degrading to individuals based on race, as it highlights racial characteristics in a potentially negative or mocking way.', 'The reference to Wolfgang Willrich, a German artist associated with Nazi propaganda, could be interpreted as an implicit endorsement of racist ideologies, which may be considered an assault on human dignity.', ""The use of 'lol' at the end of the post could be seen as trivializing or mocking the racial dynamics described, which might be offensive to some readers."", 'Some annotators might view the post as a mere observation of art and fashion without any intent to demean or degrade, thus not classifying it as hate speech.', 'The post does not contain explicit calls for violence or physical harm against any group, which might lead some annotators to classify it as not hate speech.', 'The post does not use vulgarity or explicit slurs, which might lead some annotators to view it as not hate speech.']","The post contains elements that could be interpreted as racially insensitive or offensive, particularly the reference to a Nazi-associated artist and the racial dynamics described. However, it lacks explicit vulgarity or calls for violence, leading to potential disagreement among annotators. Some may see it as an observation rather than hate speech, while others may find it demeaning or degrading. Therefore, I predict that 40% of annotators might classify it as hate speech, while 60% might not.",0.09999999999999998,0.09999999999999998,0.0,0.09999999999999998
138,15014,Only the kikes are the ones who aren't religious but a race conning people into believing they are a religion. Perhaps the pope is a crypto kike,0.5,0.9,0.1,"[""The post contains anti-Semitic language, using the slur 'kikes' which is a clear assault on human dignity based on race and religion."", 'The post perpetuates harmful stereotypes about Jewish people, suggesting they are deceitful, which is degrading and demeaning.', ""The use of the term 'crypto kike' is offensive and vulgar, further contributing to the post's hateful nature."", 'The post does not explicitly call for violence, but the dehumanizing language could be seen as indirectly encouraging hostility towards Jewish people.', 'Some annotators might focus on the historical context of the slur and its impact, leading them to classify it as hate speech.', 'Others might argue that while the language is offensive, it does not directly incite violence, and therefore might not meet their threshold for hate speech.']","The post is likely to be classified as hate speech by a significant majority of annotators due to its use of a racial slur and demeaning language towards Jewish people. However, a small percentage might not classify it as hate speech if they focus solely on the absence of direct calls for violence.",0.4,0.4000000000000001,0.0,0.4
139,15348,"A black actor plays a GOOD role model on TV for half a decade. No rap, no crap, plays a dedicated father, husband and doctor. Works hard. That doesn't sell, honesty and integrity don't make a black man famous these days. But he keeps his head up and takes some good, honest, hard work while in his 50s, workong at a grocery store. No welfare check. Work. Two lesbians see him, snap his picture withou...",0.5,0.4,0.6,"['The post highlights racial stereotypes by implying that black men are typically associated with negative roles such as rap and crime, which could be seen as an assault on human dignity.', 'The post praises a black actor for being a good role model, which could be interpreted as a positive message, not hate speech.', ""The mention of 'no welfare check' could be interpreted as a stereotype about black people being on welfare, which might be considered offensive."", 'The post does not contain any explicit calls for violence.', 'The language used in the post is not vulgar or profane, but it may be considered offensive due to the stereotypes it perpetuates.']","The post contains elements that could be interpreted as both positive and negative. On one hand, it praises a black actor for being a good role model, which is a positive message. On the other hand, it perpetuates stereotypes about black men and welfare, which could be seen as offensive. There is no explicit vulgarity or calls for violence. Given these mixed elements, there is likely to be some disagreement among annotators, but not extremely high. Therefore, I predict that 40% of annotators might classify this as hate speech due to the stereotypes, while 60% might not classify it as hate speech, focusing on the positive aspects of the message.",0.09999999999999998,0.09999999999999998,0.0,0.09999999999999998
140,15349,"At the Aretha Franklin funeral today, Rev. Jasper Williams, Jr. caused a mass triggering among the children of the lie. He called out the problems in the black community; especially black-on-black violence and rampant single motherhood. He preached against the hypocrisy of Black Lives Matter. He said blacks have killed more blacks than the KKk ever did and that single, black, women cannot raise st...",0.5,0.4,0.6,"['The post highlights issues within the black community, such as black-on-black violence and single motherhood, which some may view as a necessary critique rather than hate speech.', 'The post could be seen as demeaning to black individuals by suggesting that they are responsible for their own problems, which could be interpreted as an assault on human dignity.', ""The mention of 'children of the lie' and criticism of Black Lives Matter might be seen as offensive or dismissive of legitimate social justice movements, potentially falling under vulgarity or offensive language."", 'The post does not explicitly call for violence, but it does criticize a racial group, which could be interpreted as indirectly inciting negative sentiments.', 'Some may view the post as a legitimate expression of concern about societal issues, not as hate speech, due to the lack of explicit derogatory language or calls for violence.']","The post discusses sensitive topics related to race and community issues, which can be interpreted in various ways. Some annotators might see it as a critique of societal problems without crossing into hate speech, while others might view it as demeaning to a specific racial group. The lack of explicit calls for violence and the focus on community issues might lead to a higher percentage of annotators not classifying it as hate speech. However, the language used and the criticism of Black Lives Matter could still be seen as offensive or dismissive, leading to some annotators classifying it as hate speech. Therefore, there is likely to be moderate disagreement among annotators, with an estimated 40% classifying it as hate speech and 60% not classifying it as such.",0.09999999999999998,0.09999999999999998,0.0,0.09999999999999998
141,15350,"Monkey, monkey, monkey, monkey, monkey, monkey, monkey, monkey 🐵🐒🦍 Just saying it before my Google keyboard won't let my white fingers type it out anymore.  ***UNAUTHORIZED WORD SEQUENCE*** YOU DO NOT HAVE THE CORRECT DNA PATTERN TO USE THIS WORD. PLEASE TRY A DIFFERENT WORD. CONTINUED ATTEMPTS TO USE UNAUTHORIZED WORDS MAY RESULT IN THE SUSPENSION OF YOUR DATA PRIVILEGES.",0.5,0.6,0.4,"[""The post uses the word 'monkey' repeatedly, which can be interpreted as a racial slur when directed at people of African descent, thus it may be seen as an assault on human dignity."", 'The post does not directly call for violence or physical harm against any group, so it may not be considered a call for violence.', 'The post contains a sarcastic tone about censorship and unauthorized language, which may be interpreted as offensive or vulgar, but not necessarily hate speech.', 'Some annotators might see the post as a critique of censorship and not as hate speech, focusing on the satirical element rather than any racial implications.', ""The use of 'monkey' in a repetitive and mocking context could be seen as demeaning, especially if perceived as targeting a specific racial group, leading some annotators to classify it as hate speech.""]","The post contains language that can be interpreted in multiple ways. Some annotators might view it as hate speech due to the potential racial implications of the word 'monkey' and its historical use as a slur. Others might see it as a satirical comment on censorship, not intended to demean any group. Given these interpretations, there is likely to be a moderate level of disagreement among annotators. Approximately 60% might classify it as hate speech due to the racial undertones, while 40% might not, focusing on the satirical or non-targeted nature of the post.",0.09999999999999998,0.09999999999999998,0.0,0.09999999999999998
142,15463,"Headline: Republicans Resist Plan To Rename Senate Building For McCain  I don't know, 'Crapweasel Senate Building' kind of has a ring to it.",0.5,0.1,0.9,"[""The post uses the term 'Crapweasel' which could be seen as vulgar or offensive language, but it is not directed at a specific protected group, so it may not be considered hate speech."", 'The post is making a political joke or commentary, which some may find in poor taste but not necessarily hate speech.', 'The post does not contain any direct assaults on human dignity as it does not target individuals or groups based on protected characteristics.', 'There is no call for violence or incitement to harm in the post, so it is unlikely to be classified as hate speech based on that aspect.', ""Some annotators might view the use of 'Crapweasel' as disrespectful or demeaning, but not rising to the level of hate speech.""]","The post is likely to be classified as not hate speech by the majority of annotators due to the lack of direct attacks on protected groups or calls for violence. The use of the term 'Crapweasel' might be seen as offensive or vulgar, but it is not sufficient to classify the post as hate speech. Therefore, I predict that 10% of annotators might classify it as hate speech due to the offensive language, while 90% would classify it as not hate speech.",0.4,0.4000000000000001,0.0,0.4
143,15466,"Amazing how the guy who wrote/directed the greatest libertarian TV show of all time (Firefly) and the greatest libertarian movie of all time (Serenity) turned into such a far-left idiot. Yeah, talking about 'male feminist' Trump-hating moron Joss Whedon.",0.5,0.1,0.9,"['The post criticizes Joss Whedon for his political views, which some may see as a personal attack but not necessarily hate speech.', ""The term 'idiot' and 'moron' are offensive but are not directed at a protected characteristic, so it may not be considered hate speech."", 'The post does not contain any calls for violence or incitement to harm.', 'The language used is vulgar and offensive, but it is more of a personal insult rather than a group-based attack.', 'Some annotators might see the post as a critique of political ideology rather than an assault on human dignity.']","The post is likely to be classified as not hate speech by the majority of annotators. While it contains offensive language, it does not target a protected characteristic or incite violence. Therefore, approximately 10% of annotators might classify it as hate speech due to the use of terms like 'idiot' and 'moron', while 90% would likely classify it as not hate speech.",0.4,0.4000000000000001,0.0,0.4
144,15553,"He is probably only a good goy, oblivious to the damage he is doing enforcing the Jew governments destructive laws in a desperate attempt to bring order to his crypto-jew riddled life. ",0.5,0.7,0.3,"[""The post contains anti-Semitic language, referring to 'Jew governments' and 'crypto-jew,' which can be seen as an assault on human dignity by demeaning individuals based on religion or ethnicity."", ""The use of the term 'goy' is derogatory and can be considered offensive language, contributing to the post being classified as hate speech."", 'The post does not explicitly call for violence, but the language used could be interpreted as inciting hostility against Jewish people.', 'Some annotators might view the post as a critique of government policies without intending to demean a specific group, thus not classifying it as hate speech.', ""The post's language is highly charged and likely to be interpreted as hate speech by those sensitive to anti-Semitic tropes.""]","The post is likely to be classified as hate speech by a majority of annotators due to its use of anti-Semitic language and derogatory terms. However, a minority might not see it as hate speech if they interpret it as a critique of government policies without intent to demean a specific group. Therefore, approximately 70% of annotators might classify it as hate speech, while 30% might not.",0.19999999999999996,0.19999999999999996,0.0,0.19999999999999996
145,15684,'First Man' is a liberal's wet dream. So pretty much a fantasy fiction movie. I'll pass.,0.4,0.1,0.9,"['The post does not contain any direct assaults on human dignity as it does not target any specific group based on race, ethnicity, gender, religion, sexual orientation, or other protected characteristics.', 'The post does not contain calls for violence or incite physical harm against any individuals or groups.', ""The post uses the phrase 'liberal's wet dream,' which could be considered vulgar or offensive by some, but it is not directed at a specific individual or group in a harmful way."", ""Some annotators might view the phrase 'liberal's wet dream' as a derogatory or dismissive comment towards liberals, potentially demeaning their views or preferences."", 'Other annotators might see the post as a simple expression of personal opinion about a movie, without any intent to harm or offend.']","The post is likely to be categorized as 'low' disagreement because it does not clearly fall into the hate speech categories, and it is more likely to be seen as a personal opinion about a movie rather than hate speech. The use of the phrase 'liberal's wet dream' might be seen as mildly offensive or dismissive, but it is not overtly harmful or degrading. Therefore, I predict that 10% of annotators might classify it as hate speech due to the potentially offensive language, while 90% would classify it as not hate speech.",0.30000000000000004,0.18000000000000005,0.09999999999999998,0.4
146,15686,I bet some one at NPR will be fired for reporting the truth.,0.4,0.05,0.95,"['The post does not contain any direct assaults on human dignity as it does not target any specific group based on race, ethnicity, gender, religion, sexual orientation, or other protected characteristics.', 'The post does not contain any calls for violence or incitement to physical harm against individuals or groups.', 'The post does not contain vulgarity or offensive language, as it does not use profanity or slurs.', 'The post may be interpreted as a critique of media practices, suggesting that reporting the truth could lead to negative consequences, but this is not inherently hate speech.']","The post is likely to be classified as not hate speech by the majority of annotators, as it does not exhibit characteristics of hate speech such as assaults on human dignity, calls for violence, or vulgarity. It is more of a commentary on media practices. Therefore, I predict that 5% of annotators might classify it as hate speech due to potential misinterpretation or subjective views, while 95% would classify it as not hate speech.",0.35000000000000003,0.22272727272727275,0.09999999999999998,0.45
147,15900,Only in #islam do they brainwash children to want to become #terrorists.,0.5,0.7,0.3,"['The post is an assault on human dignity as it demeans and degrades individuals based on religion, specifically targeting Islam and Muslims by associating them with terrorism.', 'The post does not explicitly call for violence, but it perpetuates harmful stereotypes that could indirectly incite hostility or discrimination against Muslims.', ""The post contains offensive language by using terms like 'brainwash' and 'terrorists' in a derogatory manner towards a religious group."", 'Some annotators might view the post as a critique of extremist practices rather than a blanket statement about Islam, leading them to classify it as not hate speech.']","The post is likely to be classified as hate speech by a majority of annotators due to its demeaning language towards a religious group and perpetuation of harmful stereotypes. However, a minority might not classify it as hate speech, viewing it as a critique of extremism rather than Islam as a whole. Therefore, the predicted percentages are 70% classifying it as hate speech and 30% not classifying it as hate speech.",0.19999999999999996,0.19999999999999996,0.0,0.19999999999999996
148,15946,"seriously such a stupid statement.  Boy??  24 and a father.   All American?  No, illegal Mexican             mexiscam          WHY honestly do the libs take an illegal alien killer and try to make them heroic?  He's a drunk stabbing murderer.  ",0.5,0.7,0.3,"[""The post contains demeaning language towards individuals of Mexican descent, referring to them as 'illegal Mexican' and 'mexiscam', which can be seen as an assault on human dignity."", 'The post does not explicitly call for violence, but it does use language that could be interpreted as inciting negative sentiment against a specific ethnic group.', ""The use of terms like 'illegal Mexican' and 'mexiscam' can be considered vulgar and offensive, contributing to a perception of hate speech."", ""Some annotators might view the post as expressing a political opinion rather than hate speech, focusing on the criticism of 'libs' and the portrayal of an 'illegal alien killer'."", ""The post's language could be seen as inflammatory and perpetuating stereotypes, which might lead some annotators to classify it as hate speech.""]","The post contains language that demeans individuals based on ethnicity, specifically targeting Mexicans with terms like 'illegal Mexican' and 'mexiscam'. This can be seen as an assault on human dignity. While there is no direct call for violence, the language used could incite negative sentiment against a specific ethnic group. The use of offensive terms contributes to the perception of hate speech. However, some annotators might interpret the post as a political opinion rather than hate speech, focusing on the criticism of 'libs' and the portrayal of an 'illegal alien killer'. Given these factors, there is likely to be some disagreement among annotators, but a majority might classify it as hate speech due to the demeaning and offensive language. Therefore, the estimated percentages are 70% classifying it as hate speech and 30% not classifying it as hate speech.",0.19999999999999996,0.19999999999999996,0.0,0.19999999999999996
149,16245,He's to much a coward,0.5,0.1,0.9,"['The post is not hate speech as it does not target any specific individual or group based on protected characteristics.', ""The post uses the term 'coward,' which is a derogatory term but not necessarily hate speech unless directed at a specific group or individual based on protected characteristics."", 'The post lacks context, making it difficult to determine if it is an assault on human dignity or a call for violence.', 'The post does not contain any vulgarity or offensive language that targets a specific group or individual based on protected characteristics.']","The post 'He's too much a coward' is likely to be interpreted as not hate speech by most annotators. It does not explicitly target any protected group or individual based on race, ethnicity, gender, religion, sexual orientation, or other characteristics. The use of the word 'coward' is derogatory but not necessarily hate speech unless context indicates otherwise. Given the lack of context and specificity, it is likely that 10% of annotators might consider it hate speech due to the derogatory nature of the term, while 90% would classify it as not hate speech.",0.4,0.4000000000000001,0.0,0.4
150,16366,"I said homosexuality is NOT natural and have been suspended until I take down my tweets, they will have a long wait,I hardly use twitter.",0.5,0.4,0.6,"[""The post expresses a personal belief that homosexuality is not natural, which could be seen as demeaning to individuals based on sexual orientation, potentially falling under 'Assaults on Human Dignity'."", ""The post does not explicitly call for violence or physical harm against any group, so it does not fall under 'Calls for Violence'."", ""The language used in the post is not vulgar or profane, so it does not fall under 'Vulgarity and/or Offensive Language'."", 'Some annotators might view the post as expressing a controversial opinion rather than hate speech, as it does not use slurs or explicitly derogatory language.', 'Others might see the post as perpetuating harmful stereotypes or beliefs about LGBTQ+ individuals, which could be considered a form of hate speech.']","The post is likely to generate some disagreement among annotators. While it does not contain explicit calls for violence or vulgar language, it does express a belief that could be seen as demeaning to a group based on sexual orientation. Some annotators might classify it as hate speech due to its potential to perpetuate harmful stereotypes, while others might see it as a controversial opinion rather than hate speech. Therefore, the disagreement level is 'high', with an estimated 40% of annotators classifying it as hate speech and 60% not classifying it as such.",0.09999999999999998,0.09999999999999998,0.0,0.09999999999999998
151,16384,I wonder if it was the shouting 'white pussies' while hitting them with golf clubs and crowbars that tipped to the police off to a 'hate crime' ,0.5,0.7,0.3,"['The post is describing a violent incident where individuals were targeted based on their race, which constitutes an assault on human dignity.', ""The use of the phrase 'white pussies' is a racial slur and vulgar language, which can be considered offensive and degrading."", 'The post does not explicitly call for violence but describes a violent act, which may be interpreted as endorsing or trivializing violence against a racial group.', ""Some annotators might view the post as a critique of the police's response to hate crimes, rather than an endorsement of the violence described.""]","The post contains elements that could be interpreted as hate speech, particularly in its description of a racially motivated violent act and the use of offensive language. However, some annotators might see it as a commentary on the situation rather than an endorsement of the actions. Given these factors, there is likely to be some disagreement among annotators, but a majority may classify it as hate speech due to the explicit racial and violent content.",0.19999999999999996,0.19999999999999996,0.0,0.19999999999999996
152,16515,Who cares what John Dean says. The commies keep living in the past.,0.5,0.3,0.7,"[""The post uses the term 'commies' which could be seen as a derogatory term for communists, potentially demeaning individuals with certain political beliefs, but it does not target a protected characteristic like race or gender."", 'The post does not contain any explicit calls for violence or incitement to harm individuals or groups.', 'The language used in the post is dismissive and could be considered offensive to some, but it lacks vulgarity or profanity.', ""Some annotators might view the term 'commies' as a historical or political reference rather than hate speech, leading to differing interpretations.""]","The post contains language that could be interpreted as offensive or dismissive, particularly with the use of the term 'commies.' However, it does not explicitly attack a protected characteristic or incite violence. Given the potential for differing interpretations of the term 'commies' and the lack of explicit hate speech elements, there is likely to be moderate disagreement among annotators. Approximately 30% might classify it as hate speech due to the derogatory nature of the term, while 70% might not see it as hate speech, viewing it as a political opinion or dismissive comment.",0.2,0.20000000000000004,0.0,0.2
153,16605,"I have a blacke co-worker who listens to MSNBC all day on his computer. I had never watched the channel, and didn’t know much about it. I can now say it delivers the most incoherent set of conspiracy theories I have ever had to listen to.",0.4,0.1,0.9,"['The post does not contain any direct assaults on human dignity as it does not demean or degrade individuals or groups based on race, ethnicity, gender, religion, sexual orientation, or other protected characteristics.', ""The mention of the co-worker's race ('blacke') could be seen as unnecessary and potentially indicative of a bias, but it does not explicitly demean or degrade the individual."", 'The post does not contain any calls for violence or incitement to physical harm against individuals or groups.', 'The post does not use vulgarity or offensive language, although it does express a negative opinion about MSNBC, which is not inherently hate speech.', ""Some annotators might view the mention of the co-worker's race as an implicit bias or microaggression, while others might see it as a neutral descriptor.""]","The post is likely to be classified as not hate speech by the majority of annotators, as it does not contain explicit hate speech elements such as assaults on human dignity, calls for violence, or vulgarity. However, the mention of the co-worker's race might lead a small percentage of annotators to view it as having a subtle bias or microaggression. Therefore, I predict that 10% of annotators might classify it as hate speech, while 90% would classify it as not hate speech.",0.30000000000000004,0.18000000000000005,0.09999999999999998,0.4
154,16609,It may not be an exclusive “black thing” but it is in high proportion to the black populace. https://www.amren.com/news/2018/08/former-mayor-fo...,0.6,0.4,0.6,"[""The post suggests a stereotype about the black populace, which could be seen as demeaning or degrading, thus falling under 'Assaults on Human Dignity'."", ""The post does not explicitly call for violence against any group, so it does not fall under 'Calls for Violence'."", ""The language used in the post is not overtly vulgar or offensive, so it does not fall under 'Vulgarity and/or Offensive Language'."", 'Some annotators might view the post as a factual statement or opinion rather than hate speech, leading them to classify it as not hate speech.', 'Others might interpret the post as perpetuating harmful stereotypes, which could be considered a form of hate speech.']","The post contains a statement that could be interpreted in multiple ways. Some annotators might see it as perpetuating a stereotype about the black populace, which could be considered demeaning and thus a form of hate speech. However, since it does not contain explicit calls for violence or vulgar language, and could be seen as a factual statement or opinion, there is likely to be disagreement among annotators. Therefore, I predict that 40% of annotators might classify it as hate speech, while 60% might not.",0.19999999999999996,0.19999999999999996,0.09999999999999998,0.09999999999999998
155,16627,Doctors should be imprisoned or shot for exploiting these mentally challenged individuals for profit. ,0.5,0.6,0.4,"[""The post contains a call for violence against doctors, suggesting they should be 'imprisoned or shot', which is a clear incitement to violence."", ""The post uses offensive language by referring to individuals as 'mentally challenged', which could be seen as demeaning or degrading."", 'Some annotators might view the post as a critique of unethical medical practices rather than hate speech, focusing on the exploitation aspect rather than the violent language.', 'The post does not target a specific race, ethnicity, gender, religion, or sexual orientation, which might lead some annotators to not classify it as hate speech based on assaults on human dignity.']","The post is likely to result in high disagreement among annotators. While the call for violence is explicit, the context of criticizing unethical practices might lead some to view it as a strong opinion rather than hate speech. Therefore, approximately 60% of annotators might classify it as hate speech due to the violent language, while 40% might not, focusing on the critique of exploitation.",0.09999999999999998,0.09999999999999998,0.0,0.09999999999999998
156,16768,". @SpeakerRyan: ""Blah, blah, blah, I'm a coward and will cave on immigration. SECONDLY, I want to talk about working American families.""  Well, it just says it all, folks. They truly deserve a bludgeoning at the ballot box.",0.5,0.1,0.9,"[""The post uses the term 'coward' which could be seen as offensive language, but it is directed at a public figure and may be considered part of political discourse."", ""The phrase 'deserve a bludgeoning at the ballot box' is metaphorical and refers to electoral defeat, not physical violence, so it does not constitute a call for violence."", 'The post does not target any specific group based on race, ethnicity, gender, religion, or other protected characteristics, so it does not assault human dignity in that regard.', 'Some annotators might view the language as harsh or aggressive, but within the context of political criticism, it may not be classified as hate speech.']","The post is likely to be interpreted as political criticism rather than hate speech. While it uses strong language, it does not explicitly demean a protected group or incite violence. Therefore, it is expected that a small percentage of annotators might classify it as hate speech due to the use of the word 'coward' and the aggressive tone, but the majority would not. The disagreement level is low as the context is clear and the language is typical of political discourse.",0.4,0.4000000000000001,0.0,0.4
157,16780,Tumorboy McFaggot Admits He Leaked the Steele Dossier ,0.5,0.7,0.3,"[""The post uses a derogatory term 'McFaggot' which is a slur against LGBTQ+ individuals, potentially assaulting human dignity based on sexual orientation."", ""The term 'Tumorboy' could be seen as demeaning to individuals with medical conditions, potentially assaulting human dignity based on health status."", 'The post does not contain any explicit calls for violence or incitement to physical harm.', 'The language used is vulgar and offensive, containing slurs that are likely to be considered hate speech by some annotators.', 'Some annotators might argue that the post is intended as satire or dark humor, which could influence their perception of whether it constitutes hate speech.']","The post contains offensive language and slurs that are likely to be interpreted as hate speech by a majority of annotators. However, some may view it as an attempt at humor or satire, leading to a minority not classifying it as hate speech. Therefore, approximately 70% of annotators might classify it as hate speech, while 30% might not.",0.19999999999999996,0.19999999999999996,0.0,0.19999999999999996
158,16814,"Oh, good!  Someone named Pankaj Mishra is here to tell me why my race isn’t worthy of looking after its own interests like everyone else is. https://www.nytimes.com/2018/08/30/opinion/race-po...",0.5,0.3,0.7,"['The post may be seen as demeaning or degrading to individuals based on race, as it implies that a person of a certain race (Pankaj Mishra) is not qualified to speak on racial issues.', 'The post does not explicitly call for violence or physical harm against any individual or group.', 'The post contains sarcasm and potentially offensive language, but it does not use explicit profanity or slurs.', 'Some annotators might view the post as expressing a personal opinion or criticism rather than hate speech.', 'The post could be interpreted as highlighting a perceived double standard in racial discourse, which might not be considered hate speech by some.']","The post contains elements that could be interpreted as demeaning based on race, but it does not explicitly call for violence or use vulgar language. Annotators might disagree on whether it constitutes hate speech due to its sarcastic tone and the context of discussing racial issues. Therefore, there is likely to be moderate disagreement among annotators, with approximately 30% classifying it as hate speech and 70% not classifying it as such.",0.2,0.20000000000000004,0.0,0.2
159,16900,'Mentally Ill' by jiangweisen https://www.deviantart.com/jiangweisen/art/Mentall...check out this article on #Canada releasing a Muslim terrorist who went on a stabbing rampage -- the land of the northern loons.,0.5,0.4,0.6,"['The post may be seen as demeaning to Muslims by associating them with terrorism, which could be considered an assault on human dignity based on religion.', ""The use of the term 'Muslim terrorist' could be interpreted as a generalization that unfairly links a religion to acts of violence, potentially inciting negative stereotypes."", ""The phrase 'land of the northern loons' might be viewed as derogatory towards Canada, but it is less likely to be considered hate speech as it targets a country rather than a protected group."", 'Some annotators might see the post as simply reporting on a news event without intending to incite hate, thus not classifying it as hate speech.', 'The post does not contain explicit calls for violence or vulgar language, which might lead some annotators to classify it as not hate speech.']","The post contains elements that could be interpreted as hate speech, particularly in its potential to demean Muslims by associating them with terrorism. However, it lacks explicit calls for violence or vulgar language, which might lead to a split in opinion among annotators. Some may view it as perpetuating harmful stereotypes, while others may see it as a commentary on a specific incident without broader implications. Given these factors, there is likely to be moderate disagreement among annotators, with an estimated 40% classifying it as hate speech and 60% not classifying it as such.",0.09999999999999998,0.09999999999999998,0.0,0.09999999999999998
160,17029,WTH !?  I heard McCain was dying ! Lots of energy for an asswipe on his death bed.,0.5,0.3,0.7,"[""The post uses vulgar and offensive language ('asswipe') which may be considered disrespectful but not necessarily hate speech."", 'The post does not target a specific group based on race, ethnicity, gender, religion, or sexual orientation, so it may not be considered an assault on human dignity.', 'The post does not contain any direct calls for violence or incitement to harm, so it may not be considered hate speech in that regard.', 'Some annotators might view the post as distasteful or disrespectful towards an individual who is ill, but not as hate speech.', ""Others might see the use of 'asswipe' as a form of demeaning language that could be interpreted as hate speech, depending on the context and the perceived intent of the post.""]","The post contains vulgar language and is disrespectful towards an individual, but it does not clearly fall into the categories of hate speech related to assaults on human dignity or calls for violence. Therefore, there might be some disagreement among annotators, but it is likely that a majority would not classify it as hate speech. The estimated percentages are 30% of annotators classifying it as hate speech and 70% not classifying it as hate speech.",0.2,0.20000000000000004,0.0,0.2
161,17155,NEW YORK CITY: Avi Yemeni’s man-on-the-street interviews about Donald Trump in the middle of Times Square http://barenakedislam.com/2018/08/31/new-york-city... #AgendaOfEvil,0.4,0.1,0.9,"['The post does not contain any direct assaults on human dignity as it does not demean or degrade individuals or groups based on race, ethnicity, gender, religion, sexual orientation, or other protected characteristics.', 'The post does not contain any calls for violence or incitement to physical harm against individuals or groups.', 'The hashtag #AgendaOfEvil could be interpreted as offensive or suggestive of a negative agenda, but it is not explicitly vulgar or a slur.', 'The post is primarily informational, sharing a link to an interview, and does not contain explicit hate speech content.']","The post is likely to be classified as not hate speech by the majority of annotators due to the lack of explicit hate speech elements. However, the hashtag #AgendaOfEvil might cause a small percentage of annotators to view it as potentially offensive or suggestive of a negative agenda. Therefore, I predict that 10% of annotators might classify it as hate speech, while 90% would classify it as not hate speech.",0.30000000000000004,0.18000000000000005,0.09999999999999998,0.4
162,17156,Berlin: Attackers Hurl Stones at Church While Shouting “Allahu Akbar” https://www.newswars.com/berlin-attackers-hurl-sto... #AgendaOfEvil,0.4,0.6,0.4,"['The post reports on an incident involving violence against a religious institution, which could be seen as a call for violence or an endorsement of such actions, potentially classifying it as hate speech.', ""The use of the phrase 'Allahu Akbar' in the context of an attack might be interpreted as an attempt to associate a religious group with violence, which could be seen as an assault on human dignity."", ""The hashtag '#AgendaOfEvil' could be interpreted as a derogatory or offensive label towards a particular group, potentially contributing to hate speech."", 'Some annotators might view the post as simply reporting a news event without endorsing or inciting violence, thus not classifying it as hate speech.', 'The post does not contain explicit vulgarity or offensive language, which might lead some annotators to classify it as not hate speech.']","The post describes an incident where attackers reportedly hurled stones at a church while shouting 'Allahu Akbar.' This could be interpreted in several ways:

1. **Assaults on Human Dignity**: The mention of 'Allahu Akbar' in the context of an attack might be seen as an attempt to associate a religious group with violence, which could be perceived as an assault on human dignity.

2. **Calls for Violence**: The post reports on an act of violence against a religious institution, which could be interpreted as a call for violence or an endorsement of such actions, potentially classifying it as hate speech.

3. **Vulgarity and/or Offensive Language**: The post does not contain explicit vulgarity or offensive language, but the hashtag '#AgendaOfEvil' could be interpreted as a derogatory or offensive label towards a particular group.

**Annotator Opinions**:
- Some annotators might view the post as reporting a news event without endorsing or inciting violence, thus not classifying it as hate speech.
- Others might see the association of a religious phrase with violence and the use of a derogatory hashtag as elements of hate speech.

**Disagreement Level**: High disagreement is likely, as interpretations can vary based on how one perceives the intent and impact of the language used.

**Predicted Percentages**: Based on these opinions, approximately 60% of annotators might classify the post as hate speech, while 40% might not.",0.19999999999999996,0.19999999999999996,0.09999999999999998,0.09999999999999998
163,17159,U.S. accuses China of ‘super aggressive’ spy campaign on LinkedIn https://www.newswars.com/u-s-accuses-china-of-supe... #AgendaOfEvil,0.4,0.1,0.9,"['The post is not hate speech as it reports on a news event without demeaning or degrading individuals or groups based on protected characteristics.', 'The use of the hashtag #AgendaOfEvil could be interpreted as offensive or demeaning towards China, potentially suggesting a negative stereotype or bias.', 'The post does not contain any explicit calls for violence against individuals or groups.', 'The language used in the post is not vulgar or profane, but the hashtag could be seen as inflammatory or provocative.']","The post primarily reports on a news event and does not explicitly demean or degrade individuals or groups based on protected characteristics. However, the hashtag #AgendaOfEvil could be interpreted as offensive or demeaning towards China, potentially suggesting a negative stereotype or bias. There are no explicit calls for violence, and the language is not vulgar or profane, though the hashtag could be seen as inflammatory. Given these considerations, there is likely to be low disagreement among annotators, with the majority classifying it as not hate speech. Predicted percentages: 10% hate speech, 90% not hate speech.",0.30000000000000004,0.18000000000000005,0.09999999999999998,0.4
164,17161,UK: Father of two jihadis killed in Syria threatens to have his wife shot if she gave evidence against him https://www.jihadwatch.org/2018/08/uk-father-of-tw... #AgendaOfEvil,0.6,0.3,0.7,"[""The post may be seen as reporting on a news event without endorsing or promoting hate speech, focusing on a specific individual's actions rather than a group."", ""Some annotators might view the use of 'jihadis' as potentially demeaning or degrading, as it could be interpreted as a derogatory term for Muslims, thus assaulting human dignity."", 'The hashtag #AgendaOfEvil could be interpreted as a generalization or demonization of a group, potentially contributing to hate speech.', 'The post does not explicitly call for violence, but it reports on a threat of violence, which might be seen as indirectly promoting a violent narrative.', 'The post does not contain vulgarity or offensive language directly, but the context of the threat and the hashtag might be seen as offensive to some.']","The post is likely to generate some disagreement among annotators due to its nuanced context and the use of potentially loaded terms. While it reports on a specific incident, the language and hashtag used could be interpreted as contributing to a narrative that degrades a group based on religion. However, it does not explicitly call for violence or use vulgar language. Therefore, there might be a moderate level of disagreement, with approximately 30% of annotators classifying it as hate speech and 70% not classifying it as such.",0.3,0.3,0.09999999999999998,0.2
165,17164,It didn’t start with the Southern Poverty Law Center: the global jihad has always been aided by Useful Idiots https://www.jihadwatch.org/2018/08/it-didnt-start-... #AgendaOfEvil,0.6,0.4,0.6,"[""The post may be seen as demeaning or degrading to individuals or groups by associating them with 'Useful Idiots' and 'global jihad', which could be interpreted as an assault on human dignity, particularly towards Muslims or those who support Muslim communities."", ""The post does not explicitly call for violence or incite physical harm against any individuals or groups, so it may not be considered hate speech under the 'Calls for Violence' aspect."", ""The use of the term 'Useful Idiots' could be considered offensive or derogatory, but it is not vulgar or profane, which may lead some annotators to not classify it as hate speech based on vulgarity or offensive language."", 'Some annotators might view the post as a critique of certain organizations or ideologies rather than a direct attack on a protected group, leading them to classify it as not hate speech.', 'The hashtag #AgendaOfEvil could be interpreted as inflammatory or as an attempt to vilify certain groups, which might influence some annotators to see it as hate speech.']","The post contains language that could be interpreted in multiple ways, leading to a moderate level of disagreement among annotators. Some may see it as an indirect attack on Muslims or those associated with them, while others may view it as a political statement or critique. The lack of explicit calls for violence and the absence of vulgar language contribute to the likelihood that a majority of annotators might not classify it as hate speech, but a significant minority might due to perceived demeaning language and the use of the hashtag.",0.19999999999999996,0.19999999999999996,0.09999999999999998,0.09999999999999998
166,17199,"Almost 1 of every 4 human beings is retarded, pedophile, terrorist, incestious, sadist, delusional or just crazy. ",0.5,0.6,0.4,"[""The post uses offensive language by labeling a large portion of the population with derogatory terms such as 'retarded,' 'pedophile,' 'terrorist,' 'incestuous,' 'sadist,' 'delusional,' and 'crazy,' which could be seen as an assault on human dignity."", 'The post does not target a specific group based on protected characteristics like race, ethnicity, gender, or religion, which might lead some annotators to not classify it as hate speech.', 'The post does not explicitly call for violence or incite harm against any group, which might lead some annotators to not classify it as hate speech.', ""The use of terms like 'retarded' and 'pedophile' is considered vulgar and offensive, which could lead some annotators to classify it as hate speech."", 'Some annotators might view the post as a hyperbolic or exaggerated statement rather than a serious attack, leading to disagreement on its classification as hate speech.']","The post contains offensive language and derogatory terms that could be seen as an assault on human dignity, but it does not target a specific protected group or call for violence. The vulgarity and offensive nature of the language might lead to a higher percentage of annotators classifying it as hate speech, but the lack of explicit targeting or incitement to violence could lead to some disagreement. Therefore, I predict that 60% of annotators might classify it as hate speech, while 40% might not.",0.09999999999999998,0.09999999999999998,0.0,0.09999999999999998
167,17391,"Just because you have a piece of paper calling you a 'citizen,' doesn't make you American. Just like Mexico sends back her ILLEGALS, who actually are the same race as Mexicans, so, too, will America restore the They all have to go' mindset of the Truman era. Because you will NEVER be American.",0.5,0.6,0.4,"['The post contains an assault on human dignity by suggesting that certain individuals, despite being citizens, are not truly American, which can be seen as demeaning based on national origin or ethnicity.', 'The post does not explicitly call for violence, but it does suggest a mindset of exclusion and removal, which could be interpreted as indirectly encouraging harmful policies or attitudes.', ""The post uses capitalized words like 'ILLEGALS' and 'NEVER,' which can be seen as offensive or derogatory language, though it does not contain explicit vulgarity or slurs."", 'Some annotators might view the post as a political opinion rather than hate speech, focusing on the historical reference to the Truman era and interpreting it as a commentary on immigration policy.', 'Others might see the post as promoting a harmful stereotype that equates citizenship with ethnicity, which could be considered a form of hate speech.']","The post is likely to generate a moderate level of disagreement among annotators. While it does not explicitly call for violence, it contains elements that could be interpreted as demeaning or exclusionary based on national origin or ethnicity. The use of capitalized words like 'ILLEGALS' and 'NEVER' adds an offensive tone, though it lacks explicit vulgarity. Some annotators may view it as a political opinion rather than hate speech, while others may see it as promoting harmful stereotypes. Therefore, approximately 60% of annotators might classify it as hate speech, while 40% might not.",0.09999999999999998,0.09999999999999998,0.0,0.09999999999999998
168,17416,and here we see the faggot it its natural habitat,0.5,0.7,0.3,"[""The post uses a homophobic slur ('faggot'), which is a vulgar and offensive term targeting individuals based on sexual orientation, thus it could be considered hate speech."", 'The post does not explicitly call for violence, but the use of derogatory language can be seen as an assault on human dignity, particularly against the LGBTQ+ community.', 'Some annotators might argue that the post is intended as a joke or satire, which could influence their perception of it as not being hate speech.', ""The post's language is demeaning and degrading, which aligns with hate speech characteristics, but some might see it as less severe if they interpret it as a misguided attempt at humor."", 'Cultural and social context might lead some annotators to view the post as more or less offensive, affecting their classification.']","The post contains a homophobic slur, which is offensive and targets individuals based on sexual orientation. This aligns with the aspect of vulgarity and offensive language, and it can be seen as an assault on human dignity. However, the post does not explicitly call for violence. Given the use of derogatory language, many annotators are likely to classify it as hate speech. Some might argue that it is intended as a joke or satire, which could influence their perception. Considering these factors, I predict that 70% of annotators would classify the post as hate speech, while 30% might not, possibly viewing it as a misguided attempt at humor or less severe.",0.19999999999999996,0.19999999999999996,0.0,0.19999999999999996
169,17478,You can shut the fuck up now and keep your retarded opinions to yourself.,0.5,0.4,0.6,"[""The post contains vulgar and offensive language, specifically the use of profanity ('shut the fuck up') and a derogatory term ('retarded'), which may be considered hate speech by some annotators."", 'The post does not target a specific individual or group based on protected characteristics such as race, ethnicity, gender, etc., so it may not be considered hate speech by some annotators.', 'The post does not contain any explicit calls for violence or incitement to physical harm, which may lead some annotators to classify it as not hate speech.', ""Some annotators might view the use of the term 'retarded' as an assault on human dignity, particularly towards individuals with disabilities, and thus classify it as hate speech."", ""The post's aggressive tone and use of offensive language might lead some annotators to view it as a form of verbal assault, even if not directed at a specific protected group.""]","The post contains offensive language and a derogatory term, which may lead to differing opinions among annotators. Some may classify it as hate speech due to the use of 'retarded' as an insult, while others may not see it as hate speech since it lacks specific targeting of a protected group or calls for violence. Given these factors, there is likely to be moderate disagreement among annotators, with an estimated 40% classifying it as hate speech and 60% not classifying it as such.",0.09999999999999998,0.09999999999999998,0.0,0.09999999999999998
170,17604,"For the liberal democrats it will be over quickly, all dead or badly wounded and dying. It is clear that liberal democrats are domestic terrorists and are calling for the destruction of the country.",0.5,0.6,0.4,"[""The post contains a call for violence against liberal democrats, suggesting they will be 'all dead or badly wounded and dying,' which could be seen as inciting harm."", ""The post labels liberal democrats as 'domestic terrorists,' which could be considered an assault on human dignity by demeaning a political group."", 'The language used in the post is aggressive and could be interpreted as offensive, though it does not contain explicit vulgarity or slurs.', 'Some annotators might view the post as political hyperbole rather than a genuine call for violence, leading them to classify it as not hate speech.', 'The post could be seen as a political opinion, albeit a harsh one, and not necessarily hate speech if interpreted as a critique of political ideology rather than a threat.']","The post is likely to generate a moderate level of disagreement among annotators. Some may see it as a clear call for violence and an assault on human dignity, classifying it as hate speech. Others might interpret it as political rhetoric or hyperbole, not meeting the threshold for hate speech. Therefore, I predict that 60% of annotators would classify it as hate speech, while 40% would not.",0.09999999999999998,0.09999999999999998,0.0,0.09999999999999998
171,17870,Flags have been at half-mast all week here because of that bastard McCain. I would be hard to find a more rotten statesman to memorialize. My flag stays flying high! FUCK JOHN MCCAIN http://halfstaff.org/,0.6,0.3,0.7,"[""The post uses vulgar and offensive language ('bastard', 'FUCK JOHN MCCAIN') which may be considered disrespectful but not necessarily hate speech."", 'The post does not target a group based on race, ethnicity, gender, religion, or sexual orientation, so it may not be considered an assault on human dignity.', 'The post does not contain any direct calls for violence or incitement to harm, so it may not be considered hate speech in that regard.', 'Some annotators might view the post as expressing a strong personal opinion or political dissent rather than hate speech.', 'Others might see the use of offensive language as contributing to a hostile environment, potentially classifying it as hate speech.']","The post contains offensive language directed at a specific individual, John McCain, rather than a group. While the language is vulgar and disrespectful, it does not meet the criteria for hate speech as it does not target a protected characteristic or incite violence. Therefore, there is likely to be some disagreement among annotators, with a minority viewing it as hate speech due to the offensive language, but the majority not classifying it as such. The disagreement level is high due to subjective interpretations of what constitutes hate speech in this context.",0.3,0.3,0.09999999999999998,0.2
172,18024,"Trump: Immigration policy should just be ""you can't come in""  It works for me. ",0.5,0.3,0.7,"['Some annotators might view this post as an assault on human dignity, as it suggests a blanket exclusion of immigrants, which could be seen as demeaning to individuals based on their nationality or ethnicity.', 'Other annotators might not see this as hate speech, interpreting it as a political opinion on immigration policy rather than a direct attack on a specific group.', 'Some might argue that the post lacks vulgarity or offensive language, as it does not use slurs or profanity.', 'There might be a view that the post does not call for violence, as it does not incite or encourage physical harm against any group.']","The post is likely to generate some disagreement among annotators. While it could be seen as demeaning to immigrants, it does not contain explicit vulgarity or calls for violence. Therefore, I predict that 30% of annotators might classify it as hate speech due to perceived assaults on human dignity, while 70% might not classify it as hate speech, viewing it as a political opinion.",0.2,0.20000000000000004,0.0,0.2
173,18032,Telford MP Lucy Allan has the audacity to condem Katy Hoping for speaking out against grooming gangs - you couldn't make it up! ,0.5,0.1,0.9,"['The post criticizes a public figure (Lucy Allan) for condemning another individual (Katy Hoping) who spoke out against grooming gangs, which could be seen as a political or social commentary rather than hate speech.', 'The post does not contain any explicit vulgarity or offensive language directed at individuals or groups, focusing instead on a political disagreement.', 'The post does not make any calls for violence or incite physical harm against individuals or groups.', 'Some annotators might view the post as indirectly supporting a controversial figure (Katy Hoping) who may have made statements that could be considered hate speech, but the post itself does not explicitly endorse such views.', ""The post could be interpreted as an assault on human dignity if the context of 'grooming gangs' is associated with a specific racial or ethnic group, but this is not explicitly stated in the post.""]","The post primarily appears to be a political commentary rather than hate speech. It lacks explicit vulgarity, calls for violence, or direct assaults on human dignity. However, the context of 'grooming gangs' could lead to some annotators perceiving it as indirectly supporting hate speech, especially if they associate the term with specific racial or ethnic groups. Overall, the post is likely to be classified as not hate speech by the majority of annotators, with a small percentage potentially viewing it as hate speech due to contextual interpretations.",0.4,0.4000000000000001,0.0,0.4
174,18041,The first clue that I'm a communist is my Ron Paul shirt. The second clue is my Anarchist profile quote. But what really seals the deal is referring to anti-semites as Jew Haters and trying to have a rational dialogue with them. Only a communist could be THAT stubbornly stupid.,0.5,0.3,0.7,"[""The post uses the term 'Jew Haters,' which could be seen as vulgar or offensive language, but it is directed at anti-semites, which some may argue is justified."", 'The post does not explicitly call for violence or physical harm against any group or individual.', ""The post could be interpreted as demeaning towards communists by associating them with being 'stubbornly stupid,' which could be seen as an assault on human dignity based on political beliefs."", 'Some annotators might see the post as satirical or humorous, thus not taking the language as seriously offensive or hateful.', 'The post does not target any protected characteristic such as race, ethnicity, gender, or religion directly, but it does mention anti-semites, which could be seen as a critique of hate speech itself.']","The post contains elements that could be interpreted as offensive or demeaning, particularly towards communists, but it does not clearly fall into the category of hate speech. The use of the term 'Jew Haters' might be seen as offensive, but it is directed at anti-semites, which complicates the interpretation. Overall, the post is likely to result in some disagreement among annotators, with a minority viewing it as hate speech due to the language used and the potential demeaning of a political group, while the majority may not see it as hate speech, interpreting it as a critique of anti-semitism or as satirical. Therefore, the predicted distribution is 30% of annotators classifying it as hate speech and 70% not classifying it as hate speech.",0.2,0.20000000000000004,0.0,0.2
175,18133,RED ICE TV Proof That Liberalism Is A Cult - Amazing Polly This is worth watching. https://youtu.be/FzdhANrkqkw,0.5,0.4,0.6,"[""The post promotes a video that may contain content demeaning to liberals, potentially assaulting their human dignity by labeling them as part of a 'cult'."", 'The post does not directly call for violence or incite harm against any group, as it merely suggests watching a video.', 'The post does not contain vulgarity or offensive language in its text, though the linked content may contain such language.', 'Some annotators might view the post as not hate speech because it simply shares a video link without explicit derogatory language or calls for violence.', ""Other annotators might consider the post as hate speech due to the implication that liberalism is a 'cult', which could be seen as demeaning or degrading.""]","The post shares a video link with a title that suggests liberalism is a 'cult', which could be interpreted as demeaning to individuals who identify as liberal. However, the post itself does not contain explicit offensive language or direct calls for violence. Annotators might be divided on whether the post constitutes hate speech, with some focusing on the potential demeaning nature of the content and others on the lack of explicit hate speech elements in the post itself. Therefore, there might be moderate disagreement among annotators, with approximately 40% classifying it as hate speech and 60% not classifying it as such.",0.09999999999999998,0.09999999999999998,0.0,0.09999999999999998
176,18243,"Texans, be aware that the corrupt deep state is spending millions to turn your state blue.   Don't be lazy.  Get registered and vote!   Donald Trump says he'll campaign for Ted Cruz at 'biggest stadium in Texas we can find' https://www.texastribune.org/2018/08/31/ted-cruz-b...",0.5,0.05,0.95,"['The post is a political statement encouraging voter registration and participation, which is not hate speech.', ""The mention of 'corrupt deep state' is a common political rhetoric and does not constitute an assault on human dignity."", 'There is no call for violence or incitement to physical harm in the post.', 'The language used is not vulgar or offensive, and there are no slurs present.']","The post is primarily a political message urging people to register and vote, with a specific mention of Donald Trump campaigning for Ted Cruz. It does not contain elements that typically characterize hate speech, such as assaults on human dignity, calls for violence, or vulgar language. Therefore, it is likely that a small percentage of annotators might interpret the 'corrupt deep state' comment as potentially demeaning or conspiratorial, but the majority would not classify this as hate speech. The disagreement level is low, as the post is straightforward in its political intent without crossing into hate speech territory.",0.45,0.45,0.0,0.45
177,18267,"Really we need to rebuild community. Mormons are starting to crack, but they're still punching above their European-American demographic weight.",0.5,0.3,0.7,"[""The post may be seen as demeaning to Mormons by suggesting they are 'cracking' and implying they are not part of the European-American demographic, which could be interpreted as an assault on human dignity."", ""Some annotators might view the post as a neutral observation about demographic trends without any hate speech intent, focusing on the idea of 'rebuilding community.'"", ""The phrase 'punching above their demographic weight' could be interpreted as offensive or derogatory, suggesting that Mormons are overstepping their bounds, which might be seen as a subtle form of hate speech."", 'Others might see the post as a commentary on social dynamics without any vulgarity or offensive language, thus not constituting hate speech.']","The post contains language that could be interpreted in multiple ways, leading to a moderate level of disagreement among annotators. Some may see it as demeaning to Mormons, while others may interpret it as a neutral or factual statement about demographics. The lack of explicit vulgarity or calls for violence suggests that a majority might not classify it as hate speech, but a significant minority could see it as subtly offensive or demeaning.",0.2,0.20000000000000004,0.0,0.2
178,18407,"'...a group of men who worked towards a plot to bomb the Toronto Stock Exchange, shoot up the CBC headquarters and storm Parliament Hill in Ottawa. They wanted to behead then-prime minister Stephen Harper.'  https://torontosun.com/opinion/columnists/malcolm-...  The point where The Cowardly Maggot #CdnMedia #CBC became #Muslim sympathizers??",0.6,0.6,0.4,"[""The post uses the term 'Cowardly Maggot' which could be seen as vulgar and offensive language, potentially targeting a group or individual, leading some annotators to classify it as hate speech."", ""The use of '#Muslim sympathizers' could be interpreted as an assault on human dignity, as it may imply a negative stereotype about Muslims, leading some annotators to classify it as hate speech."", 'Some annotators might view the post as not constituting hate speech because it is referencing a historical event and expressing an opinion about media bias, which could be seen as a form of political commentary rather than hate speech.', 'The post does not explicitly call for violence, but it references violent acts, which might lead some annotators to be cautious but not classify it as hate speech.', 'The context of the post, including the hashtags and the reference to a specific media outlet, might lead some annotators to see it as a critique of media coverage rather than an attack on a specific group.']","The post contains elements that could be interpreted as hate speech, such as the use of derogatory language and potential negative stereotyping of Muslims. However, it also includes elements of political commentary and critique of media, which might lead to differing interpretations. Therefore, there is likely to be a moderate level of disagreement among annotators. Based on the opinions, approximately 60% of annotators might classify the post as hate speech, while 40% might not.",0.0,0.0,0.09999999999999998,0.09999999999999998
179,18408,The #PoliceState that is #Canada is alive and well; https://torontosun.com/news/crime/media-lawyers-mo...,0.5,0.1,0.9,"['The post criticizes the Canadian government or police, which may be seen as a political opinion rather than hate speech.', 'The use of hashtags like #PoliceState and #Canada could be interpreted as a critique of government policies, not an attack on a specific group.', 'There is no explicit call for violence or harm against any group or individual in the post.', 'The post does not contain vulgarity or offensive language directed at any protected characteristic.']","The post is likely to be interpreted as a political critique rather than hate speech. It does not contain elements that typically characterize hate speech, such as assaults on human dignity, calls for violence, or vulgar language. Therefore, it is expected that a majority of annotators would classify this post as not hate speech, with a small percentage potentially seeing it as hate speech due to the strong language used in the hashtags. The disagreement level is low, as the post does not clearly fall into any hate speech category.",0.4,0.4000000000000001,0.0,0.4
180,18547,Today is “International Vulture Awareness Day” Who knew ? 🤷🏼‍♂️ There are some left wing carcuses out there....just sayin !,0.6,0.4,0.6,"[""The post uses the term 'left wing carcuses' which could be interpreted as demeaning or degrading to individuals or groups with left-wing political views, potentially assaulting human dignity."", 'The post does not explicitly call for violence or incite harm against any individuals or groups.', ""The use of the term 'carcuses' in reference to left-wing individuals could be seen as vulgar or offensive language, though it is not a direct slur or profanity."", ""Some annotators might view the post as a humorous or sarcastic comment rather than hate speech, interpreting it as a play on words related to 'Vulture Awareness Day.'"", 'Others might see the post as perpetuating negative stereotypes about left-wing individuals, thus considering it as hate speech.']","The post contains language that could be interpreted in multiple ways, leading to potential disagreement among annotators. While some may see it as a humorous or sarcastic remark, others might view it as offensive or demeaning towards left-wing individuals. Given the lack of explicit calls for violence and the ambiguous nature of the language, it is likely that there will be a moderate level of disagreement among annotators. Therefore, approximately 40% of annotators might classify it as hate speech due to the perceived assault on human dignity and offensive language, while 60% might not classify it as hate speech, viewing it as a non-serious or non-threatening comment.",0.19999999999999996,0.19999999999999996,0.09999999999999998,0.09999999999999998
181,18550,Damn racist Republicans.......,0.6,0.3,0.7,"[""The post uses the term 'racist' which could be seen as an assault on human dignity if it is perceived as a blanket statement against a group based on political affiliation."", 'The post does not explicitly call for violence or physical harm against any individuals or groups.', ""The use of 'Damn' and 'racist' could be considered vulgar or offensive language, but it is not directed at a specific individual or group based on protected characteristics."", 'Some annotators might view the post as expressing a political opinion rather than hate speech, as it targets a political group rather than a protected characteristic.']","The post contains language that could be interpreted as offensive or derogatory, particularly the use of 'racist' in conjunction with a political group. However, it does not explicitly call for violence or target individuals based on protected characteristics. Given the political context, some annotators might see it as a strong political opinion rather than hate speech. Therefore, there is likely to be some disagreement among annotators, but the majority may not classify it as hate speech. Predicted percentages: 30% hate speech, 70% not hate speech.",0.3,0.3,0.09999999999999998,0.2
182,18628,...Grab them by the pussy Inshallah https://www.franceinter.fr/societe/une-coupe-une-f...,0.5,0.6,0.4,"[""The post uses vulgar and offensive language ('Grab them by the pussy'), which may be seen as degrading to women and thus an assault on human dignity."", ""The phrase 'Inshallah' is an Arabic term meaning 'God willing,' and its use in this context may be seen as disrespectful or mocking towards Islamic culture or religion."", 'Some annotators might view the post as a reference to a well-known controversial statement by a public figure, which could be interpreted as satire or criticism rather than hate speech.', 'The post does not explicitly call for violence, so it may not be classified as hate speech based on incitement to violence.']","The post contains vulgar and offensive language that could be interpreted as degrading to women, which may lead some annotators to classify it as hate speech. The use of 'Inshallah' in this context might be seen as disrespectful to Islamic culture, adding another layer of potential hate speech. However, the lack of explicit calls for violence and the possibility of interpreting the post as satire or a reference to a public figure's statement could lead to disagreement among annotators. Therefore, I predict that 60% of annotators might classify it as hate speech, while 40% might not.",0.09999999999999998,0.09999999999999998,0.0,0.09999999999999998
183,18705,"In Mormonism, a man can have many wives. For what is he being punished?",0.5,0.3,0.7,"['Some annotators might view this post as a neutral statement about a religious practice, without any demeaning or degrading language, thus not considering it hate speech.', 'Other annotators might see this post as potentially demeaning to Mormons by implying that their religious practices are punishable or wrong, which could be seen as an assault on human dignity.', 'Some might interpret the post as a critique of polygamy, which is a controversial topic, but not necessarily hate speech unless it includes demeaning language.', 'The post does not contain any calls for violence or incitement to harm, so it is unlikely to be classified as hate speech on that basis.', 'There is no vulgarity or offensive language in the post, which might lead some annotators to classify it as not hate speech.']","The post is likely to result in some disagreement among annotators due to its ambiguous nature. While it does not contain explicit hate speech elements like calls for violence or vulgarity, it could be interpreted as demeaning to a religious group. Therefore, I predict that 30% of annotators might classify it as hate speech, while 70% might not.",0.2,0.20000000000000004,0.0,0.2
184,19082,@Mr_Bond. The WS meme is triggering the White Knight sect. They actually believe our side is advocating Islam.,0.5,0.4,0.6,"[""The post uses the term 'WS meme' which could be interpreted as a reference to 'white supremacy,' potentially indicating an assault on human dignity by promoting racial superiority."", ""The phrase 'triggering the White Knight sect' might be seen as mocking or belittling individuals who oppose white supremacy, which could be considered offensive language."", 'The post does not contain explicit calls for violence, so it may not be seen as inciting physical harm.', ""The post's language is somewhat ambiguous and relies on specific cultural or internet meme knowledge, which could lead to varied interpretations among annotators.""]","The post contains language that could be interpreted as promoting white supremacy or mocking those who oppose it, but it does not explicitly call for violence. The use of internet-specific language and memes may lead to different interpretations, resulting in moderate disagreement among annotators. Therefore, approximately 40% of annotators might classify it as hate speech, while 60% might not.",0.09999999999999998,0.09999999999999998,0.0,0.09999999999999998
185,19143,RT realDonaldTrump    Big protests in Iran. The people are finally getting wise as to how their money and wealth is being stolen and squandered on terrorism. Looks like they will not take it any longer. The USA is watching very closely for human rights violations! ,0.5,0.1,0.9,"['The post does not contain any direct assaults on human dignity based on race, ethnicity, gender, religion, sexual orientation, or other protected characteristics.', 'The post does not explicitly call for violence or incite physical harm against individuals or groups.', 'The post does not contain vulgarity or offensive language directed at individuals or groups.', 'The post could be interpreted as supportive of protests, which some might see as indirectly encouraging unrest, but it does not explicitly call for violence.', ""The post mentions 'terrorism' in a critical context, which could be seen as a political statement rather than hate speech."", ""The post's mention of 'human rights violations' suggests a concern for human rights, which is not typically associated with hate speech.""]","The post is likely to be classified as not hate speech by the majority of annotators. It does not contain direct assaults on human dignity, calls for violence, or vulgar language. While it discusses protests and criticizes the Iranian government, these elements are more political in nature and do not meet the criteria for hate speech. Therefore, I predict that 10% of annotators might classify it as hate speech due to potential interpretations of inciting unrest, while 90% would classify it as not hate speech.",0.4,0.4000000000000001,0.0,0.4
186,19155,Absolutely agree with everything...except perhaps compensating them. Muslims are raised to have strong hatred for non-Muslims and seek to subjugate them and force them to live as persecuted second class citizens - people as poisonous as this do not deserve the slightest bit of recompense or civility. Burma has the right idea.,0.5,0.85,0.15,"['The post contains assaults on human dignity by demeaning Muslims, suggesting they are inherently hateful and poisonous, which is a form of hate speech.', 'The post implies a call for violence by endorsing the actions of Burma, which could be interpreted as supporting violence against Muslims.', ""The post uses offensive language by describing Muslims as 'poisonous,' which could be seen as a slur or derogatory term."", 'Some annotators might argue that the post is expressing a controversial opinion rather than hate speech, focusing on the political context rather than the language used.', 'The post could be seen as inciting discrimination by suggesting that Muslims do not deserve civility or recompense, which could be interpreted as a form of hate speech.']","The post is likely to be classified as hate speech by a significant majority of annotators due to its demeaning language towards Muslims, potential endorsement of violence, and use of offensive language. However, a small percentage might not classify it as hate speech, viewing it as a controversial opinion rather than a direct incitement to violence or discrimination.",0.35,0.35,0.0,0.35
187,19316,There are enough black millionaires in South Africa. So why the unrest? I think its the local commies.  @alternative_right @anv @seamrog @arquatrix @KMGVictoria @TomKawszynski  https://businesstech.co.za/news/wealth/121059/blac...,0.6,0.1,0.9,"[""The post suggests that the unrest in South Africa is due to 'local commies,' which could be interpreted as a political opinion rather than hate speech."", ""The mention of 'black millionaires' could be seen as a racial reference, but it does not explicitly demean or degrade individuals based on race."", 'The post does not contain any explicit calls for violence against any group or individuals.', 'The language used in the post is not vulgar or offensive, though it may be seen as politically charged.']","The post does not explicitly fall into the categories of hate speech as it lacks direct assaults on human dignity, calls for violence, or vulgar language. However, the mention of 'black millionaires' in a context that questions unrest could be seen as racially insensitive by some. The reference to 'local commies' is a political statement that may be interpreted differently depending on one's political views. Overall, the post is likely to be classified as not hate speech by the majority of annotators, with a small percentage potentially viewing it as racially insensitive or politically charged hate speech. Therefore, the predicted percentages are 10% for hate speech and 90% for not hate speech, with low disagreement among annotators.",0.5,0.5,0.09999999999999998,0.4
188,19323,Technically possible that South Africa is a systemic risk for West and the East.  1. Export health risk (40% of deaths attributed to AIDS) 2. Security risk (Desire to attack whites and American soldiers in Venezuela specifically) 3. Highly transacted currency and logistic impediment. @alternative_right @ANV @seamrog @arquatrix @KMGVictoria,0.5,0.4,0.6,"['The post suggests that South Africa poses a health risk due to AIDS, which could be seen as an assault on human dignity by perpetuating stereotypes about a country or its people.', ""The mention of a 'desire to attack whites and American soldiers' could be interpreted as a call for violence, although it is not explicitly encouraging violence, it implies a threat."", ""The post uses terms like 'systemic risk' and 'security risk' which could be seen as fear-mongering or spreading misinformation, but it does not contain vulgarity or offensive language."", 'Some annotators might view the post as a legitimate expression of concern about geopolitical risks without any intent of hate speech.', 'The post could be seen as targeting specific racial groups (whites) and nationalities (American soldiers), which might be interpreted as an assault on human dignity.']","The post contains elements that could be interpreted as hate speech, particularly in its implications about racial and national groups. However, it does not explicitly use offensive language or directly incite violence. Given the potential for different interpretations, there is likely to be moderate disagreement among annotators. Some may see it as a legitimate geopolitical analysis, while others may view it as perpetuating harmful stereotypes or implying threats. Therefore, I predict that 40% of annotators might classify it as hate speech, while 60% might not.",0.09999999999999998,0.09999999999999998,0.0,0.09999999999999998
189,19627,"I have reached that stage in life when the next person that tries to tell me _Green Day_ is ""punk"" is gonna get a broken bottle in the eye. ",0.5,0.1,0.9,"['The post uses hyperbolic language to express a strong opinion about music genres, which may not be intended as a literal threat.', ""The phrase 'broken bottle in the eye' could be interpreted as a call for violence, but it is likely meant metaphorically or as an exaggeration."", 'There is no assault on human dignity as the post does not target any protected characteristic such as race, gender, or religion.', 'The post does not contain vulgarity or offensive language directed at individuals or groups, aside from the hyperbolic violent imagery.']","The post is likely to be interpreted as not constituting hate speech by most annotators. While it contains a metaphorical expression of violence, it lacks elements of hate speech such as assaults on human dignity or vulgarity. Therefore, it is predicted that 10% of annotators might classify it as hate speech due to the violent imagery, while 90% would not.",0.4,0.4000000000000001,0.0,0.4
190,19652,"God's Dechosen People, right there.",0.5,0.4,0.6,"['The post may be interpreted as an assault on human dignity, as it could be seen as demeaning or degrading a religious group by implying they are no longer chosen by God.', 'The post does not contain any explicit calls for violence against any group.', ""The post does not contain vulgarity or offensive language, but the phrase 'Dechosen People' could be seen as derogatory or dismissive towards a religious group."", 'Some annotators might view the post as a critique or commentary on religious beliefs rather than hate speech, depending on the context and intent behind the statement.']","The post 'God's Dechosen People, right there.' could be interpreted in various ways. Some annotators might see it as an assault on human dignity, particularly if they perceive it as targeting a specific religious group by suggesting they are no longer favored by God. However, it lacks explicit calls for violence and does not use vulgar or offensive language. The phrase 'Dechosen People' might be seen as derogatory, but it could also be interpreted as a form of religious critique or commentary, which might not be classified as hate speech by all annotators. Given these factors, there is likely to be moderate disagreement among annotators, with an estimated 40% classifying it as hate speech and 60% not classifying it as such.",0.09999999999999998,0.09999999999999998,0.0,0.09999999999999998
191,19691,The left can't meme because their memes usually invoke Poe's Law.,0.5,0.1,0.9,"['The post is not hate speech as it does not target any specific group or individual based on protected characteristics.', 'The post is a critique of a political ideology (the left) and does not contain vulgar or offensive language.', 'The post could be seen as dismissive or mocking towards a political group, but it does not constitute an assault on human dignity.', 'The post does not call for violence or incite harm against any group or individual.']","The post is a critique of a political ideology and does not contain elements that typically constitute hate speech, such as assaults on human dignity, calls for violence, or vulgar language. Therefore, it is likely that a majority of annotators would classify it as not hate speech. The disagreement level is low, as the post does not exhibit ambiguous language or context that would lead to varied interpretations. The predicted percentages are 10% of annotators classifying it as hate speech and 90% as not hate speech.",0.4,0.4000000000000001,0.0,0.4
192,19703,"I'll never understand the mindset of a white liberal,  constantly wanting to act against yours and your own people's self interest.... It's so strange,  won't find any other race on the planet thats been tricked into believing that acting in their own self interest is somehow bad or wrong.",0.5,0.3,0.7,"['The post may be seen as demeaning to white liberals by suggesting they are acting against their own self-interest, which could be interpreted as an assault on human dignity based on political beliefs.', 'The post does not contain any explicit calls for violence against any group or individual.', ""The language used in the post is not overtly vulgar or offensive, but it does imply a negative stereotype about white liberals being 'tricked' or 'strange.'"", 'Some annotators might view the post as a critique of political ideology rather than hate speech, focusing on the political aspect rather than race.', ""Others might interpret the post as subtly promoting racial division by implying that only white people are 'tricked' into acting against their self-interest, which could be seen as a racial stereotype.""]","The post is likely to generate some disagreement among annotators. While it does not contain explicit hate speech elements like calls for violence or vulgar language, it does imply negative stereotypes about a specific racial and political group. Some annotators might see it as a critique of political ideology, while others might view it as subtly promoting racial division. Therefore, I predict that 30% of annotators might classify it as hate speech, while 70% might not.",0.2,0.20000000000000004,0.0,0.2
193,19726,The blacks don’t tip. All this talk about making it rain but we don’t get even a drizzle,0.5,0.6,0.4,"['The post contains a racial stereotype that degrades individuals based on race, which could be seen as an assault on human dignity.', 'The post does not explicitly call for violence, so it may not be considered as inciting violence.', ""The use of the term 'blacks' and the stereotype about tipping could be considered offensive and vulgar, contributing to the perception of the post as hate speech."", 'Some annotators might view the post as a commentary on a social issue rather than hate speech, interpreting it as a critique of behavior rather than an attack on a racial group.']","The post is likely to generate some disagreement among annotators. While it contains a racial stereotype that could be seen as degrading, it does not explicitly call for violence. The use of offensive language and stereotypes may lead some annotators to classify it as hate speech, while others may see it as a social commentary. Therefore, the predicted distribution is 60% classifying it as hate speech and 40% not classifying it as hate speech.",0.09999999999999998,0.09999999999999998,0.0,0.09999999999999998
194,19749,Everything that we must fight in order to preserve the West in one image. #cuckoldry #fat #feminism,0.5,0.4,0.6,"['The post may be seen as demeaning to individuals or groups by associating negative traits with feminism, potentially assaulting human dignity.', ""The use of the term 'cuckoldry' could be interpreted as vulgar or offensive, though it may not directly target a specific group."", 'The post does not explicitly call for violence, so it may not be seen as inciting physical harm.', 'Some annotators might view the post as a critique of certain ideologies rather than hate speech, focusing on the political or social commentary aspect.', 'Others might see the hashtags as reinforcing negative stereotypes, thus contributing to a hostile environment against certain groups.']","The post contains elements that could be interpreted as demeaning or offensive, particularly towards feminism, but it does not explicitly call for violence. The use of hashtags like #cuckoldry and #fat may be seen as vulgar or derogatory, but the interpretation of these terms can vary. Given the potential for different interpretations, there is likely to be moderate disagreement among annotators. Some may classify it as hate speech due to the negative portrayal of feminism and the use of offensive language, while others may see it as a political statement or critique without crossing into hate speech. Therefore, I predict that 40% of annotators might classify it as hate speech, while 60% might not.",0.09999999999999998,0.09999999999999998,0.0,0.09999999999999998
195,19750,#memes I'm looking for memes about how truly enslaved you are if you are fat cuckold to the NWO 'freedom' of capitalism. Who gots em?,0.5,0.3,0.7,"[""The post uses the term 'fat cuckold' which could be seen as offensive or demeaning, potentially assaulting human dignity based on body image or perceived weakness."", 'The post does not explicitly call for violence or incite harm against any group or individual.', ""The use of 'NWO' (New World Order) and 'freedom of capitalism' suggests a critique of political or economic systems, which may not directly relate to hate speech."", ""The language used ('fat cuckold') could be considered vulgar or offensive, but it is not directed at a specific individual or group based on protected characteristics."", 'Some annotators might view the post as a satirical or humorous critique of societal structures, rather than hate speech.']","The post contains language that could be interpreted as offensive or demeaning, particularly the term 'fat cuckold,' which may lead some annotators to classify it as hate speech. However, the lack of explicit calls for violence and the potential satirical context might lead others to view it as not constituting hate speech. Given these factors, there is likely to be moderate disagreement among annotators, with approximately 30% classifying it as hate speech and 70% not classifying it as such.",0.2,0.20000000000000004,0.0,0.2
196,19752,Who among us doesn't pray every day for the left to initiate aggression?,0.5,0.4,0.6,"['The post is a sarcastic or rhetorical statement that does not genuinely call for violence, thus not hate speech.', 'The post implies a desire for violence by suggesting that aggression from a political group is anticipated or hoped for, which could be seen as hate speech.', 'The post does not target any specific protected group based on race, ethnicity, gender, religion, or sexual orientation, so it may not be considered hate speech.', 'The post uses language that could be interpreted as offensive or provocative, but not necessarily hate speech.']","The post is likely to generate mixed opinions among annotators. Some may view it as a sarcastic or rhetorical statement that does not genuinely call for violence, while others may interpret it as implying a desire for violence, thus classifying it as hate speech. Additionally, the post does not target any specific protected group, which may lead some annotators to classify it as not hate speech. The language used could be seen as offensive or provocative, but not necessarily hate speech. Given these factors, there is likely to be moderate disagreement among annotators, with an estimated 40% classifying it as hate speech and 60% as not hate speech.",0.09999999999999998,0.09999999999999998,0.0,0.09999999999999998
197,19754,The true test of the virtue of a person in the Current Year is to hear that person audibly state that white people have a right to their own spaces/neighborhoods/communities/cities/nations. #prowhite Free speech extends to free association.,0.5,0.6,0.4,"['The post advocates for racial segregation by suggesting that white people should have exclusive spaces, which can be seen as an assault on human dignity by promoting racial superiority or exclusion.', 'The post does not explicitly call for violence, but it does promote a divisive ideology that could indirectly lead to social tensions or conflict.', 'The language used in the post is not vulgar or overtly offensive, but the underlying message can be interpreted as promoting racial discrimination.', 'Some annotators might view the post as a statement on free speech and the right to association, interpreting it as a non-hateful expression of opinion.', 'Others might see the post as a veiled attempt to justify racial segregation, which is a form of hate speech.']","The post is likely to generate a moderate level of disagreement among annotators. While it does not contain explicit calls for violence or vulgar language, its advocacy for racial segregation can be interpreted as an assault on human dignity. Some annotators may view it as a legitimate expression of free speech, while others may see it as promoting hate speech. Therefore, approximately 60% of annotators might classify it as hate speech, while 40% might not.",0.09999999999999998,0.09999999999999998,0.0,0.09999999999999998
198,19787,She's not going to help you. You're white. She's black. She wants to see you dead.  https://tribunist.com/news/security-guard-filmed-a...,0.5,0.6,0.4,"['The post contains an assault on human dignity by suggesting that a person of a certain race wants harm to come to someone of another race, which can be seen as demeaning and degrading based on race.', 'The post does not explicitly call for violence, but it implies a threat or desire for harm, which could be interpreted as indirectly encouraging violence.', 'The post uses a racially charged statement that could be considered offensive, but it does not contain explicit vulgarity or slurs.', 'Some annotators might see the post as a commentary on racial tensions without intending to incite hate, thus not classifying it as hate speech.']","The post suggests racial animosity and implies a threat based on race, which many annotators might classify as hate speech due to its demeaning nature and implied threat. However, the lack of explicit calls for violence or vulgar language might lead some annotators to view it as not meeting the threshold for hate speech. Therefore, there is likely to be some disagreement, but a majority might still classify it as hate speech.",0.09999999999999998,0.09999999999999998,0.0,0.09999999999999998
199,19807,VIDEO: Nunes Says Attacks From The Left Are ‘Quite Enjoyable’  https://truepundit.com/video-nunes-says-attacks-left-quite-enjoyable/,0.5,0.05,0.95,"['The post does not contain any direct assaults on human dignity as it does not demean or degrade individuals or groups based on protected characteristics.', 'The post does not contain any calls for violence or incitement to physical harm against individuals or groups.', ""The post does not contain vulgarity or offensive language; it merely reports a statement made by Nunes about political attacks being 'enjoyable'."", ""Some annotators might view the phrase 'attacks from the left' as potentially inflammatory or divisive, but it does not meet the threshold for hate speech.""]","The post is likely to be classified as not hate speech by the majority of annotators, as it does not meet the criteria for hate speech based on the aspects considered. The phrase 'attacks from the left' could be seen as politically charged, but it lacks the elements of hate speech such as assaults on human dignity, calls for violence, or vulgarity. Therefore, it is expected that around 5% of annotators might classify it as hate speech due to potential perceived divisiveness, while 95% would classify it as not hate speech.",0.45,0.45,0.0,0.45
200,19899,"Justice Anthony Kennedy is retiring .. I have my buckets ready, can't wait to catch all the liberal tears.  Fill 'em up !",0.5,0.1,0.9,"['The post is mocking and dismissive towards liberals, which could be seen as demeaning to a political group, but it does not target a protected characteristic like race or gender.', 'The post does not contain any explicit calls for violence or physical harm against any individuals or groups.', 'The language used in the post is not vulgar or profane, but it is sarcastic and could be considered offensive to some due to its dismissive tone.']","The post is likely to be interpreted as not constituting hate speech by most annotators. While it is dismissive and mocking towards a political group, it does not target a protected characteristic, nor does it incite violence or use vulgar language. Therefore, it is expected that a small percentage of annotators might classify it as hate speech due to its tone, but the majority would not. The predicted percentages are [0.1, 0.9], indicating 10% might see it as hate speech, while 90% would not.",0.4,0.4000000000000001,0.0,0.4
201,20004,"@TheCartoonLoon Oh, I forgot to tell you. Now that you're here, you're officially an alt-right, KKK, white-supremacist, neo-Nazi, racist scum. How does it feel?",0.5,0.4,0.6,"[""The post uses offensive language and labels, such as 'alt-right', 'KKK', 'white-supremacist', 'neo-Nazi', and 'racist scum', which could be seen as vulgar and degrading, potentially falling under assaults on human dignity."", 'The post does not explicitly call for violence or physical harm against any individual or group, so it may not be considered a call for violence.', 'Some annotators might view the post as sarcastic or satirical, intended to mock or criticize certain ideologies rather than promote hate speech.', ""Others might interpret the post as an attack on an individual's character based on perceived political or ideological beliefs, which could be seen as demeaning."", 'The post could be interpreted as a hyperbolic expression of disdain rather than a serious accusation, leading to differing opinions on whether it constitutes hate speech.']","The post contains language that could be interpreted as offensive and degrading, particularly with the use of terms associated with hate groups and ideologies. However, it does not explicitly incite violence. The interpretation of the post may vary, with some seeing it as a sarcastic critique and others as a personal attack. Given these factors, there is likely to be moderate disagreement among annotators, with an estimated 40% classifying it as hate speech and 60% not classifying it as such.",0.09999999999999998,0.09999999999999998,0.0,0.09999999999999998
202,20103,"islam doesn't seek to assimilate into ANY culture, it seeks to assimilate cultures into it, you're naive to believe any differently with 1400 years of evidence. https://www.jihadwatch.org/2018/03/germany-muslim-migrants-terrorize-small-town-fair-sexually-harassing-women-and-fighting-locals",0.5,0.4,0.6,"['The post may be seen as an assault on human dignity as it generalizes and stereotypes Muslims, suggesting that Islam as a whole is incompatible with other cultures, which could be perceived as demeaning to Muslims.', 'Some annotators might view the post as not constituting hate speech because it does not explicitly call for violence or use vulgar language, and may be interpreted as a critique of cultural integration rather than an attack on a specific group.', 'The post could be interpreted as fear-mongering or spreading misinformation, which might be seen as harmful but not necessarily hate speech.', ""The reference to '1400 years of evidence' and the link to an article about Muslim migrants could be seen as an attempt to provide justification for the claims, which might lead some annotators to view it as a factual statement rather than hate speech."", 'The post does not contain explicit calls for violence, which might lead some annotators to classify it as not hate speech.']","The post is likely to generate a moderate level of disagreement among annotators. While some may view it as an assault on human dignity due to its generalizations about Islam and Muslims, others may see it as a critique of cultural integration without explicit calls for violence or use of vulgar language. The reference to historical evidence and the linked article may further complicate interpretations, leading to a split in opinions. Therefore, approximately 40% of annotators might classify it as hate speech, while 60% might not.",0.09999999999999998,0.09999999999999998,0.0,0.09999999999999998
203,20113,A demonstration of attempted Muslim assimilation...? #Humor #AlohaSnackbar,0.5,0.4,0.6,"[""The post uses the phrase 'Aloha Snackbar' as a play on 'Allahu Akbar,' which could be seen as mocking or trivializing a phrase significant in Islam, potentially demeaning to Muslims."", ""The use of '#Humor' suggests the post is intended as a joke, which might lead some annotators to view it as not serious or harmful."", 'Some annotators might see the post as offensive due to its potential to perpetuate stereotypes about Muslims and assimilation.', 'The post does not contain explicit calls for violence or physical harm against Muslims.', 'The post does not use vulgarity or explicit slurs, but the play on words could be seen as offensive to some.']","The post contains a play on words that could be interpreted as mocking a religious phrase, which may be seen as demeaning to Muslims. However, the use of '#Humor' suggests an attempt at humor, which might lead some annotators to view it as not serious or harmful. The post does not contain explicit calls for violence or vulgar language, but the potential for offense is present. Given these factors, there is likely to be moderate disagreement among annotators, with approximately 40% classifying it as hate speech and 60% not classifying it as such.",0.09999999999999998,0.09999999999999998,0.0,0.09999999999999998
204,20118,"The noose around Hitlery neck tightens every single day, as the corrupt rats start leaving the fast sinking ship and squeal long and hard, whilst trying to save themselves from the same noose.As they would say in Mehico 'La traidora Hillary debería colgarse'Hitlery would finally succeed at something... as an inspirational swinger#Politics #Humor #Treason #ClintonCorruption",0.5,0.7,0.3,"[""The post uses a derogatory nickname 'Hitlery' which could be seen as demeaning and degrading, especially as it references Hitler, a figure associated with genocide and hate, potentially assaulting human dignity."", ""The post contains a metaphorical reference to a 'noose' and 'hanging', which could be interpreted as a call for violence or at least a suggestion of harm against Hillary Clinton."", ""The use of the phrase 'La traidora Hillary debería colgarse' translates to 'The traitor Hillary should hang herself', which is a direct call for violence and could be seen as hate speech."", ""The post uses offensive language and imagery, such as 'corrupt rats' and 'squeal long and hard', which could be considered vulgar and offensive, though not necessarily hate speech."", 'Some might interpret the post as political satire or humor, given the hashtags #Politics #Humor, and not as a serious call for violence or hate speech.', 'The post could be seen as targeting a public figure in a political context, which some might argue is different from targeting a protected group based on race, ethnicity, gender, etc.']","The post contains several elements that could be interpreted as hate speech, particularly the use of violent imagery and derogatory language. However, the context of political satire and humor might lead some annotators to view it as not constituting hate speech. Given these factors, there is likely to be some disagreement among annotators, but a majority might still classify it as hate speech due to the explicit violent language and demeaning references. Therefore, I predict that 70% of annotators would classify it as hate speech, while 30% would not.",0.19999999999999996,0.19999999999999996,0.0,0.19999999999999996
205,20166,False dichotomy. There are way more options there. Or it could just be the prime example of the jews being probably the most persecuted people throughout history. Still dont understand how y'all hate them so much. ,0.4,0.1,0.9,"['The post acknowledges the historical persecution of Jewish people, which may be seen as a defense against hate speech.', ""The use of 'y'all hate them so much' could be interpreted as a critique of anti-Semitic attitudes, suggesting the post is not hate speech."", ""The phrase 'prime example of the jews being probably the most persecuted people' might be seen as a factual statement rather than hate speech."", 'Some might view the post as perpetuating stereotypes about Jewish persecution, which could be seen as problematic.', 'The post does not contain explicit calls for violence or vulgar language, which may lead some to classify it as not hate speech.']","The post is likely to be classified as not hate speech by the majority of annotators, as it seems to acknowledge historical persecution rather than promote it. However, a small percentage might see it as problematic due to potential perpetuation of stereotypes.",0.30000000000000004,0.18000000000000005,0.09999999999999998,0.4
206,20432,"Yep, apparently so. Fucking commie jew bastard prolly",0.5,0.7,0.3,"[""The post uses offensive language ('Fucking commie jew bastard') that could be considered a slur against Jewish people, which may be seen as an assault on human dignity."", ""The use of the term 'commie' could be interpreted as derogatory towards individuals with communist beliefs, potentially demeaning them based on political ideology."", 'The post does not explicitly call for violence or physical harm against any individual or group.', 'The vulgarity and offensive language used in the post may be seen as hate speech by some annotators, while others may view it as merely offensive or inappropriate without rising to the level of hate speech.']","The post contains offensive language and slurs that target Jewish people and potentially those with communist beliefs. While it does not explicitly call for violence, the use of such language can be seen as an assault on human dignity. Annotators may have differing opinions on whether this constitutes hate speech, with some viewing it as a clear example due to the slurs, while others may see it as offensive but not necessarily hate speech. Given the presence of slurs and offensive language, it is likely that a majority of annotators would classify this as hate speech, but there would still be a significant minority who might not. Therefore, the estimated percentages are 70% classifying it as hate speech and 30% not classifying it as hate speech.",0.19999999999999996,0.19999999999999996,0.0,0.19999999999999996
207,20774,"OK, I was suspended from twitter for saying this Demoncrat should be euthanized, not elected.  He tortured and abandoned 100's of animals. #Caring ",0.5,0.6,0.4,"[""The post uses the term 'Demoncrat,' which could be seen as a derogatory term for Democrats, potentially demeaning individuals based on political affiliation."", 'The post calls for euthanizing a person, which can be interpreted as a call for violence, even if it is hyperbolic or metaphorical.', 'The post mentions animal cruelty, which might be used to justify the harsh language, potentially leading some annotators to view it as not hate speech.', ""The use of the term 'euthanized' is vulgar and offensive, especially when directed at a person, which could be seen as hate speech."", 'Some annotators might see the post as a political statement rather than hate speech, focusing on the context of animal cruelty.']","The post contains elements that could be interpreted as hate speech, particularly the call for euthanizing a person, which is a violent and offensive statement. However, the context of animal cruelty and the political nature of the post might lead some annotators to view it as a hyperbolic political statement rather than hate speech. Therefore, there is likely to be some disagreement among annotators, but a slight majority might classify it as hate speech due to the violent language used.",0.09999999999999998,0.09999999999999998,0.0,0.09999999999999998
208,20982,A being of pure hate is as enraged by Brave browser using Google fonts on their website as they are about 100 million victims of communism. That is the degree of uncompromising fanaticism required to win.,0.4,0.1,0.9,"['The post uses hyperbolic language to make a point about fanaticism, which may not be intended as hate speech.', ""The mention of '100 million victims of communism' could be seen as trivializing or making light of historical suffering, which some might interpret as an assault on human dignity."", 'The post does not contain any direct calls for violence against individuals or groups.', 'There is no use of vulgarity or offensive language in the post.', 'Some annotators might see the post as a critique of extreme ideologies rather than an endorsement of hate.', 'The post could be interpreted as satirical, aiming to criticize the absurdity of extreme positions.']","The post is likely to be interpreted in various ways, leading to a high level of disagreement among annotators. While some may see it as trivializing serious issues, others may view it as a satirical critique of extremism. Given these interpretations, it is estimated that 10% of annotators might classify the post as hate speech, while 90% might not.",0.30000000000000004,0.18000000000000005,0.09999999999999998,0.4
209,20983,"The purity spiral has a light side, the purification apotheosis. If you can just hate enough you might catch a glimpse of it.",0.5,0.4,0.6,"['The post uses metaphorical language that could be interpreted as promoting hate, but it is not explicit in its target or intent, leading to ambiguity.', ""The phrase 'purity spiral' and 'purification apotheosis' could be seen as coded language for extremist ideologies, potentially demeaning certain groups, but this is not clear without context."", ""The post does not contain direct calls for violence, but the encouragement to 'hate enough' could be seen as promoting a harmful mindset."", 'There is no vulgarity or offensive language present in the post, which might lead some annotators to classify it as not hate speech.', 'Some annotators might interpret the post as philosophical or abstract, rather than a direct assault on human dignity.']","The post contains metaphorical and potentially coded language that could be interpreted in various ways. Some annotators might see it as promoting a harmful mindset or extremist ideology, while others might view it as abstract or philosophical without direct harm. Given the lack of explicit vulgarity or direct calls for violence, there is likely to be a moderate level of disagreement among annotators. Therefore, approximately 40% might classify it as hate speech, while 60% might not.",0.09999999999999998,0.09999999999999998,0.0,0.09999999999999998
210,21321,> @occdissent‍ accuses weev of doing the very same things he has done. ,0.5,0.1,0.9,"['The post does not contain any explicit assaults on human dignity as it does not mention any race, ethnicity, gender, religion, or sexual orientation.', 'The post does not contain any calls for violence or incitement to physical harm.', 'The post does not contain vulgarity or offensive language; it merely states an accusation without any slurs or profanity.', 'The post could be interpreted as a personal attack or criticism, but it lacks the elements typically associated with hate speech.']","The post is likely to be classified as not hate speech by the majority of annotators. It does not contain explicit hate speech elements such as assaults on human dignity, calls for violence, or vulgarity. Therefore, I predict that 10% of annotators might classify it as hate speech due to potential personal attack interpretation, while 90% would classify it as not hate speech.",0.4,0.4000000000000001,0.0,0.4
211,21760,"Boris vs the Burqa. The UK is starting to have their Trump movement. Interesting line: the “liberal democrat” model...is really just communism without the secret police, the bread queues and gulags. https://www.breitbart.com/london/2018/08/12/boris-...",0.5,0.3,0.7,"['The post may be seen as demeaning to individuals who wear the burqa, potentially assaulting their human dignity by associating them with negative political movements.', ""Some annotators might view the reference to 'Boris vs the Burqa' as a critique of political figures rather than a direct attack on a religious or ethnic group, thus not constituting hate speech."", ""The mention of 'communism without the secret police, the bread queues and gulags' could be interpreted as a political opinion rather than hate speech, as it does not directly call for violence or use vulgar language."", 'The post does not contain explicit calls for violence or physical harm against any group, which might lead some annotators to classify it as not hate speech.', 'The language used in the post is not overtly vulgar or offensive, which might influence some annotators to see it as a political commentary rather than hate speech.']","The post 'Boris vs the Burqa. The UK is starting to have their Trump movement. Interesting line: the “liberal democrat” model...is really just communism without the secret police, the bread queues and gulags.' is likely to result in a moderate level of disagreement among annotators. 

Plausible opinions include:
1. The post may be seen as demeaning to individuals who wear the burqa, potentially assaulting their human dignity by associating them with negative political movements.
2. Some annotators might view the reference to 'Boris vs the Burqa' as a critique of political figures rather than a direct attack on a religious or ethnic group, thus not constituting hate speech.
3. The mention of 'communism without the secret police, the bread queues and gulags' could be interpreted as a political opinion rather than hate speech, as it does not directly call for violence or use vulgar language.
4. The post does not contain explicit calls for violence or physical harm against any group, which might lead some annotators to classify it as not hate speech.
5. The language used in the post is not overtly vulgar or offensive, which might influence some annotators to see it as a political commentary rather than hate speech.

Based on these opinions, it is estimated that approximately 30% of annotators might classify the post as hate speech, while 70% might classify it as not hate speech. The disagreement level is moderate due to the political nature of the content and the lack of explicit hate speech elements.",0.2,0.20000000000000004,0.0,0.2
212,21767,The unacceptable in a civil society has become the electoral strategy of the Democratic Party. Be prepared. https://townhall.com/columnists/derekhunter/2018/0...,0.5,0.1,0.9,"['The post is a political opinion and does not contain hate speech as it does not target any specific group based on protected characteristics.', 'The post implies a negative view of the Democratic Party but does not use vulgar or offensive language, nor does it call for violence.', ""The phrase 'be prepared' could be interpreted as a call to action, but it is vague and does not explicitly incite violence."", 'The post could be seen as contributing to a divisive political climate, but it does not meet the criteria for hate speech.']","The post is likely to be interpreted as a political opinion rather than hate speech. It does not explicitly demean or degrade individuals or groups based on protected characteristics, nor does it incite violence or use vulgar language. The phrase 'be prepared' is ambiguous and could be interpreted in various ways, but it does not clearly call for violence. Therefore, it is expected that a small percentage of annotators might classify it as hate speech due to its potentially divisive nature, but the majority would not. The disagreement level is low, as the post does not strongly exhibit any of the hate speech aspects.",0.4,0.4000000000000001,0.0,0.4
213,21820,FUCK LONDON ! Disgusting ! I WILL REMMEBER THIS DISRESPECT .... Everytime there is an Islamic terror attack .....,0.5,0.6,0.4,"[""The post uses vulgar and offensive language ('FUCK LONDON!') which may be seen as hate speech due to its aggressive tone."", 'The post could be interpreted as an assault on human dignity by associating the entire city of London with Islamic terror attacks, potentially targeting Muslims as a group.', 'The post does not explicitly call for violence, but the aggressive language and context could be seen as indirectly inciting hostility or resentment.', 'Some annotators might view the post as expressing personal anger or frustration rather than hate speech, focusing on the lack of direct calls for violence or explicit slurs against a specific group.']","The post contains elements that could be interpreted as hate speech, particularly in its use of vulgar language and potential to demean a group based on religion. However, the lack of explicit calls for violence and the possibility of interpreting the post as personal frustration rather than targeted hate may lead to some disagreement among annotators. Therefore, it is likely that 60% of annotators might classify it as hate speech, while 40% might not.",0.09999999999999998,0.09999999999999998,0.0,0.09999999999999998
214,21824,astonishing ........ how stupid mother fuckas are   where were they when scalise got shot I despise liberals ! So much!,0.5,0.6,0.4,"[""The post contains vulgar and offensive language, specifically the use of 'mother fuckas,' which may be considered hate speech due to its aggressive tone."", 'The post expresses a strong negative sentiment towards liberals, which could be interpreted as an assault on human dignity if perceived as targeting a group based on political beliefs.', ""The post does not explicitly call for violence, but the mention of 'Scalise got shot' in a context of despising liberals could be seen as indirectly referencing or trivializing violence."", 'Some annotators might view the post as a general expression of frustration or anger rather than hate speech, especially if they focus on the political context rather than the language used.']","The post is likely to result in high disagreement among annotators. While the use of offensive language and the expression of strong negative sentiment towards a political group could lead some to classify it as hate speech, others might see it as a non-hate speech expression of political frustration. The lack of an explicit call for violence and the context of political discourse contribute to the potential for varied interpretations.",0.09999999999999998,0.09999999999999998,0.0,0.09999999999999998
215,21843,No it's not good. There's this idea that everyone of them are cookie cutter pieces of some twisted idea planted in their immature heads. Every generation has their pros & cons. Would you rather they be replaced w/ those idiot kids marching against guns? Assuming all young people are like those is just as short-sighted.,0.5,0.1,0.9,"['The post criticizes a stereotype about young people, suggesting that not all young people fit a negative stereotype. This could be seen as a defense against a generalization, not hate speech.', ""The post uses the term 'idiot kids' which could be considered offensive or vulgar, but it is not directed at a protected characteristic and may not be seen as hate speech."", 'The post does not call for violence or incite harm against any group, so it is unlikely to be classified as hate speech based on this aspect.', 'The post does not demean or degrade individuals based on race, ethnicity, gender, religion, sexual orientation, or other protected characteristics, so it is unlikely to be classified as hate speech based on assaults on human dignity.']","The post is likely to be classified as not hate speech by most annotators, as it does not clearly fall into the categories of hate speech. The use of 'idiot kids' might be seen as offensive by some, but it is not directed at a protected characteristic. Therefore, I predict that 10% of annotators might classify it as hate speech due to the offensive language, while 90% would classify it as not hate speech.",0.4,0.4000000000000001,0.0,0.4
216,22037,Is it not a glorious sight to see the left freak out over the supreme justice retirement announcement? I ask you Morton Kondracke!,0.42857142857142855,0.1,0.9,"['The post is mocking or ridiculing a political group (the left) but does not target a protected characteristic such as race, ethnicity, gender, etc., so it may not be considered hate speech.', 'The post does not contain any explicit calls for violence or incitement to harm, so it is unlikely to be classified as hate speech based on this aspect.', 'The language used in the post is not vulgar or offensive, and it does not include slurs, so it may not be considered hate speech based on language.', 'Some annotators might view the post as contributing to a divisive or hostile political environment, but this alone may not meet the threshold for hate speech.']","The post is likely to be classified as not hate speech by the majority of annotators, as it does not explicitly demean or degrade individuals based on protected characteristics, nor does it incite violence or use vulgar language. However, a small percentage of annotators might consider it as contributing to a hostile environment, leading to a low level of disagreement. Therefore, the predicted percentages are [0.1, 0.9], with 10% classifying it as hate speech and 90% as not hate speech.",0.3285714285714285,0.2290043290043289,0.07142857142857145,0.4
217,22050,"People like this need put down, euthanized. Not just thrown into prison for us to pay for their food and care for decades. https://www.breitbart.com/texas/2018/07/13/texas-m... #MAGA #Trump ##GabFam",0.5714285714285714,0.6,0.4,"[""The post suggests that certain individuals should be 'put down' or 'euthanized', which can be interpreted as a call for violence against a group of people, potentially classifying it as hate speech."", ""The language used in the post ('put down', 'euthanized') is violent and dehumanizing, which could be seen as an assault on human dignity, especially if directed at a specific group."", 'The post does not specify a particular race, ethnicity, or other protected characteristic, which might lead some annotators to view it as not targeting a specific group, thus not hate speech.', 'The use of hashtags like #MAGA and #Trump may suggest a political context, which could influence whether annotators see this as a political statement rather than hate speech.', 'Some annotators might view the post as expressing a harsh opinion on criminal justice rather than a genuine call for violence, thus not classifying it as hate speech.', 'The post contains no explicit slurs or profanity, which might lead some annotators to not classify it as hate speech based on vulgarity or offensive language.']","The post contains language that can be interpreted as a call for violence and dehumanization, which are aspects of hate speech. However, the lack of specific targeting of a protected group and the political context may lead to differing interpretations. Therefore, there is likely to be some disagreement among annotators, with an estimated 60% classifying it as hate speech and 40% not classifying it as such.",0.02857142857142858,0.004761904761904767,0.0714285714285714,0.09999999999999998
218,22073,"Congratulations and all that, but that World Cup-winning team was about as 'French' as a bag of fries served by a Mexican working at a McDonald's in Des Moines, Iowa.",0.5,0.4,0.6,"['The post is making a comment on the diversity of the French team, which could be seen as an assault on human dignity by implying that the players are not truly French due to their ethnic backgrounds.', 'The post does not explicitly call for violence or physical harm against any individuals or groups.', 'The post uses a metaphor that could be interpreted as offensive or derogatory, but it does not contain explicit vulgarity or slurs.', 'Some annotators might view the post as a critique of national identity and not as hate speech, focusing on the humorous or satirical intent rather than any underlying prejudice.', 'Others might see the post as perpetuating stereotypes or xenophobic attitudes, thus classifying it as hate speech.']","The post comments on the perceived lack of 'Frenchness' of the World Cup-winning team, which could be interpreted in various ways. Some annotators might see it as a harmless joke or satire about national identity, while others might view it as an assault on human dignity by suggesting that the players' ethnic backgrounds make them less French. The post does not call for violence, and while it uses a metaphor that could be seen as offensive, it lacks explicit vulgarity or slurs. Given these factors, there is likely to be moderate disagreement among annotators, with approximately 40% classifying it as hate speech and 60% not classifying it as such.",0.09999999999999998,0.09999999999999998,0.0,0.09999999999999998
219,22102,Ever noticed how the hatred displayed by a Democrat is equivalent to the hatred displayed by a radical Muslim? The only difference between the two is attire. | #RedNationRising,0.5,0.4,0.6,"[""The post equates Democrats with radical Muslims, which could be seen as demeaning or degrading to both groups, potentially falling under 'Assaults on Human Dignity'."", 'The post does not explicitly call for violence, so it may not be considered as inciting violence.', ""The post uses the term 'hatred' and makes a comparison that could be seen as offensive, but it does not use explicit vulgarity or slurs."", 'Some annotators might view the post as a political opinion rather than hate speech, focusing on the lack of explicit calls for violence or vulgar language.', 'Others might see the comparison as harmful and perpetuating stereotypes, thus classifying it as hate speech.']","The post is likely to generate mixed opinions among annotators. Some may see it as a political statement rather than hate speech, while others may view the comparison as harmful and degrading to both Democrats and Muslims. Given the lack of explicit vulgarity or calls for violence, but the presence of potentially demeaning comparisons, there is likely to be moderate disagreement among annotators. Therefore, approximately 40% might classify it as hate speech, while 60% might not.",0.09999999999999998,0.09999999999999998,0.0,0.09999999999999998
220,22178,"Man - part animal, part god. Some more god than animal, others more animal than god.",0.4,0.1,0.9,"['The post uses metaphorical language that could be interpreted as philosophical or artistic, rather than hate speech.', 'The post does not explicitly target any specific group based on race, ethnicity, gender, religion, or other protected characteristics, so it may not be considered an assault on human dignity.', 'There is no call for violence or incitement to harm in the post, which suggests it is not hate speech.', 'The language used is not vulgar or offensive, and there are no slurs present, which may lead annotators to classify it as not hate speech.', ""Some annotators might interpret the 'animal' reference as demeaning if they perceive it as targeting a specific group, leading to a minority considering it as hate speech.""]","The post is likely to be classified as not hate speech by the majority of annotators due to its metaphorical and non-specific nature. However, a small percentage might see the 'animal' reference as potentially demeaning if they interpret it as targeting a specific group. Therefore, the predicted distribution is 10% classifying it as hate speech and 90% as not hate speech.",0.30000000000000004,0.18000000000000005,0.09999999999999998,0.4
221,22197,"look imma be blunt here: FUCK 'thoughts and prayers' for @SenJohnMcCain. Fuck McCain. He can rot in Hell, which is where he is absofuckinlutely going. Fucking traitor.",0.5,0.4,0.6,"['The post contains vulgarity and offensive language, which may be considered hate speech by some annotators.', 'The post does not specifically target a protected characteristic such as race, ethnicity, gender, religion, or sexual orientation, so it may not be considered hate speech by some annotators.', 'The post expresses a strong negative opinion about a public figure, which some annotators may see as acceptable under free speech, while others may view it as an assault on human dignity.', 'The post does not contain explicit calls for violence, so it may not be considered hate speech by some annotators.', 'Some annotators may view the post as disrespectful and degrading, particularly in the context of wishing harm or ill upon a deceased individual, which could be seen as an assault on human dignity.']","The post contains strong language and negative sentiments towards a public figure, which may lead to differing opinions among annotators. Some may classify it as hate speech due to the vulgarity and perceived assault on human dignity, while others may not see it as hate speech due to the lack of targeting a protected characteristic or inciting violence. Therefore, there is likely to be moderate disagreement among annotators, with an estimated 40% classifying it as hate speech and 60% not classifying it as hate speech.",0.09999999999999998,0.09999999999999998,0.0,0.09999999999999998
222,22205,Online now only those who are horny in Sarah Palin.,0.4,0.1,0.9,"['The post does not contain any explicit assaults on human dignity based on race, ethnicity, gender, religion, sexual orientation, or other protected characteristics.', 'The post does not call for violence or incite physical harm against any individuals or groups.', ""The post contains vulgarity or offensive language, as it uses the term 'horny' in a potentially disrespectful or objectifying manner towards Sarah Palin."", 'Some annotators might view the post as a crude or inappropriate comment rather than hate speech, as it lacks elements of demeaning or degrading language based on protected characteristics.']","The post is likely to be classified as not hate speech by the majority of annotators, as it does not meet the criteria for assaults on human dignity or calls for violence. However, the use of vulgar language might lead a small percentage of annotators to classify it as hate speech. Therefore, the predicted percentages are 10% for hate speech and 90% for not hate speech.",0.30000000000000004,0.18000000000000005,0.09999999999999998,0.4
223,22236,Obama uses Facebook surveillance data: Good ,0.5,0.05,0.95,"['The post is neutral and simply states a fact or opinion about Obama using Facebook surveillance data, without any hate speech elements.', 'The post could be seen as supportive of surveillance, which some might find offensive, but it does not directly attack any individual or group.', 'The post does not contain any vulgarity or offensive language.', 'There is no call for violence or incitement to harm in the post.', 'The post does not demean or degrade any individual or group based on protected characteristics.']","The post is likely to be classified as not hate speech by the majority of annotators, as it does not contain elements that typically constitute hate speech. It is more of a statement or opinion about a political figure's actions, without any offensive or harmful language. Therefore, I predict that 5% of annotators might classify it as hate speech due to potential concerns about surveillance, while 95% would classify it as not hate speech.",0.45,0.45,0.0,0.45
224,22239,Justifying the use of the word 'monkey' is just playing by the Left's rules. They  should apologize for playing the race card so often that it's worn out.,0.6,0.4,0.6,"[""The post uses the word 'monkey' which can be interpreted as a racial slur, particularly against Black individuals, thus it may be seen as an assault on human dignity."", ""The post criticizes the 'Left' for overusing accusations of racism, which some may interpret as a legitimate political opinion rather than hate speech."", 'The post does not explicitly call for violence or physical harm against any group, so it may not be seen as inciting violence.', ""The language used in the post is not overtly vulgar or profane, but the term 'monkey' can be offensive depending on the context and interpretation."", 'Some annotators might see the post as downplaying or dismissing legitimate concerns about racism, which could be seen as harmful or degrading.']","The post contains language that can be interpreted in multiple ways, leading to potential disagreement among annotators. Some may view the use of 'monkey' as a racial slur and thus classify it as hate speech, while others may see it as a critique of political discourse without direct hate speech elements. Given these interpretations, there is likely to be moderate disagreement among annotators, with an estimated 40% classifying it as hate speech and 60% not classifying it as such.",0.19999999999999996,0.19999999999999996,0.09999999999999998,0.09999999999999998
225,22240,"Why aren't Democrats holding rallies to compete with Trump's massive cheering crowds? Two reasons, in my opinion:   1.They keep telling themselves, and everyone else, that rallies don't matter. To do so would be admitting that they do matter, and playing by his rules.   2.They have no one on their side that can draw a crowd like he can. They don't want be embarrassed, and exposed by tryin...",0.6,0.05,0.95,"['The post is a political commentary and does not contain hate speech as it does not demean or degrade any individual or group based on protected characteristics.', 'The post does not contain any calls for violence or incitement to physical harm against any individual or group.', 'The post does not use vulgarity, slurs, or offensive language; it is a critique of political strategy and crowd sizes.', 'Some annotators might perceive a subtle bias or negative tone towards Democrats, but it does not rise to the level of hate speech.']","The post is primarily a political opinion piece discussing the differences in rally sizes between Democrats and Trump supporters. It does not contain elements that typically constitute hate speech, such as assaults on human dignity, calls for violence, or vulgar language. Therefore, it is likely that the majority of annotators would not classify this post as hate speech. However, a small percentage might perceive a negative tone towards Democrats, but this is unlikely to be considered hate speech by most.",0.5499999999999999,0.5499999999999998,0.09999999999999998,0.45
226,22296,"Stop using their term 'Islamophobia' I don't think anyone is 'afraid' of Islam. We might resent it, hate it, reject it, but 'fear of' is a language game THEY use to twist the issue and paint us with a brush of 'paranoid irrationality' Instead use: anti-Islam, pro-American, pro-western, anti-terrorist, whatever fits!",0.5,0.4,0.6,"['The post does not directly call for violence against any group, so it may not be considered hate speech in terms of inciting violence.', ""The post uses language that could be seen as demeaning or degrading towards Muslims by suggesting that the term 'Islamophobia' is a manipulative language game, which could be interpreted as an assault on human dignity."", 'The post does not contain vulgarity or offensive language, but it does express negative sentiments towards Islam, which some may view as offensive or prejudiced.', 'Some annotators might see the post as a critique of language and political correctness rather than an attack on a religious group, thus not classifying it as hate speech.', ""Others might interpret the post as promoting anti-Islam sentiment by encouraging the use of terms like 'anti-Islam' and 'pro-American', which could be seen as fostering division and prejudice.""]","The post is likely to generate mixed opinions among annotators. Some may view it as hate speech due to its negative portrayal of Islam and the suggestion to use terms like 'anti-Islam', which could be seen as promoting prejudice. Others may see it as a critique of language use and political correctness, not directly attacking a group. Therefore, the disagreement level is high, with an estimated 40% of annotators classifying it as hate speech and 60% not classifying it as such.",0.09999999999999998,0.09999999999999998,0.0,0.09999999999999998
227,22334,I used to watch FOX all the time and Glenn Beck. I even named my dog Beck after him. Then I woked. They're all controlled or dense. You don't hear them questioning the Las Vegas false flag. I'm pretty sure that G.B. put down truthers in the past. ,0.5,0.1,0.9,"['The post does not contain any direct assaults on human dignity as it does not demean or degrade individuals or groups based on protected characteristics.', 'The post does not contain calls for violence or incite physical harm against individuals or groups.', ""The post contains a reference to a 'false flag' which could be interpreted as promoting conspiracy theories, but this does not necessarily constitute hate speech."", 'The language used in the post is not vulgar or offensive, and it does not contain profanity or slurs.', ""Some annotators might view the reference to 'woked' as dismissive of certain social movements, but this is not explicitly hate speech.""]","The post is unlikely to be classified as hate speech by most annotators. It does not contain direct assaults on human dignity, calls for violence, or vulgar language. The reference to 'false flag' might be seen as promoting conspiracy theories, but this alone does not constitute hate speech. Therefore, it is predicted that 10% of annotators might classify it as hate speech due to the conspiracy theory reference, while 90% would not classify it as hate speech.",0.4,0.4000000000000001,0.0,0.4
228,22401,The minority that will outbreed you  and make you the minority ,0.5,0.6,0.4,"['The post suggests a demographic threat by implying that a minority group will outnumber the current majority, which could be seen as an assault on human dignity by promoting fear based on race or ethnicity.', 'The post does not explicitly call for violence, but the language could be interpreted as inciting fear or hostility towards a minority group, which might indirectly encourage discriminatory attitudes or actions.', 'The post does not contain vulgarity or offensive language in terms of profanity or slurs, but the implication of demographic threat could be considered offensive to some as it targets a group based on race or ethnicity.', 'Some annotators might view the post as a statement of demographic change without any hateful intent, interpreting it as a neutral observation rather than hate speech.']","The post contains language that could be interpreted as promoting fear or hostility towards a minority group by suggesting a demographic threat. While it does not explicitly call for violence or use vulgar language, the implication of a minority group 'outbreeding' the majority could be seen as an assault on human dignity. This might lead to a moderate level of disagreement among annotators, as some may view it as a neutral statement of demographic change without hateful intent. Therefore, I predict that 60% of annotators might classify it as hate speech due to its potential to incite fear or hostility, while 40% might not see it as hate speech, viewing it as a factual or neutral statement.",0.09999999999999998,0.09999999999999998,0.0,0.09999999999999998
229,22461,"He played Mr. Freeze???!!! Heh, since he's a Jew, he ought to be called Mr. Eisen.",0.5,0.4,0.6,"[""The post makes a reference to a Jewish stereotype by suggesting a name change based on the character's Jewish identity, which could be seen as demeaning or degrading, thus constituting an assault on human dignity."", ""The post does not explicitly call for violence or physical harm against any individual or group, so it does not fall under the 'calls for violence' category."", 'The post uses a play on words that some might find offensive or in poor taste, but it does not contain vulgarity or explicit offensive language.', 'Some annotators might view the post as a harmless joke or pun, not intended to demean or degrade, and therefore not classify it as hate speech.', 'Others might see the reference to Jewish identity in a stereotypical manner as perpetuating harmful stereotypes, thus classifying it as hate speech.']","The post contains a reference to a Jewish stereotype, which some annotators might find demeaning or degrading, thus constituting an assault on human dignity. However, it does not explicitly call for violence or contain vulgar language. Some annotators might view it as a harmless joke, while others might see it as perpetuating harmful stereotypes. Given these considerations, there is likely to be moderate disagreement among annotators. Approximately 40% might classify it as hate speech, while 60% might not.",0.09999999999999998,0.09999999999999998,0.0,0.09999999999999998
230,22770,"Silly Washington Post, it's not global warming OR Trump. It's the angry spirits of dead slaves! ",0.5,0.3,0.7,"['The post is using sarcasm or satire to comment on current events, which may not be intended as hate speech.', ""The mention of 'angry spirits of dead slaves' could be seen as trivializing or making light of the historical suffering of enslaved people, which some might interpret as an assault on human dignity."", 'The post does not contain any direct calls for violence against individuals or groups.', ""There is no use of vulgarity or offensive language in the post, though the reference to 'dead slaves' might be considered offensive by some due to its insensitivity.""]","The post is likely to generate mixed opinions among annotators. Some may view it as a satirical or sarcastic comment on political or environmental issues, not intended as hate speech. Others might find the reference to 'angry spirits of dead slaves' as trivializing a serious historical issue, potentially degrading to the memory of enslaved individuals. However, it lacks direct calls for violence or vulgar language, which may lead to a majority of annotators not classifying it as hate speech. Therefore, I predict that 30% of annotators might classify it as hate speech, while 70% might not.",0.2,0.20000000000000004,0.0,0.2
231,22808,"Lets just come right out and say it if you arent a Democrat then you are a racist NAZI that doesnt have a right to free speech, an opinion, or the space with which to express yourself. It is wjat it is.",0.5,0.1,0.9,"['The post uses hyperbolic language to criticize non-Democrats, which may be seen as offensive but not necessarily hate speech.', 'The post does not directly assault human dignity based on protected characteristics like race, ethnicity, or religion.', 'There is no explicit call for violence or physical harm against any group or individual in the post.', ""The use of 'racist NAZI' could be considered vulgar or offensive language, but it is used in a rhetorical context rather than as a direct attack."", 'Some annotators might view the post as an expression of political opinion rather than hate speech.']","The post is likely to be interpreted as not constituting hate speech by the majority of annotators, with a small percentage potentially viewing it as hate speech due to the use of offensive language.",0.4,0.4000000000000001,0.0,0.4
232,22915,Liberalism is the idea that all forms of mental illness should be accepted. Those who rebel against Liberalism are labeled outcasts or harbingers of hate or less than a liberal. The better than you attitude comes with being of the liberal mindset. Less than humble and mightier than you. Always greater than you.,0.5,0.3,0.7,"['The post criticizes liberalism but does not directly assault human dignity based on protected characteristics, so it may not be considered hate speech by some annotators.', 'The post does not contain explicit calls for violence against any group or individual, which may lead some annotators to classify it as not hate speech.', 'The post uses derogatory language to describe a political ideology, which some annotators might interpret as offensive or demeaning, potentially classifying it as hate speech.', ""The post's language is more about political critique rather than targeting a specific group based on race, ethnicity, gender, etc., which may lead to it being classified as not hate speech by some."", 'Some annotators might see the post as perpetuating negative stereotypes about liberals, which could be seen as an assault on human dignity, leading to a classification of hate speech.']","The post is likely to result in high disagreement among annotators. While it criticizes a political ideology, it does not explicitly target individuals or groups based on protected characteristics, nor does it call for violence. However, the use of derogatory language towards a political ideology might be seen as offensive by some. Therefore, approximately 30% of annotators might classify it as hate speech due to perceived offensiveness or demeaning language, while 70% might not classify it as hate speech, viewing it as political critique.",0.2,0.20000000000000004,0.0,0.2
233,22927,The #USOpen crowd at #Shinnecock are literally the most rude gallery in sport. Screaming like beagles after EVERY SHOT. You expect it from the Phoenix Open but these New Yorkers are yelping unintelligible trash at the highest volumes EVERY SINGLE SWING. New York should never be allowed to host a US Open ever again. #QuietPlease #Gab,0.6,0.1,0.9,"['The post criticizes the behavior of a specific group (New Yorkers) at a sporting event, which some may see as a generalization but not necessarily hate speech.', ""The language used ('yelping unintelligible trash') could be seen as offensive or derogatory towards New Yorkers, but it does not target a protected characteristic."", 'There is no call for violence or incitement to harm in the post.', 'The post does not contain vulgarity or explicit offensive language, though it uses strong language to express frustration.', 'Some annotators might view the post as a critique of behavior rather than an attack on human dignity.']","The post is likely to be classified as not hate speech by the majority of annotators, as it does not target a protected characteristic, incite violence, or use vulgar language. However, a small percentage might see the derogatory tone towards New Yorkers as problematic. Therefore, the predicted percentages are [0.1, 0.9], indicating 10% might classify it as hate speech and 90% as not hate speech.",0.5,0.5,0.09999999999999998,0.4
234,23049,The dems and never Trumpers can't stand seeing the serfs breaking the chains of financial slavery that they worked so long and hard to forge.,0.5,0.1,0.9,"[""The post uses metaphorical language ('serfs breaking the chains of financial slavery') that could be interpreted as a critique of political or economic systems rather than a direct assault on human dignity."", 'The post does not explicitly target any specific race, ethnicity, gender, religion, or sexual orientation, so it may not be seen as an assault on human dignity.', 'There is no call for violence or incitement to physical harm against any group or individual in the post.', 'The language used in the post is not vulgar or offensive, and it does not contain profanity or slurs.', ""Some annotators might view the term 'serfs' as derogatory or demeaning, but it is more likely to be interpreted as a political metaphor rather than hate speech.""]","The post is likely to be interpreted as a political statement rather than hate speech. Most annotators would probably not classify it as hate speech, leading to a low percentage of hate speech classification.",0.4,0.4000000000000001,0.0,0.4
235,23085,"If you can't laugh at this,you might be a liberal progressive.  https://youtu.be/C8vZzP5yvJw",0.6,0.1,0.9,"['The post is not hate speech as it does not directly demean or degrade any individual or group based on protected characteristics. It seems to be a political statement or joke targeting a political ideology rather than a specific group.', 'The post could be seen as offensive to some individuals who identify as liberal progressives, as it implies they lack a sense of humor. However, this does not necessarily constitute hate speech.', 'The post does not contain any calls for violence or incitement to harm, so it is unlikely to be classified as hate speech on those grounds.', 'The post does not use vulgarity or offensive language, which reduces the likelihood of it being classified as hate speech.', 'Some annotators might view the post as a harmless joke or satire, while others might see it as perpetuating stereotypes about a political group, leading to differing opinions.']","The post is likely to be classified as not hate speech by the majority of annotators, as it does not meet the criteria for assaults on human dignity, calls for violence, or use of vulgarity. However, a small percentage might consider it offensive or stereotyping, leading to a minority classifying it as hate speech. Therefore, the predicted percentages are approximately 10% for hate speech and 90% for not hate speech.",0.5,0.5,0.09999999999999998,0.4
236,23093,Don't forget the most demonized and hated broadcast by the demon globalist and MSM That's right ! It's the Alex Jones and the Infowar www.infowars.com/show,0.5,0.3,0.7,"['The post promotes a controversial figure and platform known for conspiracy theories, which some may view as harmful or misleading but not necessarily hate speech.', 'The post does not directly assault human dignity as it does not target any specific group based on race, ethnicity, gender, religion, or sexual orientation.', 'There is no explicit call for violence in the post, as it primarily promotes a media platform.', ""The language used in the post is not vulgar or offensive, though it may be seen as provocative or inflammatory by some due to the mention of 'demon globalist and MSM.'"", ""Some annotators might see the term 'demon globalist' as a veiled reference to anti-Semitic conspiracy theories, which could be interpreted as hate speech."", 'Others might interpret the post as simply promoting a controversial media figure without any hate speech elements.']","The post is likely to result in high disagreement among annotators. While some may view the reference to 'demon globalist' as potentially anti-Semitic and thus hate speech, others may see it as merely promoting a controversial media figure without explicit hate speech elements. Therefore, approximately 30% of annotators might classify it as hate speech, while 70% might not.",0.2,0.20000000000000004,0.0,0.2
237,23265,#PervPastor copping feels at Aretha Franklin's funeral. Nothing but a bunch of thug . criminals #ArethaFranklinFuneral #FridayFeeling #SpeakFreely,0.5,0.3,0.7,"['The post uses the hashtag #PervPastor, which could be seen as an assault on human dignity by demeaning an individual based on their actions, though not necessarily a protected characteristic.', ""The term 'thug' and 'criminals' could be interpreted as offensive language, potentially targeting individuals involved in the event, but it does not explicitly target a protected group."", 'The post does not contain any explicit calls for violence against individuals or groups.', ""The use of the term 'thug' may be seen as racially charged or offensive, depending on the context and the individuals it is referring to, leading to potential disagreement among annotators."", 'Some annotators might view the post as a critique of inappropriate behavior at a public event, rather than hate speech.']","The post contains language that could be interpreted as offensive or demeaning, particularly with the use of terms like 'thug' and 'criminals'. However, it does not explicitly target a protected group or call for violence. The use of the hashtag #PervPastor may be seen as a personal attack on an individual's dignity. Given these factors, there is likely to be some disagreement among annotators, but it is expected that a majority would not classify this as hate speech. Therefore, the predicted percentages are 30% of annotators classifying it as hate speech and 70% not classifying it as hate speech.",0.2,0.20000000000000004,0.0,0.2
238,23269,Make this person go viral. Her number is attached. #IslamIsTheProblem,0.5,0.6,0.4,"['The post targets a specific individual by encouraging the spread of their personal information, which can be seen as an invasion of privacy and potentially harmful.', 'The hashtag #IslamIsTheProblem suggests a negative and potentially demeaning view of Islam, which could be interpreted as an assault on human dignity based on religion.', 'The post does not explicitly call for violence, but the sharing of personal information can lead to harassment or threats, indirectly encouraging harmful behavior.', 'The language used in the post is not overtly vulgar or offensive, but the hashtag carries a negative connotation that could be offensive to Muslims.']","The post contains elements that could be interpreted as hate speech, particularly in its potential to demean a religious group and the encouragement of spreading personal information. However, it lacks explicit calls for violence or vulgar language, leading to a moderate level of disagreement among annotators. Approximately 60% of annotators might classify it as hate speech due to the hashtag and potential for harm, while 40% might not, focusing on the absence of direct violence or vulgarity.",0.09999999999999998,0.09999999999999998,0.0,0.09999999999999998
239,23460,Right on! Erasing America’s culture and heritage is the Globalist plan.,0.5,0.3,0.7,"[""The post suggests a conspiracy theory about 'Globalists' erasing American culture, which could be seen as an assault on human dignity if it targets specific ethnic or cultural groups."", 'The post does not contain any direct calls for violence against individuals or groups.', ""The language used in the post is not vulgar or overtly offensive, but the term 'Globalist' can be a dog whistle for anti-Semitic or xenophobic sentiments.""]","The post is likely to be interpreted differently by annotators. Some may see it as promoting a harmful conspiracy theory that indirectly targets certain groups, while others may view it as a political opinion without direct hate speech elements. Therefore, there is a moderate level of disagreement among annotators, with approximately 30% classifying it as hate speech and 70% not classifying it as such.",0.2,0.20000000000000004,0.0,0.2
240,23556,"IF the libtards and socialists (also known as libtards) keep trying to bring down OUR President, me and 63,000,000 of my closest friends will be in your face BIGGLY. And we know what to do because I am Jungle Warfare qualified and I did bring home 3 Bronze Stars from the Nam....AND I have never forgotten my oath.",0.5,0.6,0.4,"[""The post uses derogatory language ('libtards') which could be seen as demeaning to individuals with liberal political views, potentially falling under 'Assaults on Human Dignity'."", ""The post implies a threat of confrontation ('will be in your face BIGGLY') and references military experience, which could be interpreted as a veiled threat of violence, thus relating to 'Calls for Violence'."", ""The post does not contain explicit vulgarity or offensive language beyond the use of 'libtards', which some may not consider as severe as other slurs."", 'Some annotators might view the post as political hyperbole rather than a genuine threat, thus not classifying it as hate speech.', ""The post's reference to military experience and 'never forgotten my oath' could be seen as a patriotic expression rather than a direct call for violence.""]","The post contains elements that could be interpreted as hate speech, particularly in its use of derogatory language and implied threats. However, the context of political discourse and potential hyperbole may lead to differing interpretations. Therefore, it is likely that 60% of annotators might classify it as hate speech due to the derogatory term and implied threat, while 40% might not, viewing it as political expression or hyperbole.",0.09999999999999998,0.09999999999999998,0.0,0.09999999999999998
241,23661,"Leftism has no essence, it is just a coalition to knock over the apple cart in order to grab some of the apples - Jim",0.5,0.1,0.9,"['The post is a critique of leftism and does not target any specific group based on protected characteristics, so it is not hate speech.', ""The post uses metaphorical language ('knock over the apple cart') which could be interpreted as a call for disruption, but not necessarily violence."", 'The post does not contain vulgarity or offensive language, so it is unlikely to be considered hate speech based on language alone.', 'Some might view the post as an assault on the dignity of those who identify with leftist ideologies, but it does not explicitly demean or degrade individuals based on protected characteristics.']","The post is likely to be interpreted as a political opinion rather than hate speech. It critiques a political ideology without using offensive language or explicitly targeting a protected group. Therefore, it is expected that a majority of annotators would classify it as not hate speech. However, a small percentage might see it as an attack on the dignity of those with leftist views, leading to a minority classifying it as hate speech. Given these considerations, the expected distribution is approximately 10% classifying it as hate speech and 90% as not hate speech. The disagreement level is low, as the post does not clearly fall into the hate speech categories.",0.4,0.4000000000000001,0.0,0.4
242,23662,Leftism is the science of converting fake victimology into real privilege.,0.5,0.1,0.9,"['The post is a critique of leftist ideology and does not target any specific group based on protected characteristics, so it is not hate speech.', ""The post uses the term 'fake victimology' which could be seen as dismissive of genuine experiences of victimization, potentially demeaning those who identify as victims, but it does not explicitly target a protected group."", 'The post does not contain any calls for violence or incitement to harm.', 'The language used in the post is not vulgar or profane, though it may be considered offensive by some due to its dismissive tone.']","The post is likely to be interpreted as a political opinion rather than hate speech. While it may be offensive to some, it does not explicitly demean a protected group or incite violence. Therefore, it is expected that a small percentage of annotators might classify it as hate speech due to its dismissive tone, but the majority would not. The disagreement level is low.",0.4,0.4000000000000001,0.0,0.4
243,23837,"People blocked doors of restaurants to stop attacker screaming ""Allahu Akbar"" from getting in. https://t.co/Sji8kSFqf0",0.5,0.3,0.7,"['The post reports on an incident involving an attacker, which may not inherently be hate speech but could be interpreted as such depending on context.', ""The phrase 'Allahu Akbar' is often associated with Islamic faith, and its use in the context of an attack could be seen as perpetuating stereotypes about Muslims, potentially assaulting human dignity."", 'The post does not explicitly call for violence or use vulgar language, but it may indirectly contribute to negative perceptions of a religious group.', 'Some annotators might view the post as simply reporting a news event without any hate speech elements.']","The post describes a situation where people blocked doors to prevent an attacker from entering, who was reportedly shouting 'Allahu Akbar.' This phrase is commonly used in Islamic prayers and can be seen as problematic when associated with violence, potentially leading to negative stereotypes about Muslims. However, the post itself does not contain explicit hate speech elements such as calls for violence or vulgar language. Annotators might be divided on whether the post constitutes hate speech, with some seeing it as a factual report and others perceiving it as perpetuating harmful stereotypes. Therefore, there might be moderate disagreement among annotators, with an estimated 30% classifying it as hate speech and 70% not classifying it as such.",0.2,0.20000000000000004,0.0,0.2
244,23974,"#FailedStrategy Facts: Florida has a fairly high number of former Cubans who fled communism, and plenty of businesses Their failing strategy: nominate a socialist. Raise corporate taxes. They fail to realize that Cubans that fled communism know bull shit when they hear it, and money is rather fluid, following the path of least resistance. Result: Cuban Americans turn out bigly for the mid-...",0.5,0.1,0.9,"[""The post criticizes a political strategy and uses the term 'socialist' in a negative context, which may be seen as a political opinion rather than hate speech."", ""The use of 'bull shit' is vulgar but not necessarily directed at a specific group in a hateful manner."", 'The post references Cuban Americans in a factual context, discussing their political behavior without demeaning or degrading them based on their ethnicity.', 'Some annotators might view the post as offensive due to the use of vulgar language, but it does not explicitly call for violence or demean a protected group.']","The post is likely to be interpreted as not constituting hate speech by most annotators. It contains political commentary and some vulgar language, but it does not explicitly demean a protected group or incite violence. Therefore, it is expected that 10% of annotators might classify it as hate speech due to the vulgarity, while 90% would not classify it as hate speech.",0.4,0.4000000000000001,0.0,0.4
245,24209,"The Copts: Yay, Jesus!  Jesus: *frowning* Shut up, you guys.",0.4,0.3,0.7,"['The post is a humorous or satirical take on religious expression, not intended as hate speech.', 'The post could be seen as offensive to Coptic Christians by mocking their religious beliefs, potentially assaulting human dignity.', 'The post does not contain any calls for violence or incitement to harm.', 'The post uses a casual tone and does not employ vulgarity or offensive language.', 'Some may interpret the post as a critique of religious fervor rather than an attack on a specific group.']","The post is likely to generate mixed opinions among annotators. Some may view it as a harmless joke or satire, while others may see it as offensive to Coptic Christians. Given the lack of explicit vulgarity or calls for violence, and the potential for varied interpretations, there is likely to be moderate disagreement among annotators. Therefore, approximately 30% of annotators might classify it as hate speech due to perceived offense to religious beliefs, while 70% might not see it as hate speech, viewing it as a non-malicious expression or satire.",0.10000000000000003,0.03333333333333336,0.09999999999999998,0.2
246,24621,Identity theft in the US is a problem existing almost entirely on account of illegal aliens. Several years ago I found the correlation between ID theft rate and foreign-born population percentage to correlate at a staggering .75 at the state level https://anepigone.blogspot.com/2008/06/more-immigr...,0.5,0.4,0.6,"['The post suggests that illegal aliens are responsible for identity theft, which could be seen as an assault on human dignity by attributing criminal behavior to a specific group based on their immigration status.', 'The post does not explicitly call for violence or physical harm against any group, so it may not be considered as inciting violence.', 'The language used in the post is not overtly vulgar or offensive, but it does make a broad generalization about illegal aliens that could be considered offensive by some.', 'Some annotators might view the post as presenting a statistical correlation without context, which could be interpreted as misleading or biased, but not necessarily hate speech.', 'Others might see the post as perpetuating a harmful stereotype about immigrants, which could be considered a form of hate speech.']","The post is likely to result in moderate disagreement among annotators. While it does not contain explicit vulgarity or calls for violence, it does make a broad generalization about illegal aliens that could be seen as demeaning. Some annotators might classify it as hate speech due to the negative stereotype it perpetuates, while others might see it as a statement of opinion or a presentation of data. Therefore, approximately 40% of annotators might classify it as hate speech, while 60% might not.",0.09999999999999998,0.09999999999999998,0.0,0.09999999999999998
247,24660,https://www.realclearpolitics.com/video/2016/08/22... Bill the Serial Rapist & Krooked Kkkillary went to Aretha Franklin funeral to make sure the negros there understand that the Clintons are still in 'power'. ... ...And a reminder to  the 'blacks that they are super predators that need to be brought to heel.',0.5,0.7,0.3,"[""The post uses racially offensive language by referring to African Americans as 'negros' and 'super predators,' which could be seen as an assault on human dignity."", 'The post does not explicitly call for violence, but it uses derogatory language that could be interpreted as demeaning to a racial group.', ""The use of the term 'Krooked Kkkillary' could be seen as offensive and potentially a play on the KKK, which may imply racial hatred."", ""The post contains vulgar and offensive language, such as 'Serial Rapist' and 'Krooked Kkkillary,' which may not directly target a protected group but are still offensive."", 'Some annotators might view the post as political commentary rather than hate speech, focusing on the criticism of political figures rather than the racial language.']","The post contains multiple elements that could be interpreted as hate speech, particularly in its use of racially charged language and offensive terms. However, some annotators might see it as political commentary rather than direct hate speech. Given the presence of racially offensive language and the potential for different interpretations, there is likely to be some disagreement among annotators, but a majority may still classify it as hate speech. Therefore, the predicted percentages are 70% of annotators classifying it as hate speech and 30% not classifying it as hate speech.",0.19999999999999996,0.19999999999999996,0.0,0.19999999999999996
248,24665,INVALIDATE Obastard's presidency first.👹,0.5,0.3,0.7,"[""The post uses a derogatory term 'Obastard' which could be seen as an assault on human dignity, particularly if it targets a specific individual based on race or political affiliation."", ""The use of the term 'Obastard' might be interpreted as vulgar or offensive language, but not necessarily hate speech if it's seen as political criticism."", 'The post does not contain any explicit calls for violence, so it may not be classified as hate speech based on that aspect.', 'Some annotators might view the post as a form of political expression rather than hate speech, focusing on the context of political disagreement.']","The post contains a derogatory term that could be interpreted as an assault on human dignity, particularly if it targets a specific individual based on race or political affiliation. However, it lacks explicit calls for violence and could be seen as political criticism rather than hate speech. The use of offensive language might lead to some annotators classifying it as hate speech, but others may view it as political expression. Therefore, there is likely to be some disagreement among annotators, with an estimated 30% classifying it as hate speech and 70% not classifying it as such.",0.2,0.20000000000000004,0.0,0.2
249,24672,"US ends all funding to UN agency for “Palestinian” “refugees”SEP 1, 2018 This is long overdue. Only among the “Palestinians” is “refugee” status passed down to children, grandchildren, and great-grandchildren. Millions of people were displaced after World War II, but they moved elsewhere and got on with their lives. Not the “Palestinians,” because they were and are a weapon of the jihad. http...",0.6,0.4,0.6,"[""The post uses quotation marks around 'Palestinians' and 'refugees,' which could be seen as demeaning or questioning the legitimacy of these identities, potentially assaulting human dignity."", 'The post does not contain any direct calls for violence against individuals or groups.', 'The post uses language that could be considered offensive or dismissive, particularly in the context of a sensitive political issue, but it does not use explicit vulgarity or slurs.', 'Some annotators might view the post as a political opinion rather than hate speech, focusing on the policy aspect rather than the language used.', 'The post could be interpreted as perpetuating negative stereotypes about Palestinians, which some might see as a form of hate speech.']","The post contains elements that could be interpreted as demeaning to Palestinians by questioning their status as refugees and using quotation marks to imply illegitimacy. However, it does not explicitly call for violence or use vulgar language. Annotators might be divided on whether this constitutes hate speech, with some seeing it as a political opinion and others viewing it as perpetuating negative stereotypes. Therefore, there is likely to be moderate disagreement among annotators, with an estimated 40% classifying it as hate speech and 60% not.",0.19999999999999996,0.19999999999999996,0.09999999999999998,0.09999999999999998
250,24757,Epic comment thread on Mollie Tibbett's self-hating-but-now-ironic 'I hate White people' Twatter post (also brutal stuff on other posts where she hates on Trump and his policies against illegal immigration).https://twitter.com/Motibbs/status/940792919266680...,0.5,0.4,0.6,"[""The post references a comment thread where Mollie Tibbett's statement 'I hate White people' could be seen as an assault on human dignity, as it targets a racial group."", ""The use of the term 'self-hating-but-now-ironic' suggests a complex or sarcastic tone, which might lead some annotators to interpret the post as not serious or not intended as hate speech."", ""The mention of 'brutal stuff' on other posts about Trump and his policies against illegal immigration could be seen as offensive or vulgar, depending on the content of those posts."", ""Some annotators might view the post as a critique of Mollie Tibbett's statements rather than an endorsement, thus not classifying it as hate speech."", 'The post does not explicitly call for violence, which might lead some annotators to classify it as not hate speech.']","The post references a controversial statement by Mollie Tibbett, which could be interpreted in various ways. Some annotators might see the statement 'I hate White people' as an assault on human dignity, while others might view it as ironic or sarcastic, thus not serious. The mention of 'brutal stuff' on other posts could be seen as offensive, but without explicit calls for violence, it might not be classified as hate speech by all. Overall, there is likely to be moderate disagreement among annotators, with approximately 40% classifying it as hate speech and 60% not.",0.09999999999999998,0.09999999999999998,0.0,0.09999999999999998
251,24758,Is anyone here surprised by this? Senator (((Brian Schatz))) (D-HI) supports #SarahJeong and #WhiteGenocideAt least the Dems are finally coming out of the closet as White-haters! https://twitter.com/brianschatz/status/10255774559...,0.5,0.6,0.4,"[""The post uses triple parentheses around 'Brian Schatz', which is often used as an anti-Semitic symbol to identify Jewish individuals, suggesting an assault on human dignity based on religion."", ""The post accuses Democrats of being 'White-haters', which could be seen as an attempt to demean or degrade a political group, but it may not directly target a protected characteristic."", 'The hashtag #WhiteGenocide is a conspiracy theory often associated with white supremacist rhetoric, which could be interpreted as an assault on human dignity and potentially a call for violence, depending on context.', 'The post does not contain explicit vulgarity or offensive language, but it uses coded language that could be offensive to certain groups.', 'Some annotators might view the post as political commentary rather than hate speech, focusing on the criticism of political figures and parties rather than an attack on a protected group.']","The post contains elements that could be interpreted as hate speech, particularly the use of anti-Semitic symbols and the hashtag #WhiteGenocide, which is associated with white supremacist rhetoric. However, the lack of explicit vulgarity and the potential interpretation as political commentary might lead to some disagreement among annotators. Therefore, I predict that 60% of annotators would classify the post as hate speech, while 40% would not.",0.09999999999999998,0.09999999999999998,0.0,0.09999999999999998
252,24771,"Well you may not have a problem with Jews, but they have a problem with you!",0.5,0.6,0.4,"['The post suggests that Jews inherently have a problem with others, which could be seen as an assault on human dignity by promoting a negative stereotype about a religious group.', ""The post does not explicitly call for violence, but it could be interpreted as fostering an 'us vs. them' mentality, which might indirectly encourage hostility."", 'The language used in the post is not overtly vulgar or offensive, but the implication of a collective negative trait could be considered offensive to some.', 'Some annotators might view the post as a generalization that is harmful and thus classify it as hate speech.', 'Others might see it as an expression of opinion or a statement of perceived fact, and not classify it as hate speech.']","The post contains a stereotype about Jews having a problem with others, which could be interpreted as an assault on human dignity. However, it does not contain explicit calls for violence or vulgar language. Given the potential for different interpretations, there is likely to be some disagreement among annotators. Some may see it as promoting a harmful stereotype and classify it as hate speech, while others may view it as a non-hateful expression of opinion. Therefore, I predict that 60% of annotators might classify it as hate speech, while 40% might not.",0.09999999999999998,0.09999999999999998,0.0,0.09999999999999998
253,24789,In 50 years either humanity will exist or Israel will exist.  Not both.,0.5,0.6,0.4,"['The post suggests a zero-sum scenario between the existence of humanity and Israel, which could be interpreted as a call for the destruction of Israel, thus potentially inciting violence.', ""The post does not explicitly call for violence but implies a threat to Israel's existence, which could be seen as an assault on the dignity of Israelis."", 'The post lacks vulgarity or offensive language, focusing instead on a provocative statement about future existence.', 'Some annotators might view the post as a political statement rather than hate speech, interpreting it as a critique of geopolitical tensions.', 'Others might see it as a veiled threat against Israel, thus classifying it as hate speech.']","The post presents a provocative statement that could be interpreted in multiple ways. Some annotators might see it as a veiled threat against Israel, suggesting a call for its destruction, which aligns with hate speech due to inciting violence and assaulting human dignity. Others might interpret it as a political commentary on geopolitical tensions, not directly calling for violence or using offensive language, thus not classifying it as hate speech. Given these interpretations, there is likely to be a moderate level of disagreement among annotators, with approximately 60% classifying it as hate speech and 40% not.",0.09999999999999998,0.09999999999999998,0.0,0.09999999999999998
254,24854,"Damn that bitch is dumb.. with her pink hair, fucking Garth glasses and shitty old novelty guitar",0.5,0.4,0.6,"[""The post uses vulgar and offensive language ('bitch', 'fucking') which may be considered hate speech due to its derogatory nature."", 'The post does not explicitly target a protected characteristic such as race, ethnicity, gender, religion, or sexual orientation, so it may not be considered hate speech by some annotators.', 'The post does not contain any calls for violence or incitement to harm, which may lead some annotators to classify it as not hate speech.', 'The post could be seen as an assault on human dignity due to its demeaning tone, but it lacks specificity towards a protected group, leading to potential disagreement among annotators.']","The post contains offensive language and a demeaning tone, which may lead some annotators to classify it as hate speech. However, the lack of explicit targeting of a protected characteristic and absence of calls for violence may lead others to classify it as not hate speech. This results in a moderate level of disagreement among annotators, with an estimated 40% classifying it as hate speech and 60% as not hate speech.",0.09999999999999998,0.09999999999999998,0.0,0.09999999999999998
255,25286,"https://blogs.spectator.co.uk/2018/08/the-real-les...  This kind of pathological altruism is what the 'left' appears to be all about at the moment. It's vain, stupid, and is against the rule of law. #immigration #deportation #Islam #news",0.5,0.3,0.7,"[""The post criticizes a political ideology ('the left') and its approach to immigration, which some annotators might see as a legitimate political opinion rather than hate speech."", ""The use of terms like 'pathological altruism' and 'vain, stupid' could be interpreted as offensive or demeaning, potentially falling under assaults on human dignity, especially if perceived as targeting individuals or groups associated with the left or immigrants."", 'The hashtags #immigration, #deportation, and #Islam might suggest a focus on specific groups, which could be seen as targeting based on religion or ethnicity, but the post does not explicitly demean these groups.', 'There is no explicit call for violence in the post, so it is unlikely to be classified as hate speech based on this aspect.', 'The language used is critical and potentially offensive, but it does not contain vulgarity or slurs, which might lead some annotators to classify it as not hate speech.']","The post is likely to generate some disagreement among annotators due to its critical tone and the use of potentially offensive language. However, it does not contain explicit calls for violence or vulgarity, and the criticism is directed more towards a political ideology than specific individuals or groups. Therefore, it is likely that a minority of annotators (around 30%) might classify it as hate speech due to perceived assaults on human dignity, while the majority (around 70%) would classify it as not hate speech, viewing it as a political opinion.",0.2,0.20000000000000004,0.0,0.2
256,25342,Commies are getting ready to hit Btitain hard. Maybe with that EU Army? Maybe with the UN? When they start worrying about cutlery instead of the death cult of Satan makes no sense. Send those primitive child sodomites to Hell if they don't leave on their own.,0.5,0.7,0.3,"[""The post contains offensive language and slurs, such as 'commies' and 'primitive child sodomites,' which may be considered vulgar and degrading to certain groups."", ""The post suggests violence by stating 'send those primitive child sodomites to Hell,' which could be interpreted as a call for violence against a group."", 'The post uses derogatory language that could be seen as an assault on human dignity, particularly against political groups and possibly religious or ethnic groups.', 'Some annotators might view the post as hyperbolic or satirical, not intended to be taken literally, and therefore not classify it as hate speech.', ""The post's reference to 'commies' and 'death cult of Satan' could be seen as politically charged rhetoric rather than a direct assault on human dignity.""]","The post contains several elements that could be interpreted as hate speech, including offensive language, potential calls for violence, and assaults on human dignity. However, the interpretation of these elements may vary among annotators. Some may see the language as hyperbolic or satirical, while others may view it as a serious incitement to violence or degradation of certain groups. Given these factors, there is likely to be a moderate level of disagreement among annotators, with a higher percentage classifying it as hate speech due to the presence of multiple hate speech elements. Therefore, the estimated percentages are 70% of annotators classifying it as hate speech and 30% not classifying it as hate speech.",0.19999999999999996,0.19999999999999996,0.0,0.19999999999999996
257,25352,How stupid. So many darkies in the Carolinas.,0.5,0.9,0.1,"[""The post uses a racial slur ('darkies') which is offensive and demeaning to individuals based on race, indicating an assault on human dignity."", ""The use of the term 'stupid' in conjunction with a racial slur suggests a derogatory attitude towards a racial group, further supporting the view that it is hate speech."", 'Some annotators might argue that the post does not explicitly call for violence, which could lead them to classify it as not hate speech if they prioritize calls for violence as a key criterion.', 'The post contains vulgar and offensive language, which may lead some annotators to classify it as hate speech due to the use of racial slurs.', 'Cultural and social context might influence some annotators to see this as a clear example of hate speech due to the historical and ongoing impact of racial slurs.']","The post is likely to be classified as hate speech by a significant majority of annotators due to the use of a racial slur and the demeaning nature of the language. However, a small percentage might not classify it as hate speech if they focus solely on the absence of explicit calls for violence.",0.4,0.4000000000000001,0.0,0.4
258,25538,"RT @PrisonPlanet: Five alleged Muslim extremists accused of training children to carry out school shootings were released on bond after their attorney complained that the men were only being targeted because they’re “black and Muslim,” as opposed to “white and Christian.” https://kek.gg/u/VYgR",0.5,0.4,0.6,"['The post highlights a legal case involving alleged Muslim extremists, which could be seen as a factual report rather than hate speech.', 'The post could be interpreted as demeaning towards Muslims by associating them with extremism and violence, potentially assaulting human dignity.', ""The mention of race and religion ('black and Muslim' vs. 'white and Christian') could be seen as highlighting racial and religious bias, which might be interpreted as offensive or as a critique of systemic bias."", 'The post does not contain explicit calls for violence, but it discusses a sensitive topic involving alleged plans for violence, which could be seen as inflammatory.', 'The language used in the post is not overtly vulgar or profane, but the context of the allegations could be considered offensive to some.']","The post presents a complex situation that could be interpreted in multiple ways. Some annotators might view it as hate speech due to its potential to demean Muslims by associating them with violence and extremism, while others might see it as a report on a legal case without any intent to incite hate. The mention of racial and religious bias could be seen as either highlighting systemic issues or as an offensive comparison. Given these factors, there is likely to be moderate disagreement among annotators, with an estimated 40% classifying it as hate speech and 60% not classifying it as such.",0.09999999999999998,0.09999999999999998,0.0,0.09999999999999998
259,25566,Those motherfuckers sunk their dirty teeth into one of my cucumbers in my garden last week. They're really bad this year. I see them almost every night if I look for them. Skunks too.,0.5,0.05,0.95,"[""The post uses vulgar language ('motherfuckers'), which could be seen as offensive, but it is not directed at any specific group of people, rather it is directed at animals (presumably raccoons or similar)."", 'The post does not contain any assaults on human dignity as it does not demean or degrade any individuals or groups based on protected characteristics.', 'There are no calls for violence in the post; it merely expresses frustration about animals in the garden.', 'The use of vulgarity is present, but it is not used in a context that typically constitutes hate speech, as it is directed at animals, not humans.']","The post is likely to be classified as not hate speech by the majority of annotators due to the lack of any direct attacks on human dignity, absence of calls for violence, and the context of vulgarity being directed at animals rather than people. Therefore, I predict that 5% of annotators might classify it as hate speech due to the vulgar language, while 95% would classify it as not hate speech.",0.45,0.45,0.0,0.45
260,25756,"""Ze boobs of yours... Zey need more perkiness.""",0.5,0.3,0.7,"['The post objectifies women by focusing on their physical appearance, which could be seen as an assault on human dignity.', 'The post does not explicitly call for violence or physical harm, so it does not fall under calls for violence.', 'The language used is suggestive and could be considered vulgar or offensive, but it is not overtly profane or slur-filled.', 'Some annotators might see this as a harmless joke or flirtation, not intended to demean or degrade.', ""Others might view it as perpetuating harmful stereotypes about women's bodies, thus contributing to a culture of objectification.""]","The post is likely to result in high disagreement among annotators. While some may see it as objectifying and demeaning, others may interpret it as a non-serious comment or joke. The lack of explicit violence or severe vulgarity contributes to the mixed interpretations. Therefore, approximately 30% of annotators might classify it as hate speech due to its objectifying nature, while 70% might not see it as hate speech, viewing it as a less severe or non-hateful comment.",0.2,0.20000000000000004,0.0,0.2
261,26217,Let's ask the #NFL some serious questions! ,0.5,0.0,1.0,"['The post is a neutral statement asking for accountability or transparency from the NFL, which is not hate speech.', 'The post does not contain any language that assaults human dignity, calls for violence, or uses vulgar or offensive language.', 'The hashtag #NFL is used in a context that does not imply any negative or harmful intent.', 'The post could be interpreted as a call for action, but it is not directed towards any individual or group in a harmful way.']","The post is a neutral statement and does not exhibit any characteristics of hate speech. It is likely that all annotators would agree that this post is not hate speech, resulting in low disagreement. Therefore, the predicted percentage of annotators who classify the post as hate speech is 0%, and those who classify it as not hate speech is 100%.",0.5,0.5,0.0,0.5
262,26262,Agree.  The children do not get the benefits unless people go over with food and feed them.  Otherwise the corrupt gov get the money and the food sits and rots because it costs to deliver to all the areas where needed.,0.5,0.0,1.0,"['The post does not contain any assaults on human dignity as it does not demean or degrade any individuals or groups based on protected characteristics.', 'The post does not call for violence or incite physical harm against any individuals or groups.', 'The post does not contain vulgarity or offensive language directed at individuals or groups.', 'The post expresses a critical opinion about government corruption and inefficiency, which is not inherently hate speech.']","The post is likely to be classified as not hate speech by most annotators, as it does not exhibit any of the aspects of hate speech such as assaults on human dignity, calls for violence, or vulgarity. It is a critique of government actions, which is a legitimate expression of opinion. Therefore, I predict that 0% of annotators would classify it as hate speech, and 100% would classify it as not hate speech. The disagreement level is low.",0.5,0.5,0.0,0.5
263,27012,"But there are flathead ,we call mouth breathing libtards",0.5,0.6,0.4,"[""The post uses derogatory language ('flathead', 'mouth breathing libtards') that could be seen as demeaning or degrading to individuals or groups, potentially based on political affiliation or intellectual ability."", ""The term 'libtards' is a portmanteau of 'liberal' and 'retard', which is offensive and derogatory, particularly towards individuals with intellectual disabilities, and could be considered an assault on human dignity."", 'The post does not explicitly call for violence or physical harm against any individuals or groups.', 'The use of vulgar and offensive language is evident, which may be interpreted as hate speech by some annotators.', 'Some annotators might view the post as a form of political expression or satire, rather than hate speech, leading to differing opinions.']","The post contains derogatory and offensive language, particularly the use of 'libtards', which is a slur. This could lead to a significant portion of annotators classifying it as hate speech due to the assault on human dignity aspect. However, since it does not call for violence and could be interpreted as political expression, there might be some disagreement. Therefore, I predict that 60% of annotators would classify it as hate speech, while 40% would not.",0.09999999999999998,0.09999999999999998,0.0,0.09999999999999998
264,27072,Minnesota: A Republican Caucus Convention at a Notorious Mosque https://iotwreport.com/minnesota-a-republican-caucus-convention-at-a-notorious-mosque/  Wrong. Wrong. Wrong. You cannot hold a serious meeting in the enemy's stronghold.,0.5,0.6,0.4,"[""The post may be seen as an assault on human dignity as it refers to a mosque as an 'enemy's stronghold,' which could be interpreted as demeaning to Muslims."", 'Some annotators might view the post as not explicitly calling for violence, as it does not directly incite or encourage physical harm.', ""The use of the term 'enemy's stronghold' could be considered offensive language, as it implies hostility towards a religious group."", 'Some annotators might interpret the post as expressing a political opinion rather than hate speech, focusing on the context of a political event.', 'The post could be seen as perpetuating negative stereotypes about Muslims, which might be considered a form of hate speech by some annotators.']","The post contains language that could be interpreted as demeaning to Muslims by referring to a mosque as an 'enemy's stronghold.' This could be seen as an assault on human dignity. However, it does not explicitly call for violence, which might lead some annotators to classify it as not hate speech. The term 'enemy's stronghold' could be considered offensive, but some might argue it is a political opinion rather than hate speech. Given these factors, there is likely to be some disagreement among annotators, with an estimated 60% classifying it as hate speech and 40% not.",0.09999999999999998,0.09999999999999998,0.0,0.09999999999999998
265,27079,"For any of you who live in Niggerville, this is probably more effective than a Taser (go to 08:30) ",0.5,0.7,0.3,"[""The post uses a racially offensive term 'Niggerville', which is a derogatory term for a community predominantly inhabited by Black people, thus assaulting human dignity based on race."", ""The post does not explicitly call for violence, but the suggestion that something is 'more effective than a Taser' could imply a threat or encouragement of harm, depending on the context of what is at '08:30'."", ""The use of the term 'Niggerville' is vulgar and offensive, containing a racial slur that is widely recognized as hate speech."", 'Some annotators might argue that the post is not a direct call for violence, as it does not explicitly instruct or encourage physical harm.', ""The post's offensiveness and potential for being classified as hate speech may depend on the context of the content at '08:30', which is not provided here.""]","The post contains a racial slur and offensive language, which many annotators would classify as hate speech due to its assault on human dignity and use of vulgar language. However, the lack of explicit calls for violence and the ambiguity regarding the context at '08:30' might lead some annotators to classify it as not hate speech. Therefore, there is likely to be some disagreement, but the majority would likely classify it as hate speech.",0.19999999999999996,0.19999999999999996,0.0,0.19999999999999996
266,27093,"Nancy Pelosi chided ICE agents for arresting “law-abiding, patriotic” illegal immigrants after they made a recent sweep in northern California. ",0.5,0.3,0.7,"[""Some annotators might view the post as not hate speech because it reports on a political figure's statement without using offensive language or slurs."", ""Other annotators might see the post as potentially demeaning to immigrants by using the term 'illegal immigrants,' which some consider derogatory."", 'Some might argue that the post does not call for violence or use vulgar language, thus not meeting the criteria for hate speech.', 'Others might feel that the post implicitly supports actions against a specific group (immigrants), which could be seen as an assault on human dignity.']","The post is likely to have low disagreement among annotators. While it uses the term 'illegal immigrants,' which some may find offensive, it does not contain explicit vulgarity or calls for violence. The post primarily reports on a political statement, which may lead most annotators to classify it as not hate speech. However, a minority might see the language as demeaning to immigrants.",0.2,0.20000000000000004,0.0,0.2
267,27318,"Christian cake baker who won SCOTUS case is now being harassed by demented Satanist homosexuals, backed by the state of Colorado.",0.5,0.6,0.4,"[""The post assaults human dignity by using derogatory language such as 'demented Satanist homosexuals,' which degrades individuals based on sexual orientation and possibly religion."", ""The post does not explicitly call for violence, but the use of the term 'harassed' could imply a negative action against the baker, which might be interpreted as inciting hostility."", ""The post contains vulgar and offensive language, particularly the use of 'demented' and 'Satanist' in a derogatory context, which could be seen as hate speech."", 'Some annotators might view the post as expressing a controversial opinion rather than hate speech, focusing on the perceived harassment of the baker rather than the language used.', 'The post could be seen as a defense of religious freedom, with the language used to emphasize the perceived injustice against the baker, rather than an attack on a group.']","The post contains language that could be interpreted as hate speech due to its derogatory references to 'demented Satanist homosexuals,' which targets individuals based on sexual orientation and possibly religion. However, it does not explicitly call for violence, and some may argue it is expressing a controversial opinion rather than hate speech. Given the offensive language and potential for different interpretations, there is likely to be moderate disagreement among annotators. Therefore, approximately 60% of annotators might classify it as hate speech, while 40% might not.",0.09999999999999998,0.09999999999999998,0.0,0.09999999999999998
268,27319,"This whole story is so absurd. None of these animals should be in the USA in the first place, and their anchor babies shouldn't be citizens. We don't just need to repeal birthright citizenship, we need to have a way of stripping citizenship from the spawn of foreign nationals.",0.5,0.6,0.4,"[""The post contains demeaning language towards immigrants, referring to them as 'animals' and 'spawn,' which could be seen as an assault on human dignity."", 'The post does not explicitly call for violence, but it does suggest policy changes that could be harmful to immigrants and their families.', ""The use of the term 'anchor babies' is considered offensive and derogatory, which may be interpreted as vulgar or offensive language."", 'Some annotators might view the post as expressing a political opinion on immigration policy rather than hate speech.', 'The post could be seen as promoting xenophobic attitudes, which some annotators might classify as hate speech.']","The post is likely to generate a moderate level of disagreement among annotators. While some may see it as a clear example of hate speech due to its demeaning language and xenophobic undertones, others might interpret it as a political statement on immigration policy. Therefore, approximately 60% of annotators might classify it as hate speech, while 40% might not.",0.09999999999999998,0.09999999999999998,0.0,0.09999999999999998
269,27397,What is happening to Infowars right now is what is going to happen to your white children/grandchildren in the next 20 years.,0.5,0.4,0.6,"['The post suggests a conspiracy theory that may be interpreted as fear-mongering, which could be seen as an indirect assault on human dignity by implying a threat to a specific racial group (white people).', 'The post does not explicitly call for violence, but it implies a future threat, which some may interpret as a veiled call to action or resistance.', 'The language used in the post is not overtly vulgar or offensive, but the implication of a racial threat could be seen as offensive to some.', 'Some annotators might view the post as a warning or prediction rather than hate speech, focusing on the lack of explicit derogatory language or calls for violence.', 'Others might see the post as perpetuating racial fear and division, which could be considered a form of hate speech.']","The post is likely to result in high disagreement among annotators. While it does not contain explicit vulgarity or direct calls for violence, it implies a racial threat that could be interpreted as an assault on human dignity. Some annotators may see it as a warning or prediction, while others may view it as perpetuating racial fear and division. Therefore, approximately 40% of annotators might classify it as hate speech, while 60% might not.",0.09999999999999998,0.09999999999999998,0.0,0.09999999999999998
270,27399,Where are the 'Do not tread on me' 2nd Amendment crowd? Why are there not Patriots in the streets? Why aren't Progressives having unfortunate accidents?,0.5,0.6,0.4,"[""The post may be interpreted as a call for violence against Progressives, suggesting they should have 'unfortunate accidents', which could be seen as inciting harm."", 'The post uses provocative language that could be seen as offensive or inflammatory, particularly in the context of political divisions.', 'Some annotators might view the post as a rhetorical question or hyperbolic statement rather than a literal call to action, thus not constituting hate speech.', 'The post does not explicitly use vulgar or offensive language, but the implication of harm towards a group could be seen as degrading or demeaning.', ""The reference to 'Patriots' and '2nd Amendment crowd' might be interpreted as a political statement rather than hate speech, depending on the reader's perspective.""]","The post contains language that could be interpreted as inciting violence or harm against a specific political group, which may lead some annotators to classify it as hate speech. However, the lack of explicit vulgarity and the potential for interpreting the language as rhetorical or hyperbolic could lead others to classify it as not hate speech. Given these factors, there is likely to be moderate disagreement among annotators, with an estimated 60% classifying it as hate speech and 40% not classifying it as such.",0.09999999999999998,0.09999999999999998,0.0,0.09999999999999998
271,27401,This is a reminder that the 'white extinction anxiety' article means that progressives are banking and planning on your childrens persecution.,0.5,0.4,0.6,"['The post suggests that progressives are planning harm against children, which could be seen as a call for violence or incitement of fear.', ""The term 'white extinction anxiety' could be interpreted as an assault on human dignity by implying racial superiority or victimhood."", 'The post does not contain explicit vulgarity or offensive language, but the implications could be considered offensive to some.', 'Some annotators might see this as a political opinion rather than hate speech, focusing on the ideological aspect rather than the racial implications.', 'The post could be seen as fear-mongering, which might not be classified as hate speech by all annotators.']","The post contains elements that could be interpreted as hate speech, particularly in terms of inciting fear and implying racial victimhood. However, it lacks explicit vulgarity or direct calls for violence, which might lead some annotators to classify it as a political opinion rather than hate speech. Given these factors, there is likely to be moderate disagreement among annotators, with approximately 40% classifying it as hate speech and 60% not classifying it as such.",0.09999999999999998,0.09999999999999998,0.0,0.09999999999999998
272,27402,"Looking at the news today, it's clear that we are in a soft coup leading to outright anarchy by far left progressives/democrats/socialist. In my opinion we have already seen countless examples of outright sedition by most left wing politicians that should be facing felony charges. And they aren't. Trump must kill/deport/imprison them now.",0.5,0.7,0.3,"[""The post contains a call for violence as it suggests that Trump should 'kill/deport/imprison' left-wing politicians, which can be interpreted as inciting harm against a group based on political beliefs."", ""The post uses offensive language by labeling political opponents as engaging in 'sedition' and suggesting they should face 'felony charges,' which may be seen as demeaning to individuals based on their political affiliation."", 'Some annotators might view the post as a political opinion rather than hate speech, interpreting the language as hyperbolic or rhetorical rather than a genuine call to action.', 'The post does not target individuals based on race, ethnicity, gender, religion, or sexual orientation, which might lead some annotators to classify it as not hate speech.']","The post is likely to result in high disagreement among annotators. While it contains language that can be interpreted as a call for violence and uses offensive language against a political group, some may view it as a political opinion rather than hate speech. Therefore, approximately 70% of annotators might classify it as hate speech due to the call for violence and offensive language, while 30% might not classify it as hate speech, viewing it as political rhetoric.",0.19999999999999996,0.19999999999999996,0.0,0.19999999999999996
273,27483,Not all Moslems are terrorists .....but nearly all terrorists are Moslem  #SpeakFreely,0.5,0.6,0.4,"['The post makes a generalization about Muslims and terrorism, which could be seen as demeaning or degrading to Muslims as a group, thus potentially assaulting human dignity.', 'The post does not explicitly call for violence against Muslims or any other group.', 'The post does not contain vulgarity or offensive language in terms of profanity or slurs, but the implication of the statement could be considered offensive to Muslims.', 'Some annotators might view the post as a statement of opinion or a reflection of a common stereotype, rather than hate speech.', 'Others might see the post as perpetuating harmful stereotypes and contributing to a hostile environment for Muslims, thus classifying it as hate speech.']","The post is likely to result in high disagreement among annotators. While some may see it as perpetuating harmful stereotypes about Muslims, others may interpret it as a statement of opinion or a reflection of a common stereotype. Therefore, approximately 60% of annotators might classify it as hate speech due to its potential to demean Muslims, while 40% might not classify it as hate speech, viewing it as a non-violent expression of opinion.",0.09999999999999998,0.09999999999999998,0.0,0.09999999999999998
274,27524,"John McCain hasn’t had a conversation with an American voter in ten years.  He doesn’t have a clue, nor does he care, what American citizens want.",0.5,0.05,0.95,"['The post criticizes a public figure, John McCain, for being out of touch with American voters, which is a political opinion rather than hate speech.', 'The post does not contain any vulgarity, slurs, or offensive language directed at individuals or groups.', 'There is no call for violence or incitement to harm in the post.', 'The post does not demean or degrade individuals or groups based on protected characteristics such as race, ethnicity, gender, religion, or sexual orientation.']","The post is primarily a political critique of John McCain's engagement with voters and does not exhibit characteristics of hate speech. It lacks vulgarity, calls for violence, or assaults on human dignity based on protected characteristics. Therefore, it is likely that a small percentage of annotators might classify it as hate speech due to a broad interpretation of criticism as potentially harmful, but the majority would not see it as hate speech.",0.45,0.45,0.0,0.45
