,ID,Text,Hate_pos,Hate_pos_LLM,Hate_neg_LLM,Opinions_LLM,Raw_output_LLM,Hate_diff
0,761,Well... fuck you too Spotify. A disgusting picture designed to humiliate the White people of Australia...,0.6,0.3,0.7,"[""The post uses vulgar language ('fuck'), which may be considered offensive but not necessarily hate speech."", 'The post expresses a negative sentiment towards Spotify, which is not related to hate speech.', ""The phrase 'a disgusting picture designed to humiliate the White people of Australia' could be interpreted as an assault on human dignity, as it suggests that the post is defending a racial group from perceived humiliation."", 'Some annotators might see the post as defending a racial group (White people) and not as hate speech, but rather as a critique of perceived racial insensitivity.', 'Others might interpret the post as potentially inciting racial tension by framing the issue as an attack on a racial group, which could be seen as a form of hate speech.']","The post contains vulgar language and expresses a sentiment of being offended by a picture that allegedly humiliates White people in Australia. Annotators might be divided on whether this constitutes hate speech. Some may see it as a defense of a racial group and not hate speech, while others might view it as inciting racial tension. Therefore, there is likely to be some disagreement among annotators, but the majority might not classify it as hate speech. Predicted percentages: 30% hate speech, 70% not hate speech.",0.3
1,1303,"A White House petition calling on Congress to defend free speech online is set to surpass 100,000 signatures by the end of today, just three days after it was launched. https://www.infowars.com/white-house-petition-to-d...",0.0,0.0,1.0,"['The post is a neutral report about a petition and does not contain any hate speech elements.', 'The post does not assault human dignity as it does not demean or degrade any individual or group.', 'There are no calls for violence in the post; it merely reports on a petition related to free speech.', 'The post does not contain vulgarity or offensive language; it is a straightforward news report.']","The post is a straightforward report about a petition related to free speech and does not contain elements of hate speech. It does not assault human dignity, call for violence, or use vulgar or offensive language. Therefore, it is likely that 0% of annotators would classify it as hate speech, and 100% would classify it as not hate speech. The disagreement level is low as the post is clear and lacks any hate speech indicators.",0.0
2,1313,No humans can deliver God’s word. Read the gospels and interpret them in you heart. After the last apostle died man was on his own. Humans to flawed to preach.,0.0,0.05,0.95,"['The post does not contain any assaults on human dignity as it does not demean or degrade any specific group based on race, ethnicity, gender, religion, sexual orientation, or other protected characteristics.', 'The post does not call for violence or incite physical harm against any individuals or groups.', 'The post does not contain vulgarity or offensive language. It discusses religious beliefs and interpretations without using profanity or slurs.', 'Some annotators might view the post as expressing a personal religious belief rather than hate speech.', 'The post could be seen as critical of religious leaders or institutions, but it does not explicitly attack or demean them.']","The post is likely to be classified as not hate speech by the majority of annotators. It does not contain elements that typically characterize hate speech, such as assaults on human dignity, calls for violence, or vulgar language. The opinions suggest that the post is more about personal religious interpretation and critique of human fallibility in religious preaching, which is not inherently hateful. Therefore, I predict that 5% of annotators might classify it as hate speech due to potential perceived criticism of religious institutions, while 95% would classify it as not hate speech.",0.05
3,1314,"There is no such thing as a free society , Islam and communism need to go not compatible. If the United States is to survive they must be banned",0.4,0.6,0.4,"['The post may be seen as an assault on human dignity as it targets Islam, a religion, suggesting it is incompatible with a free society and should be banned, which could be interpreted as demeaning to Muslims.', 'The post does not explicitly call for violence, but the suggestion to ban Islam and communism could be seen as advocating for exclusionary or discriminatory policies.', 'The language used in the post is not overtly vulgar or offensive, but the sentiment expressed could be considered offensive to those who identify with Islam or communism.', 'Some annotators might view the post as expressing a political opinion rather than hate speech, focusing on the ideological critique rather than the potential for discrimination.']","The post is likely to generate some disagreement among annotators. While it does not contain explicit calls for violence or vulgar language, it does target a specific religion and political ideology, which could be seen as demeaning or exclusionary. Some annotators might classify it as hate speech due to its potential to degrade or exclude based on religion and ideology, while others might see it as a political opinion. Therefore, there is a moderate level of disagreement, with an estimated 60% of annotators classifying it as hate speech and 40% not classifying it as such.",0.19999999999999996
4,1315,John McCain The word Humility does not apply to that family. What a disgrace,0.2,0.1,0.9,"['The post does not contain any explicit assaults on human dignity as it does not target a protected characteristic such as race, ethnicity, gender, etc.', 'The post does not contain any calls for violence or incitement to physical harm.', ""The post uses the word 'disgrace,' which could be considered offensive or disrespectful, but it is not vulgar or a slur."", 'The post is a personal opinion about a public figure and their family, which may be seen as critical but not necessarily hate speech.']","The post is likely to be classified as not hate speech by the majority of annotators, as it lacks elements of hate speech such as assaults on human dignity, calls for violence, or vulgar language. The use of the word 'disgrace' may be seen as offensive by some, but it is not sufficient to categorize the post as hate speech. Therefore, I predict that 10% of annotators might classify it as hate speech due to perceived offensiveness, while 90% would classify it as not hate speech.",0.1
5,1442,"By nearly every metric, we're doing better under Trump than Obama:    Unemployment at near record lows   Black unemployment at record lows   GDP higher than its been in years   Taxes lower for most people   Stock exchanges at record highs    So why do the left hate him so much?   🤔🤔🤔",0.2,0.05,0.95,"['The post does not contain any assaults on human dignity as it does not demean or degrade individuals or groups based on protected characteristics.', 'The post does not contain calls for violence or encourage physical harm against individuals or groups.', 'The post does not contain vulgarity or offensive language, as it uses neutral language to present political opinions and statistics.', 'Some annotators might view the post as politically biased or provocative, but not as hate speech.', 'The post could be seen as expressing a political opinion rather than engaging in hate speech.']","The post is likely to be classified as not hate speech by the majority of annotators, as it does not exhibit characteristics of hate speech such as assaults on human dignity, calls for violence, or vulgarity. It is more likely to be seen as a political opinion piece. Therefore, I predict that 5% of annotators might classify it as hate speech due to perceived political bias or provocation, while 95% would classify it as not hate speech.",0.15000000000000002
6,1678,"free speech Twitter alternative Gab. Although Gab has experienced a surge of users following the big tech blacklisting of Alex Jones, as well as a wave of users from Kenya and Brazil following social media crackdowns related to those countries",0.2,0.1,0.9,"['Some annotators might view the post as not hate speech because it primarily discusses the growth of a social media platform and user migration without any explicit demeaning language or calls for violence.', ""Other annotators might consider the post as potentially problematic due to the mention of 'big tech blacklisting' and 'social media crackdowns,' which could imply a context of censorship or suppression, but this does not directly constitute hate speech."", 'Some annotators might focus on the mention of specific countries (Kenya and Brazil) and assess whether there is any implicit bias or negative stereotyping, but the post does not explicitly demean these groups.']","The post is likely to be classified as not hate speech by the majority of annotators, as it does not contain explicit demeaning language, calls for violence, or vulgarity. However, a small percentage might see potential issues related to the context of censorship or the mention of specific countries, leading to a minority classifying it as hate speech.",0.1
7,2059,Study: Google Pushes Liberal News in Top 5 Search Suggestions via @descarteslover http://bit.ly/2NAEfo6,0.0,0.0,1.0,"['The post is not hate speech as it does not demean or degrade any individuals or groups based on protected characteristics.', 'The post does not contain any calls for violence against individuals or groups.', 'The post does not use vulgarity or offensive language.', 'The post may be seen as expressing a political opinion or critique, which is not inherently hate speech.']","The post is likely to be classified as not hate speech by the majority of annotators, as it does not exhibit any of the aspects of hate speech such as assaults on human dignity, calls for violence, or vulgarity. It appears to be a statement about perceived media bias, which is a political opinion rather than hate speech. Therefore, I predict that 0% of annotators would classify it as hate speech, and 100% would classify it as not hate speech.",0.0
8,2060,"Abortion: The Left tried to get Legislation passed, they lost. Went to a Liberal Supreme Court and forced it on us.  Gay Marriage: Tried to pass it in States, they lost. Tried to pass it in Congress, they lost.  Went to a Liberal Judge and forced it on us.   Trump: They lost to him now they seek to remove him from office. Are you seeing a pattern here?",0.2,0.1,0.9,"['The post expresses a political opinion without directly demeaning or degrading any specific group, so it may not be considered hate speech by some annotators.', ""The post uses the term 'forced it on us,' which could be interpreted as an assault on human dignity by implying that certain groups are imposing their will on others, potentially leading some annotators to view it as hate speech."", 'The post does not contain any explicit calls for violence, so it is unlikely to be classified as hate speech based on this aspect.', 'The post does not use vulgarity or offensive language, which may lead some annotators to classify it as not hate speech.']","The post is likely to result in low disagreement among annotators. While it expresses a strong political opinion, it does not contain explicit hate speech elements such as vulgarity, calls for violence, or direct assaults on human dignity. Therefore, it is predicted that 10% of annotators might classify it as hate speech due to the phrase 'forced it on us,' while 90% would classify it as not hate speech.",0.1
9,2061,"Socialists have been claiming for a century or more that Capitalism doesn't have the facts on its side.  Losing that argument, they now claim that facts don't matter.  Rinse and repeat.",0.6,0.1,0.9,"['The post is a critique of socialists and their arguments against capitalism, but it does not target any specific individual or group based on protected characteristics, so it may not be considered hate speech.', 'The post does not contain any calls for violence or incitement to harm, so it is unlikely to be classified as hate speech based on this aspect.', 'The language used in the post is not vulgar or offensive, and it does not include slurs, so it may not be considered hate speech based on language.', 'Some annotators might view the post as dismissive or derogatory towards socialists, but since political ideology is not a protected characteristic, it may not be classified as hate speech.']","The post is likely to be classified as not hate speech by the majority of annotators, given that it does not target protected characteristics, incite violence, or use offensive language. There may be a small percentage of annotators who view it as derogatory towards a political group, but this is unlikely to constitute hate speech. Therefore, the predicted percentages are approximately 10% for hate speech and 90% for not hate speech.",0.5
10,2062,I am a Roman Catholic.  Our church is corrupt.  We need reformation.,0.4,0.0,1.0,"['The post is a critique of the Roman Catholic Church and does not target individuals or groups based on protected characteristics, so it is not hate speech.', 'The post does not incite or encourage violence against any individuals or groups, so it is not hate speech.', 'The post does not contain vulgarity, slurs, or offensive language, so it is not hate speech.', 'The post expresses a personal opinion about the need for reformation within the church, which is a common topic of discussion and debate.']","The post is a personal critique of the Roman Catholic Church, focusing on the need for reformation. It does not target individuals or groups based on protected characteristics, nor does it incite violence or use offensive language. Therefore, it is unlikely to be classified as hate speech by annotators. The disagreement level is low, as the post is clearly not hate speech. The predicted percentages are [0.0, 1.0], indicating that 0% of annotators would classify it as hate speech, and 100% would classify it as not hate speech.",0.4
11,2063,"In America, Right Wing can best be described as people who are self-sufficient and want to be left alone.  Left Wing is best described as people who are dependent and want to tell everyone else what to do.",0.6,0.1,0.9,"['The post does not contain any direct assaults on human dignity as it does not target individuals or groups based on protected characteristics like race, ethnicity, gender, etc.', 'The post does not contain calls for violence or incite physical harm against any group or individual.', 'The post uses generalizations about political groups, which some may find offensive or reductive, but it does not use vulgar or explicitly offensive language.', 'Some annotators might view the post as perpetuating stereotypes about political groups, which could be seen as a form of verbal assault on dignity, albeit not in a severe manner.', 'Others might see the post as a simple expression of political opinion, which is not hate speech.']","The post is likely to be categorized as 'high' disagreement due to its reliance on subjective interpretations of political stereotypes. While it does not contain explicit hate speech elements like vulgarity or calls for violence, the generalizations about political groups could be interpreted differently by annotators. Some might see it as perpetuating stereotypes, while others might view it as a benign political opinion. Therefore, it is predicted that 10% of annotators might classify it as hate speech, while 90% would not.",0.5
12,2064,"If we are to succeed in Making America Great Again, we have to put a lot of effort into making Americans Great Again.",0.2,0.05,0.95,"['The post is a political statement and does not contain any elements of hate speech.', ""The phrase 'Making America Great Again' is associated with a political campaign and may be seen as divisive, but it does not inherently contain hate speech."", 'The post does not demean or degrade any specific group based on race, ethnicity, gender, religion, or other protected characteristics.', 'There is no call for violence or incitement to harm in the post.', 'The language used in the post is not vulgar or offensive.']","The post is primarily a political statement and does not contain elements that would typically be classified as hate speech. It does not assault human dignity, call for violence, or use vulgar or offensive language. Therefore, it is likely that a majority of annotators would classify this post as not hate speech. However, given the association of the phrase 'Making America Great Again' with a specific political campaign, a small percentage of annotators might perceive it as divisive or indirectly related to hate speech. Thus, the predicted percentages are 5% for hate speech and 95% for not hate speech.",0.15000000000000002
13,2065,"IMO-If there is anything good anywhere in the world, America had something to do with it.",0.0,0.05,0.95,"['The post is a patriotic statement and does not contain any elements of hate speech.', 'The post does not demean or degrade any individuals or groups based on protected characteristics.', 'There is no call for violence or incitement of harm in the post.', 'The language used in the post is not vulgar or offensive.', ""Some might interpret the post as dismissive of other countries' contributions, but it does not reach the level of hate speech.""]","The post is likely to be classified as not hate speech by the majority of annotators. It is a patriotic statement that does not contain elements of hate speech such as assaults on human dignity, calls for violence, or vulgar language. While some might see it as dismissive of other countries, it does not meet the criteria for hate speech. Therefore, I predict that 5% of annotators might classify it as hate speech due to potential misinterpretation, while 95% would classify it as not hate speech.",0.05
14,2066,"IMO-If the Establishment media stops bashing Trump, that's when we should be concerned.",0.2,0.05,0.95,"['The post does not contain any assaults on human dignity as it does not demean or degrade any individuals or groups based on protected characteristics.', 'The post does not contain any calls for violence or incitement to physical harm against individuals or groups.', 'The post does not contain vulgarity or offensive language; it is a political opinion about media coverage.']","The post is likely to be classified as not hate speech by the majority of annotators. It is a political opinion about media coverage and does not contain elements typically associated with hate speech. Therefore, I predict that 5% of annotators might classify it as hate speech due to potential misinterpretation or bias, while 95% would classify it as not hate speech.",0.15000000000000002
15,2463,@alternative_right   Are you guys gonna gas me because of my Scottish roots?,0.4,0.3,0.7,"[""The post could be interpreted as a sarcastic or ironic comment, possibly mocking or criticizing the alt-right's perceived views on race or ethnicity, which might not be considered hate speech."", ""The mention of 'gas' could be seen as a reference to violence or historical atrocities, which might be interpreted as offensive or in poor taste, but not necessarily a direct call for violence."", 'The post does not explicitly demean or degrade individuals or groups based on protected characteristics, so it might not be considered an assault on human dignity.', ""The language used in the post is not overtly vulgar or offensive, though the context of 'gas' could be seen as sensitive or provocative.""]","The post is likely to result in high disagreement among annotators due to its ambiguous and potentially sarcastic tone. Some annotators might view it as a critique or satire of extremist views, while others might find the reference to 'gas' offensive or in poor taste. Given these interpretations, approximately 30% of annotators might classify it as hate speech due to the sensitive nature of the language, while 70% might not classify it as hate speech, viewing it as a non-serious or critical comment.",0.10000000000000003
16,2465,"You'd have to look at her ass... have you ever heard her sing?She's got a pretty voice, but I swear to God she has dropsy.  She sounds like she has a mouth full of peanut butter... like her mouth doesn't form words or close all the way when enunciating words.It's like listening to someone who just got back from the dentist.",0.4,0.3,0.7,"['The post is not hate speech as it does not target any protected characteristic such as race, ethnicity, gender, religion, or sexual orientation.', ""The post contains vulgarity and offensive language, particularly in the way it describes the person's singing ability and physical appearance, which could be seen as demeaning."", 'The post does not call for violence or incite harm against any individual or group.', ""The post could be interpreted as a personal attack on an individual's dignity, focusing on their physical and vocal attributes in a derogatory manner.""]","The post is likely to be interpreted with some disagreement among annotators. While it does not explicitly target a protected characteristic or incite violence, it does contain offensive language and could be seen as demeaning to the individual being described. Therefore, it is plausible that 30% of annotators might classify it as hate speech due to the offensive and demeaning nature of the language, while 70% might not classify it as hate speech, viewing it as a personal critique rather than a broader attack on a protected group.",0.10000000000000003
17,2467,This guy:'All the best Europeans stayed in Europe'Also this guy:'I'm an American'LMAOOOO!!,0.2,0.1,0.9,"[""The post is a humorous critique of someone's contradictory statements, not intended as hate speech."", ""The post could be seen as offensive to Americans by implying that they are not the 'best Europeans,' but it does not explicitly demean or degrade based on protected characteristics."", 'The post does not contain any calls for violence or incitement to harm.', ""The use of 'LMAOOOO' suggests a tone of mockery or humor rather than serious offense."", 'The post does not use vulgarity or offensive language directed at any individual or group.']","The post is likely to be interpreted as humorous rather than hate speech. It does not explicitly demean or degrade individuals based on protected characteristics, nor does it incite violence or use vulgar language. Therefore, it is expected that a small percentage of annotators might see it as offensive, but the majority would not classify it as hate speech. The disagreement level is low, as the post is more likely to be seen as a joke or satire.",0.1
18,3076,"Democrats really don't have a choice other than to attempt to impeach Trump...They have no single candidate that can compete with him in 2020 and the more this economy grows, the more challenging it will be to beat him.And they don't want their top leadership going to jail nor do they want to lose the SCOTUS for the next 4 decades.  They're so screwed which is why they act so desperate!",0.4,0.0,1.0,"['The post is a political opinion and does not contain hate speech as it does not demean or degrade any individual or group based on protected characteristics.', 'The post does not contain any calls for violence or incitement to physical harm against any individual or group.', 'The post does not use vulgarity, slurs, or offensive language directed at individuals or groups.', 'The post may be seen as expressing a strong political bias, but it does not meet the criteria for hate speech.']","The post is primarily a political commentary and does not exhibit characteristics of hate speech. It does not assault human dignity, call for violence, or use vulgar or offensive language. Therefore, it is likely that 0% of annotators would classify it as hate speech, while 100% would classify it as not hate speech. The disagreement level is low as the post clearly does not fall into any hate speech categories.",0.4
19,3077,"John Kerry couldn't take out W in the 2004 Presidential election, so how in the hell does he plan to defeat the most popular Republican President in history?Hope he runs.  It would be an easy victory.https://www.cbsnews.com/news/john-kerry-wont-rule-...",0.0,0.0,1.0,"['The post does not contain any assaults on human dignity as it does not demean or degrade individuals or groups based on protected characteristics.', 'The post does not contain calls for violence as it does not incite or encourage physical harm or violence against individuals or groups.', ""The post does not contain vulgarity or offensive language; it is a political opinion about John Kerry's chances in an election.""]","The post is a political commentary on John Kerry's potential candidacy and does not exhibit characteristics of hate speech. Annotators are likely to agree that it is not hate speech, resulting in low disagreement.",0.0
20,3078,So David Brock's shitposters are back?I haven't noticed.,0.0,0.1,0.9,"[""The post uses the term 'shitposters,' which could be considered vulgar or offensive language, but it is not directed at a specific individual or group based on protected characteristics."", 'The post does not appear to assault human dignity as it does not demean or degrade individuals or groups based on race, ethnicity, gender, religion, sexual orientation, or other protected characteristics.', 'There is no call for violence or encouragement of physical harm against individuals or groups in the post.', 'The post may be interpreted as a casual or humorous remark about online behavior, which might not be considered hate speech by some annotators.']","The post is likely to be classified as not hate speech by the majority of annotators due to the lack of elements that typically constitute hate speech, such as assaults on human dignity or calls for violence. The use of the term 'shitposters' might be seen as vulgar, but it is not directed at a protected group. Therefore, I predict that 10% of annotators might classify it as hate speech due to the use of offensive language, while 90% would classify it as not hate speech.",0.1
21,3079,I'm sure Bill Clinton has a donut for Ariana Grande to lick...https://www.youtube.com/watch?v=Oja97POVbM8,0.4,0.05,0.95,"['The post is a humorous or satirical comment referencing a past incident involving Ariana Grande licking a donut, and does not constitute hate speech.', 'The post does not target any specific individual or group based on protected characteristics, and thus does not assault human dignity.', 'The post does not contain any calls for violence or incitement to harm.', 'The post does not use vulgarity or offensive language directed at any individual or group.', 'Some annotators might find the post inappropriate or in poor taste, but not rising to the level of hate speech.']","The post is likely to be interpreted as a humorous or satirical comment rather than hate speech. It does not target any specific individual or group based on protected characteristics, nor does it incite violence or use offensive language. Therefore, it is expected that a small percentage of annotators might classify it as hate speech due to perceived inappropriateness, but the majority would not. The predicted percentages are [0.05, 0.95], indicating low disagreement among annotators.",0.35000000000000003
22,3081,"So the media believes they have a 'gotcha' moment with Trump's off the record comments about the Canadian trade negotiation.But by owning it and admitting he said it, he's sending a message of honesty and transparency.The public knows how important these trade deals are to Trump, so if he'll own that publicly, is there much else he could lie about?Not really.",0.0,0.0,1.0,"['The post does not contain any assaults on human dignity as it does not demean or degrade any individuals or groups based on protected characteristics.', 'There are no calls for violence in the post, as it discusses political strategy and trade negotiations without inciting harm.', 'The post does not use vulgarity or offensive language; it is a political commentary on media and trade negotiations.', 'Some annotators might view the post as supportive of a political figure, but this does not constitute hate speech.']","The post is a political commentary and does not exhibit characteristics of hate speech. It does not assault human dignity, call for violence, or use vulgar or offensive language. Therefore, it is likely that 0% of annotators would classify it as hate speech, and 100% would classify it as not hate speech. The disagreement level is low, as the post clearly does not fall into any hate speech categories.",0.0
23,3082,Trump admits that he made the 'off the record' comments regarding the Canadian negotiations...And he doesn't care because he knows we have the stronger negotiating position.This changes nothing and sets the clear tone for what Canada has to do if they want to make a deal.,0.2,0.0,1.0,"['The post is a straightforward political commentary and does not contain any elements of hate speech.', 'The post does not demean or degrade any individuals or groups based on protected characteristics.', 'There are no calls for violence or incitement to harm in the post.', 'The language used in the post is not vulgar or offensive.']","The post is a political commentary on trade negotiations and does not exhibit any characteristics of hate speech. It does not assault human dignity, call for violence, or use vulgar language. Therefore, it is likely that 0% of annotators would classify it as hate speech, and 100% would classify it as not hate speech. The disagreement level is low.",0.2
24,3083,Do you need evidence that Progressives are intellectually superior to the rest of us?Here you go:  'Front Hole',0.6,0.3,0.7,"[""The post uses the term 'Front Hole' which may be seen as vulgar or offensive by some, but it is not directed at any specific individual or group, thus not constituting hate speech."", 'The post could be interpreted as mocking or belittling a group (Progressives) by implying they use nonsensical or absurd terminology, which could be seen as an assault on human dignity.', 'The post does not contain any calls for violence or incitement to harm, so it does not meet that criterion for hate speech.', 'Some annotators might see the post as a satirical or humorous critique of language used by certain groups, rather than hate speech.']","The post is likely to result in some disagreement among annotators. While it uses potentially offensive language ('Front Hole'), it does not directly attack a protected characteristic or incite violence. Some annotators might view it as a critique or satire rather than hate speech. Therefore, I predict that 30% of annotators might classify it as hate speech due to perceived mockery or offensiveness, while 70% might not classify it as hate speech, seeing it as a non-violent, non-demeaning expression.",0.3
25,3248,"Just waxed my snowboard and had my coat cleaned, they say it's going to be a cold winter. I'm not excited at all winter is on it's way! :)",0.0,0.0,1.0,"['The post is a personal expression about winter and does not contain any elements of hate speech.', 'There are no assaults on human dignity, as the post does not mention any individuals or groups based on protected characteristics.', 'There are no calls for violence or incitement of harm against any individuals or groups.', 'The post does not contain vulgarity, slurs, or offensive language.']","The post is a personal expression about winter and does not contain any elements of hate speech. There are no assaults on human dignity, calls for violence, or vulgarity present in the post. Therefore, it is likely that 0% of annotators would classify it as hate speech, and 100% would classify it as not hate speech.",0.0
26,3251,Fantastic investigative work done by Corey Lynn: Connecting the dots between the global warming scam and child trafficking..Clinton connection of course. Shipwrecked on Ten Islands with Clinton's and Brandson https://coreysdigs.com/clinton-foundation/shipwrec...,0.0,0.3,0.7,"['The post suggests a conspiracy theory linking global warming, child trafficking, and prominent figures like the Clintons, which may be seen as an assault on human dignity by spreading potentially harmful misinformation.', 'The post does not contain any direct calls for violence against individuals or groups.', 'The post does not use vulgarity or offensive language, but it does imply serious accusations without evidence, which some may find offensive or harmful.']","The post is likely to be interpreted differently by annotators due to its conspiracy theory nature and the lack of direct hate speech elements. Some annotators might see it as harmful misinformation that could indirectly harm individuals or groups, while others might view it as merely expressing an opinion or theory without direct hate speech. Therefore, there is likely to be moderate disagreement among annotators, with approximately 30% classifying it as hate speech due to the potential harm of spreading misinformation, and 70% not classifying it as hate speech because it lacks direct assaults on human dignity, calls for violence, or vulgar language.",0.3
27,3252,Antifa Protesting George Soros for non payment. Soros where's our money...... https://twitter.com/Jamierodr10/status/10356866243...,0.0,0.1,0.9,"['The post is a satirical comment on Antifa and George Soros, not intended as hate speech.', 'The post does not contain any direct assaults on human dignity based on race, ethnicity, gender, religion, or sexual orientation.', 'The post does not call for violence or incite physical harm against any individuals or groups.', 'The post may be seen as perpetuating a conspiracy theory about George Soros funding protests, which some might find offensive or misleading.', 'The post uses a mocking tone but does not employ vulgarity or offensive language.']","The post is likely to be interpreted as not constituting hate speech by most annotators. It does not directly attack any protected group or individual, nor does it incite violence. The satirical or mocking tone might be seen as offensive to some, but it lacks the elements typically associated with hate speech. Therefore, it is predicted that 10% of annotators might classify it as hate speech due to the potential for offense or perpetuation of conspiracy theories, while 90% would classify it as not hate speech.",0.1
28,3423,"A top #Israeli #soccer team has added ""#Trump"" to their name in honor of the U.S. president:  https://www.mirror.co.uk/sport/football/news/top-israeli-football-team-adds-12529965",0.0,0.05,0.95,"['The post is neutral and simply reports a fact about a soccer team changing its name, without any demeaning or degrading language towards any group.', ""The post does not contain any calls for violence or incitement to harm, as it merely states a change in a team's name."", 'There is no vulgarity or offensive language present in the post, making it unlikely to be considered hate speech.', ""Some annotators might consider the mention of 'Trump' as potentially controversial, but the context here is factual and not derogatory.""]","The post is likely to be classified as not hate speech by the majority of annotators, given its neutral tone and lack of offensive content. Therefore, I predict that 5% of annotators might classify it as hate speech due to potential controversy around the name 'Trump', while 95% would classify it as not hate speech.",0.05
29,3842,SIGN PETITION! Protect Free Speech in the Digital Public Square  https://petitions.whitehouse.gov/petition/protect-...,0.0,0.0,1.0,"['The post is advocating for free speech, which is a fundamental right and does not constitute hate speech.', 'The post does not contain any language that assaults human dignity, as it does not target any specific group or individual.', 'There is no call for violence or incitement to harm in the post.', 'The post does not use vulgar or offensive language.']","The post is a call to action to sign a petition for protecting free speech, which is generally not considered hate speech. It does not contain any elements that would typically be classified as hate speech, such as assaults on human dignity, calls for violence, or vulgar language. Therefore, it is likely that there would be a consensus among annotators that this post is not hate speech, leading to low disagreement. The predicted percentages are 0% for hate speech and 100% for not hate speech.",0.0
30,3843,FINALLY! The FBI announced Friday the arrest of 5 NM compound suspects on federal firearms & conspiracy charges after a judge on Wed dismissed child abuse charges against 3 defendants found inside.  https://www.breitbart.com/big-government/2018/08/3...,0.0,0.05,0.95,"['The post is a straightforward news update and does not contain any elements of hate speech.', 'The post does not demean or degrade any individuals or groups based on protected characteristics.', 'There is no call for violence or incitement to harm in the post.', 'The post does not contain vulgarity, slurs, or offensive language.', 'Some annotators might consider the source of the news (Breitbart) as potentially biased, but the post itself remains neutral.']","The post is a news update about the arrest of suspects on federal charges. It does not contain language that assaults human dignity, calls for violence, or uses vulgar or offensive language. Therefore, it is likely that the majority of annotators would classify this post as not hate speech. Given the content, there is low disagreement expected among annotators, as the post is factual and lacks elements typically associated with hate speech. The percentages are estimated to be 5% for hate speech and 95% for not hate speech.",0.05
31,3844,"I'd Leave! A plan to merge T-Mobile 7 Sprint, 2 billion dollar wireless conglomerates, will result in the loss of nearly 29,000 American jobs, a report by the leading union for communication workers reveals. https://www.breitbart.com/big-government/2018/08/3...",0.2,0.0,1.0,"['The post is primarily informative and does not contain any elements of hate speech.', 'The post does not assault human dignity as it does not target any specific group based on race, ethnicity, gender, religion, or other protected characteristics.', 'There is no call for violence or incitement to harm in the post.', 'The language used in the post is not vulgar or offensive; it is neutral and factual.', 'Some annotators might consider the source (Breitbart) as potentially biased, but the content of the post itself does not exhibit hate speech.']","The post is an informative statement about a corporate merger and its potential impact on jobs. It does not contain any elements that would typically be classified as hate speech, such as assaults on human dignity, calls for violence, or vulgar language. Therefore, it is likely that there would be a consensus among annotators that this post is not hate speech. The percentage of annotators who classify the post as hate speech is expected to be 0%, while 100% would classify it as not hate speech.",0.2
32,3845,"2/3 of Republicans and a 1/3 of independents think special counsel Robert Mueller’s #Russia investigation should be shut down, according to a new Axios poll. https://www.breitbart.com/big-government/2018/08/3...",0.0,0.0,1.0,"['The post is a factual statement about a poll result and does not contain any hate speech elements.', 'The post does not demean or degrade any individuals or groups based on protected characteristics.', 'There is no call for violence or incitement to physical harm in the post.', 'The post does not contain vulgarity, slurs, or offensive language.']","The post is a straightforward report of poll results without any elements of hate speech. It is likely that all annotators would agree that this post does not constitute hate speech, leading to a low disagreement scenario. Therefore, the predicted percentage of annotators who classify the post as hate speech is 0%, and those who classify it as not hate speech is 100%.",0.0
33,3846,Neil Armstrong Movie Starring Canadian Ryan Gosling Doesn’t Feature planting of American Flag on Moon Surface #BoycottFirstMan https://www.breitbart.com/big-hollywood/2018/08/30...,0.0,0.1,0.9,"['The post is not hate speech as it discusses a movie and its content, focusing on a historical event without demeaning any group.', 'The post could be seen as nationalistic but does not assault human dignity or call for violence.', 'The hashtag #BoycottFirstMan suggests a call for action, but it is not a call for violence or hate.', 'The post does not contain vulgarity or offensive language.']","The post is primarily a commentary on a movie and its portrayal of a historical event. It does not contain elements that typically constitute hate speech, such as assaults on human dignity, calls for violence, or vulgar language. Therefore, it is likely that a majority of annotators would classify it as not hate speech, with a small percentage possibly seeing the nationalistic tone as problematic but not rising to the level of hate speech.",0.1
34,3847,"In-N-Out Refuses to Back Down, Responds to Democrats Boycotting Them with Fierce Statement.  Yikes. That’s the chair of the California Democratic Party acting like he’s ten years old. https://www.chicksonright.com/youngcons/2018/08/31...",0.4,0.1,0.9,"['The post criticizes a political figure, which may not constitute hate speech as it does not target a protected characteristic.', ""The language used ('acting like he’s ten years old') is dismissive but not necessarily vulgar or offensive in a way that constitutes hate speech."", 'The post does not contain any calls for violence or incitement to harm.', 'The post does not demean or degrade individuals based on race, ethnicity, gender, religion, sexual orientation, or other protected characteristics.']","The post is likely to be classified as not hate speech by the majority of annotators. The criticism is directed at a political figure's behavior rather than a protected characteristic, and the language, while dismissive, is not overtly offensive or vulgar. There are no calls for violence or demeaning language based on protected characteristics. Therefore, I predict that 10% of annotators might classify it as hate speech due to the dismissive tone, while 90% would classify it as not hate speech.",0.30000000000000004
35,4260,Change My Mind: Trump Is Not A Fascist https://www.blazingcatfur.ca/2018/09/01/change-my-...,0.0,0.1,0.9,"['The post is a political opinion piece and does not contain hate speech.', 'The post does not demean or degrade any individuals or groups based on protected characteristics.', 'The post does not incite or encourage violence against any individuals or groups.', 'The post does not contain vulgarity, slurs, or offensive language.', 'The post is likely to be interpreted as a political statement rather than hate speech.']","The post is a political opinion piece discussing a public figure and does not exhibit characteristics of hate speech. It does not assault human dignity, call for violence, or use vulgar or offensive language. Therefore, it is likely that a majority of annotators would classify this post as not hate speech, with a small percentage possibly considering it as hate speech due to differing interpretations of political discourse.",0.1
36,4351,"While Democrats play the race card, we play the Trump cardJobs, Jobs, Jobs, equals a win for all https://canadafreepress.com/article/jobs-jobs-jobs...",0.4,0.1,0.9,"[""The post uses the phrase 'play the race card,' which some annotators might view as dismissive or trivializing of racial issues, potentially assaulting human dignity."", 'The post does not contain any explicit calls for violence or incitement to harm, which would lead some annotators to classify it as not hate speech.', 'The language used in the post is not vulgar or overtly offensive, which might lead annotators to see it as not hate speech.', ""Some annotators might interpret the post as politically charged but not necessarily hate speech, focusing on the economic message of 'Jobs, Jobs, Jobs.'"", 'The post could be seen as perpetuating a divisive political narrative, which might be interpreted by some as indirectly demeaning to certain groups.']","The post is likely to result in low disagreement among annotators. While it uses the phrase 'play the race card,' which could be seen as dismissive of racial issues, it does not contain explicit hate speech elements such as calls for violence or vulgar language. Most annotators would likely classify it as not hate speech, focusing on its political and economic message rather than any potential demeaning aspects.",0.30000000000000004
37,4352,"Trump threatens to withdraw from World Trade Organization If the World Trade Organization doesn't 'shape up,' President Donald Trump told Bloomberg he would pull the United States out. https://www.cnbc.com/2018/08/30/trump-threatens-to...",0.0,0.0,1.0,"['The post is a straightforward news report about a political statement and does not contain any elements of hate speech.', 'The post does not assault human dignity as it does not target any specific group based on race, ethnicity, gender, religion, or other protected characteristics.', 'There is no call for violence in the post; it discusses a political decision rather than inciting harm.', 'The language used in the post is neutral and does not contain vulgarity or offensive language.']","The post is a news report about a political statement made by President Donald Trump regarding the World Trade Organization. It does not contain elements of hate speech as it does not demean or degrade any individuals or groups, nor does it incite violence or use offensive language. Therefore, it is likely that 0% of annotators would classify this post as hate speech, and 100% would classify it as not hate speech.",0.0
38,4353,"DIGITAL DETOXIFY: Britain's Scroll Free SeptemberLOL! Social Media Suppression Here to Save Your Body Image,  Not the Nation Scroll Free September wants people to only give up social media activity for a month. https://canadafreepress.com/article/lol-social-med...",0.0,0.0,1.0,"['The post is a humorous take on a social media campaign and does not contain any hate speech.', 'The post does not assault human dignity as it does not target any specific group or individual based on protected characteristics.', 'There is no call for violence in the post; it merely discusses a social media detox campaign.', 'The language used in the post is not vulgar or offensive; it uses humor to make a point about social media usage.']","The post is a humorous commentary on a social media detox campaign and does not exhibit any characteristics of hate speech. It does not demean or degrade any group, incite violence, or use offensive language. Therefore, it is likely that 0% of annotators would classify it as hate speech, and 100% would classify it as not hate speech. The disagreement level is low as the post is clearly not hate speech.",0.0
39,4354,Explosive Ivy League Study Repressed For Finding Transgender Kids May Be A Social Contagion http://thefederalist.com/2018/08/31/explosive-ivy-...,0.4,0.4,0.6,"[""The post may be seen as demeaning to transgender individuals by suggesting that being transgender is a 'social contagion,' which could be interpreted as an assault on human dignity."", 'Some annotators might view the post as not hate speech, interpreting it as a discussion of a controversial study rather than an attack on transgender individuals.', 'The post does not contain explicit calls for violence against any group, which might lead some annotators to classify it as not hate speech.', 'The language used in the post is not overtly vulgar or offensive, which might influence some annotators to see it as not hate speech.', ""The term 'social contagion' could be seen as offensive or demeaning, leading some annotators to classify the post as hate speech.""]","The post is likely to generate a moderate level of disagreement among annotators. Some may view the language and implications as demeaning to transgender individuals, while others may see it as a discussion of a controversial topic without explicit hate speech elements. Therefore, approximately 40% of annotators might classify it as hate speech, while 60% might not.",0.0
40,4355,"President Trump has a little can of whoopass for Cuba, Venezuela and Nicaragua...By Monica Showalter President Trump has always been adept at spotting talent, and he's reeled in a big one with his new appointment of Mauricio Claver-Carone, to the top White House post on Latin America.  https://www.americanthinker.com/blog/2018/08/presi......",0.0,0.1,0.9,"[""The post uses the phrase 'can of whoopass,' which could be interpreted as a metaphor for aggressive policy or action, but it does not explicitly call for violence."", 'The post does not contain any vulgarity or offensive language directed at individuals or groups based on protected characteristics.', 'The post discusses a political appointment and policy towards certain countries, which may be seen as a political opinion rather than hate speech.', ""Some annotators might view the phrase 'can of whoopass' as aggressive or demeaning towards the countries mentioned, potentially assaulting their dignity.""]","The post is likely to be classified as not hate speech by the majority of annotators, as it does not explicitly demean individuals or groups based on protected characteristics, nor does it call for violence. The use of 'can of whoopass' might be seen as aggressive, but it is more likely interpreted as a metaphor for strong policy action. Therefore, I predict that 10% of annotators might classify it as hate speech due to perceived aggression, while 90% would classify it as not hate speech.",0.1
41,4358,"ELYRIA — A former Oberlin College instructor and an activist for indigenous people was sentenced to prison for stealing more than $77,000 in federal grants designed to help Native Americans. http://www.chroniclet.com/cops-and-courts/2018/08/...",0.2,0.05,0.95,"['The post is a straightforward news report and does not contain any elements of hate speech.', 'The post does not demean or degrade any individual or group based on race, ethnicity, or other protected characteristics.', 'There is no call for violence or incitement to harm in the post.', 'The language used in the post is neutral and does not contain vulgarity or offensive language.', 'Some might argue that the post could perpetuate negative stereotypes about indigenous people by highlighting a crime committed by an activist for indigenous people, but this is a stretch.']","The post is a news report about a legal case involving a former instructor and activist for indigenous people who was sentenced for stealing federal grants. It does not contain any explicit elements of hate speech. The language is neutral, and there is no call for violence or use of offensive language. While some might argue that it could perpetuate negative stereotypes, this is not a strong enough basis to classify it as hate speech. Therefore, it is likely that 95% of annotators would classify it as not hate speech, with only 5% potentially seeing it as hate speech due to concerns about stereotyping.",0.15000000000000002
42,4359,We are trying very hard to keep a straightface but we had to add this news. An animal rights advocate wants to place a roadside memorial in Maine to remember thousands of lobsters killed in a highway wreck Weird that they didn't say a damn thing about muzzie s torturing and killing all those animals a few days ago. http://www.dailymail.co.uk/news/article-6115919/PE......,0.0,0.6,0.4,"[""The post uses the term 'muzzie,' which is a derogatory slur for Muslims, potentially demeaning individuals based on religion, thus assaulting human dignity."", 'The post does not explicitly call for violence against any group, so it may not be seen as inciting violence.', ""The use of the slur 'muzzie' is vulgar and offensive, which may lead some annotators to classify it as hate speech."", 'Some annotators might focus on the context of the post, which discusses animal rights, and may not see it as primarily targeting a specific group, thus not classifying it as hate speech.', 'The post contrasts the treatment of animals with the treatment of Muslims, which could be interpreted as demeaning to Muslims, leading some annotators to classify it as hate speech.']","The post contains a derogatory term for Muslims, which is likely to be seen as an assault on human dignity by many annotators. However, it does not explicitly call for violence, and the context of discussing animal rights might lead some annotators to focus less on the religious aspect. The vulgarity of the term 'muzzie' is offensive, which could lead to a higher classification as hate speech. Given these factors, there is likely to be some disagreement among annotators, but a majority might classify it as hate speech due to the use of a slur. Therefore, the estimated percentages are 60% classifying it as hate speech and 40% not classifying it as hate speech.",0.6
43,4360,"If the regressive socialist marxist dems go back any further into his background I'm sure they will find out he used to play cowboys and Indians when he was a kid. Of course he played the part of the cowboy so you will hear them say he's prejudice, hates Indians and poc Senate Democrats call Nixon lawyer John Dean to testify at Kavanaugh hearing https://www.washingtonexaminer.com/news/senate-d...",0.4,0.1,0.9,"[""The post uses the term 'regressive socialist marxist dems' which could be seen as derogatory but not necessarily hate speech."", ""The post makes a sarcastic comment about playing 'cowboys and Indians,' which could be interpreted as trivializing or mocking concerns about racial prejudice, but it does not directly demean or degrade a group."", 'There is no direct call for violence or incitement to harm in the post.', 'The language used is not overtly vulgar or offensive, though it is sarcastic and dismissive.']","The post is likely to be interpreted as not constituting hate speech by most annotators. While it contains sarcasm and dismissive language, it does not directly assault human dignity, call for violence, or use vulgar language. Therefore, it is predicted that 10% of annotators might classify it as hate speech due to its dismissive tone towards racial concerns, while 90% would classify it as not hate speech.",0.30000000000000004
44,4826,Anyone shouting Allahu Akbar should immediately be shot. There is no place in civilization for the barbaric Satanism known as Islam,1.0,0.9,0.1,"['The post assaults human dignity by demeaning individuals based on their religion, specifically targeting Muslims and Islam.', ""The post contains a call for violence by suggesting that individuals who shout 'Allahu Akbar' should be shot, which incites physical harm against a religious group."", ""The post uses offensive language by referring to Islam as 'barbaric Satanism,' which is derogatory and inflammatory."", 'Some annotators might argue that the post is expressing a strong opinion rather than a direct incitement to violence, leading to potential disagreement on classification.']","The post is likely to be classified as hate speech by a majority of annotators due to its clear assault on human dignity, call for violence, and use of offensive language. However, a small percentage might not classify it as hate speech, possibly viewing it as an expression of opinion rather than a direct incitement to violence. Therefore, the predicted percentages are [0.9, 0.1], indicating 90% of annotators would classify it as hate speech and 10% would not.",0.09999999999999998
45,4827,"PSA for all liberals, socialists, 'progressives' and people who demand 'pronouns'",0.2,0.3,0.7,"['The post may be seen as demeaning or degrading to individuals who identify as liberals, socialists, progressives, or those who use non-traditional pronouns, potentially assaulting their human dignity.', ""The post does not explicitly call for violence or physical harm against any group, so it may not be considered hate speech under the 'calls for violence' aspect."", 'The post does not contain vulgarity or offensive language, but the tone may be perceived as mocking or dismissive, which could be offensive to some individuals.']","The post is likely to generate some disagreement among annotators. Some may view it as a subtle form of hate speech due to its dismissive tone towards certain groups, while others may see it as merely expressing an opinion without crossing into hate speech territory. Therefore, I predict that 30% of annotators might classify it as hate speech, while 70% might not.",0.09999999999999998
46,4829,Al Sharpton needs to learn what MAGA means. I will go so far as to challenge his credentials to be called a 'Reverend',0.2,0.1,0.9,"[""The post questions Al Sharpton's understanding of MAGA, which could be seen as a political disagreement rather than hate speech."", ""The challenge to Al Sharpton's credentials as a 'Reverend' could be interpreted as a personal attack, but it does not necessarily demean or degrade based on protected characteristics."", 'There is no explicit call for violence or incitement to harm in the post.', 'The language used in the post is not vulgar or offensive, and it does not contain slurs.']","The post primarily expresses a political opinion and a personal challenge to Al Sharpton's credentials without resorting to hate speech. It does not attack his dignity based on race, ethnicity, or other protected characteristics, nor does it incite violence or use vulgar language. Therefore, it is likely that a majority of annotators would classify this post as not hate speech, with a small percentage potentially viewing the personal challenge as borderline offensive. The predicted percentages are 10% for hate speech and 90% for not hate speech.",0.1
47,4831,"This is how sick the left is. They keep trying to push this shit that the KKK is right wing, and the Nazis were conservatives. Both are 180 degrees from truth. But they can fuck up a good painting for their obscene propaganda. Pepe doesnt have blue eyes either idiots.",1.0,0.3,0.7,"[""The post contains vulgarity and offensive language, such as 'shit' and 'fuck,' which may be considered hate speech by some annotators."", 'The post does not explicitly assault human dignity or target any specific group based on protected characteristics, which may lead some annotators to classify it as not hate speech.', 'The post does not contain calls for violence or incite physical harm, which may lead some annotators to classify it as not hate speech.', ""The post expresses a strong political opinion and uses derogatory language towards a political group ('the left'), which may be seen as offensive but not necessarily hate speech."", ""Some annotators might view the reference to 'Pepe' and the context of the KKK and Nazis as potentially problematic, but not explicitly hate speech.""]","The post contains vulgar language and offensive terms, which might lead some annotators to classify it as hate speech. However, it does not explicitly assault human dignity or call for violence, which may lead others to classify it as not hate speech. The post expresses a strong political opinion and uses derogatory language towards a political group, which may be seen as offensive but not necessarily hate speech. Some annotators might view the reference to 'Pepe' and the context of the KKK and Nazis as potentially problematic, but not explicitly hate speech. Therefore, there is likely to be some disagreement among annotators, with an estimated 30% classifying it as hate speech and 70% as not hate speech.",0.7
48,5406,Shadow of the Colossus for PS4 looks amazing! ,0.0,0.0,1.0,"['The post is purely about a video game and does not contain any language or content that could be considered hate speech.', 'The post does not demean or degrade any individuals or groups based on protected characteristics.', 'There is no call for violence or incitement of harm in the post.', 'The post does not contain any vulgarity, slurs, or offensive language.']","The post is clearly not hate speech as it is a neutral statement about a video game, leading to low disagreement among annotators.",0.0
49,5547,"Play this at my funeral please ;D haa  Best band in the world, ever #BritFam #PinkFloyd",0.0,0.0,1.0,"['The post is a lighthearted or humorous request related to music, with no elements of hate speech.', 'The post does not contain any assaults on human dignity, as it does not target any individual or group based on protected characteristics.', 'There are no calls for violence in the post, as it is focused on a personal music preference.', 'The post does not contain vulgarity or offensive language, as it is simply expressing admiration for a band.']","The post is unlikely to be considered hate speech by annotators, as it does not exhibit any of the aspects of hate speech. Therefore, it is expected that 0% of annotators would classify it as hate speech, and 100% would classify it as not hate speech.",0.0
50,5548,#UKNews 😲THREE YEAR OLD child is victim of FGM in UK 😡😡😡 Ghana/Uganda parents in East London accused of FGM plus 10 counts of indecent image allegations. Sick fecks!!!!!!!  They plead NOT guilty.. #TheRope! #KidsLivesMatter #BritFam,0.4,0.4,0.6,"[""The post uses offensive language ('Sick fecks') which may be considered vulgar but not necessarily hate speech."", 'The post mentions a serious crime (FGM) and expresses outrage, which could be seen as a call for justice rather than hate speech.', 'The use of hashtags like #TheRope could be interpreted as a call for violence or extreme punishment, which might be seen as hate speech.', 'The post identifies the accused by their nationality (Ghana/Uganda), which could be seen as an assault on human dignity by implying a stereotype or bias against these groups.', 'Some annotators might see the post as highlighting a crime and expressing anger without targeting a specific group, thus not hate speech.']","The post contains elements that could be interpreted in different ways by annotators. Some might focus on the offensive language and the potential call for violence with the hashtag #TheRope, interpreting it as hate speech. Others might see the post as expressing outrage over a crime without necessarily targeting a specific group, thus not classifying it as hate speech. The mention of the nationality of the accused could be seen as problematic, but it might not be enough for all annotators to classify the post as hate speech. Therefore, there is likely to be a moderate level of disagreement among annotators, with an estimated 40% classifying it as hate speech and 60% not classifying it as such.",0.0
51,5549,Theresa May dancing. Arthritic praying mantis with butt plug engaged.   #True !,0.6,0.3,0.7,"[""The post uses vulgar and offensive language by comparing Theresa May to an 'arthritic praying mantis with butt plug engaged,' which could be seen as degrading and demeaning."", 'The post does not directly assault human dignity based on protected characteristics such as race, ethnicity, gender, religion, or sexual orientation.', 'There is no call for violence or incitement to physical harm in the post.', ""The post may be interpreted as a crude joke or satire rather than hate speech, depending on the reader's perspective.""]","The post contains vulgar and offensive language, which some annotators might consider as degrading or demeaning, especially towards a public figure. However, it does not target protected characteristics or incite violence, which may lead to a majority of annotators not classifying it as hate speech. Given the subjective nature of interpreting offensive language, there might be some disagreement among annotators, but it is likely to be low. Therefore, approximately 30% of annotators might classify it as hate speech, while 70% might not.",0.3
52,5550,I see you 👋 Ditch Google.  Download Brave browser & use DuckDuckGo search engine.  They don't suck your data like Google; it's faster & has built in Adblocker. Works wonderfully with Gab.  Just enter !gab on DDG & it brings you straight to Gab \o/  #GabTips,0.2,0.1,0.9,"['The post is not hate speech as it primarily discusses technology preferences and does not target any individual or group based on protected characteristics.', 'The post does not contain any vulgarity or offensive language, as it focuses on promoting alternative web services.', 'The mention of Gab, a platform known for hosting controversial content, might raise concerns for some annotators, but the post itself does not explicitly endorse hate speech or violence.', 'The post does not call for violence or incite harm against any group or individual.']","The post is likely to be classified as not hate speech by the majority of annotators, as it does not contain any explicit assaults on human dignity, calls for violence, or vulgar language. However, the mention of Gab might lead a small percentage of annotators to be cautious, considering the platform's reputation. Therefore, I predict that 10% of annotators might classify it as hate speech due to the association with Gab, while 90% would classify it as not hate speech.",0.1
53,5627,Look at me!  LOOOOOOOK at MEEEEE! Poor Eminem can't get any attention from the POTUS. http://www.foxnews.com/entertainment/2018/08/31/em...,0.2,0.05,0.95,"['The post is not hate speech as it does not target any individual or group based on race, ethnicity, gender, religion, sexual orientation, or other protected characteristics.', 'The post does not contain any calls for violence or incite physical harm against any individual or group.', 'The post uses exaggerated language for comedic or sarcastic effect, which may be seen as vulgar or offensive by some, but it is not directed at any protected group.', 'The post is a commentary on a public figure and does not degrade or demean any protected group.']","The post is a sarcastic commentary on a public figure, Eminem, and his relationship with the President of the United States (POTUS). It does not contain any elements that would typically be classified as hate speech, such as assaults on human dignity, calls for violence, or vulgarity directed at a protected group. Therefore, it is likely that the majority of annotators would classify this post as not hate speech. Given the lack of hate speech elements, there is likely to be low disagreement among annotators, with an estimated 5% classifying it as hate speech due to potential misinterpretation of sarcasm or tone, and 95% classifying it as not hate speech.",0.15000000000000002
54,6013,"To all the libs out there. There is an old saying that goes 'don't start nothin' won't be nothin'. We would rather be polite and civil, but if you decide not to (as some on your side have done) we will have no choice but to fight fire with a firestorm. And I don't think you'll like it.",0.7142857142857143,0.4,0.6,"[""The post contains a veiled threat of violence, suggesting a 'firestorm' in response to perceived incivility, which could be interpreted as a call for violence."", ""The post uses metaphorical language ('fight fire with a firestorm') that could be seen as hyperbolic rather than a literal call for violence, leading some to view it as not hate speech."", ""The post targets a specific political group ('libs'), which could be seen as an assault on human dignity if interpreted as demeaning or degrading."", 'The language used is not overtly vulgar or offensive, which might lead some annotators to classify it as not hate speech.', ""The post's tone is confrontational and could be interpreted as inciting hostility, but not necessarily violence, leading to mixed opinions on whether it constitutes hate speech.""]","The post is likely to result in high disagreement among annotators. Some may view the metaphorical language and the targeting of a political group as indicative of hate speech, while others may see it as non-literal and not meeting the threshold for hate speech. Therefore, approximately 40% of annotators might classify it as hate speech, while 60% might not.",0.3142857142857143
55,6114,"The main problem with California’s bail bond elimination is that it opens the door to 5th amendment violations. What if a Jew judge deems a member of Patriot Prayer a high risk based on their political beliefs and throws them in prison, where they will then have to wait months for their first pre-trial hearing?? There are so many ways that this new system can and will be abused. I warn you, if y...",0.4,0.4,0.6,"['The post raises a legitimate concern about the potential for abuse in the legal system, specifically regarding bail bond elimination, without directly targeting any group.', ""The mention of 'Jew judge' could be seen as an assault on human dignity, as it unnecessarily highlights the judge's religion in a potentially derogatory manner."", 'The post does not contain any explicit calls for violence against individuals or groups.', ""The language used in the post is not overtly vulgar or offensive, but the term 'Jew judge' may be considered offensive by some due to its religious connotation.""]","The post discusses a legal issue related to bail bond elimination and raises concerns about potential abuses. However, it includes the term 'Jew judge,' which could be interpreted as an unnecessary and potentially derogatory reference to a judge's religion. This could be seen as an assault on human dignity, although the post does not explicitly call for violence or use vulgar language. Given these factors, there may be some disagreement among annotators, with approximately 40% classifying it as hate speech due to the religious reference, and 60% not classifying it as hate speech, focusing on the legal argument presented.",0.0
56,6118,"How the fuck can a communist claim to be the champion of the working class when they have NEVER HELD A FUCKING JOB!!??? And no, being a community organizer doesn't make you a member of your stupid asshole proletariat.",0.4,0.1,0.9,"['The post uses vulgar and offensive language, which may be considered inappropriate or disrespectful, but not necessarily hate speech.', 'The post targets individuals based on their political beliefs (communists), which is not a protected characteristic under hate speech guidelines.', 'The post does not contain any direct calls for violence or physical harm against individuals or groups.', 'The post does not demean or degrade individuals based on race, ethnicity, gender, religion, sexual orientation, or other protected characteristics.', 'Some annotators might view the post as a strong political opinion rather than hate speech, focusing on the criticism of political ideology rather than individuals.']","The post contains offensive language and targets a political ideology, but it does not meet the criteria for hate speech as it lacks assaults on human dignity based on protected characteristics and does not call for violence. Therefore, it is likely that a small percentage of annotators might classify it as hate speech due to the vulgarity, but the majority would not. The disagreement level is low as the post is more of a political critique rather than hate speech.",0.30000000000000004
57,6295,"It's what always happens when you can't argue with reason, facts and evidence. They can't win with logic, so they resort to violence. ",0.4,0.1,0.9,"['The post does not explicitly target any specific group based on race, ethnicity, gender, religion, sexual orientation, or other protected characteristics, so it may not be seen as an assault on human dignity.', 'The post does not contain any direct calls for violence or incitement to physical harm, so it may not be classified as hate speech based on this aspect.', 'The post does not use vulgarity, slurs, or offensive language, which might lead some annotators to classify it as not hate speech.', 'Some annotators might interpret the post as implying that a certain group resorts to violence when they cannot win an argument, which could be seen as a subtle form of demeaning a group, depending on the context or perceived target.']","The post is likely to be classified as not hate speech by the majority of annotators due to the lack of explicit targeting of protected characteristics, absence of calls for violence, and lack of vulgar language. However, a small percentage might see it as subtly demeaning if they perceive an implied target group. Therefore, the predicted percentages are 10% for hate speech and 90% for not hate speech.",0.30000000000000004
58,6468,"“Minds is officially adopting the Manila Principles On Intermediary Liability, a digital bill of rights, outlined by the Electronic Frontier Foundation and other leading digital rights organizations.” Nice :) https://www.breitbart.com/tech/2018/08/30/alternat...",0.0,0.0,1.0,"['The post is informative and neutral, simply stating a fact about Minds adopting the Manila Principles, which is a positive step for digital rights.', 'The post does not contain any language that assaults human dignity, as it does not demean or degrade any individuals or groups.', 'There are no calls for violence in the post; it is focused on digital rights and intermediary liability.', 'The post does not use vulgarity or offensive language; it is professional and respectful in tone.']","The post is clearly not hate speech as it does not exhibit any characteristics of hate speech. It is informative and neutral, focusing on digital rights and intermediary liability without demeaning language, calls for violence, or vulgarity. Therefore, there is likely to be low disagreement among annotators, with 0% classifying it as hate speech and 100% classifying it as not hate speech.",0.0
59,6469,Next video for the week will be ready later tonight. I've also expanded it to cover some extra news. #TheRedExpress,0.0,0.0,1.0,"['The post is neutral and does not contain any language that assaults human dignity.', 'There are no calls for violence or incitement to harm in the post.', 'The post does not contain vulgarity or offensive language.']","The post is a neutral announcement about a video release and does not exhibit any characteristics of hate speech. Therefore, it is likely that 0% of annotators would classify it as hate speech, and 100% would classify it as not hate speech.",0.0
60,6577,NAFTA and Canada...Yes. our future could prosper without it  http://stillerfinancial.advisor.news/yes-our-futur...,0.25,0.0,1.0,"['The post is neutral and does not contain any language that assaults human dignity, as it discusses a trade agreement without targeting any specific group.', 'The post does not call for violence or incite harm against any individuals or groups.', 'The post does not contain vulgarity or offensive language, as it is a straightforward statement about a trade agreement.']","The post is likely to be classified as not hate speech by the majority of annotators, as it does not exhibit any characteristics of hate speech. Therefore, the predicted percentage of annotators who classify the post as hate speech is 0%, and those who classify it as not hate speech is 100%.",0.25
61,6578,59% of Americans fear violence from Anti-Trumpers...behold the 'tolerance' of the hysteria-inducing Political Left in 2018: #Unhinged #CW2 https://www.youtube.com/watch?v=eFRHX6glTSM&t=...,0.42857142857142855,0.4,0.6,"['The post suggests that a significant portion of Americans fear violence from a specific political group, which could be seen as an assault on human dignity by portraying that group negatively.', ""The use of the term 'tolerance' in quotes and the hashtag #Unhinged may imply sarcasm or criticism, potentially demeaning the political left."", ""The hashtag #CW2 could be interpreted as a reference to a 'civil war,' which might be seen as a call for violence or at least an allusion to violent conflict."", 'The post does not contain explicit vulgarity or offensive language, but the tone and implications might be considered offensive to some.']","The post is likely to generate mixed opinions among annotators. Some may view it as hate speech due to its negative portrayal of a political group and potential allusion to violence, while others may see it as political commentary without explicit hate speech elements. Therefore, I predict that 40% of annotators might classify it as hate speech, while 60% might not.",0.028571428571428525
62,6965,"#SJW ‘s  are the natural end state of post modernist thinking. Where your value is not judged on the goodness of your deeds, but on your group identity. When race, gender, sexuality and colour are more important then #character, and quality of your argument, then your society & culture are doomed.  #wakeupamerica",0.0,0.3,0.7,"['The post criticizes social justice warriors (SJWs) and postmodernist thinking, which some may view as a legitimate critique of certain ideologies rather than hate speech.', 'The post does not explicitly demean or degrade individuals or groups based on protected characteristics, but it does criticize the emphasis on identity over character, which some may interpret as an indirect assault on human dignity.', 'There is no call for violence or incitement to physical harm in the post.', 'The language used in the post is not vulgar or overtly offensive, though it may be considered provocative or controversial by some readers.', 'Some annotators might see the post as expressing a political opinion rather than hate speech, focusing on the perceived negative consequences of certain ideologies.']","The post is likely to result in high disagreement among annotators. While it critiques certain ideologies and emphasizes the importance of character over identity, it does not contain explicit hate speech elements such as demeaning language, calls for violence, or vulgarity. However, the interpretation of the post as hate speech may vary based on individual perspectives on the criticism of social justice and identity politics. Therefore, approximately 30% of annotators might classify it as hate speech due to perceived indirect assaults on human dignity, while 70% might not classify it as hate speech, viewing it as a political opinion.",0.3
63,6966,"Free societies tend to punish laziness, ineptitude, stupidity and obnoxiousness, but reward graft, talent, intelligence and charisma - which is why entitled mediocrities with shitty personalities are hellbent on destroying them. #maga #wakeupamerica",0.3333333333333333,0.1,0.9,"[""The post does not directly assault human dignity based on protected characteristics such as race, ethnicity, gender, religion, or sexual orientation. It criticizes 'entitled mediocrities' but does not specify any protected group."", 'The post does not contain explicit calls for violence or incite physical harm against individuals or groups.', ""The post uses vulgar language ('shitty personalities'), which may be considered offensive but is not necessarily directed at a specific group or individual in a hateful manner."", 'Some annotators might view the post as a general critique of societal values and behaviors rather than hate speech.', 'Others might interpret the use of vulgar language and the hashtag #maga as potentially aligning with divisive or controversial political rhetoric, but not necessarily as hate speech.']","The post is likely to be classified as not hate speech by the majority of annotators due to the lack of direct attacks on protected groups or calls for violence. The use of vulgar language might lead a small percentage to consider it as hate speech, but overall, it is more likely to be seen as a critique of societal behaviors. Therefore, approximately 10% might classify it as hate speech, while 90% would not.",0.2333333333333333
64,6967,"Hard times make hard men. Hard men make good times, good times make weak boys, weak boys make hard times.  #trump s back track on #immigration just weakens #America.  #maga #wakeupamerica",0.2857142857142857,0.1,0.9,"[""The post uses the phrase 'weak boys' which could be interpreted as demeaning or degrading, but it is not explicitly targeting a protected characteristic such as race, gender, or sexual orientation."", 'The post does not contain any explicit calls for violence or incitement to physical harm against individuals or groups.', 'The language used in the post is not vulgar or profane, though it may be considered offensive by some due to its political nature and implications.', 'The post expresses a political opinion regarding immigration policy and its perceived impact on national strength, which may not be classified as hate speech.', ""Some annotators might view the phrase 'weak boys' as a metaphorical expression rather than a literal attack on a group, leading to differing interpretations.""]","The post is likely to be classified as not hate speech by the majority of annotators, with a small percentage potentially viewing it as hate speech due to the use of the term 'weak boys' and its political context. Therefore, the predicted percentages are 10% for hate speech and 90% for not hate speech.",0.1857142857142857
65,6975,The usually no comment FBI is providing cover for this news. http://www.foxnews.com/politics/2018/08/30/gohmert...,0.2,0.05,0.95,"['The post does not contain any direct assaults on human dignity as it does not target any specific group based on race, ethnicity, gender, religion, or sexual orientation.', 'The post does not contain any calls for violence or incitement to physical harm against individuals or groups.', 'The post does not contain vulgarity or offensive language; it is a statement about the FBI and a news link.', 'Some annotators might view the post as a critique of a government agency, which is not inherently hate speech.', 'The post could be seen as politically charged, but political opinions are not classified as hate speech unless they include hate speech elements.']","The post is unlikely to be classified as hate speech by most annotators, as it does not meet the criteria for assaults on human dignity, calls for violence, or use of vulgar language. It is more likely to be seen as a political opinion or critique of the FBI. Therefore, the percentage of annotators who classify it as hate speech is estimated to be low, around 5%, while 95% would classify it as not hate speech.",0.15000000000000002
66,7177,"Shalom, my fellow gabbers. I don’t follow anyone, but I’m here to air my grievances about Jew haters.",0.4,0.1,0.9,"[""The post uses the term 'Jew haters,' which could be seen as addressing or acknowledging the existence of anti-Semitic individuals or groups, but it does not explicitly demean or degrade Jewish people. Instead, it seems to express a grievance against those who harbor such hate."", ""The use of 'Shalom' and 'my fellow gabbers' suggests a casual or informal tone, which might not be considered offensive or vulgar. The language does not contain profanity or slurs directed at any group."", 'The post does not contain any explicit calls for violence or incitement to harm against any individuals or groups. It appears to be more of a personal expression of frustration or grievance.']","The post is likely to be interpreted as not constituting hate speech by most annotators, as it does not directly assault human dignity, call for violence, or use vulgar language. It seems to express a personal grievance against anti-Semitism rather than promoting it. Therefore, the predicted distribution is 10% of annotators might classify it as hate speech due to the mention of 'Jew haters,' while 90% would likely classify it as not hate speech.",0.30000000000000004
67,7284,"Cruz has got his Neo Con issues, but come on, This Beto self hating white leftard clown, who would watch the US burn tomorrow for a Senate job & some shekels is getting 40% in the polls in TX? How many illegals on the voting rolls down there now? And the leftist white dipshits that have destroyed CA & NY living their now I wonder? Enough to have horse mouth win?",0.8,0.4,0.6,"[""The post uses derogatory language such as 'leftard' and 'clown,' which could be seen as vulgar and offensive, but not necessarily hate speech."", ""The term 'self hating white' could be interpreted as an assault on human dignity, as it targets an individual's racial identity in a derogatory manner."", ""The use of 'shekels' could be seen as an anti-Semitic trope, which may be considered an assault on human dignity."", 'The post questions the legitimacy of voters by implying illegal voting, which could be seen as a political opinion rather than hate speech.', ""The phrase 'leftist white dipshits' uses vulgar language but may not necessarily constitute hate speech unless it targets a protected group."", 'The post does not contain explicit calls for violence, so it may not meet that criterion for hate speech.']","The post contains elements that could be interpreted as hate speech, such as derogatory language and potential anti-Semitic tropes. However, it lacks explicit calls for violence and could be seen as a political opinion. Therefore, there might be moderate disagreement among annotators, with approximately 40% classifying it as hate speech and 60% not classifying it as such.",0.4
68,7464,'Muslim Gets What’s Comin’' by @GuardAmerican https://gab.ai/tv/watch/23681,0.8,0.7,0.3,"['The post may be seen as demeaning or degrading to Muslims, suggesting that they deserve harm or negative treatment, which could be considered an assault on human dignity.', ""The phrase 'Gets What’s Comin’' could be interpreted as a call for violence or harm against Muslims, implying that they deserve retribution or punishment."", 'The post uses a phrase that could be considered offensive or vulgar, depending on the context and the intent behind it.', 'Some annotators might view the post as not explicitly calling for violence or using direct slurs, and therefore not classify it as hate speech.', 'The post could be interpreted as a form of hate speech due to its potential to incite negative sentiments or actions against Muslims.']","The post 'Muslim Gets What’s Comin’' by @GuardAmerican is likely to generate a high level of disagreement among annotators. The phrase can be interpreted in multiple ways, with some seeing it as a clear assault on human dignity and a potential call for violence against Muslims, while others may argue that it lacks explicit language or direct incitement to violence. Given the ambiguity and potential for different interpretations, it is estimated that 70% of annotators might classify it as hate speech, while 30% might not.",0.10000000000000009
69,7944,"So #Tesla just met its production goal without even a factory in which to work.    Wow, that's in-tents.",0.0,0.0,1.0,"[""The post is a play on words ('in-tents' vs. 'intense') and does not contain any elements of hate speech."", 'The post does not demean or degrade any individuals or groups based on protected characteristics.', 'There is no call for violence or incitement of harm in the post.', 'The post does not contain vulgarity, slurs, or offensive language.']","The post is a pun about Tesla's production methods and does not exhibit any characteristics of hate speech. It is likely that all annotators would agree that this post is not hate speech, resulting in low disagreement.",0.0
70,7945,"Since blaming Trump for things which existed WAY before he came to offfice is the trendy thing to do, I'll make my own list now. Top choices so far are: death, the Flu, the short lifespan of mosquitos (poor little guys!), and... oh, I don't know... why not just the whole fall of humanity altogether?",0.14285714285714285,0.1,0.9,"['The post is sarcastic and does not contain any direct assaults on human dignity, as it does not target any specific group based on race, ethnicity, gender, religion, or sexual orientation.', 'The post does not contain any calls for violence or incitement to physical harm against individuals or groups.', 'The post uses sarcasm and humor, which may be interpreted as offensive by some, but it does not contain vulgarity or slurs directed at any group.']","The post is primarily sarcastic and humorous, focusing on a political figure rather than any protected group. It does not contain elements that would typically be classified as hate speech, such as assaults on human dignity, calls for violence, or vulgarity directed at specific groups. Therefore, it is likely that a majority of annotators would not classify this post as hate speech. However, a small percentage might find the tone or sarcasm offensive or inappropriate, leading to a minority classifying it as hate speech. Thus, the predicted percentages are 10% for hate speech and 90% for not hate speech.",0.042857142857142844
71,7946,"May we all take a moment to mourn the newfound circumstances of thousands of children who will now, thanks to our president's recent EO, get the privilege of staying by the side of the traffickers and exploiters which bring them into the country.",0.14285714285714285,0.1,0.9,"['The post criticizes a political decision and may be seen as a legitimate expression of concern about child trafficking, not hate speech.', 'The post does not contain any vulgarity or offensive language directed at any individual or group.', 'The post does not make any explicit calls for violence or harm against any individual or group.', 'The post could be interpreted as demeaning towards immigrants or those involved in immigration processes, potentially seen as an assault on human dignity.']","The post is likely to be classified as not hate speech by the majority of annotators, as it primarily expresses a political opinion without using offensive language or inciting violence. However, a small percentage might view it as demeaning towards immigrants, leading to a minority classification as hate speech. Therefore, the predicted percentages are 10% for hate speech and 90% for not hate speech.",0.042857142857142844
72,8280,Looks like a bunch of dead bodies to me. Why would you just assume those are dead Jews? Could be anything.,0.4,0.4,0.6,"['The post is making a callous remark about a sensitive topic, which could be seen as demeaning to Jewish people, thus assaulting human dignity.', 'The post does not explicitly call for violence or harm against any group, so it may not be considered a call for violence.', 'The language used in the post is not overtly vulgar or offensive, but the insensitivity of the comment could be interpreted as offensive by some.', 'Some annotators might view the post as trivializing or mocking a historical tragedy, which could be seen as hate speech.', 'Others might interpret the post as a poorly worded attempt to question assumptions, without intending to demean any group.']","The post contains a statement that could be interpreted in multiple ways. Some annotators might see it as an insensitive or demeaning comment about Jewish people, potentially classifying it as hate speech due to its assault on human dignity. However, it does not contain explicit calls for violence or use vulgar language, which might lead other annotators to classify it as not hate speech. Given the ambiguity and potential for different interpretations, there is likely to be a moderate level of disagreement among annotators. Therefore, it is estimated that 40% of annotators might classify it as hate speech, while 60% might not.",0.0
73,8281,"There were no extermination or death camps, there were labour camps. Jews died for the same reasons German citizens died: typhoid, and starvation from relentless allied bombing. You’ve see photos of emaciated bodies and immediately assume, like a good fuckimg sheep, that those we Jews killed by Hitler. All claims of ovens and gas chambers have been debunked. This is simple shit, dumm",0.8,0.9,0.1,"['The post denies the historical fact of the Holocaust, which can be seen as an assault on human dignity, particularly against Jewish people, by spreading misinformation and minimizing their suffering.', 'The post does not explicitly call for violence, but it does propagate harmful and false narratives that could indirectly incite hatred or discrimination against Jewish people.', ""The post contains vulgar and offensive language, such as 'fuckimg sheep' and 'dumm', which may be considered hate speech due to its derogatory nature.""]","The post is likely to be classified as hate speech by a majority of annotators due to its denial of the Holocaust, which is a well-documented historical event, and its use of offensive language. The denial of the Holocaust is a form of hate speech as it assaults the dignity of Holocaust victims and survivors. The vulgar language further contributes to its classification as hate speech. Therefore, it is predicted that 90% of annotators would classify this post as hate speech, while 10% might not, possibly due to differing interpretations of what constitutes hate speech or a focus on the lack of direct calls for violence.",0.09999999999999998
74,8283,"Listen, faggot, you’re just a brainwashed lazy minded drone who has never looked into it. Tell me: what proof is there that any sort of genocide happened against the Jews.",0.8,0.7,0.3,"[""The post uses a homophobic slur ('faggot'), which is vulgar and offensive language directed at an individual, potentially degrading their dignity based on sexual orientation."", 'The post questions the occurrence of the Holocaust, which could be seen as an assault on human dignity by denying or trivializing the suffering of Jewish people during World War II.', 'Some annotators might view the post as not explicitly calling for violence, but rather as engaging in offensive and provocative language.', 'The post could be interpreted as hate speech due to its use of slurs and Holocaust denial, which are often associated with hate speech.', 'Some annotators might argue that the post is more about expressing a controversial opinion rather than inciting hate, thus not classifying it as hate speech.']","The post contains a homophobic slur and questions the occurrence of the Holocaust, which are both aspects that can be associated with hate speech. However, it does not explicitly call for violence. Given these factors, there is likely to be some disagreement among annotators, but a majority may classify it as hate speech due to the offensive language and potential Holocaust denial. Therefore, the estimated percentages are 70% of annotators classifying it as hate speech and 30% not classifying it as hate speech.",0.10000000000000009
75,8284,The. Holocaust. Never. Happened.,0.4,0.7,0.3,"['The post denies a historical event that is widely recognized as a genocide, which can be seen as an assault on human dignity, particularly for Jewish communities and other groups affected by the Holocaust.', 'Some annotators might view this as a form of hate speech because Holocaust denial is often associated with anti-Semitic ideologies.', 'Others might argue that the post is simply expressing a controversial opinion or conspiracy theory, and while offensive, it may not directly incite violence or use vulgar language.', 'The post does not contain explicit calls for violence or use vulgar or offensive language, which might lead some annotators to classify it as not hate speech.']","The post 'The. Holocaust. Never. Happened.' is likely to generate a range of opinions among annotators. Some may view it as hate speech due to its denial of a well-documented genocide, which can be seen as an assault on human dignity and potentially linked to anti-Semitic ideologies. Others might see it as a controversial opinion or conspiracy theory that, while offensive, does not directly incite violence or use vulgar language. Given these perspectives, it is estimated that 70% of annotators might classify it as hate speech, while 30% might not.",0.29999999999999993
76,8581,"What's the worst thing, beginning with N and ending in R, that you can call a black man? Neighbour.",0.6,0.6,0.4,"['The post uses a play on words to reference a racial slur, which could be seen as an assault on human dignity by demeaning individuals based on race.', 'The post does not explicitly use a racial slur but implies it, which might lead some to view it as not directly hate speech but still offensive.', 'Some annotators might find the post to be a form of satire or dark humor, not intended to be taken seriously, thus not classifying it as hate speech.', 'The post does not call for violence or incite harm, which might lead some annotators to classify it as not hate speech.', 'The use of a wordplay involving a racial slur could be seen as vulgar or offensive, leading some annotators to classify it as hate speech.']","The post is likely to result in high disagreement among annotators due to its ambiguous nature and reliance on wordplay. Some may see it as a clever use of language that avoids direct hate speech, while others may view the implication of a racial slur as offensive and degrading. Therefore, approximately 60% of annotators might classify it as hate speech due to the implied racial slur and offensive nature, while 40% might not classify it as hate speech, seeing it as a non-explicit or humorous post.",0.0
77,9427,"Treason May tells her kids ""Don't talk to the neighbours""  https://www.breitbart.com/london/2018/09/14/downing-street-orders-tories-distance-themselves-conservative-hungarian-leader/   Treason resents Orban becoming more powerful, Love that glance from #Hungary #Orban  #EU ? #FU ",0.2,0.3,0.7,"[""The post uses the term 'Treason' as a derogatory nickname for a political figure, which could be seen as an assault on human dignity by demeaning the individual based on their political actions."", 'The post does not contain any explicit calls for violence against individuals or groups.', ""The use of '#FU' could be interpreted as vulgar or offensive language, though it is not directed at a specific individual or group in a harmful way."", 'The post expresses a political opinion and support for a political leader, which may not necessarily constitute hate speech.', ""Some annotators might view the use of 'Treason' and '#FU' as offensive but not rising to the level of hate speech.""]","The post contains derogatory language and offensive hashtags, but it does not explicitly attack a protected group or incite violence. Annotators might be divided on whether the language used constitutes hate speech, with some focusing on the political context and others on the offensive nature of the language. Therefore, there might be moderate disagreement among annotators, with approximately 30% classifying it as hate speech and 70% not classifying it as such.",0.09999999999999998
78,9683,"I don't know if his post is public or not, but here you go. I didn't post his name because I'm not an asshole. I don't make shit up.https://www.facebook.com/CajunGypsy/posts/10155829...",0.0,0.1,0.9,"['The post does not contain any direct assaults on human dignity as it does not target any specific group or individual based on protected characteristics.', 'There is no call for violence in the post, as it does not incite or encourage physical harm against anyone.', ""The post contains mild vulgarity with the use of the word 'asshole,' which may be considered offensive by some, but it is not directed at a specific individual or group in a hateful manner."", 'The post seems to be more about sharing information or a link rather than expressing hate speech.', ""Some annotators might view the use of 'asshole' as unnecessary and potentially offensive, but not rising to the level of hate speech.""]","The post is likely to be classified as not hate speech by the majority of annotators due to the lack of direct attacks on human dignity, absence of calls for violence, and only mild vulgarity. Therefore, I predict that 10% of annotators might classify it as hate speech due to the use of the word 'asshole,' while 90% would classify it as not hate speech.",0.1
79,9684,"Gorgeous kitty! I haven't had a gray cat since my very first cat when I was a young kid. I forgot how pretty their fur is, especially when the light hits it.",0.0,0.0,1.0,"['The post is a positive and affectionate comment about a pet cat, with no elements of hate speech.', 'There are no assaults on human dignity, as the post does not mention any individuals or groups based on protected characteristics.', 'There are no calls for violence, as the post is entirely focused on admiration for a cat.', 'There is no vulgarity or offensive language present in the post.']","The post is clearly not hate speech, as it contains no elements that could be interpreted as such. It is a benign and positive comment about a pet cat, with no reference to any individuals or groups in a derogatory or harmful manner. Therefore, it is likely that 0% of annotators would classify this as hate speech, and 100% would classify it as not hate speech.",0.0
80,9685,"Aw. One of mine (I have 5 adults, too) loves to stretch out next to or on my legs. He'll stay there the whole night if I don't kick him when I roll over.",0.0,0.0,1.0,"[""The post is a harmless description of a pet's behavior and does not contain any elements of hate speech."", ""The mention of 'kick' is in the context of accidentally moving while sleeping and not intended as a call for violence or harm."", 'There is no use of vulgarity or offensive language in the post.', 'The post does not assault human dignity as it does not target any individual or group based on protected characteristics.']","The post is a benign description of a pet's behavior and does not exhibit any characteristics of hate speech. It is likely that all annotators would agree that this post is not hate speech, resulting in low disagreement. Therefore, the predicted percentages are 0% for hate speech and 100% for not hate speech.",0.0
81,9686,"Idiotic Liberal Logic - or lack thereofI've known OP for 30+ yrs, thus the obscured names. Given his new avatar, I'm going to have to give him the boot, but I thought I'd screen grab this piece of stupidity from one of his rabid libtard friends. Libs cannot see the inherent contradictions in what they say.  https://kek.gg/i/4wkzyV.png",0.8333333333333334,0.4,0.6,"[""The post uses the term 'libtard,' which is a derogatory slur against liberals, potentially demeaning individuals based on their political beliefs, which could be seen as an assault on human dignity."", 'The post does not explicitly call for violence or physical harm against any individual or group, so it may not be considered a call for violence.', ""The use of the term 'idiotic' and 'stupidity' alongside 'libtard' could be seen as vulgar or offensive language, but it is primarily directed at political ideology rather than a protected characteristic."", 'Some annotators might view the post as expressing a strong political opinion rather than hate speech, focusing on the critique of political logic rather than the use of offensive language.']","The post contains derogatory language aimed at liberals, using terms like 'libtard,' which some annotators might view as hate speech due to its demeaning nature. However, it does not call for violence and is primarily a critique of political ideology. Given the context, there might be a moderate level of disagreement among annotators, with some focusing on the offensive language and others on the political critique. Therefore, approximately 40% of annotators might classify it as hate speech, while 60% might not.",0.43333333333333335
82,9687,"I like that she talks about Great Comics and includes herself, 'our job'. That miserable twat wouldn't know great comedy if it slapped her on the ass.",0.3333333333333333,0.4,0.6,"[""The post uses vulgar and offensive language ('miserable twat') which may be considered hate speech due to its derogatory nature."", 'The post does not target a specific protected characteristic such as race, ethnicity, gender, religion, or sexual orientation, so it may not be considered hate speech by some annotators.', 'The post does not contain any explicit calls for violence or physical harm, which may lead some annotators to classify it as not hate speech.', ""Some annotators might view the use of 'twat' as a gendered insult, potentially degrading to women, and thus consider it an assault on human dignity.""]","The post contains offensive language, specifically the term 'miserable twat', which is vulgar and derogatory. However, it does not explicitly target a protected characteristic or incite violence. Annotators might be divided on whether the use of 'twat' constitutes an assault on human dignity, particularly if interpreted as a gendered insult. Therefore, there is likely to be some disagreement among annotators, with an estimated 40% classifying it as hate speech and 60% not classifying it as hate speech.",0.06666666666666671
83,9688,Thanks! I will.,0.0,0.0,1.0,"['The post is neutral and does not contain any language that assaults human dignity.', 'The post does not call for violence or incite harm against any individual or group.', 'The post does not contain vulgarity or offensive language.']","The post ""Thanks! I will."" is a neutral statement that does not exhibit any characteristics of hate speech. It is polite and lacks any form of assault on human dignity, calls for violence, or vulgarity. Therefore, it is likely that 0% of annotators would classify this as hate speech, and 100% would classify it as not hate speech.",0.0
84,9689,"Yep. She has a bed, but she went straight back to the carrier. I'll leave it as long as she needs. Given the Okra situation, I'm figuring 7-10 days in the bathroom unless closely supervised & probably a while longer at night. She'll be eating in my bath until she's on adult food, anyway. You know I won't rush her.",0.0,0.0,1.0,"['The post does not contain any assaults on human dignity as it does not mention any race, ethnicity, gender, religion, sexual orientation, or other protected characteristics.', 'There are no calls for violence in the post. It discusses caring for an animal in a non-violent context.', 'The post does not contain vulgarity or offensive language. It is written in a neutral and caring tone.']","The post is about caring for a pet and does not exhibit any characteristics of hate speech. Therefore, it is likely that 0% of annotators would classify it as hate speech, and 100% would classify it as not hate speech.",0.0
85,9690,"Little, cute, dark gray Toe Beans!! I love toe beans.",0.0,0.0,1.0,"['The post is innocuous and does not contain any hate speech elements.', ""The post is about 'toe beans,' which is a term often used affectionately to describe the pads on a cat's paw."", 'There is no offensive language, calls for violence, or assaults on human dignity in the post.']","The post is clearly not hate speech, as it is a harmless expression of affection towards a common pet feature. Annotators are likely to unanimously agree that this post does not constitute hate speech, resulting in low disagreement.",0.0
86,9691,"Poor little bit, she's terrified of him. I don't think she's ever been around dogs, much less one whose head is bigger than she is. The cats are fascinated, but Pearl's not having any of it yet. She's a growler. LOL She settled down enough to come out of the carrier & explore her temp home in my bathroom & drink a little, but she's back in it now, curled up sleeping.",0.0,0.0,1.0,"['The post is not hate speech as it does not target any individual or group based on race, ethnicity, gender, religion, sexual orientation, or other protected characteristics.', 'The post does not contain any calls for violence or incite physical harm against individuals or groups.', 'The post does not use vulgarity, slurs, or offensive language directed at individuals or groups.', ""The post is a personal anecdote about a pet's behavior and does not relate to hate speech.""]","The post is a personal story about a pet's behavior and does not exhibit any characteristics of hate speech. It does not assault human dignity, call for violence, or use offensive language. Therefore, it is likely that 0% of annotators would classify it as hate speech, and 100% would classify it as not hate speech. The disagreement level is low.",0.0
87,9692,Look what we did today! Meet Pearl.,0.0,0.0,1.0,"['The post is neutral and does not contain any language that assaults human dignity, calls for violence, or uses vulgar or offensive language.', ""The post is likely a positive or neutral statement, possibly introducing a new pet or a new member of a group, given the context of 'Meet Pearl.'"", 'There is no indication of hate speech as the post does not target any individual or group based on protected characteristics.']","The post 'Look what we did today! Meet Pearl.' is likely to be classified as not hate speech by annotators. The language is neutral and does not exhibit any characteristics of hate speech. Therefore, it is expected that 0% of annotators would classify it as hate speech, while 100% would classify it as not hate speech.",0.0
88,9780,"Look at this compilation of tweets Nick Monroe made exhibiting the anti-white racism of Buzzfeed staff members. Again, this is commonplace on the Left. https://twitter.com/i/moments/1033547403620757504",0.8,0.3,0.7,"['The post is highlighting perceived racism against white people, which some may argue is a form of assault on human dignity, but others may see it as a critique of media bias rather than hate speech.', 'The post does not contain any direct calls for violence or encouragement of physical harm, which would typically be a clear indicator of hate speech.', 'The language used in the post is not vulgar or overtly offensive, which might lead some annotators to classify it as not hate speech.', 'Some annotators might view the post as perpetuating a narrative of victimization of white people, which could be seen as a form of reverse racism, while others might see it as a legitimate critique of perceived bias.']","The post is likely to result in some disagreement among annotators due to its focus on perceived anti-white racism, which is a contentious topic. Some annotators may see it as highlighting a legitimate issue, while others may view it as an attempt to undermine discussions of racism against minority groups. Given the lack of vulgar language or direct calls for violence, it is likely that a majority of annotators would classify it as not hate speech, but a significant minority might see it as problematic in terms of how it frames the issue of racism. Therefore, the estimated percentages are 30% classifying it as hate speech and 70% as not hate speech.",0.5
89,9782,"Listen, I know I make fun of Commiefornia a lot, but I never realized they were this stupid. By the way, what a biased article from a so-called objective news source. Two sentences saying it's controversial and ten paragraphs dedicated to up-playing it. https://money.cnn.com/2018/08/30/pf/california-wom...",0.8,0.1,0.9,"[""The post uses the term 'Commiefornia,' which could be seen as a derogatory term for California, potentially demeaning individuals based on political beliefs or regional identity."", 'The post does not contain any explicit calls for violence or incitement to harm individuals or groups.', ""The language used in the post, such as 'stupid' and 'biased,' is critical and potentially offensive but does not contain vulgarity or slurs directed at a protected group."", 'The post criticizes a news article and expresses a personal opinion, which may be interpreted as a form of free speech rather than hate speech.']","The post contains a derogatory term 'Commiefornia,' which some annotators might view as demeaning to individuals based on political beliefs or regional identity, potentially falling under 'Assaults on Human Dignity.' However, it lacks explicit calls for violence and does not use vulgar or offensive language directed at a protected group. The criticism of a news article and expression of personal opinion may be seen as free speech. Given these factors, there is likely to be low disagreement among annotators, with a majority classifying it as not hate speech. Predicted percentages: 10% hate speech, 90% not hate speech.",0.7000000000000001
90,9913,"So starting tomorrow, I'll have 11 days of peace and quiet in the house while the family goes on vacation.  Could use any and all cheers, thoughts, prayers, whatever, cause I'd like to enjoy myself without getting plastered and hangover-sleeping the whole time away.",0.0,0.0,1.0,"['The post is a personal reflection and does not target any individual or group based on race, ethnicity, gender, religion, sexual orientation, or other protected characteristics, so it does not assault human dignity.', ""There is no call for violence or incitement to harm in the post, as it focuses on the author's personal plans and desires for relaxation."", 'The language used in the post is not vulgar or offensive; it is casual and conversational, with no profanity or slurs.']","The post is a personal reflection about enjoying time alone and does not contain any elements of hate speech. It does not demean or degrade any group, incite violence, or use offensive language. Therefore, it is likely that 0% of annotators would classify it as hate speech, and 100% would classify it as not hate speech. The disagreement level is low, as the post is clearly not hate speech.",0.0
91,9914,"Thank you to everyone that has supported freedom of speech.  In spite of our political differences, this is the one thematic unifying principle that brings us here.",0.0,0.0,1.0,"['The post is a positive statement supporting freedom of speech and does not contain any elements of hate speech.', 'The post does not demean or degrade any individuals or groups based on race, ethnicity, gender, religion, sexual orientation, or other protected characteristics.', 'The post does not incite or encourage physical harm or violence against individuals or groups.', 'The post does not contain any vulgarity, slurs, or offensive language.', 'The post is likely to be interpreted as not hate speech by most annotators due to its neutral and positive tone.']","The post is a positive statement supporting freedom of speech and does not contain any elements of hate speech. It does not demean or degrade any individuals or groups, nor does it incite violence or contain offensive language. Therefore, it is likely to be classified as not hate speech by the majority of annotators, resulting in low disagreement. The predicted percentages are [0.0, 1.0], indicating that 0% of annotators would classify it as hate speech and 100% would classify it as not hate speech.",0.0
92,9915,"And when people give me shit for being on Gab, like 'OMG there are so many racists there', I'm like, yeah, and there aren't a shit ton on Twitter?  At least on Gab I'm in charge of my own feed by my own rules, not some bullshit shadow algorithm.  I censor what I cannot brook.  That's my choice, not Jacks. https://gab.ai/a/posts/15062088",0.0,0.1,0.9,"['The post does not directly assault human dignity as it does not explicitly demean or degrade any specific group based on protected characteristics.', 'The post does not contain calls for violence or incite physical harm against any individuals or groups.', ""The post contains vulgarity and offensive language, such as 'shit' and 'bullshit', but it is not directed at any specific group or individual."", 'The post expresses a preference for a platform perceived to have more control over content, which could be interpreted as a defense of free speech rather than an endorsement of hate speech.', ""Some annotators might view the mention of 'racists' on Gab as an implicit acknowledgment of hate speech presence, but the post itself does not promote or endorse such views.""]","The post is likely to be classified as not hate speech by the majority of annotators due to the lack of direct assaults on human dignity, calls for violence, or targeted offensive language. However, the use of vulgar language and the mention of 'racists' on Gab might lead a small percentage of annotators to classify it as hate speech. Therefore, the predicted percentages are 10% for hate speech and 90% for not hate speech.",0.1
93,9916,@Oblivia I just wanted to say I really liked all the artwork you posted in the Gab Draws section.  You have a keen eye for art!,0.0,0.0,1.0,"[""The post is a positive comment appreciating someone's artwork and does not contain any elements of hate speech."", 'There are no assaults on human dignity, calls for violence, or vulgarity/offensive language present in the post.', 'The post is likely to be unanimously considered as not hate speech due to its positive and supportive nature.']","The post is a positive comment appreciating someone's artwork and does not contain any elements of hate speech. There are no assaults on human dignity, calls for violence, or vulgarity/offensive language present in the post. The post is likely to be unanimously considered as not hate speech due to its positive and supportive nature. Therefore, the predicted percentage of annotators who classify the post as hate speech is 0%, and those who classify it as not hate speech is 100%.",0.0
94,10362,"A pedophile is like a dog with rabies.  It's sad they're sick, but they still have to be put down. #MAGA",0.4,0.6,0.4,"['The post dehumanizes individuals by comparing them to animals, which could be seen as an assault on human dignity.', ""The post suggests that pedophiles should be 'put down,' which could be interpreted as a call for violence against them."", 'The language used is metaphorical and could be interpreted as a strong opinion rather than a literal call for violence.', 'The post uses a hashtag associated with a political movement, which might influence the interpretation of the post as being more about political expression than hate speech.', 'Some annotators might see the post as expressing a controversial opinion rather than hate speech, focusing on the metaphorical language rather than a literal interpretation.']","The post contains elements that could be interpreted as hate speech, particularly in its dehumanizing language and potential call for violence. However, the metaphorical nature of the language and the political context might lead some annotators to view it as a strong opinion rather than explicit hate speech. Therefore, there is likely to be some disagreement among annotators, with approximately 60% classifying it as hate speech and 40% not classifying it as such.",0.19999999999999996
95,10363,"#Gabfam, the leftists (and degenerates) are pushing hard to normalize pedophilia.  This is the third and final time I'll be posting this.  If you're interested in doing something to stop this, read the link. https://www.scribd.com/document/383096570/Destroy-...  #MAGA",0.75,0.4,0.6,"['The post accuses a group (leftists) of promoting a highly stigmatized and illegal behavior (pedophilia), which could be seen as an assault on human dignity by attributing a negative and harmful stereotype to a political group.', 'The post does not explicitly call for violence, but it does encourage action against a perceived threat, which could be interpreted as a call to action that might lead to violence, depending on the context and the content of the linked document.', ""The use of the term 'degenerates' is offensive and derogatory, which could be considered vulgar or offensive language, but it is not a slur or profanity."", 'The post could be interpreted as a political statement rather than hate speech, as it does not directly incite violence or use explicit hate speech language.']","The post contains elements that could be interpreted as hate speech, particularly in its derogatory language and the accusation against a political group. However, it does not explicitly call for violence or use slurs, which might lead to a split in opinion among annotators. Some may see it as a political statement rather than hate speech, leading to a moderate level of disagreement. Therefore, approximately 40% of annotators might classify it as hate speech, while 60% might not.",0.35
96,10364,"And in other news, straight people aren't gay. (Whodathunkit?) https://www.them.us/story/cis-trans-dating?mbid=nl...",0.0,0.1,0.9,"['The post is a benign statement pointing out an obvious fact and does not constitute hate speech.', 'The post may be interpreted as dismissive or sarcastic towards discussions about sexual orientation, but it does not degrade or demean any group.', 'The post does not contain any calls for violence or incitement to harm.', 'The post does not use vulgarity or offensive language.', 'Some may view the post as trivializing or mocking discussions about sexual orientation, which could be seen as offensive to some, but not necessarily hate speech.']","The post is likely to be classified as not hate speech by the majority of annotators, as it does not explicitly demean, degrade, or incite violence against any group. It may be seen as sarcastic or dismissive, but this is unlikely to be enough for most annotators to classify it as hate speech. Therefore, I predict that 10% of annotators might classify it as hate speech due to perceived offensiveness, while 90% would classify it as not hate speech.",0.1
97,10423,LISTEN: I'm the new co-host on @EDLmedia at 1PM Pacific Time. http://www.blogtalkradio.com/the-english-defence-l...,0.0,0.3,0.7,"['The post is simply an announcement of a new co-hosting role and does not contain any hate speech.', ""The mention of 'EDLmedia' could be associated with the English Defence League, which is known for its controversial views, potentially leading some to view the post as indirectly supporting hate speech."", 'The post does not contain any explicit vulgarity, offensive language, or calls for violence.', 'The post does not directly assault human dignity, but the association with EDL might imply support for a group that has been accused of such behavior.']","The post is an announcement about a new co-hosting role on a media platform associated with the English Defence League (EDL). While the post itself does not contain explicit hate speech, the association with EDL, a group known for its controversial and often criticized views, might lead some annotators to perceive it as indirectly supporting hate speech. However, the post lacks direct vulgarity, offensive language, or calls for violence, and does not explicitly assault human dignity. Therefore, there might be some disagreement among annotators, but it is likely to be low, with a majority not classifying it as hate speech.",0.3
98,10424,"So I get accused of being an Islamophobe by a Muzlime on Twitter, I agree with him that I am an Islamofauxb and tell him why and I'm the one who gets suspended?",0.75,0.6,0.4,"[""The post uses a derogatory term 'Muzlime' which can be seen as demeaning to Muslims, potentially assaulting human dignity based on religion."", ""The term 'Islamofauxb' is a play on 'Islamophobe' and may be interpreted as mocking or trivializing the serious issue of Islamophobia, which could be seen as offensive."", 'The post does not contain any direct calls for violence against individuals or groups.', ""The post contains vulgarity or offensive language, particularly in the use of 'Muzlime', which is a slur against Muslims."", 'Some annotators might see the post as expressing a personal grievance about being suspended rather than as hate speech.']","The post contains derogatory language and slurs that could be interpreted as hate speech, particularly against Muslims. However, it does not explicitly call for violence, and some may view it as a personal complaint about social media moderation rather than an attack on a group. Given these factors, there is likely to be some disagreement among annotators, but a majority might still classify it as hate speech due to the use of offensive language. Therefore, approximately 60% of annotators might classify it as hate speech, while 40% might not.",0.15000000000000002
99,10501,#Chemnitz #Protests  And the people are sick of it. The unelected #EU must go!! https://www.youtube.com/watch?v=0NeKupUnOOw,0.2,0.1,0.9,"['The post expresses a political opinion against the EU, which is not hate speech.', ""The use of the phrase 'the people are sick of it' could be interpreted as a general expression of dissatisfaction, not necessarily hate speech."", 'There is no direct assault on human dignity, as the post does not target any specific group based on race, ethnicity, gender, religion, or sexual orientation.', 'The post does not contain any calls for violence or incitement to harm.', 'There is no vulgarity or offensive language present in the post.']","The post is likely to be classified as not hate speech by the majority of annotators, as it primarily expresses a political opinion without targeting specific groups or using offensive language. Therefore, I predict that 10% of annotators might classify it as hate speech due to potential misinterpretation of dissatisfaction as hostility, while 90% would classify it as not hate speech.",0.1
100,10502,The signs of big government #Socialism,0.0,0.05,0.95,"['The post is a political statement criticizing big government and socialism, which is not inherently hate speech.', 'The post does not target any specific group based on race, ethnicity, gender, religion, or other protected characteristics, so it does not assault human dignity.', 'There is no call for violence or incitement of physical harm against any individuals or groups.', 'The post does not contain vulgarity, slurs, or offensive language.']","The post is likely to be classified as not hate speech by the majority of annotators, as it does not exhibit characteristics of hate speech. It is a political opinion that does not target specific groups or use offensive language. Therefore, I predict that 5% of annotators might classify it as hate speech due to potential misinterpretation of political criticism as hate speech, while 95% would classify it as not hate speech.",0.05
101,10503,islamic liberation  #Feminism,0.0,0.1,0.9,"['The post may be seen as promoting a positive view of Islam in relation to feminism, which is not hate speech.', ""Some annotators might interpret the use of 'Islamic liberation' as a critique of feminism, potentially seeing it as a subtle form of hate speech against feminists."", 'The post does not contain any vulgarity, offensive language, or explicit calls for violence, which suggests it is not hate speech.', ""The hashtag '#Feminism' could be interpreted as supportive or critical, leading to different interpretations of the post's intent.""]","The post 'islamic liberation #Feminism' is likely to be interpreted in various ways by annotators. Some may see it as a positive statement about the intersection of Islam and feminism, while others might view it as a critique of feminism from an Islamic perspective. However, the post does not contain explicit hate speech elements such as vulgarity, offensive language, or calls for violence. Given these factors, it is likely that a small percentage of annotators (around 10%) might classify it as hate speech due to perceived subtle critique, while the majority (around 90%) would not classify it as hate speech.",0.1
102,10504,"Turning the frogs #Gay or children #Trans all part of the #Marxist #Communist take over, turn all white men into weak little twigs so they would have to become a bundle of faggots #Leftism #Agenda  at: 8:59 / 36:58  https://www.youtube.com/watch?v=RAacfrQc7sE",0.8,0.6,0.4,"[""The post uses offensive language, including a homophobic slur ('faggots'), which may be considered hate speech due to vulgarity and offensive language."", 'The post suggests a conspiracy theory involving Marxism and Communism, which may not directly constitute hate speech but could be seen as promoting harmful stereotypes.', 'The post implies that turning children transgender is part of a negative agenda, which could be seen as demeaning to transgender individuals and thus an assault on human dignity.', ""The post does not explicitly call for violence, so it may not be considered hate speech under the 'calls for violence' aspect."", 'Some annotators might view the post as a political opinion rather than hate speech, focusing on the ideological critique rather than the offensive language.']","The post contains offensive language and potentially demeaning content towards transgender individuals and the LGBTQ+ community. However, it does not explicitly call for violence. Annotators might be divided on whether the post constitutes hate speech, with some focusing on the offensive language and demeaning implications, while others might see it as a political opinion. Therefore, there might be moderate disagreement among annotators, with approximately 60% classifying it as hate speech and 40% not classifying it as such.",0.20000000000000007
103,10505,Our #Education system must be cleaned up,0.2,0.0,1.0,"['The post is a general statement about improving the education system and does not target any specific group, so it is not hate speech.', ""The post uses the phrase 'cleaned up,' which could be interpreted as a call for reform rather than a call for violence or hate speech."", 'There is no use of vulgarity, offensive language, or slurs in the post, indicating it is not hate speech.', 'The post does not demean or degrade any individuals or groups based on protected characteristics, so it is not hate speech.']","The post is likely to be classified as not hate speech by the majority of annotators due to its neutral language and lack of targeted attacks or offensive content. Therefore, I predict that 0% of annotators would classify it as hate speech, and 100% would classify it as not hate speech.",0.2
104,10508,no problem in islam #ChildMarriage  https://www.youtube.com/watch?v=KldFGgUTqKA,0.2,0.6,0.4,"['The post may be seen as an assault on human dignity as it appears to endorse or trivialize child marriage, which is a sensitive and controversial issue, particularly when associated with a specific religion.', 'Some annotators might view the post as not directly calling for violence, as it does not explicitly incite or encourage physical harm or violence against individuals or groups.', 'The use of the hashtag #ChildMarriage could be interpreted as offensive or vulgar by some, as it may seem to normalize or make light of a practice that is widely condemned and considered harmful.', 'Others might argue that the post is not hate speech because it does not contain explicit slurs or profanity, and the link to a video might provide additional context that could alter the interpretation.', 'The post could be seen as context-sensitive, as understanding the intent behind the hashtag and the linked video is crucial to determining whether it constitutes hate speech.']","The post ""no problem in islam #ChildMarriage https://www.youtube.com/watch?v=KldFGgUTqKA"" is likely to generate mixed opinions among annotators. Some may view it as an endorsement of a controversial practice, potentially degrading to certain groups, while others may see it as lacking explicit hate speech elements. Given the ambiguity and potential for different interpretations, there is likely to be a moderate level of disagreement among annotators. I estimate that approximately 60% of annotators might classify it as hate speech due to the sensitive nature of the topic and its association with a specific religion, while 40% might not classify it as hate speech, possibly considering the lack of explicit calls for violence or vulgar language.",0.39999999999999997
105,10509,"We pay TAX over #TAX over TAX we are not only being robbed, we are being robbed multiple times over and over again...  #communism #socialism #government  #finance  #theft  #unBEARables",0.2,0.1,0.9,"['The post expresses frustration with taxation and government policies, which is a common political opinion and not inherently hate speech.', 'The use of hashtags like #communism and #socialism may indicate a political stance but does not necessarily demean or degrade any group based on protected characteristics.', 'There is no explicit call for violence or incitement to harm in the post.', 'The language used in the post is not vulgar or offensive; it is more of a political critique.']","The post is likely to be classified as not hate speech by the majority of annotators, as it primarily expresses a political opinion without targeting specific groups or using offensive language. Therefore, I predict that 10% of annotators might classify it as hate speech due to potential misinterpretation of the hashtags or tone, while 90% would classify it as not hate speech.",0.1
106,10511,#Chemnitz Fights Back   the unelected  #EU needs to go!!  https://www.youtube.com/watch?v=AuXpQz5onxs,0.2,0.1,0.9,"['The post expresses a political opinion against the EU, which may not be considered hate speech as it targets an institution rather than a protected group.', 'The hashtag #ChemnitzFightsBack could be interpreted as a call to action, but without explicit context, it does not necessarily incite violence.', 'The post does not contain vulgarity or offensive language directed at individuals or groups based on protected characteristics.', ""Some annotators might view the phrase 'unelected EU needs to go' as a form of political dissent rather than hate speech.""]","The post is likely to be classified as not hate speech by the majority of annotators, as it primarily expresses a political opinion without targeting a specific group based on protected characteristics. The lack of explicit calls for violence or use of offensive language further supports this classification. Therefore, approximately 10% of annotators might classify it as hate speech due to potential interpretations of the hashtag or political rhetoric, while 90% would likely classify it as not hate speech.",0.1
107,11144,SEE ME LIVE ON SEXCAMS 11pm 2300hrs PST #MakeMeCum ,0.0,0.05,0.95,"['The post is not hate speech as it does not target any individual or group based on race, ethnicity, gender, religion, sexual orientation, or other protected characteristics.', 'The post does not contain any calls for violence or incite physical harm against individuals or groups.', 'The post contains vulgarity and offensive language, but it is not directed at any individual or group in a hateful manner.']","The post is primarily promotional in nature, focusing on adult content without targeting or demeaning any specific group. While it contains vulgar language, it does not meet the criteria for hate speech as it lacks elements of assault on human dignity or calls for violence. Therefore, it is likely that a small percentage of annotators might consider the vulgarity as offensive enough to be labeled as hate speech, but the majority would not classify it as such.",0.05
108,11234,President Trump signed an executive order on Friday that will affect how you save for retirement. https://www.foxbusiness.com/personal-finance/trump...,0.0,0.0,1.0,"['The post is purely informational and does not contain any elements of hate speech.', 'The post does not assault human dignity as it does not demean or degrade any individual or group.', 'There are no calls for violence in the post.', 'The post does not contain vulgarity or offensive language.']","The post is a straightforward news update about an executive order signed by President Trump, focusing on its impact on retirement savings. It lacks any elements that would categorize it as hate speech, such as assaults on human dignity, calls for violence, or vulgarity. Therefore, it is likely that all annotators would agree that this post is not hate speech, resulting in low disagreement and a classification of 0% as hate speech and 100% as not hate speech.",0.0
109,11236,bill clinton is a rapist,0.4,0.4,0.6,"['The post is an assault on human dignity as it accuses an individual of a serious crime without evidence, potentially degrading their reputation.', 'The post does not call for violence, as it does not incite or encourage physical harm against any individual or group.', ""The post contains offensive language by labeling someone as a 'rapist,' which is a serious accusation and could be considered vulgar or defamatory."", 'Some annotators might view the post as a political statement or opinion rather than hate speech, as it targets a public figure rather than a protected group.']","The post 'bill clinton is a rapist' could be interpreted in various ways by annotators. Some might see it as an assault on human dignity due to the serious nature of the accusation, while others might not classify it as hate speech since it does not target a protected group or incite violence. The use of the term 'rapist' is offensive and could be seen as vulgar, but the context of targeting a public figure might lead some to view it as a political opinion. Therefore, there is likely to be moderate disagreement among annotators, with an estimated 40% classifying it as hate speech and 60% not classifying it as such.",0.0
110,11237,hubba hubba 😍 “Nope” Officer has hilarious reaction to call about 10-foot snake https://www.leoaffairs.com/nope-officer-has-hilari...,0.0,0.0,1.0,"['The post is not hate speech as it does not demean or degrade any individuals or groups based on protected characteristics.', 'The post does not contain any calls for violence or incite physical harm against individuals or groups.', 'The post does not use vulgarity, slurs, or offensive language directed at individuals or groups.', 'The post is a light-hearted or humorous commentary on a non-controversial topic (a snake encounter), which is unlikely to be interpreted as hate speech.']","The post is a humorous take on a police officer's reaction to a snake encounter, with no elements of hate speech present. It is unlikely to be classified as hate speech by any annotators.",0.0
111,11239,"III%  if you don't know what the fuck you're talking about, ask Cop put on leave for tattoo linked to antigovernment group https://nypost.com/2018/08/31/cop-put-on-leave-for...",0.2,0.3,0.7,"[""The post uses vulgar language ('what the fuck'), which may be considered offensive but not necessarily hate speech."", 'The post references a news article about a cop being put on leave for a tattoo linked to an antigovernment group, which may not directly relate to hate speech.', ""The use of 'III%' could be interpreted as a reference to the Three Percenters, a group sometimes associated with antigovernment and extremist views, which might be seen as promoting hate speech."", 'Some annotators might see the post as simply sharing news without endorsing any hate speech, focusing on the informational aspect rather than the language used.']","The post contains vulgar language, which might be offensive to some, but it does not directly assault human dignity or call for violence. The reference to 'III%' could be interpreted as a nod to a group with extremist views, which might lead some annotators to classify it as hate speech. However, the post primarily shares a news link, which could lead others to see it as non-hate speech. Given these factors, there is likely to be some disagreement among annotators, but the majority may not classify it as hate speech. Therefore, the estimated percentages are 30% for hate speech and 70% for not hate speech.",0.09999999999999998
112,11241,FBI arrests five New Mexico compound suspects days after multiple charges were dropped http://www.foxnews.com/us/2018/08/31/fbi-arrests-f...,0.2,0.05,0.95,"['The post is a straightforward news headline and does not contain any language that assaults human dignity, calls for violence, or uses vulgar or offensive language.', 'The post simply reports an event without any additional commentary or language that could be considered hate speech.', ""Some might argue that the mention of 'New Mexico compound suspects' could imply a negative stereotype, but the post itself does not explicitly convey hate speech.""]","The post is a news headline reporting on an event involving the FBI and suspects in New Mexico. It does not contain any language that assaults human dignity, calls for violence, or uses vulgar or offensive language. Therefore, it is likely that the majority of annotators would classify this post as not hate speech. However, a small percentage might consider the mention of 'New Mexico compound suspects' as potentially implying a negative stereotype, but this is not explicit in the post. Thus, the predicted percentages are [0.05, 0.95], indicating 5% might classify it as hate speech and 95% as not hate speech.",0.15000000000000002
113,11664,I love how welcoming @a is of everyone to this site. A couple thousand Brazilians show up and he starts posting in their native language. For all the accusations of 'far-right' this is far more inclusive than almost any left-leaning social network.,0.2,0.1,0.9,"['The post is not hate speech as it praises inclusivity and multilingual engagement, which are positive actions.', 'The post could be seen as sarcastic or mocking, potentially implying that the presence of Brazilians is unusual or unwelcome, which might be interpreted as demeaning.', 'The post does not contain any calls for violence or explicit vulgarity, so it is unlikely to be classified as hate speech based on those criteria.', ""Some annotators might see the mention of 'far-right' as a political statement, but it does not inherently constitute hate speech.""]","The post is generally positive and highlights inclusivity, which is not characteristic of hate speech. However, the mention of 'far-right' and the context of discussing a large group of Brazilians could be interpreted differently by some annotators. Overall, it is likely that a small percentage might see it as problematic, but the majority would not classify it as hate speech.",0.1
114,11780,One thing many are missing. This Omnibus pork barrel has a shelf life of 6 months. Renewal End of September. Just before the mid-terms.,0.0,0.05,0.95,"['The post is a political commentary and does not target any specific group based on race, ethnicity, gender, religion, or sexual orientation, so it is not an assault on human dignity.', 'The post does not contain any calls for violence or incitement to physical harm against individuals or groups.', 'The language used in the post is not vulgar or offensive; it is a straightforward political opinion.', ""Some annotators might see the term 'pork barrel' as potentially offensive or derogatory towards politicians, but it is commonly used in political discourse and not typically considered hate speech.""]","The post is primarily a political opinion piece discussing the timing of a legislative action in relation to elections. It does not exhibit characteristics of hate speech as it does not demean any protected group, incite violence, or use offensive language. Therefore, it is likely that a very small percentage of annotators might classify it as hate speech due to potential misinterpretation of political terms, but the majority would not. The disagreement level is low.",0.05
115,11985,"'Axios article claimed a “conservative social network would fail,”  So what's Gab, chopped liver?https://www.breitbart.com/tech/2018/08/31/trump-ca...",0.4,0.1,0.9,"[""The post is not hate speech as it merely questions the claim made by an Axios article about conservative social networks, using a rhetorical question to highlight Gab's existence."", 'The post does not contain any assaults on human dignity as it does not demean or degrade any individuals or groups based on protected characteristics.', 'The post does not contain calls for violence as it does not incite or encourage physical harm or violence against individuals or groups.', ""The post does not contain vulgarity or offensive language, as the phrase 'chopped liver' is a colloquial expression and not inherently offensive.""]","The post is likely to be classified as not hate speech by the majority of annotators, as it does not exhibit any of the key aspects of hate speech such as assaults on human dignity, calls for violence, or vulgarity/offensive language. The rhetorical question and reference to Gab are not inherently hateful or offensive. Therefore, I predict that 10% of annotators might classify it as hate speech due to potential misinterpretation or bias, while 90% would classify it as not hate speech.",0.30000000000000004
116,12213,I pirate my games from this site. Since these are all gog games you don't have to worry about any cracks or added malware since gog games are by default drm free and don't need any extra modifications. This is the only place where I pirate games since I don't want to play Russian roulette (malware edition) with cracks https://goggames.goodolddownloads.com/,0.0,0.0,1.0,"['The post does not contain any assaults on human dignity as it does not target any individual or group based on protected characteristics.', 'The post does not call for violence or incite physical harm against any individual or group.', 'The post does not contain vulgarity or offensive language directed at individuals or groups.', 'The post discusses pirating games, which is illegal, but this does not fall under the category of hate speech.']","The post is not considered hate speech as it does not meet any of the criteria for hate speech. It does not assault human dignity, call for violence, or use vulgar or offensive language. Therefore, it is likely that 0% of annotators would classify it as hate speech, and 100% would classify it as not hate speech.",0.0
117,12215,Starving journalists make me nut,0.4,0.1,0.9,"[""The post uses the term 'starving journalists' which could be interpreted as a metaphorical expression of disdain or criticism towards journalists, but it does not explicitly demean or degrade them based on protected characteristics."", ""The phrase 'make me nut' is vulgar and could be interpreted as offensive, but it is not directed at a specific individual or group based on protected characteristics."", 'The post does not contain any explicit calls for violence or incitement to harm against journalists or any other group.', 'Some annotators might view the post as a general expression of frustration or dislike towards journalists, without crossing into hate speech territory.']","The post 'Starving journalists make me nut' is likely to be interpreted with high disagreement among annotators. While it contains vulgar language, it does not explicitly target a protected characteristic or incite violence. Therefore, it is estimated that 10% of annotators might classify it as hate speech due to the offensive language, while 90% might not classify it as hate speech, viewing it as a non-hate speech expression of frustration or criticism towards journalists.",0.30000000000000004
118,12216,Am I the only one who feels that games made by SJWs tend to have very little actual gameplay like with a visual novel? I'm not ragging on visual novels or anything (love nekopara) but it's just something I noticed.,0.0,0.1,0.9,"['The post does not contain any direct assaults on human dignity as it does not demean or degrade individuals or groups based on protected characteristics.', 'The post does not contain calls for violence or incite physical harm against any individuals or groups.', ""The post uses the term 'SJWs' which can be considered derogatory or offensive by some, but it is not inherently vulgar or a slur. It may be seen as dismissive or critical of a certain group of people, which could be interpreted as offensive by some annotators."", ""Some annotators might view the use of 'SJWs' as a critique of a certain style of game development rather than a personal attack, thus not classifying it as hate speech."", ""Others might see the term 'SJWs' as a pejorative that targets individuals advocating for social justice, potentially classifying it as a mild form of hate speech.""]","The post is likely to result in high disagreement among annotators due to the use of the term 'SJWs', which can be interpreted in various ways depending on the annotator's perspective on social justice issues. Some may see it as a critique of game design, while others may view it as a derogatory term targeting a group of people. Therefore, the predicted distribution is 10% of annotators classifying it as hate speech and 90% not classifying it as hate speech.",0.1
119,12430,Soaking in the morning sun 🌞  #SummerSolstice #Litha #EarthGrounding #barefoot,0.0,0.0,1.0,"['The post is a positive expression of enjoying nature and the summer solstice, with no elements of hate speech.', 'The hashtags and content focus on personal well-being and connection to nature, which are not related to any hate speech aspects.', 'There is no use of offensive language, slurs, or calls for violence in the post.', 'The post does not demean or degrade any individuals or groups based on protected characteristics.']","The post is clearly not hate speech, as it contains no elements that would be considered demeaning, violent, or offensive. Therefore, it is likely that 0% of annotators would classify it as hate speech, and 100% would classify it as not hate speech.",0.0
120,12485,"As I was driving around today, it occurred to me that when I was growing up the worst concern on our holidays was the projected highway death toll that was always broadcast. Today we anticipate riots, mobs & violence from the Leftist armies terrorizing our people whenever patriots gather to celebrate and exercise our freedoms. Deliver us from evil, Oh Lord.",0.7142857142857143,0.4,0.6,"[""The post uses the term 'Leftist armies' which could be interpreted as demeaning or degrading a political group, potentially falling under assaults on human dignity."", 'The post does not explicitly call for violence but suggests that violence is expected from a specific political group, which could be seen as inciting fear or hostility.', 'The language used in the post is not overtly vulgar or offensive, but the tone and framing could be considered inflammatory or provocative.', 'Some annotators might view the post as a political opinion rather than hate speech, focusing on the expression of concern over public safety.', 'Others might see the post as perpetuating negative stereotypes about a political group, which could be considered a form of hate speech.']","The post is likely to result in high disagreement among annotators. While some may see it as a political opinion or expression of concern, others may interpret it as perpetuating negative stereotypes or demeaning a political group. Therefore, approximately 40% of annotators might classify it as hate speech, while 60% might not.",0.3142857142857143
121,12486,"Listening to patriotic songs, and I'm tearing up. So much love for our beautiful country and her good people.",0.0,0.0,1.0,"['The post expresses a positive sentiment towards the country and its people, which is not related to hate speech.', 'There is no language in the post that assaults human dignity, as it does not demean or degrade any individuals or groups.', 'The post does not contain any calls for violence or incitement to harm.', 'There is no vulgarity or offensive language present in the post.']","The post is overwhelmingly likely to be classified as not hate speech, as it contains no elements of hate speech. Annotators would likely agree that it is a positive expression of patriotism without any negative or harmful language. Therefore, the predicted percentage of annotators classifying it as hate speech is 0%, and those classifying it as not hate speech is 100%.",0.0
122,12715,"Fight me, communists.",0.625,0.3,0.7,"[""The post uses the phrase 'Fight me,' which could be interpreted as a call for violence, though it may also be seen as a rhetorical or figurative expression rather than a literal incitement to violence."", ""The term 'communists' is used, which could be seen as targeting a specific political ideology rather than a protected characteristic like race or gender, potentially reducing the likelihood of it being classified as hate speech."", 'The post does not contain vulgarity or offensive language, which might lead some annotators to classify it as not hate speech.', 'Some annotators might view the post as aggressive or confrontational, but not necessarily as hate speech, due to the lack of explicit demeaning or degrading language.']","The post 'Fight me, communists.' is likely to result in some disagreement among annotators. While the phrase 'Fight me' could be interpreted as a call for violence, it is also commonly used in a non-literal sense in online discourse. The term 'communists' targets a political ideology rather than a protected characteristic, which may lead some annotators to not classify it as hate speech. The absence of vulgarity or offensive language further supports the likelihood that a majority of annotators would not classify it as hate speech. Therefore, it is estimated that 30% of annotators might classify it as hate speech, while 70% would not.",0.325
123,12716,"If you're a right-winger, how could you not be excited at the prospect of a civil war split down ideological lines?",0.25,0.4,0.6,"['The post could be seen as inciting violence by expressing excitement about the prospect of a civil war, which inherently involves violence.', 'Some annotators might view the post as a rhetorical question or hyperbolic statement rather than a genuine call for violence, thus not classifying it as hate speech.', 'The post does not explicitly demean or degrade any specific group based on protected characteristics, so it may not be seen as an assault on human dignity.', 'The language used in the post is not vulgar or offensive, which might lead some annotators to classify it as not hate speech.', 'The post could be interpreted as promoting division and conflict, which some might see as a form of hate speech.']","The post is likely to result in high disagreement among annotators. While some may see it as inciting violence or promoting division, others may interpret it as a rhetorical or hyperbolic statement without direct calls for violence or hate speech. Therefore, approximately 40% of annotators might classify it as hate speech, while 60% might not.",0.15000000000000002
124,13696,"and some people still wonder why so many people hate him, specially those ugly ass feminists",1.0,0.4,0.6,"[""The post uses derogatory language ('ugly ass feminists') that could be seen as demeaning to individuals based on gender, which may be considered an assault on human dignity."", 'The post does not explicitly call for violence or physical harm against any group, so it may not be seen as inciting violence.', ""The use of vulgar and offensive language ('ugly ass') could be interpreted as hate speech due to its derogatory nature, but it may also be seen as merely offensive rather than hateful."", 'Some annotators might view the post as expressing a personal opinion or criticism rather than hate speech, especially if they do not consider the language severe enough to constitute hate speech.']","The post contains derogatory language directed at feminists, which some annotators might interpret as hate speech due to its demeaning nature. However, it does not explicitly call for violence, and the offensive language might be seen as merely vulgar rather than hateful. Given these factors, there is likely to be some disagreement among annotators, with an estimated 40% classifying it as hate speech and 60% not classifying it as such.",0.6
125,13697,"no, some people do behave like animals and its funny how certain groups or races so to speak have a really distinct way of behaving that is indeed more primitive or advanced than others, although its not something we use a lot to talk about people, being racist is calling black people monkeys, not relating them to something that has been used as a slur 4 centuries",1.0,0.6,0.4,"[""The post makes a generalization about certain groups or races behaving in a 'primitive' or 'advanced' manner, which could be seen as an assault on human dignity."", 'The post does not explicitly call for violence against any group, so it may not be seen as inciting violence.', ""The language used in the post, such as 'behave like animals' and 'primitive,' could be considered offensive or vulgar, but it does not use explicit slurs."", 'Some annotators might view the post as a critique of racism, suggesting that it is not hate speech.', 'Others might see the post as perpetuating harmful stereotypes, thus classifying it as hate speech.']","The post contains language that could be interpreted as demeaning to certain racial or ethnic groups by suggesting they behave in a 'primitive' manner. This could be seen as an assault on human dignity. However, it does not explicitly call for violence, which might lead some annotators to classify it as not hate speech. The use of terms like 'behave like animals' could be seen as offensive, but the lack of explicit slurs might lead to differing opinions. Given these factors, there is likely to be some disagreement among annotators, with an estimated 60% classifying it as hate speech and 40% not classifying it as such.",0.4
126,13773,Well... at least a “man” was still first. By the time all of this makes it to Globalist textbooks in the future it will be a female astronaut who went to the moon just to abort her baby there because she wanted to do it first... before using her size A bra to sling the spacecraft back.,1.0,0.4,0.6,"['The post contains offensive language and stereotypes about women, which could be seen as demeaning to their dignity.', 'The post does not explicitly call for violence or physical harm against any group.', ""The use of the term 'Globalist' may imply a derogatory stereotype, but it is not explicitly hateful."", 'The post uses sarcasm and hyperbole, which might be interpreted as a critique of social or political issues rather than hate speech.', 'Some annotators might see the post as a satirical commentary on gender and space exploration, not intended to be taken literally.', 'The post could be seen as perpetuating negative stereotypes about women, particularly in the context of achievements and capabilities.']","The post contains elements that could be interpreted as offensive or demeaning towards women, particularly in the context of gender roles and achievements. However, it does not explicitly call for violence or use overtly hateful language. The use of sarcasm and hyperbole might lead some annotators to view it as a satirical or critical commentary rather than direct hate speech. Given these factors, there is likely to be moderate disagreement among annotators, with some viewing it as hate speech due to its demeaning tone towards women, while others may not see it as crossing the threshold of hate speech. Therefore, the estimated distribution of opinions might be around 40% classifying it as hate speech and 60% not classifying it as such.",0.6
127,13774,"The thing about Globalists is not only do they fight dirty, but “if you can’t beat them, join them”, isn’t even an option. Only the elite get to stay out of the way when they play war.",0.6,0.4,0.6,"[""The post uses the term 'Globalists,' which some may interpret as a coded reference to certain ethnic or religious groups, potentially demeaning them based on race or ethnicity."", 'The post does not explicitly call for violence or physical harm against any individuals or groups.', ""The language used in the post is not overtly vulgar or offensive, though it may carry a negative connotation towards 'Globalists.'"", 'Some annotators might view the post as a critique of political or economic elites rather than a specific group, thus not classifying it as hate speech.', ""Others might see the term 'Globalists' as a dog whistle for anti-Semitic or xenophobic sentiments, thus classifying it as hate speech.""]","The post contains language that could be interpreted in multiple ways, leading to potential disagreement among annotators. Some may see it as a critique of political elites, while others may interpret it as targeting specific ethnic or religious groups. Given the ambiguity and potential for different interpretations, there is likely to be moderate disagreement among annotators. Therefore, approximately 40% might classify it as hate speech due to perceived coded language, while 60% might not see it as hate speech, viewing it as a general critique of elites.",0.19999999999999996
128,13775,"Me muting idiot Globalist groupies on Gab, on my own little account, is not the same as giant Twatter muting Trump’s base from almost the entire platform. Let’s just clear that brain fart out now should it come up again.",0.6,0.1,0.9,"[""The post uses derogatory language ('idiot Globalist groupies', 'Twatter') which may be seen as offensive but not necessarily hate speech."", 'The post does not explicitly demean or degrade individuals based on protected characteristics such as race, ethnicity, gender, etc.', 'There is no call for violence or incitement to physical harm in the post.', 'The post expresses a personal opinion about social media censorship, which may be controversial but not inherently hate speech.', ""Some annotators might view the term 'Globalist' as a dog whistle for antisemitic conspiracy theories, potentially categorizing it as hate speech.""]","The post contains derogatory language and potentially offensive terms, but it does not explicitly target individuals or groups based on protected characteristics, nor does it incite violence. While some may interpret the term 'Globalist' as a dog whistle for antisemitic conspiracy theories, the overall content is more likely to be seen as a personal opinion on social media censorship rather than hate speech. Therefore, it is predicted that 10% of annotators might classify it as hate speech due to the potential interpretation of 'Globalist', while 90% would classify it as not hate speech.",0.5
129,13777,"You can tell Gab is the place to be, even Dem derps are here now trying to latch onto our feeds talking sh!t looking for attention. I don’t care to address them directly, but I will say that my mute button is fond of them already.",0.6,0.1,0.9,"[""The post uses the term 'Dem derps,' which could be seen as derogatory or demeaning towards Democrats, but it is not explicitly based on a protected characteristic like race or gender."", 'The post does not contain any explicit calls for violence or encouragement of physical harm against any group or individual.', ""The use of 'sh!t' is vulgar, but it is not directed at a specific individual or group in a way that constitutes hate speech."", 'The post reflects a dismissive attitude towards a political group, but it does not degrade their human dignity based on protected characteristics.', ""Some annotators might see the term 'Dem derps' as offensive or a mild form of hate speech due to its derogatory nature, while others might see it as typical political banter.""]","The post is likely to result in low disagreement among annotators. While it contains some derogatory language towards a political group, it does not explicitly attack human dignity based on protected characteristics, nor does it call for violence. The vulgarity present is mild and not directed in a way that constitutes hate speech. Therefore, it is predicted that 10% of annotators might classify it as hate speech due to the derogatory term 'Dem derps,' while 90% would classify it as not hate speech, viewing it as political banter.",0.5
130,13778,"I’ve often wondered what it would be like for Globalist groupies once they realized they’re living a lie, but now, I’m seeing that it is we patriotic Americans who have been living in a lie for decades... Our country, branches of gov, our MSM and our schools.. ALL are hijacked.",0.4,0.1,0.9,"['The post expresses a political opinion without targeting any specific group based on protected characteristics, so it may not be considered hate speech.', ""The term 'Globalist groupies' could be interpreted as a derogatory term, potentially demeaning individuals who support globalism, but it does not explicitly target a protected characteristic."", 'The post does not contain any calls for violence or incitement to harm, so it is unlikely to be classified as hate speech based on this aspect.', 'There is no use of vulgarity or offensive language in the post, which reduces the likelihood of it being classified as hate speech.', ""Some annotators might view the term 'hijacked' as implying a conspiracy theory, which could be seen as harmful rhetoric, but it does not directly constitute hate speech.""]","The post is likely to be categorized as 'low' disagreement because it primarily expresses a political opinion without clear elements of hate speech. Most annotators would likely agree that it does not constitute hate speech, with an estimated 10% classifying it as hate speech due to the use of the term 'Globalist groupies' and potential implications of harmful rhetoric, while 90% would classify it as not hate speech.",0.30000000000000004
131,13779,"Peace isn’t free, it will cost the corrupt everything.",0.0,0.1,0.9,"['The post suggests that peace requires significant change, potentially targeting corrupt individuals or systems, but does not explicitly call for violence.', ""The phrase 'cost the corrupt everything' could be interpreted as a metaphorical call for justice or reform rather than a literal call for violence."", 'The post does not contain any vulgarity or offensive language directed at specific individuals or groups.', 'The post does not explicitly demean or degrade any specific group based on protected characteristics.', ""Some annotators might see the phrase as aggressive or threatening towards 'the corrupt,' but it lacks explicit hate speech elements.""]","The post is likely to be interpreted as not constituting hate speech by most annotators, as it lacks explicit calls for violence, vulgarity, or demeaning language towards protected groups. However, a small percentage might view the phrase 'cost the corrupt everything' as aggressive or potentially threatening, leading to a minority classifying it as hate speech. Therefore, the predicted percentages are 10% for hate speech and 90% for not hate speech.",0.1
132,13780,"While our countries are fighting about paying for physically healthy people to play Mr(s). Potato Head with their parts and hormones, little kids in China are being snatched and found soon after with their eyeballs usually not far from them that have their corneas cut out. People are being used to harvest parts for the wealthy all over our bent globe that Globalists love so much. But “free healt...",0.6,0.4,0.6,"[""The post uses offensive language and potentially demeaning terms like 'Mr(s). Potato Head' to refer to transgender individuals, which could be seen as an assault on human dignity."", 'The post does not explicitly call for violence against any group, but it does use graphic imagery related to violence, which might be interpreted as sensationalist rather than inciting violence.', 'The post contains vulgar or offensive language, particularly in its dismissive tone towards discussions about healthcare for transgender individuals, which some might find offensive but not necessarily hate speech.', 'The post highlights a global issue of organ trafficking, which is a serious concern, but it does so in a way that might be seen as insensitive or inflammatory, rather than hateful.', 'Some annotators might view the post as a critique of global priorities and not as hate speech, focusing on the broader message rather than the language used.']","The post contains language that could be interpreted as offensive or demeaning towards transgender individuals, which might lead some annotators to classify it as hate speech. However, it does not explicitly call for violence or use slurs, which might lead others to classify it as not hate speech. The graphic imagery and dismissive tone might contribute to a perception of insensitivity rather than outright hate. Given these factors, there is likely to be moderate disagreement among annotators, with approximately 40% classifying it as hate speech and 60% not classifying it as such.",0.19999999999999996
133,13810,"I suggest you get the 'Twitchy' app. All the Twitter insanity available so we can poke fun in one place. Plus it links to Twitter, but maybe not for long. Remember how sarcasm and ironic humor affect Lefties, & do it today...",0.0,0.1,0.9,"['The post uses sarcasm and ironic humor, which may not be considered hate speech by some annotators.', 'The post does not directly assault human dignity as it does not target any specific group based on race, ethnicity, gender, religion, or sexual orientation.', 'The post does not contain calls for violence or incite physical harm against any individuals or groups.', 'The post does not use vulgarity or offensive language, but it does use language that could be interpreted as mocking or belittling a political group (Lefties).', ""Some annotators might view the term 'Lefties' as derogatory or dismissive, potentially demeaning a political group."", 'The post could be seen as promoting divisiveness or encouraging ridicule of a political group, which some might interpret as a form of hate speech.']","The post is likely to be categorized as 'low' disagreement because it does not clearly fall into the hate speech categories, and it is more likely to be seen as political commentary or humor. Most annotators would likely classify it as not hate speech, with a small percentage possibly viewing it as hate speech due to the mocking tone towards a political group. Therefore, the predicted percentages are 10% for hate speech and 90% for not hate speech.",0.1
134,14413,Seems only fair that lefties who enjoy harassing ICE agents at home get equal treatment.,0.75,0.4,0.6,"[""The post suggests that individuals who harass ICE agents should receive similar treatment, which could be interpreted as a call for reciprocal harassment or violence, potentially falling under 'Calls for Violence'."", ""The post does not explicitly call for violence but suggests 'equal treatment', which could be interpreted as advocating for fairness rather than harm, leading some to classify it as not hate speech."", 'The post does not contain vulgarity or offensive language, which might lead some annotators to classify it as not hate speech.', ""The post could be seen as demeaning towards individuals who protest against ICE, potentially falling under 'Assaults on Human Dignity', but this is subjective and context-dependent.""]","The post is likely to result in high disagreement among annotators due to its ambiguous language and context. Some may interpret it as a call for violence or demeaning towards a group, while others may see it as a statement on fairness without explicit hate speech elements. Therefore, approximately 40% of annotators might classify it as hate speech, while 60% might not.",0.35
135,14434,Watched this exciting competition before bed then dreamed I was repping 1 arm pull ups. Took a couple hours this morning to realize it wasn't real. Time to hit the gym. https://youtu.be/rvwzddEOSDk,0.0,0.0,1.0,"['The post is a personal anecdote about a dream and exercise, with no reference to any group or individual that could be considered hate speech.', 'The post does not contain any language that assaults human dignity, as it does not mention race, ethnicity, gender, religion, sexual orientation, or other protected characteristics.', 'There are no calls for violence or encouragement of physical harm against any individuals or groups in the post.', 'The post does not contain vulgarity, slurs, or offensive language.']","The post is a personal anecdote about a dream and exercise, with no reference to any group or individual that could be considered hate speech. It does not contain any language that assaults human dignity, as it does not mention race, ethnicity, gender, religion, sexual orientation, or other protected characteristics. There are no calls for violence or encouragement of physical harm against any individuals or groups in the post. Additionally, the post does not contain vulgarity, slurs, or offensive language. Therefore, it is likely that 0% of annotators would classify this post as hate speech, and 100% would classify it as not hate speech. The disagreement level is low, as the post clearly does not fall into any hate speech categories.",0.0
136,14435,The first lead climbing World Cup of the season is this weekend. Finals coming up live in a couple hours. Bet on Janja. https://www.youtube.com/watch?v=O5_8ALb80YQ,0.0,0.0,1.0,"['The post is purely informational and does not contain any hate speech elements.', 'The post does not assault human dignity as it does not mention any race, ethnicity, gender, religion, sexual orientation, or other protected characteristics.', 'There are no calls for violence in the post.', 'The post does not contain vulgarity or offensive language.']","The post is a neutral announcement about a sporting event and does not exhibit any characteristics of hate speech. Therefore, it is likely that 0% of annotators would classify it as hate speech, and 100% would classify it as not hate speech.",0.0
137,15681,"For some people who demanded an increase, minimum wage went from $7.25 a hour to $0.00.",0.0,0.1,0.9,"['The post could be interpreted as a critique of minimum wage policies, suggesting that demanding higher wages could lead to job loss, which is not inherently hate speech.', 'Some annotators might view the post as insensitive or dismissive towards low-income workers, but not necessarily as hate speech.', 'The post does not explicitly target any specific group based on race, ethnicity, gender, religion, or other protected characteristics, so it may not be seen as an assault on human dignity.', 'There is no call for violence or incitement of physical harm in the post.', 'The language used in the post is not vulgar or offensive, which might lead some annotators to classify it as not hate speech.']","The post is likely to be classified as not hate speech by the majority of annotators, given the lack of explicit hate speech elements. However, a small percentage might view it as problematic due to its potentially dismissive tone towards low-income workers. Therefore, approximately 10% might classify it as hate speech, while 90% would classify it as not hate speech.",0.1
138,15684,'First Man' is a liberal's wet dream. So pretty much a fantasy fiction movie. I'll pass.,0.4,0.1,0.9,"['The post does not contain any direct assaults on human dignity as it does not target any specific group based on race, ethnicity, gender, religion, sexual orientation, or other protected characteristics.', 'The post does not contain calls for violence or incite physical harm against any individuals or groups.', ""The post uses the phrase 'liberal's wet dream,' which could be considered vulgar or offensive by some, but it is not directed at a specific individual or group in a way that constitutes hate speech."", ""Some annotators might view the phrase 'liberal's wet dream' as a derogatory or dismissive comment towards liberals, potentially demeaning their views or preferences, but it does not rise to the level of hate speech.""]","The post is likely to be classified as not hate speech by the majority of annotators, as it does not contain direct assaults on human dignity, calls for violence, or significant vulgarity directed at a specific group. However, a small percentage might consider the language dismissive or offensive towards liberals, leading to a minority classifying it as hate speech. Therefore, the predicted percentages are [0.1, 0.9], indicating 10% might classify it as hate speech and 90% as not hate speech.",0.30000000000000004
139,15686,I bet some one at NPR will be fired for reporting the truth.,0.4,0.05,0.95,"['The post does not contain any direct assaults on human dignity as it does not target any specific group based on race, ethnicity, gender, religion, sexual orientation, or other protected characteristics.', 'The post does not contain any calls for violence or incitement to physical harm against individuals or groups.', 'The post does not contain vulgarity or offensive language, as it lacks profanity or slurs.', 'The post may be interpreted as a critique of NPR or its practices, but it does not explicitly fall into the category of hate speech.', 'Some annotators might view the post as sarcastic or critical of media practices, but not as hate speech.']","The post is likely to be classified as not hate speech by the majority of annotators, as it does not contain elements that typically characterize hate speech. The opinions suggest that the post is more of a critique or commentary on media practices rather than an attack on a protected group or an incitement to violence. Therefore, the predicted percentages are 5% for hate speech and 95% for not hate speech.",0.35000000000000003
140,16510,"Yep, you're a mindless leftist. The telltale sign is the spewing of hatred and wishing harm when you lose the argument. You can't think and when you're put in a position where you have to back your baseless position with a reasoned argument and facts your mind uncoils like a spring. There are two characteristics associated with leftists, the inability to think and hatred. You demonstrated both.",1.0,0.3,0.7,"[""The post contains offensive language and derogatory terms like 'mindless' and 'inability to think,' which could be seen as demeaning to individuals with certain political beliefs, but it does not target a protected characteristic such as race or gender."", 'The post does not contain any explicit calls for violence or incitement to physical harm against individuals or groups.', 'The language used in the post is derogatory and dismissive, but it is more of a political insult rather than hate speech targeting a protected group.', 'Some annotators might view the post as an example of political discourse that, while harsh, does not meet the threshold for hate speech as it lacks elements of dehumanization or incitement to violence.', 'Others might argue that the post contributes to a hostile environment by perpetuating negative stereotypes about a political group, which could be seen as a form of hate speech.']","The post is likely to result in high disagreement among annotators. While it contains offensive language and derogatory terms, it does not explicitly target a protected characteristic or incite violence. Some annotators may classify it as hate speech due to its hostile tone and perpetuation of negative stereotypes about a political group, while others may see it as harsh political discourse that does not meet the threshold for hate speech. Therefore, approximately 30% of annotators might classify it as hate speech, while 70% might not.",0.7
141,16511,"Stick with Obamacare. See my previous post re anecdotal observations versus methodical observations and their bearing, or non-bearing, on the relevance of the data.",0.0,0.0,1.0,"['The post is a neutral statement about Obamacare and does not contain any hate speech elements.', 'The post does not assault human dignity as it does not target any individual or group based on protected characteristics.', 'There are no calls for violence in the post.', 'The post does not contain vulgarity or offensive language.']","The post is a neutral statement about Obamacare and does not contain any hate speech elements. It does not assault human dignity, call for violence, or contain vulgarity or offensive language. Therefore, it is likely that 0% of annotators would classify it as hate speech, and 100% would classify it as not hate speech. This suggests low disagreement among annotators.",0.0
142,16513,"That's all leftist BS. You've bought the lie. Before Obamacare, the majority of people who didn't have health insurance chose not to have health insurance, but they still had access to medical care, just at the non-insured price. The non-insured price is most often less than the insured price. With very few egregious exceptions, people were not denied medical care. Life expectancy actually decline...",0.6,0.1,0.9,"['The post does not contain any assaults on human dignity as it does not demean or degrade individuals or groups based on protected characteristics.', 'The post does not contain calls for violence or incite physical harm against any individuals or groups.', ""The post contains some offensive language, such as 'BS' and 'lie,' but it is not directed at any specific group or individual and is more of a general expression of disagreement.""]","The post primarily expresses a political opinion about healthcare and does not target any specific group with hate speech. While it uses some offensive language, it is not directed at a protected characteristic or group. Therefore, it is likely that a majority of annotators would not classify this post as hate speech. The disagreement level is low, as the post does not clearly fall into any hate speech categories. The predicted percentages are 10% of annotators might classify it as hate speech due to the use of offensive language, while 90% would classify it as not hate speech.",0.5
143,16605,"I have a blacke co-worker who listens to MSNBC all day on his computer. I had never watched the channel, and didn’t know much about it. I can now say it delivers the most incoherent set of conspiracy theories I have ever had to listen to.",0.4,0.1,0.9,"['The post does not contain any direct assaults on human dignity as it does not demean or degrade individuals or groups based on race, ethnicity, gender, religion, sexual orientation, or other protected characteristics.', ""The mention of 'blacke co-worker' could be seen as unnecessary racial identification, but it does not explicitly demean or degrade the individual."", 'The post does not contain any calls for violence or incite physical harm against individuals or groups.', 'The post does not use vulgarity or offensive language, although it criticizes a media channel for its content.', 'Some annotators might view the mention of race as irrelevant and potentially problematic, while others might see it as a neutral descriptor.']","The post is likely to be classified as not hate speech by the majority of annotators, as it does not contain explicit hate speech elements such as assaults on human dignity, calls for violence, or vulgarity. However, the mention of race might cause a small percentage of annotators to view it as problematic, leading to a low level of disagreement. Therefore, approximately 10% might classify it as hate speech, while 90% would not.",0.30000000000000004
144,16609,It may not be an exclusive “black thing” but it is in high proportion to the black populace. https://www.amren.com/news/2018/08/former-mayor-fo...,0.6,0.4,0.6,"['The post suggests a stereotype about the black populace, which could be seen as an assault on human dignity by perpetuating negative racial stereotypes.', 'The post does not explicitly call for violence or physical harm against any group, so it may not be considered hate speech in terms of inciting violence.', 'The language used in the post is not overtly vulgar or offensive, but the implication of racial stereotyping could be considered offensive to some.', 'Some annotators might view the post as a factual statement or opinion about social issues, rather than hate speech.', 'Others might see the post as subtly perpetuating racial bias, which could be considered a form of hate speech.']","The post contains a statement that could be interpreted in multiple ways. Some annotators might see it as perpetuating a stereotype about the black populace, which could be considered an assault on human dignity. However, it does not contain explicit calls for violence or use vulgar language. Given the nuanced nature of the statement, there is likely to be some disagreement among annotators. Therefore, it is estimated that 40% of annotators might classify it as hate speech due to the racial stereotyping aspect, while 60% might not classify it as hate speech, viewing it as a statement of opinion or fact without explicit hate speech elements.",0.19999999999999996
145,17093,"Bernie Care, more like long wait cancelled care. ",0.2,0.05,0.95,"['The post is a critique of a political policy (Bernie Care) and does not target any specific group based on race, ethnicity, gender, religion, sexual orientation, or other protected characteristics, so it is not hate speech.', 'The post does not contain any calls for violence or incitement to harm, so it is not hate speech.', ""The post uses a play on words ('long wait cancelled care') to criticize a policy, which may be seen as a negative opinion but not as vulgar or offensive language directed at individuals or groups.""]","The post is a critique of a political policy and does not target any specific group or use offensive language. It is unlikely to be considered hate speech by most annotators. Therefore, the percentage of annotators who classify it as hate speech is likely to be low, around 5%, while 95% would classify it as not hate speech.",0.15000000000000002
146,17155,NEW YORK CITY: Avi Yemeni’s man-on-the-street interviews about Donald Trump in the middle of Times Square http://barenakedislam.com/2018/08/31/new-york-city... #AgendaOfEvil,0.4,0.1,0.9,"['The post does not contain any direct assaults on human dignity as it does not demean or degrade individuals or groups based on protected characteristics.', 'The post does not contain any calls for violence or incitement to physical harm against individuals or groups.', 'The post does not contain vulgarity or offensive language, as it merely mentions a public figure and a location.', 'The hashtag #AgendaOfEvil could be interpreted as offensive or suggestive of a negative agenda, but it is not explicitly hate speech.', 'The post is likely to be seen as a neutral or informational post about an interview in a public space.']","The post is likely to be classified as not hate speech by the majority of annotators. It does not contain direct assaults on human dignity, calls for violence, or vulgar language. The hashtag #AgendaOfEvil might raise some concerns, but it is not sufficient to classify the post as hate speech. Therefore, I predict that 10% of annotators might classify it as hate speech due to the hashtag, while 90% would classify it as not hate speech.",0.30000000000000004
147,17156,Berlin: Attackers Hurl Stones at Church While Shouting “Allahu Akbar” https://www.newswars.com/berlin-attackers-hurl-sto... #AgendaOfEvil,0.4,0.6,0.4,"['The post reports an incident involving violence against a religious institution, which could be seen as a call for violence or an endorsement of such actions, potentially classifying it as hate speech.', ""The phrase 'Allahu Akbar' is often associated with Islamic faith, and its use in this context might be interpreted as an attempt to demean or degrade individuals of a particular religion, which could be seen as an assault on human dignity."", ""The hashtag '#AgendaOfEvil' could be interpreted as a derogatory or offensive term, potentially contributing to the post being classified as hate speech."", 'Some annotators might view the post as simply reporting a news event without endorsing or inciting violence, thus not classifying it as hate speech.', 'The post does not contain explicit vulgarity or offensive language, which might lead some annotators to classify it as not hate speech.']","The post is likely to result in a moderate level of disagreement among annotators. Some may view it as hate speech due to the potential assault on human dignity and implied endorsement of violence, while others may see it as a straightforward news report without explicit hate speech elements. Therefore, approximately 60% of annotators might classify it as hate speech, while 40% might not.",0.19999999999999996
148,17157,IT’S A GREAT TIME TO VISIT PARIS now that there are so many empty seats on flights and bargains on hotel rooms http://barenakedislam.com/2018/08/31/its-a-great-t... #AgendaOfEvil,0.2,0.3,0.7,"['The post is simply promoting travel to Paris and does not contain any hate speech elements.', 'The hashtag #AgendaOfEvil could be interpreted as offensive or suggestive of a negative agenda, potentially targeting a group or ideology.', ""The link to a website named 'barenakedislam' might suggest an anti-Islamic sentiment, which could be seen as demeaning to Muslims."", 'The post does not explicitly call for violence or use vulgar language, so it may not be considered hate speech by some annotators.']","The post primarily appears to be a travel promotion, but the inclusion of a potentially offensive hashtag and a link to a website with a name that could be interpreted as anti-Islamic might lead to some annotators viewing it as hate speech. However, without explicit calls for violence or vulgar language, a majority might not classify it as hate speech. Therefore, I predict that 30% of annotators might classify it as hate speech, while 70% might not.",0.09999999999999998
149,17158,Watch Out: How PC Has Redefined ‘Fascism’ https://www.newswars.com/watch-out-how-pc-has-rede... #AgendaOfEvil,0.2,0.3,0.7,"[""The post may be seen as an assault on human dignity if it implies that certain groups are unfairly labeled as 'fascist' due to political correctness, potentially demeaning those who are genuinely affected by fascism."", 'The post does not contain any direct calls for violence, as it seems to focus on a critique of political correctness and its impact on language.', ""The use of the term 'AgendaOfEvil' could be interpreted as offensive or inflammatory, but it does not necessarily constitute vulgarity or hate speech on its own."", 'Some annotators might view the post as a legitimate critique of political correctness without any elements of hate speech.', ""Others might see the post as indirectly supporting or trivializing harmful ideologies by questioning the definition of 'fascism'.""]","The post is likely to generate some disagreement among annotators due to its critique of political correctness and the use of terms like 'AgendaOfEvil'. While it does not explicitly contain hate speech, the implications and language used could be interpreted differently based on individual perspectives. Therefore, I predict that 30% of annotators might classify it as hate speech due to perceived assaults on human dignity or offensive language, while 70% might not classify it as hate speech, viewing it as a critique of political correctness without direct hate speech elements.",0.09999999999999998
150,17159,U.S. accuses China of ‘super aggressive’ spy campaign on LinkedIn https://www.newswars.com/u-s-accuses-china-of-supe... #AgendaOfEvil,0.4,0.1,0.9,"['The post is not hate speech as it reports on a news event without demeaning or degrading individuals or groups based on protected characteristics.', 'The use of the hashtag #AgendaOfEvil could be interpreted as offensive or demeaning towards China, potentially assaulting human dignity by implying malicious intent.', 'The post does not contain any calls for violence against individuals or groups.', 'The language used in the post is not vulgar or profane, but the hashtag could be seen as offensive to some.']","The post primarily reports on a news event and does not explicitly demean or degrade individuals or groups based on race, ethnicity, gender, religion, sexual orientation, or other protected characteristics. However, the hashtag #AgendaOfEvil could be interpreted as offensive or demeaning towards China, potentially assaulting human dignity by implying malicious intent. There are no calls for violence or vulgar language present in the post. Given these considerations, it is likely that a small percentage of annotators might classify the post as hate speech due to the hashtag, but the majority would not. Therefore, the predicted percentages are 10% for hate speech and 90% for not hate speech, indicating low disagreement among annotators.",0.30000000000000004
151,17160,Why It’s Time For Trump To Fire Mueller Now https://www.newswars.com/why-its-time-for-trump-to... #AgendaOfEvil,0.0,0.1,0.9,"['The post is a political opinion piece and does not contain hate speech as it does not target any protected group or individual with demeaning language.', 'The use of the hashtag #AgendaOfEvil could be interpreted as offensive or inflammatory, but it is not directed at a specific group or individual, thus not constituting hate speech.', 'The post does not contain any calls for violence or incitement to harm, focusing instead on a political argument.', 'The language used in the post is not vulgar or profane, and it does not include slurs.']","The post is primarily a political opinion piece discussing a political figure and does not directly engage in hate speech. The hashtag #AgendaOfEvil might be seen as provocative, but it lacks a direct target or call to action that would typically characterize hate speech. Therefore, it is likely that a small percentage of annotators might view the hashtag as offensive, but the majority would not classify the post as hate speech.",0.1
152,17161,UK: Father of two jihadis killed in Syria threatens to have his wife shot if she gave evidence against him https://www.jihadwatch.org/2018/08/uk-father-of-tw... #AgendaOfEvil,0.6,0.4,0.6,"['The post may be seen as demeaning or degrading to individuals of a specific religious group, potentially assaulting human dignity.', 'The post does not explicitly call for violence but reports on a threat of violence, which may not be considered a direct call for violence by the poster.', ""The use of the term 'jihadis' and the hashtag '#AgendaOfEvil' could be interpreted as offensive or inflammatory, potentially contributing to hate speech."", 'Some annotators might view the post as simply reporting news without endorsing or promoting hate speech, thus not classifying it as hate speech.']","The post discusses a sensitive topic involving threats of violence and uses potentially inflammatory language. Annotators might be divided on whether it constitutes hate speech. Some may see it as demeaning to a religious group, while others may view it as a straightforward news report. The use of terms like 'jihadis' and '#AgendaOfEvil' could be seen as offensive, but not all annotators may agree on this interpretation. Therefore, there is likely to be moderate disagreement, with an estimated 40% classifying it as hate speech and 60% not classifying it as such.",0.19999999999999996
153,17162,Are Liberals Becoming Trump Curious? https://www.newswars.com/are-liberals-becoming-tru... #AgendaOfEvil,0.0,0.3,0.7,"['The post title and hashtag may be seen as provocative but not necessarily hate speech, as it does not directly demean or degrade any group based on protected characteristics.', 'The use of the hashtag #AgendaOfEvil could be interpreted as offensive or derogatory, potentially implying that a group (liberals) is associated with evil, which might be seen as an assault on human dignity.', 'The post does not contain explicit calls for violence or incitement to harm, so it is unlikely to be classified as hate speech on this basis.', 'The language used in the post is not overtly vulgar or profane, which might lead some annotators to classify it as not hate speech.']","The post is likely to result in some disagreement among annotators due to the use of the hashtag #AgendaOfEvil, which could be interpreted in different ways. However, the lack of explicit vulgarity or calls for violence may lead a majority to classify it as not hate speech. Therefore, I predict that 30% of annotators might classify it as hate speech, while 70% might classify it as not hate speech.",0.3
154,17163,"Australia: Muslim on student visa arrested for jihad plots against former PM, “symbolic” locations https://www.jihadwatch.org/2018/08/australia-musli... #AgendaOfEvil",0.4,0.4,0.6,"['The post may be seen as demeaning or degrading to Muslims by associating them with terrorism, which could be considered an assault on human dignity.', 'The post does not explicitly call for violence but reports on an arrest related to a plot, which might not be seen as inciting violence.', ""The use of the term 'AgendaOfEvil' could be interpreted as offensive or inflammatory, potentially contributing to a negative stereotype of Muslims."", 'Some annotators might view the post as simply reporting news without any hate speech elements, focusing on the factual nature of the arrest.']","The post is likely to generate mixed opinions among annotators. Some may view it as hate speech due to its potential to demean Muslims and use of inflammatory language, while others may see it as a straightforward news report without hate speech elements. This could lead to a moderate level of disagreement, with an estimated 40% classifying it as hate speech and 60% not classifying it as such.",0.0
155,17164,It didn’t start with the Southern Poverty Law Center: the global jihad has always been aided by Useful Idiots https://www.jihadwatch.org/2018/08/it-didnt-start-... #AgendaOfEvil,0.6,0.3,0.7,"[""The post may be seen as demeaning or degrading to individuals or groups by associating them with 'global jihad' and 'Useful Idiots', which could be interpreted as an assault on human dignity."", 'The post does not explicitly call for violence or encourage physical harm against individuals or groups.', ""The use of the term 'Useful Idiots' could be considered offensive or vulgar, but it is not a direct slur or profanity."", 'Some annotators might view the post as a critique of certain organizations or ideologies rather than hate speech, focusing on the political or ideological content rather than any demeaning language.']","The post is likely to generate some disagreement among annotators due to its political and ideological content, which may be interpreted differently based on individual perspectives. While some may see it as demeaning or offensive, others may view it as a legitimate critique of certain organizations or ideologies. Therefore, there is a moderate level of disagreement, with an estimated 30% of annotators classifying it as hate speech and 70% not classifying it as such.",0.3
156,17563,President Trump Says Three Tech Titans Are in a ‘Very Anti-Trust Situation’ | LifeZette http://bit.ly/2PnFZRZ  #Antitrust #Tech #BigTech #SocialMedia,0.0,0.0,1.0,"['The post does not contain any assaults on human dignity as it discusses a political opinion about tech companies and antitrust issues.', 'There are no calls for violence in the post; it is focused on a political and economic topic.', 'The language used in the post is not vulgar or offensive; it is a straightforward statement about a political issue.']","The post is unlikely to be classified as hate speech by annotators as it does not exhibit any of the aspects of hate speech. It is a political statement about antitrust issues concerning tech companies, without any demeaning language, calls for violence, or vulgarity. Therefore, the disagreement among annotators is expected to be low, with 0% classifying it as hate speech and 100% not classifying it as hate speech.",0.0
157,17564,The Permeation of Propaganda in the College Student Brain | American Thinker http://bit.ly/2orNY5k  #College,0.0,0.05,0.95,"['The post is a critique of the influence of propaganda on college students, which is a legitimate topic of discussion and does not constitute hate speech.', 'The post does not contain any language that assaults human dignity, as it does not target any specific race, ethnicity, gender, religion, or sexual orientation.', 'There is no call for violence or incitement of physical harm against any individuals or groups in the post.', 'The post does not use vulgarity, slurs, or offensive language that would categorize it as hate speech.', 'Some annotators might perceive the post as indirectly demeaning to college students by suggesting they are easily influenced, but this is more of a critique than hate speech.']","The post is likely to be classified as not hate speech by the majority of annotators, as it does not meet the criteria for hate speech based on the aspects considered. There might be a small percentage of annotators who could interpret the critique of college students as demeaning, but this is unlikely to be a significant portion. Therefore, the predicted percentages are approximately 5% for hate speech and 95% for not hate speech.",0.05
158,17565,"Sarah Palin, Loyal Running Mate, Excluded from John McCain's Funeral | Breitbart http://bit.ly/2C39Ddv",0.0,0.0,1.0,"['The post is a straightforward news headline and does not contain any elements of hate speech.', 'The post does not assault human dignity as it does not demean or degrade any individual or group based on protected characteristics.', 'There are no calls for violence in the post.', 'The post does not contain vulgarity or offensive language.']","The post is a neutral news headline and does not exhibit any characteristics of hate speech. Therefore, it is likely that 0% of annotators would classify it as hate speech, and 100% would classify it as not hate speech.",0.0
159,17566,Here's Why Ditching Facebook Is Becoming a Thing Among Conservatives | PoliZette http://bit.ly/2LH5Cej #Socialmedia #Conservatives,0.0,0.0,1.0,"['The post is not hate speech as it does not demean or degrade any individuals or groups based on protected characteristics.', 'The post does not contain any calls for violence against individuals or groups.', 'The post does not use vulgarity or offensive language.', 'The post is simply sharing a link to an article and expressing a viewpoint that is not inherently harmful or hateful.']","The post is likely to be classified as not hate speech by the majority of annotators, as it does not exhibit any of the aspects of hate speech such as assaults on human dignity, calls for violence, or use of vulgar or offensive language. It appears to be a neutral statement about a trend among conservatives without any harmful intent.",0.0
160,17567,Did Sarah Palin really deserve that? | American Thinker http://bit.ly/2MDjLyp,0.0,0.1,0.9,"['The post does not contain any explicit hate speech as it merely questions whether Sarah Palin deserved something, without specifying what that is.', 'The post could be seen as indirectly supporting or justifying an action against Sarah Palin, depending on the context of the linked article, which might be considered demeaning or degrading.', 'The post does not contain any calls for violence or incitement to harm.', 'The post does not use vulgarity or offensive language.']","The post is likely to be interpreted as not containing hate speech by most annotators, as it lacks explicit demeaning language, calls for violence, or vulgarity. However, a small percentage might consider it as indirectly supporting a negative action against Sarah Palin, depending on the context of the linked article. Therefore, the predicted percentages are 10% for hate speech and 90% for not hate speech.",0.1
161,17870,Flags have been at half-mast all week here because of that bastard McCain. I would be hard to find a more rotten statesman to memorialize. My flag stays flying high! FUCK JOHN MCCAIN http://halfstaff.org/,0.6,0.1,0.9,"[""The post uses offensive language ('bastard', 'FUCK') which may be considered vulgar and disrespectful, but not necessarily hate speech."", 'The post expresses a strong negative opinion about a public figure (John McCain) without targeting a protected group, so it may not be considered hate speech.', 'Some annotators might view the post as an assault on human dignity due to the disrespectful tone towards a deceased individual, but it does not target a group based on protected characteristics.', 'The post does not contain any calls for violence or incitement to harm, which are key aspects of hate speech.', 'The post may be seen as a personal expression of opinion rather than hate speech, as it focuses on a political figure rather than a group.']","The post contains offensive language and a strong negative opinion about a public figure, but it does not target a protected group or incite violence. Therefore, it is likely that a small percentage of annotators (10%) might classify it as hate speech due to the disrespectful tone, while the majority (90%) would not consider it hate speech.",0.5
162,17873,"If you are looking for a White Pill in regards to the good things happening within the Nationalist Community, give this article by @WhiteArtCollective a read!",0.0,0.3,0.7,"['The post promotes a sense of community and positivity within a specific group, which may not inherently be hate speech.', ""The term 'White Pill' could be interpreted as a positive or motivational message, not necessarily related to hate speech."", ""The mention of 'Nationalist Community' might be seen as promoting a group that could have exclusionary or supremacist ideologies, which some may interpret as hate speech."", 'The post does not contain any explicit vulgarity, offensive language, or direct calls for violence.', 'The post could be seen as promoting a group identity that some may find controversial or offensive, but it does not explicitly demean or degrade other groups.']","The post is likely to result in some disagreement among annotators due to its ambiguous nature. While it does not contain explicit hate speech elements such as vulgarity or calls for violence, the reference to the 'Nationalist Community' and the use of 'White Pill' could be interpreted in various ways. Some annotators might view it as promoting a positive message within a community, while others might see it as subtly endorsing exclusionary or supremacist ideologies. Therefore, I predict that 30% of annotators might classify it as hate speech, while 70% might not.",0.3
163,18034,"The problem is women say silly shit, and the meaning of the words is irrelevant to them. Words are just a medium for manipulating feels and relationships. If you kill a male communist, great, now there's one less communist. If a stupid cunt dies, have you accomplished anything? Mollie should have been grounded by her patriarch.",1.0,0.7,0.3,"[""The post uses offensive language and slurs, particularly the term 'stupid cunt,' which is derogatory and demeaning towards women, potentially constituting an assault on human dignity."", ""The post suggests violence against 'male communists' and uses the phrase 'if a stupid cunt dies,' which could be interpreted as a call for violence or at least a casual attitude towards the death of women, raising concerns about incitement to violence."", ""The post reflects a misogynistic attitude by generalizing that women say 'silly shit' and implying that their words are meaningless, which could be seen as degrading to women as a group."", 'Some annotators might argue that the post is not explicitly calling for violence against women, but rather expressing a controversial opinion, leading them to classify it as offensive but not hate speech.', ""The post's use of vulgarity and offensive language is evident, which might lead some annotators to classify it as hate speech due to the derogatory terms used.""]","The post contains multiple elements that could be interpreted as hate speech, particularly in its use of offensive language and potential incitement to violence. The derogatory terms used against women and the casual mention of violence against 'male communists' and women could lead a significant portion of annotators to classify it as hate speech. However, some annotators might view it as merely offensive or a controversial opinion rather than explicit hate speech. Therefore, I predict that 70% of annotators would classify the post as hate speech, while 30% would classify it as not hate speech.",0.30000000000000004
164,18130,Dutch News reports on Attempted assassin of Geert Wilders Credit Vlad Tepesblog https://youtu.be/2JCqFN_JRh8,0.0,0.1,0.9,"['The post is simply sharing a news report and does not contain any hate speech elements.', 'The post could be seen as indirectly promoting violence by sharing content related to an assassination attempt, depending on the context of the linked video.', 'The post does not contain any vulgar or offensive language, so it may not be considered hate speech.', 'The post might be interpreted as hate speech if the linked content contains demeaning or degrading commentary about Geert Wilders or any group he is associated with.']","The post itself does not contain explicit hate speech elements, as it is primarily sharing a news report link. However, the interpretation may vary based on the content of the linked video and the context in which it is shared. Given the lack of direct hate speech indicators in the text, it is likely that a majority of annotators would not classify this post as hate speech. Therefore, I predict that 10% of annotators might classify it as hate speech due to potential context or linked content concerns, while 90% would classify it as not hate speech.",0.1
165,18132,Credit Vlad Tepesblog Interview with club owner where 15 to 20 migrants attacked patrons with weapons 1080p https://youtu.be/ere-6mGE-oE,0.2,0.3,0.7,"['The post reports an incident involving violence, which may be perceived as a factual account rather than hate speech.', ""The mention of 'migrants' in the context of an attack could be seen as demeaning or degrading to that group, potentially constituting an assault on human dignity."", 'The post does not explicitly call for violence or use vulgar or offensive language, which may lead some annotators to classify it as not hate speech.', 'Some annotators might view the post as spreading fear or negative stereotypes about migrants, which could be considered a form of hate speech.']","The post describes an incident involving violence by a specific group ('migrants'), which could be interpreted in different ways. Some annotators might see it as a factual report without any hate speech elements, while others might perceive it as promoting negative stereotypes about migrants, thus constituting hate speech. Given these interpretations, there is likely to be some disagreement among annotators, but not extremely high. Therefore, approximately 30% might classify it as hate speech due to the potential for spreading negative stereotypes, while 70% might not see it as hate speech, viewing it as a report of an incident without explicit hate speech elements.",0.09999999999999998
166,18407,"'...a group of men who worked towards a plot to bomb the Toronto Stock Exchange, shoot up the CBC headquarters and storm Parliament Hill in Ottawa. They wanted to behead then-prime minister Stephen Harper.'  https://torontosun.com/opinion/columnists/malcolm-...  The point where The Cowardly Maggot #CdnMedia #CBC became #Muslim sympathizers??",0.6,0.6,0.4,"[""The post uses the term 'Cowardly Maggot' which could be seen as vulgar and offensive language, potentially directed at a group or individual, leading some annotators to classify it as hate speech."", ""The use of '#Muslim sympathizers' could be interpreted as an assault on human dignity, as it may imply a negative stereotype about Muslims, leading some annotators to classify it as hate speech."", 'Some annotators might view the post as not constituting hate speech because it is discussing a news event and expressing an opinion about media bias, which could be seen as a form of free speech.', 'The post does not explicitly call for violence, which might lead some annotators to classify it as not hate speech.']","The post contains elements that could be interpreted as hate speech, such as offensive language and potential negative stereotyping of Muslims. However, it also discusses a news event and media bias, which might be seen as free speech. Therefore, there is likely to be some disagreement among annotators, with an estimated 60% classifying it as hate speech and 40% not classifying it as hate speech.",0.0
167,18547,Today is “International Vulture Awareness Day” Who knew ? 🤷🏼‍♂️ There are some left wing carcuses out there....just sayin !,0.6,0.3,0.7,"[""The post uses the term 'left wing carcuses' which could be interpreted as demeaning or degrading to individuals or groups with left-wing political views, potentially assaulting human dignity."", 'The post does not explicitly call for violence or encourage physical harm against any individuals or groups.', ""The use of the term 'carcuses' could be seen as vulgar or offensive language, but it is not a direct slur or profanity."", 'Some annotators might view the post as a political joke or satire, not intended as hate speech, thus not assaulting human dignity.', 'The post could be interpreted as a metaphorical expression rather than a literal attack, leading to differing opinions on whether it constitutes hate speech.']","The post is likely to result in high disagreement among annotators. Some may see it as a metaphorical or satirical comment on political views, while others may interpret it as demeaning to those with left-wing political beliefs. Given the lack of explicit calls for violence and the ambiguous nature of the language, it is estimated that 30% of annotators might classify it as hate speech, while 70% might not.",0.3
168,18550,Damn racist Republicans.......,0.6,0.3,0.7,"[""The post uses the term 'racist' which could be seen as an assault on human dignity if it is perceived as unfairly labeling a group based on political affiliation."", ""The use of 'Damn' could be considered vulgar or offensive language, though it is relatively mild and commonly used in casual speech."", 'The post does not contain any explicit calls for violence against individuals or groups.', 'Some annotators might view the post as expressing a political opinion rather than hate speech, as it targets a political group rather than a protected characteristic.']","The post is likely to result in some disagreement among annotators. While it uses the term 'racist' which could be seen as demeaning, it targets a political group rather than a protected characteristic, which may lead some to view it as a political opinion rather than hate speech. The use of 'Damn' is mild and common in casual speech, which might not be seen as offensive by all. Therefore, I predict that 30% of annotators might classify it as hate speech due to the use of 'racist', while 70% might not classify it as hate speech, viewing it as a political statement.",0.3
169,18655,All these suicides by doorknob... could they actually be... MURDER KNOBS? https://www.youtube.com/watch?v=tEBDPAV3Yss,0.0,0.1,0.9,"['The post is making a joke or conspiracy theory about suicides, which could be seen as offensive or insensitive to those affected by suicide, but it does not directly attack any protected group.', 'The post does not contain any explicit vulgarity or offensive language directed at individuals or groups, so it may not be considered hate speech by some annotators.', 'The post does not call for violence or incite harm against any individuals or groups, so it may not be classified as hate speech.', 'Some annotators might find the post distasteful or in poor taste due to its subject matter, but not necessarily hate speech.']","The post is likely to be classified as not hate speech by the majority of annotators, as it does not directly assault human dignity, call for violence, or use vulgar language. However, a small percentage might find it offensive or in poor taste due to its subject matter, leading to a prediction of 10% classifying it as hate speech and 90% as not hate speech.",0.1
170,18950,"Thought I’d share the news that my science fiction alternate history conspiracy thriller, A Rambling Wreck,will be on sale for $0.99 for the next couple of weeks. https://amzn.to/2M5r6SS #scifi #GabBooks #GabBookClub #CLFA",0.0,0.0,1.0,"['The post is purely promotional and does not contain any language that assaults human dignity.', 'There are no calls for violence or encouragement of harm against any individuals or groups in the post.', 'The post does not contain any vulgarity, slurs, or offensive language.']","The post is a straightforward promotional message about a book sale and does not exhibit any characteristics of hate speech. Therefore, it is likely that 0% of annotators would classify it as hate speech, and 100% would classify it as not hate speech.",0.0
171,19255,Judicial Watch: Justice Department Discloses No #FISA Court Hearings Held on Carter Page Warrants. #RussiaGate #Treason https://www.judicialwatch.org/press-room/press-rel...,0.0,0.0,1.0,"['The post is a factual statement about a legal matter and does not contain any elements of hate speech.', 'The post does not demean or degrade any individuals or groups based on protected characteristics.', 'The post does not incite or encourage violence against any individuals or groups.', 'The post does not contain vulgarity, slurs, or offensive language.', 'The post could be seen as politically charged, but it does not meet the criteria for hate speech.']","The post is a factual statement regarding a legal issue related to the FISA court and Carter Page. It does not contain any elements that would typically be classified as hate speech. There are no assaults on human dignity, calls for violence, or use of vulgar or offensive language. While the post may be politically charged, it does not meet the criteria for hate speech. Therefore, it is likely that 0% of annotators would classify this as hate speech, and 100% would classify it as not hate speech. The disagreement level is low.",0.0
172,19257,"I call bullshit. #GabFrancais 'French newspaper Le Parisien and BFM TV said the young comedian alleged that Depardieu assaulted her on August 7 and August 13 at his Parisian home.' So she willing went to his home, TWO TIMES, and claims she was assaulted... http://time.com/5383705/gerard-depardieu-accused-r...",0.2,0.1,0.9,"['The post does not contain any direct assaults on human dignity as it does not demean or degrade individuals based on protected characteristics.', 'The post does not contain calls for violence or encourage physical harm against individuals or groups.', ""The post contains vulgarity or offensive language with the use of 'bullshit,' which may be considered offensive but is not directed at any individual or group in a hateful manner."", ""The post expresses skepticism about the allegations, which could be seen as dismissive of the accuser's claims, but it does not constitute hate speech.""]","The post is likely to be classified as not hate speech by the majority of annotators due to the lack of direct hate speech elements. The use of the word 'bullshit' might be considered offensive, but it is not directed in a way that constitutes hate speech. Therefore, approximately 10% of annotators might classify it as hate speech due to the offensive language, while 90% would likely classify it as not hate speech.",0.1
173,19316,There are enough black millionaires in South Africa. So why the unrest? I think its the local commies.  @alternative_right @anv @seamrog @arquatrix @KMGVictoria @TomKawszynski  https://businesstech.co.za/news/wealth/121059/blac...,0.6,0.1,0.9,"[""The post suggests that the unrest in South Africa is due to 'local commies,' which could be interpreted as a political opinion rather than hate speech."", ""The mention of 'black millionaires' could be seen as a neutral statement of fact, not necessarily demeaning or degrading."", 'The post does not contain explicit calls for violence against any group.', 'The language used in the post is not overtly vulgar or offensive, though it may be seen as politically charged.']","The post is likely to be interpreted as not constituting hate speech by most annotators. The mention of 'black millionaires' and 'local commies' could be seen as a political commentary rather than an assault on human dignity or a call for violence. The language is not vulgar or offensive, leading to a prediction that 10% of annotators might classify it as hate speech due to potential perceived racial undertones or political bias, while 90% would likely classify it as not hate speech.",0.5
174,19317,The decline in free speech is our gravest threat  @alternative_right @ANV @seamrog @arquatrix  https://www.telegraph.co.uk/news/2018/08/30/twitte...,0.0,0.1,0.9,"['The post is advocating for free speech and does not contain any hate speech elements.', 'The post is associated with accounts that may have a history of promoting hate speech, which could influence its interpretation.', 'The post does not contain any direct assaults on human dignity, calls for violence, or vulgar language.', 'The context of the post, including the accounts tagged, might suggest an underlying agenda that could be interpreted as hate speech by some.']","The post primarily discusses the topic of free speech and does not explicitly contain elements of hate speech. However, the association with certain accounts might lead some annotators to interpret it as having a potential underlying agenda. Given the lack of direct hate speech elements, it is likely that a majority of annotators would classify it as not hate speech, but a small percentage might consider the context and associations as indicative of hate speech.",0.1
175,19343,My favorite part of this was when Goad said it's not gay if you're on top. But I sorta lost interest and now I'm watching a Spyro 3 review.,0.2,0.1,0.9,"['The post does not contain any assaults on human dignity as it does not demean or degrade any individual or group based on protected characteristics.', 'The post does not contain calls for violence or incite any physical harm against individuals or groups.', ""The post contains a statement that could be interpreted as vulgar or offensive, particularly the phrase 'it's not gay if you're on top,' which might be seen as perpetuating stereotypes or being insensitive to LGBTQ+ individuals."", 'The post is likely intended to be humorous or sarcastic, which might lead some annotators to view it as non-hateful.', ""The post's reference to a video game review suggests a shift in focus, which might lead annotators to see it as non-serious or irrelevant to hate speech.""]","The post is likely to be categorized as 'high' disagreement due to its ambiguous nature and potential for different interpretations. While some annotators might find the phrase 'it's not gay if you're on top' offensive or perpetuating stereotypes, others might see it as a non-serious or humorous comment. The lack of clear assaults on human dignity or calls for violence, combined with the humorous or sarcastic tone, suggests that a majority of annotators might not classify it as hate speech. Therefore, approximately 10% might classify it as hate speech, while 90% might not.",0.1
176,20166,False dichotomy. There are way more options there. Or it could just be the prime example of the jews being probably the most persecuted people throughout history. Still dont understand how y'all hate them so much. ,0.4,0.1,0.9,"['The post acknowledges the historical persecution of Jewish people, which may be seen as a defense against hate speech.', ""The use of 'y'all hate them so much' could be interpreted as a critique of those who harbor anti-Semitic views, suggesting the post is not hate speech."", ""Some might view the phrase 'prime example of the jews being probably the most persecuted people' as a neutral statement of historical fact, not hate speech."", 'The post does not contain vulgarity or offensive language directed at Jewish people, which may lead some to classify it as not hate speech.', 'The post does not call for violence or incite harm against any group, which may lead to it being classified as not hate speech.']","The post is likely to be classified as not hate speech by the majority of annotators, as it does not contain direct assaults on human dignity, calls for violence, or vulgar language. It acknowledges historical persecution and seems to critique anti-Semitic views. Therefore, I predict that 10% of annotators might classify it as hate speech due to potential misinterpretation or sensitivity to the topic, while 90% would classify it as not hate speech.",0.30000000000000004
177,20315,So I saw #Skyscraper for you #GabFam. Now I have opinions about it. Here they are: https://youtu.be/jyWjSREb4kw,0.0,0.0,1.0,"['The post does not contain any assaults on human dignity as it does not mention any race, ethnicity, gender, religion, sexual orientation, or other protected characteristics.', 'The post does not call for violence or incite harm against any individuals or groups.', 'The post does not contain vulgarity or offensive language; it appears to be a neutral statement about a movie review.']","The post is a neutral statement about a movie review and does not exhibit any characteristics of hate speech. Therefore, it is likely that 0% of annotators would classify it as hate speech, and 100% would classify it as not hate speech.",0.0
178,20982,A being of pure hate is as enraged by Brave browser using Google fonts on their website as they are about 100 million victims of communism. That is the degree of uncompromising fanaticism required to win.,0.4,0.1,0.9,"['The post uses hyperbolic language to make a point about fanaticism, which may not be intended as hate speech.', ""The comparison between a browser's use of fonts and victims of communism could be seen as trivializing human suffering, which might be interpreted as an assault on human dignity."", 'The post does not contain any direct calls for violence or incitement to harm.', 'There is no use of vulgarity or offensive language in the post.', 'Some annotators might see the post as a critique of extreme ideologies rather than an endorsement of hate.']","The post is likely to be interpreted as not constituting hate speech by the majority of annotators, as it does not directly assault human dignity, call for violence, or use offensive language. However, a small percentage might view the trivialization of human suffering as problematic.",0.30000000000000004
179,20988,I have no doubt that Little's customer satisfaction rating will exceed Gab's by at least an order of magnitude.,0.0,0.0,1.0,"['The post is a neutral statement comparing customer satisfaction ratings and does not contain any elements of hate speech.', 'The post does not assault human dignity as it does not mention any race, ethnicity, gender, religion, sexual orientation, or other protected characteristics.', 'The post does not call for violence or incite harm against any individuals or groups.', 'The post does not contain vulgarity, slurs, or offensive language.']","The post is a neutral statement about customer satisfaction ratings and does not exhibit any characteristics of hate speech. Therefore, it is likely that 0% of annotators would classify it as hate speech, and 100% would classify it as not hate speech.",0.0
180,20990,"I've been proposing a FEED SETTINGS toggle for some time. It would just display comments as old style replies, de-contexed from the wall of filthy vomit. But the grifter @a  has such a deep pathological hatred for OG users that I postulate that comments are designed to DRIVE US OFF. It won't work. I will plague this fucker to infinity and beyond.",1.0,0.3,0.7,"[""The post contains vulgar and offensive language, such as 'filthy vomit' and 'fucker,' which may be considered hate speech by some annotators."", 'The post does not directly assault human dignity based on protected characteristics like race, gender, or religion, so some annotators might not classify it as hate speech.', ""The post does not contain explicit calls for violence, although the phrase 'plague this fucker to infinity and beyond' could be interpreted as aggressive or threatening by some."", ""The post seems to express personal animosity towards a specific individual (referred to as 'grifter @a'), which might be seen as a personal attack rather than hate speech."", 'Some annotators might view the post as a critique of platform policies or user interactions rather than hate speech.']","The post contains vulgar and offensive language, which might lead some annotators to classify it as hate speech. However, it lacks direct assaults on human dignity based on protected characteristics and does not explicitly call for violence. The aggressive tone and personal animosity towards a specific individual might be seen as a personal attack rather than hate speech. Therefore, there is likely to be some disagreement among annotators, with approximately 30% classifying it as hate speech and 70% not classifying it as such.",0.7
181,21699,Interesting that q means 'every' in the health field.  #WWG1WGA,0.0,0.3,0.7,"['The post uses the hashtag #WWG1WGA, which is associated with the QAnon conspiracy theory. Some annotators might view this as promoting a harmful ideology, potentially degrading to those who oppose it, but not directly assaulting human dignity based on protected characteristics.', ""The post does not contain any explicit calls for violence or incitement to harm, so it may not be considered hate speech under the 'calls for violence' aspect."", 'The language used in the post is not vulgar or offensive, lacking profanity or slurs, which might lead some annotators to classify it as not hate speech.', ""Some annotators might interpret the use of 'q' and the hashtag as a coded message that could imply harmful or extremist views, leading them to classify it as hate speech.""]","The post is likely to result in high disagreement among annotators. While it references a controversial movement, it does not explicitly assault human dignity, call for violence, or use vulgar language. Therefore, approximately 30% of annotators might classify it as hate speech due to its association with QAnon, while 70% might not classify it as hate speech, viewing it as lacking explicit hate speech elements.",0.3
182,21700,Mainstream Muslims on murder of gays! https://youtu.be/AkXfs8VDu2Q,0.625,0.6,0.4,"['The post may be seen as an assault on human dignity as it suggests that mainstream Muslims support violence against gays, which could be considered a harmful stereotype against a religious group.', 'Some annotators might view the post as a call for violence, interpreting it as an endorsement or promotion of violence against the LGBTQ+ community by associating it with a religious group.', 'Others might argue that the post is simply sharing a video link and does not explicitly contain hate speech, as it lacks direct calls for violence or use of offensive language.', 'The post could be interpreted as offensive or vulgar due to the implication that a religious group condones violence, which could be seen as inflammatory or provocative.', 'Some annotators might consider the post as not hate speech if they believe it is merely highlighting a controversial topic without endorsing any particular viewpoint.']","The post ""Mainstream Muslims on murder of gays!"" could lead to a range of interpretations among annotators. Some might see it as an assault on human dignity by implying that a religious group supports violence against another group, which is a harmful stereotype. Others might interpret it as a call for violence, suggesting that it promotes or endorses violence against the LGBTQ+ community. However, some annotators might argue that the post is simply sharing a video link and does not explicitly contain hate speech, as it lacks direct calls for violence or use of offensive language. Additionally, the post could be seen as offensive or vulgar due to its provocative nature, implying that a religious group condones violence. On the other hand, some might consider it not hate speech if they view it as merely highlighting a controversial topic without endorsing any particular viewpoint. Given these varied interpretations, there might be a moderate level of disagreement among annotators, with an estimated 60% classifying it as hate speech and 40% not classifying it as such.",0.025000000000000022
183,21701,28 COPS (entire department) arrested for the assassination of a candidate for Mayor in Mexico!! CRAZY!  https://mexiconewsdaily.com/news/30-cops-detained-...,0.25,0.05,0.95,"['The post does not contain any assaults on human dignity as it does not demean or degrade any individuals or groups based on protected characteristics.', 'The post does not contain calls for violence as it reports on an event without inciting or encouraging physical harm or violence.', ""The post does not contain vulgarity or offensive language; it uses the term 'CRAZY' which is informal but not offensive."", 'The post is a factual statement about an event and does not exhibit characteristics of hate speech.']","The post is likely to be classified as not hate speech by the majority of annotators. It reports on a news event without using language that assaults human dignity, calls for violence, or includes vulgarity. Therefore, I predict that 5% of annotators might classify it as hate speech due to potential misinterpretation of the term 'CRAZY' as offensive, while 95% would classify it as not hate speech.",0.2
184,21725,Great summary and analysis of what really happened from the Outer Light ,0.0,0.0,1.0,"['The post is neutral and does not contain any language that assaults human dignity, calls for violence, or uses vulgar or offensive language.', 'The post is simply a positive comment about a summary and analysis, likely related to a video or article, and does not exhibit any characteristics of hate speech.', 'The post does not target any individual or group based on race, ethnicity, gender, religion, sexual orientation, or other protected characteristics.', 'The post does not incite or encourage violence against any individual or group.', 'The post does not contain any profanity, slurs, or offensive language.']","The post is a neutral statement that does not exhibit any characteristics of hate speech. It is likely that all annotators would agree that this post is not hate speech, resulting in low disagreement. Therefore, the predicted percentage of annotators who classify the post as hate speech is 0%, and those who classify it as not hate speech is 100%.",0.0
185,21759,Interesting group that I will continue to follow. We live 1/2 mile outside major city limits near major metro area. We only can get fixed wireless broadcast to a dish on our roof. No one will run fiber to our house. Lost service for a month this spring due to an antenna problem. Speed varies a lot and is inconsistent. Hard to run our businesses at home because of it.,0.0,0.0,1.0,"['The post does not contain any assaults on human dignity as it does not mention or degrade any individuals or groups based on protected characteristics.', 'The post does not contain any calls for violence as it is focused on discussing internet service issues.', 'The post does not contain vulgarity or offensive language; it is a straightforward complaint about internet service.']","The post is a complaint about internet service and does not exhibit any characteristics of hate speech. Therefore, it is likely that 0% of annotators would classify it as hate speech, and 100% would classify it as not hate speech.",0.0
186,22037,Is it not a glorious sight to see the left freak out over the supreme justice retirement announcement? I ask you Morton Kondracke!,0.42857142857142855,0.1,0.9,"['The post does not contain any direct assaults on human dignity as it does not target any specific race, ethnicity, gender, religion, or sexual orientation.', 'The post does not contain any calls for violence or incitement to physical harm against individuals or groups.', ""The post uses the term 'freak out,' which could be considered as using offensive language, but it is not a slur or profanity. It is more of a colloquial expression to describe a reaction."", 'The post seems to express a political opinion or sentiment rather than hate speech, focusing on a political event and its perceived impact on a political group.', 'Some annotators might view the post as mocking or belittling a political group, but this does not necessarily constitute hate speech.']","The post is likely to be classified as not hate speech by the majority of annotators, as it does not meet the criteria for assaults on human dignity, calls for violence, or use of vulgarity/offensive language in a way that targets protected characteristics. The term 'freak out' is not severe enough to be considered hate speech. Therefore, I predict that 10% of annotators might classify it as hate speech due to perceived mockery or belittlement, while 90% would classify it as not hate speech.",0.3285714285714285
187,22038,#MetalMonday  https://youtu.be/5a8nPCBXMo0,0.0,0.0,1.0,"['The post is simply sharing a link to a music video and does not contain any language or content that assaults human dignity.', 'There is no call for violence in the post; it is merely promoting a music video.', 'The post does not contain any vulgarity or offensive language; it is neutral in tone.']","The post is a straightforward promotion of a music video with no elements of hate speech. Annotators are likely to agree that it is not hate speech, resulting in low disagreement.",0.0
188,22050,"People like this need put down, euthanized. Not just thrown into prison for us to pay for their food and care for decades. https://www.breitbart.com/texas/2018/07/13/texas-m... #MAGA #Trump ##GabFam",0.5714285714285714,0.7,0.3,"[""The post suggests that certain individuals should be 'put down' or 'euthanized', which can be interpreted as a call for violence against a group of people, potentially classifying it as hate speech."", ""The language used in the post ('put down', 'euthanized') is violent and dehumanizing, which could be seen as an assault on human dignity."", 'The post does not specify a particular race, ethnicity, gender, or other protected characteristic, which might lead some annotators to view it as not targeting a specific group and therefore not hate speech.', 'The use of hashtags like #MAGA and #Trump may suggest a political context, which could influence whether annotators perceive the post as hate speech or as a political statement.', 'Some annotators might view the post as expressing a harsh opinion on criminal justice rather than a direct call for violence, leading them to classify it as not hate speech.']","The post contains language that can be interpreted as a call for violence and dehumanization, which are key aspects of hate speech. However, the lack of specific targeting of a protected group and the political context may lead to some disagreement among annotators. Therefore, it is likely that a majority of annotators would classify this post as hate speech, but a significant minority might not. The estimated percentages are 70% classifying it as hate speech and 30% not classifying it as hate speech.",0.12857142857142856
189,22051,What’s appalling is if the parents aborted their twins at 7months of pregnancy it would have been legal Mindlessly pray that the underdeveloped lungs work and they get prison time #Trump #Abortion #SCOTUS https://www.buzzfeed.com/tasneemnashrulla/religiou...,0.14285714285714285,0.1,0.9,"['The post expresses a strong opinion on abortion, which is a highly controversial topic, but it does not directly assault human dignity based on race, ethnicity, gender, religion, sexual orientation, or other protected characteristics.', 'The post does not contain any explicit calls for violence or physical harm against individuals or groups.', 'The language used in the post is not vulgar or offensive, although it is emotionally charged and may be considered insensitive by some due to the topic of abortion.', 'Some annotators might view the post as expressing a political opinion rather than hate speech, focusing on the legal and moral aspects of abortion.', 'Others might interpret the post as insensitive or offensive due to the way it discusses a sensitive topic like abortion, but still not classify it as hate speech.']","The post is likely to be classified as not hate speech by the majority of annotators, as it does not directly attack any protected group or use offensive language. However, due to the sensitive nature of the topic, a small percentage might view it as offensive or insensitive, leading to a minority classifying it as hate speech. Therefore, the predicted percentages are 10% for hate speech and 90% for not hate speech.",0.042857142857142844
190,22092,Democratic US House candidate faces accusations of threatening GOP lawmaker in Facebook message https://www.theblaze.com/news/2018/09/26/democratic-us-house-candidate-faces-accusations-of-threatening-gop-lawmaker-in-facebook-message via @theblaze,0.4,0.1,0.9,"['The post is a news headline and does not contain any direct hate speech itself, as it merely reports on an accusation.', 'The post could be seen as indirectly promoting hate by highlighting a political conflict, but it does not explicitly assault human dignity or call for violence.', 'The post does not contain vulgarity or offensive language; it is a straightforward news headline.', 'Some might argue that the post could incite political tension, but it does not meet the criteria for hate speech as defined by the aspects provided.']","The post is a news headline reporting on an accusation against a political candidate. It does not contain direct hate speech, as it does not demean or degrade individuals or groups based on protected characteristics, nor does it incite violence or use vulgar language. The headline is factual and neutral in tone, focusing on the news aspect of the accusation. Therefore, it is likely that a majority of annotators would classify this post as not hate speech, with a small percentage possibly considering the context of political tension as indirectly related to hate speech.",0.30000000000000004
191,22177,LOLOLOLOLOLLOLOLOLOLOLLOLOLOLOLOLLOLOLOLOLOLLOLOLOLOLOLOLOLOLOLOLLOLOLOLOLOLLOLOLOLOLOLLOLOLOLOLOLLOLOLOLOLOLOLOLOLOLOLLOLOLOLOLOLLOLOLOLOLOLLOLOLOLOLOLLOLOLOLOLOLOLOLOLOLOLLOLOLOLOLOLLOLOLOLOLOLLOLOLOLOLOLLOLOLOLOLOL,0.0,0.0,1.0,"['The post is nonsensical and does not contain any meaningful content that can be assessed for hate speech.', 'The post does not contain any language that assaults human dignity, calls for violence, or uses vulgar or offensive language.', ""The repetitive use of 'LOLOLOLOL' suggests it is meant to be humorous or dismissive, rather than hateful.""]","The post is a series of repeated 'LOLOLOLOL' with no discernible message or context that could be interpreted as hate speech. It lacks any content that could be considered an assault on human dignity, a call for violence, or vulgar/offensive language. Therefore, it is likely that all annotators would agree that this post is not hate speech, resulting in low disagreement.",0.0
192,22178,"Man - part animal, part god. Some more god than animal, others more animal than god.",0.4,0.1,0.9,"['The post uses metaphorical language to describe humans, which may not be intended as hate speech.', ""The phrase 'more animal than god' could be interpreted as demeaning if directed at specific individuals or groups, suggesting they are less evolved or civilized."", 'The post does not explicitly target any specific race, ethnicity, gender, religion, or other protected characteristic, making it less likely to be considered hate speech.', 'There is no call for violence or incitement to harm in the post.', 'The language used is not vulgar or explicitly offensive, but the metaphor could be seen as offensive depending on the context or target.']","The post is likely to be interpreted as not hate speech by most annotators due to its metaphorical nature and lack of explicit targeting or offensive language. However, a small percentage might see the metaphor as demeaning if they interpret it as directed at specific groups. Therefore, the predicted percentages are 10% for hate speech and 90% for not hate speech.",0.30000000000000004
193,22179,"American society should restore its historic Freedom of Association modus vivendi, with a new proviso that each side not prevent, interfere with or sabotage the other in setting up or running their exclusive systems or operations.",0.0,0.4,0.6,"[""The post advocates for a return to a 'Freedom of Association' which could be interpreted as supporting segregation or exclusion based on race, ethnicity, or other characteristics, potentially assaulting human dignity."", 'The post does not explicitly call for violence or physical harm against any group, so it may not be seen as inciting violence.', 'The language used in the post is formal and does not contain vulgarity or offensive language, which might lead some annotators to classify it as not hate speech.', 'Some annotators might view the post as promoting a form of social organization that could lead to discrimination, while others might see it as a neutral statement about freedom of choice.']","The post presents a nuanced argument about 'Freedom of Association' that could be interpreted in multiple ways. Some annotators might see it as a call for segregation or exclusion, which could be considered an assault on human dignity. However, it does not contain explicit calls for violence or use vulgar language, which might lead others to classify it as not hate speech. Given these factors, there is likely to be moderate disagreement among annotators, with an estimated 40% classifying it as hate speech and 60% not classifying it as such.",0.4
194,22205,Online now only those who are horny in Sarah Palin.,0.4,0.1,0.9,"['The post is not hate speech as it does not target any protected group or individual based on race, ethnicity, gender, religion, or sexual orientation.', ""The post uses vulgar or offensive language ('horny'), but it is not directed at a specific group or individual in a way that constitutes hate speech."", 'The post could be seen as demeaning towards Sarah Palin by reducing her to a sexual object, which might be considered an assault on her dignity.', 'The post does not contain any calls for violence or incitement to harm.']","The post is likely to be classified as not hate speech by most annotators due to the lack of targeted hate or incitement to violence. However, a small percentage might consider it demeaning towards Sarah Palin, potentially classifying it as hate speech. Therefore, the predicted percentages are 10% for hate speech and 90% for not hate speech.",0.30000000000000004
195,22239,Justifying the use of the word 'monkey' is just playing by the Left's rules. They  should apologize for playing the race card so often that it's worn out.,0.6,0.4,0.6,"[""The post uses the word 'monkey' which can be considered a racial slur, potentially demeaning individuals or groups based on race, thus falling under assaults on human dignity."", ""The post criticizes the 'Left' for allegedly overusing accusations of racism, which might be interpreted as dismissing legitimate concerns about racial sensitivity."", 'The post does not explicitly call for violence or physical harm against any group or individual.', ""The language used in the post is not overtly vulgar or profane, but the term 'monkey' can be offensive depending on context and intent."", 'Some annotators might view the post as a critique of political correctness rather than an endorsement of hate speech, leading to differing interpretations.']","The post is likely to result in high disagreement among annotators. Some may see it as hate speech due to the use of a term that can be racially offensive, while others may interpret it as a political statement criticizing the perceived overuse of racial accusations. Therefore, approximately 40% of annotators might classify it as hate speech, while 60% might not.",0.19999999999999996
196,22240,"Why aren't Democrats holding rallies to compete with Trump's massive cheering crowds? Two reasons, in my opinion:   1.They keep telling themselves, and everyone else, that rallies don't matter. To do so would be admitting that they do matter, and playing by his rules.   2.They have no one on their side that can draw a crowd like he can. They don't want be embarrassed, and exposed by tryin...",0.6,0.0,1.0,"['The post is a political commentary and does not contain any elements of hate speech.', 'The post does not assault human dignity as it does not demean or degrade any individuals or groups based on protected characteristics.', 'There are no calls for violence in the post; it is focused on political strategy and crowd sizes.', 'The language used in the post is not vulgar or offensive; it is a straightforward political opinion.']","The post is a political commentary on the differences in rally sizes between Democrats and Trump supporters. It does not contain any elements of hate speech, such as assaults on human dignity, calls for violence, or vulgar language. Therefore, it is likely that there would be a low disagreement among annotators, with the majority agreeing that this post is not hate speech. The predicted percentages are [0.0, 1.0], indicating that 0% of annotators would classify it as hate speech and 100% would classify it as not hate speech.",0.6
197,22309,The legal tangle around the Trans-Mountain pipeline approval process https://quotulatiousness.ca/blog/2018/09/01/the-le...,0.0,0.0,1.0,"['The post is a neutral discussion about a legal issue and does not contain any hate speech.', 'The post does not demean or degrade any individuals or groups based on protected characteristics.', 'The post does not incite or encourage violence against any individuals or groups.', 'The post does not contain vulgarity, slurs, or offensive language.']","The post is a neutral discussion about a legal issue and does not contain any hate speech. It does not demean or degrade any individuals or groups based on protected characteristics, nor does it incite or encourage violence. Additionally, it does not contain vulgarity, slurs, or offensive language. Therefore, it is likely that 0% of annotators would classify it as hate speech, and 100% would classify it as not hate speech.",0.0
198,22890,Crap! This changes everything,0.0,0.0,1.0,"[""The post uses the word 'Crap,' which is considered vulgar or offensive language by some, but it is not directed at any individual or group, so it may not be considered hate speech."", 'The post does not contain any assaults on human dignity as it does not target any specific race, ethnicity, gender, religion, sexual orientation, or other protected characteristics.', 'The post does not include any calls for violence or incitement to harm individuals or groups.', ""Some annotators might view the use of 'Crap' as inappropriate or offensive, but not rising to the level of hate speech.""]","The post is likely to be classified as not hate speech by the majority of annotators due to the lack of targeted offensive language, calls for violence, or assaults on human dignity. The use of 'Crap' might be seen as vulgar, but it is not sufficient to be considered hate speech. Therefore, the predicted percentages are [0.0, 1.0], indicating 0% of annotators would classify it as hate speech and 100% would classify it as not hate speech.",0.0
199,22891,Awesome! Everyday heros take the time out of their own schedules to make others lives better. kudos,0.0,0.0,1.0,"['The post is positive and praises individuals who help others, showing no signs of hate speech.', 'There is no assault on human dignity as the post does not demean or degrade any individual or group.', 'There are no calls for violence; the post encourages positive actions.', 'The language used is not vulgar or offensive, but rather supportive and commendatory.']","The post is overwhelmingly positive and supportive, with no elements of hate speech present. Annotators are likely to unanimously agree that this post is not hate speech, resulting in low disagreement. Therefore, the predicted percentages are 0% for hate speech and 100% for not hate speech.",0.0
200,22892,Of course they do. That's where informed leftists get their arguing points for their social media posts.,0.2857142857142857,0.1,0.9,"['The post is not hate speech as it does not target any specific group based on protected characteristics such as race, ethnicity, gender, etc.', 'The post may be seen as offensive or derogatory towards leftists, but it does not constitute hate speech as it lacks vulgarity, slurs, or calls for violence.', 'The post could be interpreted as a critique of leftists, but it does not degrade their human dignity in a way that constitutes hate speech.', 'Some might view the post as perpetuating stereotypes about leftists, but it does not meet the threshold for hate speech.']","The post does not contain explicit hate speech elements such as assaults on human dignity, calls for violence, or vulgarity. It is more likely to be interpreted as a political opinion or critique rather than hate speech. Therefore, it is expected that a small percentage of annotators might classify it as hate speech due to perceived offensiveness, but the majority would not. The disagreement level is low as the post lacks clear hate speech indicators.",0.1857142857142857
201,22893,maybe a library instead of social media.,0.0,0.0,1.0,"['The post is not hate speech as it does not target any individual or group based on race, ethnicity, gender, religion, sexual orientation, or other protected characteristics.', 'The post does not contain any calls for violence or incite physical harm against individuals or groups.', 'The post does not use vulgarity, slurs, or offensive language.', 'The post is a neutral suggestion or opinion about using a library instead of social media, which does not relate to hate speech.']","The post ""maybe a library instead of social media"" is unlikely to be considered hate speech by annotators. It does not exhibit any characteristics of hate speech such as assaults on human dignity, calls for violence, or vulgarity. Therefore, it is expected that 0% of annotators would classify it as hate speech, while 100% would classify it as not hate speech. The disagreement level is low as the post is clearly not hate speech.",0.0
202,22926,"Where there is #coffee, there is wakefulness. #gab #worldcup #music #bacon",0.0,0.0,1.0,"['The post is not hate speech as it does not demean or degrade any individuals or groups based on protected characteristics.', 'The post does not contain any calls for violence against individuals or groups.', 'The post does not use vulgarity, slurs, or offensive language.']","The post is a benign statement about coffee and does not exhibit any characteristics of hate speech. It is likely that all annotators would agree that this post is not hate speech, resulting in low disagreement.",0.0
203,22927,The #USOpen crowd at #Shinnecock are literally the most rude gallery in sport. Screaming like beagles after EVERY SHOT. You expect it from the Phoenix Open but these New Yorkers are yelping unintelligible trash at the highest volumes EVERY SINGLE SWING. New York should never be allowed to host a US Open ever again. #QuietPlease #Gab,0.6,0.1,0.9,"['The post criticizes the behavior of a specific group (New Yorkers) at a sporting event, which some may see as a generalization or stereotype, but it does not target a protected characteristic such as race, ethnicity, or religion.', 'The post does not contain any explicit calls for violence or encouragement of physical harm against individuals or groups.', ""The language used in the post, such as 'rude' and 'yelping unintelligible trash,' could be considered offensive or derogatory, but it is not vulgar or profane."", 'Some annotators might view the post as a critique of behavior rather than an attack on human dignity, as it focuses on the conduct of the crowd rather than inherent characteristics of the individuals.']","The post is likely to be classified as not hate speech by the majority of annotators, as it does not explicitly demean individuals based on protected characteristics, nor does it incite violence. The language, while critical, is not vulgar or profane. Therefore, approximately 10% of annotators might classify it as hate speech due to perceived offensiveness or stereotyping, while 90% would likely classify it as not hate speech.",0.5
204,23085,"If you can't laugh at this,you might be a liberal progressive.  https://youtu.be/C8vZzP5yvJw",0.6,0.1,0.9,"['The post is not hate speech as it does not directly demean or degrade any individual or group based on protected characteristics. It seems to be a political statement or joke targeting a political ideology rather than a specific group.', 'The post could be seen as offensive or dismissive towards individuals who identify as liberal progressives, but it does not contain vulgarity or slurs.', 'The post does not call for violence or incite harm against any group or individual.', 'The post may be interpreted as a form of political satire or humor, which is generally protected under free speech and not considered hate speech.']","The post is likely to be classified as not hate speech by the majority of annotators, as it does not meet the criteria for assaults on human dignity, calls for violence, or use of vulgarity/offensive language. The percentages are estimated to be 10% for hate speech and 90% for not hate speech.",0.5
205,23638,"The lovely #prayingmantis lady Audrina did not survive her molt, though she did seem to enjoy my company and foodstuffs before that. I am sad. The empty space for her boudoir...sucks, you guys. A lot. I made her a tiny tinfoil coffin and packed her a tiny tinfoil lunch of honey. I am even MORE determined to befriend her people. That experience was AMAZING.",0.0,0.0,1.0,"['The post is not hate speech as it does not demean or degrade any individuals or groups based on protected characteristics.', 'The post does not contain any calls for violence against individuals or groups.', 'The post does not use vulgarity or offensive language directed at individuals or groups.', 'The post is a personal expression of sadness over the loss of a pet and does not relate to hate speech.']","The post is clearly not hate speech as it does not exhibit any characteristics of hate speech. It is a personal and emotional expression about a pet, with no offensive or harmful language. Therefore, there is likely to be low disagreement among annotators, with 0% classifying it as hate speech and 100% classifying it as not hate speech.",0.0
206,23639,"1)   TY for any notifications, I'm so sorry I can't respond politely at the moment 2) I'm leaving in less than 3 days to spend 2 months about 1 hour from my niece EEEEEEE 3) That's so many numbers, ew math 4) I do still love the #gabfam and I'm not gone, just, STUPID busy.  Should have peace and 'vacation' soon, to come derp at you all.  :  )  5) Never give up, never surrender!",0.0,0.0,1.0,"['The post does not contain any assaults on human dignity as it does not demean or degrade any individuals or groups based on protected characteristics.', 'There are no calls for violence in the post; it does not incite or encourage physical harm or violence against individuals or groups.', 'The post does not contain vulgarity or offensive language; it is written in a friendly and casual tone.']","The post is unlikely to be classified as hate speech by annotators. It is a personal update with no elements of hate speech. Therefore, the percentage of annotators who classify the post as hate speech is likely to be 0%, while 100% would classify it as not hate speech.",0.0
207,23640,"A friend brought me this baby #prayingmantis, after she (the mantis) walked up to her at a storage facility.  Here she is (again, the mantis) photobombing her own photo.  Her favorite part of her nice new digs? The dang wire I used to close up a too-large hole.  Never mind all this pretty fake forestry, nah, I'm good here on this bread tie.   Spoiled bug.  XD.",0.0,0.0,1.0,"['The post is about a praying mantis and does not mention any individuals or groups based on race, ethnicity, gender, religion, sexual orientation, or other protected characteristics, so it does not assault human dignity.', 'There is no call for violence or encouragement of physical harm against any individuals or groups in the post.', 'The language used in the post is not vulgar or offensive; it is light-hearted and humorous, focusing on a pet insect.']","The post is clearly not hate speech as it does not contain any elements that would categorize it as such. It is a light-hearted and humorous post about a pet praying mantis, with no offensive language or calls for violence. Therefore, there is likely to be low disagreement among annotators, with the majority agreeing that it is not hate speech. The predicted percentages are [0.0, 1.0], indicating 0% of annotators would classify it as hate speech and 100% would classify it as not hate speech.",0.0
208,23641,"And yes, he's ticked me off a few times, but unless Me runs for president and wins (lol forever) I'm GOING to disagree with some of his decisions, due to his unfortunate handicap of NOT BEING ME.  For now, he's making my enemies mad and allies semihappy. AKA more than ANY politician has done for me in my life!  8/10 would ABSOLUTELY vote for again.  #PresidentTrump",0.125,0.1,0.9,"['The post does not contain any direct assaults on human dignity as it does not demean or degrade individuals or groups based on protected characteristics.', 'The post does not contain calls for violence or incite physical harm against individuals or groups.', 'The post uses informal and slightly sarcastic language but does not contain vulgarity, slurs, or offensive language directed at individuals or groups.', 'The post expresses political support and personal opinion, which is not inherently hate speech.', ""Some annotators might find the phrase 'making my enemies mad' as potentially aggressive, but it does not explicitly call for harm.""]","The post is likely to be classified as not hate speech by the majority of annotators. It does not contain direct assaults on human dignity, calls for violence, or vulgar language. The language is informal and expresses a political opinion, which is not inherently hate speech. There might be a small percentage of annotators who could interpret the phrase 'making my enemies mad' as aggressive, but it does not explicitly call for harm. Therefore, the predicted percentages are 10% for hate speech and 90% for not hate speech.",0.024999999999999994
209,23666,"This tribalism is the problem with libertarianism – if you allow liberty, people will use it to synthesize smaller ingroups within the larger group in order to dominate the detribalized majority. - Jim",0.3333333333333333,0.1,0.9,"['The post critiques libertarianism and the concept of tribalism without directly demeaning any specific group based on protected characteristics, so it may not be considered hate speech.', 'The post does not contain any explicit calls for violence or incitement to harm, which suggests it is not hate speech.', 'The language used in the post is not vulgar or offensive, indicating it may not be classified as hate speech.', ""Some annotators might interpret the mention of 'tribalism' as a negative stereotype, potentially demeaning certain groups, but this is context-dependent and not explicit.""]","The post is likely to be classified as not hate speech by the majority of annotators due to the lack of explicit demeaning language, calls for violence, or vulgarity. However, a small percentage might see the mention of 'tribalism' as potentially problematic, leading to a minority classifying it as hate speech. Therefore, the predicted percentages are 10% for hate speech and 90% for not hate speech.",0.2333333333333333
210,24147,Here's one of my projects right now. Remington 700 30-06 With magpul stock and detachable magazine. Nikon prostaff 3.5-14x40 FFP scope. Next is a timmney trigger and then possibly a carbon fiber barrel.,0.0,0.0,1.0,"['The post is simply discussing a personal project related to firearms and does not contain any elements of hate speech.', 'The post does not demean or degrade any individuals or groups based on protected characteristics.', 'There is no call for violence or encouragement of physical harm against individuals or groups in the post.', 'The post does not contain vulgarity, slurs, or offensive language.', 'Some might argue that discussing firearms could be sensitive or controversial, but it does not inherently constitute hate speech.']","The post is a straightforward description of a firearm project and does not exhibit any characteristics of hate speech. It does not assault human dignity, call for violence, or use vulgar or offensive language. Therefore, it is likely that 0% of annotators would classify it as hate speech, and 100% would classify it as not hate speech. The disagreement level is low.",0.0
211,24148,How many original beta testers still out there? I've been here since October 2016.  #OG  Get you gab shirt here https://shop.gab.ai/  @shop,0.0,0.0,1.0,"['The post is simply a call to action for purchasing merchandise and does not contain any hate speech elements.', ""The post references 'OG' which could be interpreted as 'Original Gangster', a term often used to denote someone who has been around since the beginning, and is not inherently offensive."", 'The post does not contain any vulgarity, offensive language, or slurs.', 'The post does not make any assaults on human dignity or call for violence.']","The post is a straightforward promotional message for merchandise related to a platform, with no elements of hate speech. Annotators are likely to agree that it does not constitute hate speech, resulting in low disagreement. Therefore, the predicted percentage of annotators who classify the post as hate speech is 0%, and those who classify it as not hate speech is 100%.",0.0
212,24150,Here's a titanium muzzle break I'm working on for my .458 socom build. I haven't threaded it or finished the bore. .458 socom barrels have either 5/8-24 or 3/4-24 threads and I haven' purchased one yet. #2A,0.0,0.0,1.0,"['The post is purely technical and related to firearm building, with no elements of hate speech.', 'The post does not contain any language that assaults human dignity or targets any specific group.', 'There are no calls for violence or encouragement of harm against individuals or groups in the post.', 'The post does not use vulgarity or offensive language.', 'The hashtag #2A refers to the Second Amendment, which is a common topic in discussions about gun rights and does not inherently imply hate speech.']","The post is focused on a technical aspect of firearm building and does not contain any elements that would typically be classified as hate speech. It does not demean or degrade any individuals or groups, nor does it incite violence or use offensive language. The hashtag #2A is related to the Second Amendment and is commonly used in discussions about gun rights, which is not inherently hate speech. Therefore, it is likely that there would be a consensus among annotators that this post is not hate speech, resulting in low disagreement. The predicted percentages are [0.0, 1.0], indicating that 0% of annotators would classify it as hate speech and 100% would classify it as not hate speech.",0.0
213,24209,"The Copts: Yay, Jesus!  Jesus: *frowning* Shut up, you guys.",0.4,0.3,0.7,"['The post is a humorous or satirical take on religious expression, not intended as hate speech.', 'The post could be seen as offensive to Coptic Christians by mocking their religious beliefs, potentially degrading their dignity.', 'The post does not contain any calls for violence or incitement to harm.', 'The post uses a casual tone and does not employ vulgar or explicitly offensive language.', 'Some may interpret the post as a critique of religious fervor rather than an attack on a specific group.']","The post is likely to generate some disagreement among annotators due to its satirical nature and potential to offend religious sentiments. While it does not explicitly call for violence or use vulgar language, it could be perceived as demeaning to Coptic Christians. Therefore, I predict that 30% of annotators might classify it as hate speech, while 70% might not.",0.10000000000000003
214,24416,We need some 'real' Republicans in office.   President Trump can't solve the problem of high health insurance costs with these traitors blocking his efforts.  Everyone needs to VOTE REPUBLICAN in the upcoming primaries.,0.0,0.05,0.95,"['The post is a political statement encouraging people to vote for a specific party, which is a common practice in democratic societies and does not constitute hate speech.', ""The use of the term 'traitors' could be seen as offensive or inflammatory, but it is directed at political opponents rather than a protected group, so it may not be classified as hate speech."", 'The post does not contain any explicit calls for violence or physical harm against individuals or groups.', 'There is no use of vulgarity or offensive language targeting individuals based on race, ethnicity, gender, religion, or other protected characteristics.']","The post is primarily a political statement urging support for a particular party and criticizing political opponents. While the term 'traitors' might be considered offensive by some, it is not directed at a protected group and does not include calls for violence or use of vulgar language. Therefore, it is likely that a small percentage of annotators might view it as hate speech due to the use of 'traitors,' but the majority would not classify it as such. The disagreement level is low, as the post does not clearly fall into any hate speech categories.",0.05
215,24672,"US ends all funding to UN agency for “Palestinian” “refugees”SEP 1, 2018 This is long overdue. Only among the “Palestinians” is “refugee” status passed down to children, grandchildren, and great-grandchildren. Millions of people were displaced after World War II, but they moved elsewhere and got on with their lives. Not the “Palestinians,” because they were and are a weapon of the jihad. http...",0.6,0.4,0.6,"[""The post uses quotation marks around 'Palestinians' and 'refugees,' which could be seen as demeaning or degrading to the Palestinian people, suggesting they are not legitimate."", ""The post implies that Palestinians are unique in a negative way by suggesting they use their refugee status as a 'weapon of the jihad,' which could be interpreted as an assault on human dignity."", 'The post does not contain any direct calls for violence against Palestinians or any other group.', ""The language used in the post is not overtly vulgar or profane, but the use of quotation marks and the phrase 'weapon of the jihad' could be considered offensive to some readers."", 'Some annotators might view the post as a legitimate political opinion or critique of UN policies and not as hate speech.']","The post is likely to generate mixed opinions among annotators. Some may see it as demeaning to Palestinians by questioning their legitimacy as refugees and associating them with jihad, which could be considered an assault on human dignity. However, others might interpret it as a political critique without direct hate speech elements, leading to a moderate level of disagreement. Therefore, approximately 40% of annotators might classify it as hate speech, while 60% might not.",0.19999999999999996
216,24675,"Appeasement has no upside . Pure as driven snow FaceBook  XXXXXXXXXXXXXXXXXX The United Nations has warned Facebook that it risks being dragged into international war crimes trials for its role in future human rights violations, as it called on the social network to address hate speech more quickly. Zeid Ra'ad Al-Hussein, the UN’s human rights chief, said the company risked becoming an acc...",0.0,0.1,0.9,"['The post does not contain any direct assaults on human dignity as it does not target any specific group based on race, ethnicity, gender, religion, or sexual orientation.', 'The post does not contain calls for violence or incite physical harm against any individuals or groups.', ""The post does not use vulgarity or offensive language; it discusses a serious issue regarding Facebook's role in addressing hate speech."", ""Some annotators might view the mention of 'international war crimes trials' as a serious accusation, but it is not directed at a specific group or individual, rather at a corporation's responsibility."", ""The post is more informative and critical of Facebook's policies rather than being hate speech itself.""]","The post is likely to be classified as not hate speech by the majority of annotators, as it does not directly attack any group or individual, nor does it use offensive language or incite violence. It is more of a critique of Facebook's handling of hate speech issues. Therefore, I predict that 10% of annotators might classify it as hate speech due to the mention of 'war crimes' and potential misinterpretation, while 90% would classify it as not hate speech.",0.1
217,24678,"Another  fascist  'newspaper'  nears death,   Has a long history of publishing idiots  https://www.cjr.org/business_of_news/village-voice...",0.8,0.1,0.9,"[""The post uses the term 'fascist' in a derogatory manner, which could be seen as an assault on human dignity if it targets a specific group or ideology."", 'The post does not contain any explicit calls for violence against individuals or groups.', ""The use of the term 'idiots' could be considered vulgar or offensive language, but it is not directed at a protected characteristic."", 'The post criticizes a newspaper, which may be interpreted as a critique of media rather than hate speech.', 'Some annotators might view the language as hyperbolic or satirical rather than hateful.']","The post is likely to be classified as not hate speech by the majority of annotators, as it primarily criticizes a newspaper and uses language that, while derogatory, does not target a protected characteristic or incite violence. The term 'fascist' is used in a political context, which may be seen as a strong critique rather than hate speech. Therefore, I predict that 10% of annotators might classify it as hate speech due to the use of derogatory language, while 90% would classify it as not hate speech.",0.7000000000000001
218,25142,"get ur troll skills up you methed out fake as white supremacist hahaha a roach got more balls then u bahahahahaha lil bitch boy, go home to daddy ",0.6,0.3,0.7,"[""The post uses offensive language and insults ('methed out fake as white supremacist', 'roach', 'lil bitch boy') which could be seen as vulgar and degrading, but it is not directed at a specific individual or group based on protected characteristics."", ""The term 'white supremacist' is used in a derogatory manner, which could be interpreted as an assault on human dignity if it targets individuals based on race or ideology, but it is unclear if it is directed at a specific person or group."", 'The post does not contain any explicit calls for violence or incitement to harm, focusing instead on insults and mockery.', 'The language used is aggressive and mocking, which might be interpreted as offensive, but it lacks a clear target or context that would classify it as hate speech.']","The post contains offensive and vulgar language, but it does not clearly target a specific individual or group based on protected characteristics, nor does it incite violence. Annotators might be divided on whether the derogatory use of 'white supremacist' constitutes hate speech, leading to a moderate level of disagreement. Therefore, approximately 30% of annotators might classify it as hate speech due to the offensive language and potential racial implications, while 70% might not classify it as hate speech, viewing it as general mockery without a clear target.",0.3
219,25147,"30 odd years ago when I worked retail,  we had a work birthday for a colleague. Someone had the bright idea for an erotic cake. A giant sheet cake with a pair of boobs. It was hilarious and quite tasty. Could you even do that nowadays?",0.0,0.1,0.9,"['The post is a harmless anecdote about a past event and does not contain any hate speech elements.', ""The post could be seen as offensive or inappropriate due to the mention of an 'erotic cake,' but it does not target any specific group or individual."", 'The post does not assault human dignity as it does not demean or degrade any group based on protected characteristics.', 'There is no call for violence in the post.', 'The post contains a reference to a potentially vulgar or offensive concept (erotic cake), but it is not directed at any individual or group.']","The post is likely to be classified as not hate speech by the majority of annotators. It is a recounting of a past event that some might find inappropriate or in poor taste, but it does not meet the criteria for hate speech. Therefore, I predict that 10% of annotators might classify it as hate speech due to the mention of an 'erotic cake,' while 90% would classify it as not hate speech.",0.1
