,ID,Text,Hate_pos,Opinions_LLM,Labels_LLM,Raw_output_LLM,Hate_pos_LLM,Hate_diff
0,761,Well... fuck you too Spotify. A disgusting picture designed to humiliate the White people of Australia...,0.6,"[""The post uses vulgar language ('fuck'), which may be considered offensive but not necessarily hate speech."", ""The post accuses Spotify of sharing a 'disgusting picture,' which could be interpreted as an expression of personal offense rather than hate speech."", ""The phrase 'humiliate the White people of Australia' could be seen as an assault on human dignity, suggesting that the post is defending a racial group."", 'The post does not explicitly call for violence against any individual or group.', ""The post's reference to 'White people of Australia' could be interpreted as a racial focus, but it does not necessarily demean or degrade them."", 'The post may be seen as expressing a personal grievance against Spotify rather than targeting a racial group with hate speech.', ""The use of the term 'disgusting' is subjective and may not constitute hate speech without further context."", ""The post could be interpreted as criticizing Spotify's actions rather than promoting hate against a racial group."", 'The post does not contain slurs or explicit hate speech language directed at a racial group.', ""The post's intent may be seen as defending a racial group rather than attacking another, which complicates its classification as hate speech.""]","[0, 0, 0, 0, 0, 0, 0, 0, 0, 0]","The post contains vulgar language and references to race, but it does not explicitly demean, degrade, or incite violence against a racial group. The opinions reflect a consensus that the post is more about personal offense and criticism of Spotify rather than hate speech.",0.0,0.6
1,1303,"A White House petition calling on Congress to defend free speech online is set to surpass 100,000 signatures by the end of today, just three days after it was launched. https://www.infowars.com/white-house-petition-to-d...",0.0,"['The post is simply reporting on a petition and does not contain any hate speech elements.', 'The post does not demean or degrade any individuals or groups based on protected characteristics.', 'There is no call for violence or encouragement of physical harm in the post.', 'The language used in the post is neutral and does not contain vulgarity or offensive language.', 'The post is focused on a political issue (free speech) and does not target any specific group.', 'The post could be seen as promoting a controversial source (InfoWars), but this alone does not constitute hate speech.', 'The post does not exhibit any elements of hate speech as it is informational in nature.', ""The post's mention of free speech could be interpreted as supporting hate speech, but this is speculative."", 'The post does not make any explicit or implicit threats against individuals or groups.', 'The post is unlikely to be interpreted as hate speech by most annotators due to its neutral tone.']","[0, 0, 0, 0, 0, 0, 0, 0, 0, 0]","1. The post is simply reporting on a petition and does not contain any hate speech elements. (Label: 0)
2. The post does not demean or degrade any individuals or groups based on protected characteristics. (Label: 0)
3. There is no call for violence or encouragement of physical harm in the post. (Label: 0)
4. The language used in the post is neutral and does not contain vulgarity or offensive language. (Label: 0)
5. The post is focused on a political issue (free speech) and does not target any specific group. (Label: 0)
6. The post could be seen as promoting a controversial source (InfoWars), but this alone does not constitute hate speech. (Label: 0)
7. The post does not exhibit any elements of hate speech as it is informational in nature. (Label: 0)
8. The post's mention of free speech could be interpreted as supporting hate speech, but this is speculative. (Label: 0)
9. The post does not make any explicit or implicit threats against individuals or groups. (Label: 0)
10. The post is unlikely to be interpreted as hate speech by most annotators due to its neutral tone. (Label: 0)",0.0,0.0
2,1313,No humans can deliver God’s word. Read the gospels and interpret them in you heart. After the last apostle died man was on his own. Humans to flawed to preach.,0.0,"['The post suggests that humans are flawed, but it does not target any specific group, so it is not hate speech.', 'The post is a religious opinion about the interpretation of the gospels and does not demean any group, so it is not hate speech.', 'The post does not contain any calls for violence or harm against any group, so it is not hate speech.', 'The post lacks vulgarity or offensive language, so it is not hate speech.', 'The post could be seen as dismissive of religious leaders, but it does not constitute hate speech as it does not attack a protected characteristic.', 'The post is a personal belief about religious teachings and does not incite hatred or violence, so it is not hate speech.', 'The post does not degrade any individual or group based on race, ethnicity, gender, or other protected characteristics, so it is not hate speech.', 'The post is a critique of human ability to preach, but it does not use slurs or offensive language, so it is not hate speech.', 'The post is focused on religious interpretation and does not exhibit any elements of hate speech.', 'The post may be interpreted as critical of religious institutions, but it does not meet the criteria for hate speech.']","[0, 0, 0, 0, 0, 0, 0, 0, 0, 0]","The post is a religious opinion that does not target any specific group or use offensive language. It does not call for violence or degrade individuals based on protected characteristics. Therefore, it is not considered hate speech.",0.0,0.0
3,1314,"There is no such thing as a free society , Islam and communism need to go not compatible. If the United States is to survive they must be banned",0.4,"['The post suggests banning Islam and communism, which could be seen as an assault on human dignity by targeting a religion and a political ideology.', 'The post does not explicitly call for violence, but the suggestion to ban Islam and communism could be interpreted as a form of ideological violence.', 'The language used in the post is not vulgar or offensive, but the ideas expressed could be considered offensive to Muslims and communists.', 'The post could be seen as promoting discrimination against Muslims by suggesting that Islam is incompatible with a free society.', 'The post could be interpreted as a critique of political ideologies rather than hate speech, focusing on perceived incompatibility with freedom.', 'The post may be seen as expressing a personal opinion on political and religious ideologies without intending harm.', 'The post could be interpreted as a call for policy change rather than hate speech, focusing on national survival.', 'The post might be seen as fear-mongering, suggesting that Islam and communism are threats to the United States.', 'The post could be viewed as an expression of concern for national security, rather than an attack on specific groups.', 'The post might be interpreted as an expression of free speech, albeit one that could be offensive to some.']","[1, 1, 0, 1, 0, 0, 0, 1, 0, 0]","1. The post suggests banning Islam and communism, which could be seen as an assault on human dignity by targeting a religion and a political ideology. (Label: 1)
2. The post does not explicitly call for violence, but the suggestion to ban Islam and communism could be interpreted as a form of ideological violence. (Label: 1)
3. The language used in the post is not vulgar or offensive, but the ideas expressed could be considered offensive to Muslims and communists. (Label: 0)
4. The post could be seen as promoting discrimination against Muslims by suggesting that Islam is incompatible with a free society. (Label: 1)
5. The post could be interpreted as a critique of political ideologies rather than hate speech, focusing on perceived incompatibility with freedom. (Label: 0)
6. The post may be seen as expressing a personal opinion on political and religious ideologies without intending harm. (Label: 0)
7. The post could be interpreted as a call for policy change rather than hate speech, focusing on national survival. (Label: 0)
8. The post might be seen as fear-mongering, suggesting that Islam and communism are threats to the United States. (Label: 1)
9. The post could be viewed as an expression of concern for national security, rather than an attack on specific groups. (Label: 0)
10. The post might be interpreted as an expression of free speech, albeit one that could be offensive to some. (Label: 0)",0.4,0.0
4,1315,John McCain The word Humility does not apply to that family. What a disgrace,0.2,"['The post criticizes a specific family but does not target them based on protected characteristics, so it is not hate speech.', ""The post uses the word 'disgrace,' which is offensive but not necessarily hate speech as it lacks targeting of protected groups."", 'The post does not call for violence or physical harm against any individual or group, so it is not hate speech.', 'The post could be seen as an assault on human dignity if the family is targeted based on a protected characteristic, but this is not clear from the text.', ""The post is a personal opinion about a public figure's family and does not contain hate speech elements."", 'The language used in the post is critical but not vulgar or profane, indicating it is not hate speech.', 'The post lacks any explicit or implicit encouragement of violence, so it is not hate speech.', 'The post may be interpreted as disrespectful but does not meet the criteria for hate speech.', 'The post does not use slurs or derogatory language that would classify it as hate speech.', 'The post is a subjective opinion and does not degrade individuals based on race, ethnicity, gender, or other protected characteristics.']","[0, 0, 0, 0, 0, 0, 0, 0, 0, 0]","The post in question criticizes a public figure's family, specifically John McCain's, by stating that the word 'humility' does not apply to them and calling them a 'disgrace.' While the language is critical and could be considered offensive to some, it does not meet the criteria for hate speech based on the aspects provided. The post does not target the family based on race, ethnicity, gender, religion, sexual orientation, or other protected characteristics. It does not incite violence or use vulgar or profane language. Therefore, the opinions generated reflect a consensus that the post is not hate speech, resulting in a low disagreement among annotators.",0.0,0.2
5,1442,"By nearly every metric, we're doing better under Trump than Obama:    Unemployment at near record lows   Black unemployment at record lows   GDP higher than its been in years   Taxes lower for most people   Stock exchanges at record highs    So why do the left hate him so much?   🤔🤔🤔",0.2,"['The post is a political opinion piece and does not contain hate speech.', 'The post does not demean or degrade any individual or group based on protected characteristics.', 'The post does not incite or encourage violence against any individual or group.', 'The post does not contain vulgarity, slurs, or offensive language.', 'The post is a factual statement about economic metrics and does not constitute hate speech.', 'The post questions political opposition but does not do so in a hateful manner.', 'The post could be seen as divisive but not as hate speech.', 'The post is a comparison of political administrations and does not target any group with hate.', 'The post uses a rhetorical question to express political views, not hate speech.', 'The post is a critique of political opposition without using hate speech.']","[0, 0, 0, 0, 0, 0, 0, 0, 0, 0]","The post is a political opinion piece that discusses economic metrics under different administrations. It does not contain language that assaults human dignity, calls for violence, or uses vulgarity or offensive language. Therefore, it is not considered hate speech. The opinions reflect that the post is more about political discourse rather than hate speech, leading to a consensus of non-hate speech labeling.",0.0,0.2
6,1678,"free speech Twitter alternative Gab. Although Gab has experienced a surge of users following the big tech blacklisting of Alex Jones, as well as a wave of users from Kenya and Brazil following social media crackdowns related to those countries",0.2,"['The post is simply reporting on the growth of a social media platform and does not contain hate speech.', 'The mention of Alex Jones, who is a controversial figure, might imply support for his views, which could be seen as hate speech.', 'The post does not directly assault any group or individual, so it is not hate speech.', ""The reference to 'big tech blacklisting' could be interpreted as a critique of censorship, not hate speech."", 'The post does not call for violence or use offensive language, so it is not hate speech.', 'The mention of users from Kenya and Brazil is factual and not derogatory, so it is not hate speech.', 'The post could be seen as promoting a platform known for hosting hate speech, which might imply endorsement of such content.', 'The post is neutral in tone and does not express any hateful sentiments.', 'The post could be interpreted as supporting free speech, which is not inherently hate speech.', 'The post does not demean or degrade any individuals or groups, so it is not hate speech.']","[0, 1, 0, 0, 0, 0, 1, 0, 0, 0]","1. The post is simply reporting on the growth of a social media platform and does not contain hate speech. (Label: 0)
2. The mention of Alex Jones, who is a controversial figure, might imply support for his views, which could be seen as hate speech. (Label: 1)
3. The post does not directly assault any group or individual, so it is not hate speech. (Label: 0)
4. The reference to 'big tech blacklisting' could be interpreted as a critique of censorship, not hate speech. (Label: 0)
5. The post does not call for violence or use offensive language, so it is not hate speech. (Label: 0)
6. The mention of users from Kenya and Brazil is factual and not derogatory, so it is not hate speech. (Label: 0)
7. The post could be seen as promoting a platform known for hosting hate speech, which might imply endorsement of such content. (Label: 1)
8. The post is neutral in tone and does not express any hateful sentiments. (Label: 0)
9. The post could be interpreted as supporting free speech, which is not inherently hate speech. (Label: 0)
10. The post does not demean or degrade any individuals or groups, so it is not hate speech. (Label: 0)",0.2,0.0
7,2059,Study: Google Pushes Liberal News in Top 5 Search Suggestions via @descarteslover http://bit.ly/2NAEfo6,0.0,"['The post is simply sharing a study and does not contain any hate speech elements.', 'The post could be seen as biased against liberal media but does not constitute hate speech.', 'The post does not demean or degrade any individuals or groups based on protected characteristics.', 'There is no call for violence or incitement of harm in the post.', 'The language used in the post is neutral and does not contain vulgarity or offensive language.', 'The post might be interpreted as critical of Google but does not attack any specific group.', 'The post could be seen as promoting a narrative against liberal media but lacks hate speech elements.', 'The post is informative and does not exhibit any characteristics of hate speech.', 'The post does not target any specific race, ethnicity, gender, religion, or sexual orientation.', 'The post is unlikely to be interpreted as hate speech by most annotators.']","[0, 0, 0, 0, 0, 0, 0, 0, 0, 0]","The post in question is a straightforward sharing of a study link with a brief comment. It does not contain any language or content that would typically be classified as hate speech. The opinions reflect a consensus that the post is neutral and lacks elements of hate speech, such as assaults on human dignity, calls for violence, or vulgarity. Therefore, all opinions lead to a label of 0, indicating non-hate speech.",0.0,0.0
8,2060,"Abortion: The Left tried to get Legislation passed, they lost. Went to a Liberal Supreme Court and forced it on us.  Gay Marriage: Tried to pass it in States, they lost. Tried to pass it in Congress, they lost.  Went to a Liberal Judge and forced it on us.   Trump: They lost to him now they seek to remove him from office. Are you seeing a pattern here?",0.2,"['The post expresses a political opinion without demeaning any group, so it is not hate speech.', 'The post criticizes political processes and decisions but does not incite violence, so it is not hate speech.', ""The post uses the term 'forced on us,' which could be seen as demeaning to those who support the mentioned issues, but it does not target a protected characteristic, so it is not hate speech."", 'The post does not contain vulgarity or offensive language, so it is not hate speech.', 'The post reflects a disagreement with political outcomes rather than an attack on human dignity, so it is not hate speech.', 'The post could be interpreted as expressing frustration with liberal policies, but it does not call for violence, so it is not hate speech.', 'The post does not use slurs or derogatory language, so it is not hate speech.', 'The post could be seen as polarizing but does not meet the criteria for hate speech as it lacks demeaning language towards a protected group.', 'The post is a critique of political and judicial processes, not an assault on human dignity, so it is not hate speech.', 'The post may be seen as divisive but does not contain elements of hate speech as defined by the aspects considered.']","[0, 0, 0, 0, 0, 0, 0, 0, 0, 0]","The post does not meet the criteria for hate speech based on the aspects considered. It primarily expresses political opinions and critiques without demeaning language, calls for violence, or vulgarity directed at protected groups. Therefore, the opinions suggest that the post is not hate speech, resulting in a consensus of non-hate speech labels.",0.0,0.2
9,2061,"Socialists have been claiming for a century or more that Capitalism doesn't have the facts on its side.  Losing that argument, they now claim that facts don't matter.  Rinse and repeat.",0.6,"['The post is a critique of socialists and does not target any protected group, so it is not hate speech.', 'The post uses a dismissive tone towards socialists, but it does not degrade their human dignity, so it is not hate speech.', 'The post does not contain any calls for violence against socialists or any other group, so it is not hate speech.', 'The post does not use vulgar or offensive language, so it is not hate speech.', 'The post is a political opinion and falls under free speech, not hate speech.', 'The post could be seen as perpetuating stereotypes about socialists, but it does not reach the level of hate speech.', 'The post is a generalization about socialists but lacks any demeaning or degrading language, so it is not hate speech.', 'The post is a critique of an ideology rather than an attack on individuals, so it is not hate speech.', 'The post does not incite hatred or violence, so it is not hate speech.', 'The post is a rhetorical argument and does not exhibit characteristics of hate speech.']","[0, 0, 0, 0, 0, 0, 0, 0, 0, 0]","The post is a critique of socialists and does not target any protected group, so it is not hate speech. The post uses a dismissive tone towards socialists, but it does not degrade their human dignity, so it is not hate speech. The post does not contain any calls for violence against socialists or any other group, so it is not hate speech. The post does not use vulgar or offensive language, so it is not hate speech. The post is a political opinion and falls under free speech, not hate speech. The post could be seen as perpetuating stereotypes about socialists, but it does not reach the level of hate speech. The post is a generalization about socialists but lacks any demeaning or degrading language, so it is not hate speech. The post is a critique of an ideology rather than an attack on individuals, so it is not hate speech. The post does not incite hatred or violence, so it is not hate speech. The post is a rhetorical argument and does not exhibit characteristics of hate speech.",0.0,0.6
10,2062,I am a Roman Catholic.  Our church is corrupt.  We need reformation.,0.4,"['The post criticizes an institution (the church) rather than individuals, so it is not hate speech.', 'The post calls for reformation, which is a constructive suggestion rather than a call for violence.', 'The post does not use vulgar or offensive language, so it is not hate speech.', 'The post could be seen as an internal critique from a member of the faith, which is not hate speech.', 'The post does not demean or degrade individuals based on protected characteristics, so it is not hate speech.', ""The post expresses a personal opinion about the church's state, which is not hate speech."", 'The post could be interpreted as a call for positive change, not hate speech.', 'The post does not incite violence or harm against any group, so it is not hate speech.', 'The post is a critique of an institution, which is generally considered acceptable discourse, not hate speech.', 'The post lacks any slurs or derogatory terms, indicating it is not hate speech.']","[0, 0, 0, 0, 0, 0, 0, 0, 0, 0]","The post ""I am a Roman Catholic. Our church is corrupt. We need reformation."" is generally not considered hate speech based on the opinions provided. It is a critique of an institution without demeaning language, calls for violence, or vulgarity. The opinions reflect a consensus that the post is not hate speech, leading to a low disagreement among annotators.",0.0,0.4
11,2063,"In America, Right Wing can best be described as people who are self-sufficient and want to be left alone.  Left Wing is best described as people who are dependent and want to tell everyone else what to do.",0.6,"['The post is a generalization of political groups but does not target any protected characteristic, so it is not hate speech.', 'The post uses stereotypes about political groups, which could be seen as offensive but not hate speech.', 'The post does not contain any vulgar or offensive language, so it is not hate speech.', 'The post does not call for violence or harm against any group, so it is not hate speech.', 'The post could be seen as demeaning to those who identify with the Left Wing, but it does not reach the level of hate speech.', 'The post is a political opinion and falls under free speech, not hate speech.', 'The post could be interpreted as divisive but does not meet the criteria for hate speech.', 'The post is a critique of political ideologies and does not target individuals based on protected characteristics, so it is not hate speech.', 'The post does not degrade individuals based on race, ethnicity, gender, or other protected characteristics, so it is not hate speech.', 'The post is an expression of political bias but does not constitute hate speech.']","[0, 0, 0, 0, 0, 0, 0, 0, 0, 0]","The post in question is a statement about political ideologies in America, specifically contrasting the Right Wing and Left Wing. It does not contain any explicit language that degrades individuals based on protected characteristics such as race, ethnicity, gender, religion, or sexual orientation. Additionally, it does not incite violence or use vulgar language. The opinions generated reflect a consensus that the post is not hate speech, as it primarily expresses a political viewpoint without crossing into the realm of hate speech. Therefore, all opinions lead to a label of 0, indicating non-hate speech.",0.0,0.6
12,2064,"If we are to succeed in Making America Great Again, we have to put a lot of effort into making Americans Great Again.",0.2,"['The post is a political statement and does not contain hate speech.', ""The phrase 'Making America Great Again' is associated with a political campaign but is not inherently hate speech."", 'The post does not target any specific group or individual, so it is not hate speech.', 'The post lacks any vulgar or offensive language, indicating it is not hate speech.', 'The post does not call for violence or harm against any group or individual.', 'The post could be interpreted as promoting national pride rather than hate speech.', 'The post does not demean or degrade any group based on protected characteristics.', 'The post is ambiguous and could be interpreted differently depending on political views, but it does not meet the criteria for hate speech.', 'The post is a motivational statement about improving the country and its citizens, not hate speech.', 'The post does not exhibit any of the aspects of hate speech, such as assaults on human dignity, calls for violence, or vulgarity.']","[0, 0, 0, 0, 0, 0, 0, 0, 0, 0]","The post is a political statement associated with a well-known campaign slogan. It does not contain any language that degrades or demeans individuals or groups based on protected characteristics, nor does it incite violence or use vulgar language. The post is more about national pride and motivation, and while it may be interpreted differently based on political views, it does not meet the criteria for hate speech. Therefore, all opinions lead to a label of 0 for non-hate speech.",0.0,0.2
13,2065,"IMO-If there is anything good anywhere in the world, America had something to do with it.",0.0,"['The post is expressing national pride and does not target any specific group, so it is not hate speech.', ""The post could be seen as dismissive of other countries' contributions, but it does not constitute hate speech."", 'The post does not contain any vulgar or offensive language, so it is not hate speech.', 'The post does not call for violence or harm against any group, so it is not hate speech.', 'The post could be interpreted as ethnocentric, but it does not degrade any specific group, so it is not hate speech.', ""The post is a subjective opinion about America's influence and does not demean any group, so it is not hate speech."", 'The post does not mention race, ethnicity, gender, religion, or sexual orientation, so it is not hate speech.', 'The post could be seen as overly patriotic, but it does not incite violence or use offensive language, so it is not hate speech.', 'The post is likely to be interpreted as a positive statement about America rather than a negative one about others, so it is not hate speech.', 'The post does not exhibit any characteristics of hate speech as it lacks demeaning, violent, or vulgar content.']","[0, 0, 0, 0, 0, 0, 0, 0, 0, 0]","The post ""IMO-If there is anything good anywhere in the world, America had something to do with it."" does not exhibit characteristics of hate speech based on the aspects provided. It does not demean or degrade any specific group, does not incite violence, and does not contain vulgar or offensive language. The opinions reflect a consensus that the post is not hate speech, resulting in a low disagreement assessment.",0.0,0.0
14,2066,"IMO-If the Establishment media stops bashing Trump, that's when we should be concerned.",0.2,"['The post does not contain any assaults on human dignity as it does not target any specific group based on protected characteristics.', 'The post does not call for violence or incite harm against any individual or group.', 'The post does not use vulgarity or offensive language.', 'The post is a political opinion and does not fall under hate speech.', 'The post could be seen as supportive of Trump, but it does not demean or degrade any group.', 'The post is a critique of media behavior rather than an attack on any group.', 'The post does not contain any slurs or derogatory terms.', 'The post is expressing a viewpoint on media coverage, which is not hate speech.', 'The post does not exhibit any characteristics of hate speech as it lacks demeaning language.', 'The post is a commentary on political dynamics and media, not hate speech.']","[0, 0, 0, 0, 0, 0, 0, 0, 0, 0]","The post is a political opinion piece that critiques media behavior towards Trump. It does not contain any language or content that would classify it as hate speech. There are no assaults on human dignity, calls for violence, or use of vulgar or offensive language. The post is more about expressing a viewpoint on media coverage and political dynamics, which does not fall under the definition of hate speech. Therefore, all opinions lead to a label of 0 for non-hate speech.",0.0,0.2
15,2463,@alternative_right   Are you guys gonna gas me because of my Scottish roots?,0.4,"[""The post uses the phrase 'gas me,' which could be interpreted as a reference to violence or historical atrocities, suggesting a call for violence or harm, thus constituting hate speech."", ""The mention of 'Scottish roots' does not target a protected characteristic typically associated with hate speech, so it may not be considered hate speech."", 'The post could be seen as sarcastic or satirical, questioning the absurdity of being targeted for Scottish heritage, which might not be hate speech.', ""The use of 'gas me' is highly offensive and could be seen as trivializing historical events, which might be considered hate speech."", 'The post does not explicitly demean or degrade any group based on race, ethnicity, or other protected characteristics, so it might not be hate speech.', ""The post could be interpreted as a critique of the 'alternative right,' suggesting that they are violent, which might not be hate speech but rather a political statement."", 'The language used in the post is provocative and could be seen as inciting violence, thus constituting hate speech.', 'The post does not contain any explicit slurs or vulgar language, which might suggest it is not hate speech.', 'The context of the post is ambiguous, and without additional context, it is difficult to determine if it is hate speech.', 'The post could be interpreted as a rhetorical question highlighting the absurdity of violence based on heritage, which might not be hate speech.']","[1, 0, 0, 1, 0, 0, 1, 0, 0, 0]","1. The post uses the phrase 'gas me,' which could be interpreted as a reference to violence or historical atrocities, suggesting a call for violence or harm, thus constituting hate speech. (Label: 1)
2. The mention of 'Scottish roots' does not target a protected characteristic typically associated with hate speech, so it may not be considered hate speech. (Label: 0)
3. The post could be seen as sarcastic or satirical, questioning the absurdity of being targeted for Scottish heritage, which might not be hate speech. (Label: 0)
4. The use of 'gas me' is highly offensive and could be seen as trivializing historical events, which might be considered hate speech. (Label: 1)
5. The post does not explicitly demean or degrade any group based on race, ethnicity, or other protected characteristics, so it might not be hate speech. (Label: 0)
6. The post could be interpreted as a critique of the 'alternative right,' suggesting that they are violent, which might not be hate speech but rather a political statement. (Label: 0)
7. The language used in the post is provocative and could be seen as inciting violence, thus constituting hate speech. (Label: 1)
8. The post does not contain any explicit slurs or vulgar language, which might suggest it is not hate speech. (Label: 0)
9. The context of the post is ambiguous, and without additional context, it is difficult to determine if it is hate speech. (Label: 0)
10. The post could be interpreted as a rhetorical question highlighting the absurdity of violence based on heritage, which might not be hate speech. (Label: 0)",0.3,0.10000000000000003
16,2465,"You'd have to look at her ass... have you ever heard her sing?She's got a pretty voice, but I swear to God she has dropsy.  She sounds like she has a mouth full of peanut butter... like her mouth doesn't form words or close all the way when enunciating words.It's like listening to someone who just got back from the dentist.",0.4,"[""The post is a critique of a singer's vocal abilities and does not target any protected characteristic, so it is not hate speech."", ""The post uses derogatory language to describe the singer's voice, which could be seen as demeaning, but it does not target a protected group, so it is not hate speech."", ""The post contains vulgar language ('ass'), which might be offensive, but it is not directed at a protected group, so it is not hate speech."", 'The post does not call for violence or physical harm against the singer, so it is not hate speech.', ""The post's language is more of a personal opinion about the singer's abilities rather than an assault on human dignity, so it is not hate speech."", ""The post could be interpreted as body shaming due to the mention of 'ass,' but it does not target a protected characteristic, so it is not hate speech."", ""The post's comparison to someone 'who just got back from the dentist' is a metaphor for poor enunciation and not hate speech."", 'The post does not contain slurs or offensive language directed at a specific group, so it is not hate speech.', ""The post's critique of the singer's voice is harsh but falls under freedom of expression and is not hate speech."", ""The post's use of 'dropsy' is outdated and potentially offensive, but it does not constitute hate speech as it is not targeting a protected group.""]","[0, 0, 0, 0, 0, 0, 0, 0, 0, 0]","The post is primarily a critique of a singer's vocal abilities and does not target any protected characteristic or call for violence. While it uses some derogatory and potentially offensive language, it does not meet the criteria for hate speech as it does not demean or degrade individuals based on race, ethnicity, gender, religion, sexual orientation, or other protected characteristics. The language used is more of a personal opinion and falls under freedom of expression. Therefore, the post is not considered hate speech.",0.0,0.4
17,2467,This guy:'All the best Europeans stayed in Europe'Also this guy:'I'm an American'LMAOOOO!!,0.2,"[""The post is a humorous critique of someone's contradictory statements and does not target any specific group, so it is not hate speech."", 'The post could be interpreted as mocking Americans, but it does not use offensive language or call for violence, so it is not hate speech.', 'The post highlights a perceived irony without demeaning any group based on protected characteristics, so it is not hate speech.', ""The use of 'LMAOOOO' suggests a light-hearted tone, indicating the post is meant as a joke rather than hate speech."", 'The post does not contain any vulgarity or slurs, so it is not hate speech.', 'The post could be seen as a critique of national identity, but it does not degrade or demean any group, so it is not hate speech.', 'The post does not incite violence or harm against any group, so it is not hate speech.', 'The post could be interpreted as a commentary on immigration or cultural identity, but it lacks offensive or harmful language, so it is not hate speech.', ""The post is a satirical take on someone's statement and does not exhibit characteristics of hate speech."", 'The post does not target a specific race, ethnicity, or religion, and lacks elements of hate speech.']","[0, 0, 0, 0, 0, 0, 0, 0, 0, 0]","The post is a humorous critique of someone's contradictory statements and does not target any specific group, so it is not hate speech. The post could be interpreted as mocking Americans, but it does not use offensive language or call for violence, so it is not hate speech. The post highlights a perceived irony without demeaning any group based on protected characteristics, so it is not hate speech. The use of 'LMAOOOO' suggests a light-hearted tone, indicating the post is meant as a joke rather than hate speech. The post does not contain any vulgarity or slurs, so it is not hate speech. The post could be seen as a critique of national identity, but it does not degrade or demean any group, so it is not hate speech. The post does not incite violence or harm against any group, so it is not hate speech. The post could be interpreted as a commentary on immigration or cultural identity, but it lacks offensive or harmful language, so it is not hate speech. The post is a satirical take on someone's statement and does not exhibit characteristics of hate speech. The post does not target a specific race, ethnicity, or religion, and lacks elements of hate speech.",0.0,0.2
18,3076,"Democrats really don't have a choice other than to attempt to impeach Trump...They have no single candidate that can compete with him in 2020 and the more this economy grows, the more challenging it will be to beat him.And they don't want their top leadership going to jail nor do they want to lose the SCOTUS for the next 4 decades.  They're so screwed which is why they act so desperate!",0.4,"['The post is a political opinion and does not contain hate speech as it does not target any protected group.', 'The post criticizes a political party but does not demean or degrade individuals based on protected characteristics, so it is not hate speech.', 'The language used in the post is not vulgar or offensive, and it does not contain slurs, so it is not hate speech.', 'The post does not call for violence or incite harm against any group or individual, so it is not hate speech.', 'The post reflects a partisan viewpoint but does not attack human dignity based on race, ethnicity, gender, or other protected characteristics.', 'The post uses strong language to describe political desperation but does not cross into hate speech territory.', 'The post is a critique of political strategy and does not involve hate speech as it lacks demeaning language towards protected groups.', 'The post does not exhibit any characteristics of hate speech as it focuses on political analysis rather than personal attacks.', 'The post is a political commentary and does not contain elements of hate speech, such as assaults on human dignity or calls for violence.', 'The post is a partisan expression and does not include hate speech as it does not target individuals or groups based on protected characteristics.']","[0, 0, 0, 0, 0, 0, 0, 0, 0, 0]","The post is a political commentary on the Democratic party's strategy regarding Trump and the 2020 election. It does not contain elements of hate speech as it does not demean or degrade individuals based on protected characteristics, incite violence, or use vulgar or offensive language. The opinions reflect a consensus that the post is not hate speech, resulting in low disagreement among annotators.",0.0,0.4
19,3077,"John Kerry couldn't take out W in the 2004 Presidential election, so how in the hell does he plan to defeat the most popular Republican President in history?Hope he runs.  It would be an easy victory.https://www.cbsnews.com/news/john-kerry-wont-rule-...",0.0,"['The post is a political opinion and does not contain hate speech as it does not target any protected group.', 'The post does not use vulgar or offensive language, so it is not hate speech.', 'The post does not call for violence or harm against any individual or group, so it is not hate speech.', ""The post is a critique of a political figure's chances in an election, which is a common political discourse and not hate speech."", 'The post does not demean or degrade any individual based on race, ethnicity, gender, religion, or sexual orientation, so it is not hate speech.', 'The post is focused on political strategy and opinion, which is not considered hate speech.', 'The post does not contain any slurs or derogatory terms, so it is not hate speech.', ""The post is a personal opinion about a political figure's capabilities, which is not hate speech."", 'The post does not exhibit any characteristics of hate speech as it is a political commentary.', 'The post is a straightforward political opinion without any elements of hate speech.']","[0, 0, 0, 0, 0, 0, 0, 0, 0, 0]","The post is a political commentary on John Kerry's potential candidacy against a popular Republican President. It does not contain any elements of hate speech as it does not demean, degrade, or incite violence against any individual or group based on protected characteristics. The language used is not vulgar or offensive, and the post is focused on political opinion rather than hate speech.",0.0,0.0
20,3078,So David Brock's shitposters are back?I haven't noticed.,0.0,"[""The post uses the term 'shitposters,' which could be considered vulgar or offensive language, but it is not directed at a specific group or individual, so it may not be hate speech."", ""The post mentions 'David Brock's shitposters,' which could imply a group of people, but it does not demean or degrade them based on protected characteristics, so it may not be hate speech."", 'The post does not contain any explicit calls for violence against individuals or groups, so it is unlikely to be considered hate speech.', ""The use of 'shitposters' might be seen as offensive, but it is a common internet slang term and may not be intended as hate speech."", 'The post lacks context that would indicate it is targeting a specific group based on race, ethnicity, gender, or other protected characteristics, suggesting it is not hate speech.', 'The post could be interpreted as a casual or humorous remark about online behavior, rather than a serious attack on any group, indicating it is not hate speech.', ""The term 'shitposters' is used in a way that does not appear to incite violence or harm, so it is unlikely to be hate speech."", 'The post does not use slurs or derogatory language aimed at a specific group, which suggests it is not hate speech.', ""The post's language is informal and potentially offensive, but it does not meet the criteria for hate speech as it does not target protected characteristics."", 'The post could be seen as a critique of online behavior rather than an attack on a specific group, indicating it is not hate speech.']","[0, 0, 0, 0, 0, 0, 0, 0, 0, 0]","The post ""So David Brock's shitposters are back? I haven't noticed."" does not appear to meet the criteria for hate speech based on the aspects provided. The language used, while potentially offensive, does not target individuals or groups based on protected characteristics, nor does it incite violence. The term 'shitposters' is a slang term often used in online communities and may not be intended as hate speech. Overall, the post seems to be more of a casual remark about online behavior rather than a serious attack on any group.",0.0,0.0
21,3079,I'm sure Bill Clinton has a donut for Ariana Grande to lick...https://www.youtube.com/watch?v=Oja97POVbM8,0.4,"['The post is a harmless joke referencing a past incident involving Ariana Grande and a donut, with no hate speech elements.', ""The post uses a public figure's name in a humorous context without demeaning or degrading any group, thus not hate speech."", ""The post could be seen as offensive due to its suggestive nature, but it does not target any protected group, so it's not hate speech."", 'The post is a satirical comment on celebrity culture and does not contain elements of hate speech.', 'The post does not incite violence or use vulgar language against any individual or group, so it is not hate speech.', 'The post might be considered in poor taste but lacks any direct assault on human dignity or calls for violence.', 'The post is a playful jab at a celebrity incident and does not contain hate speech.', 'The post does not use slurs or offensive language directed at any group, thus not hate speech.', ""The post is a humorous take on a celebrity's past actions and does not degrade any group, so it is not hate speech."", 'The post is a light-hearted comment and does not meet the criteria for hate speech.']","[0, 0, 0, 0, 0, 0, 0, 0, 0, 0]","The post in question is a humorous reference to a past incident involving Ariana Grande and a donut, with a playful mention of Bill Clinton. It does not contain elements that degrade or demean any protected group, nor does it incite violence or use vulgar language directed at individuals or groups. The opinions reflect a consensus that the post is not hate speech, as it lacks the necessary elements such as assaults on human dignity, calls for violence, or offensive language targeting specific groups. Therefore, all opinions lead to a label of 0, indicating non-hate speech.",0.0,0.4
22,3081,"So the media believes they have a 'gotcha' moment with Trump's off the record comments about the Canadian trade negotiation.But by owning it and admitting he said it, he's sending a message of honesty and transparency.The public knows how important these trade deals are to Trump, so if he'll own that publicly, is there much else he could lie about?Not really.",0.0,"['The post does not contain any assaults on human dignity, as it does not target any specific group based on race, ethnicity, gender, religion, or sexual orientation.', 'The post does not call for violence or encourage physical harm against any individuals or groups.', 'The post does not contain vulgarity or offensive language, as it is written in a neutral tone without profanity or slurs.', 'The post appears to be a commentary on political transparency and does not exhibit characteristics of hate speech.', 'The post is focused on political analysis and does not demean or degrade any individuals or groups.', 'The post does not incite violence or use language that could be interpreted as a call to action against any group.', 'The post is a discussion of political strategy and does not contain elements of hate speech.', 'The post does not use language that could be considered offensive or harmful to any particular group.', 'The post is a political opinion piece and does not contain hate speech elements.', 'The post does not exhibit any characteristics of hate speech, as it is a political commentary without offensive or harmful language.']","[0, 0, 0, 0, 0, 0, 0, 0, 0, 0]","The post is a political commentary on Trump's approach to media and trade negotiations. It does not contain any elements that would classify it as hate speech based on the aspects provided. The opinions reflect a consensus that the post is non-hate speech, focusing on political analysis rather than targeting any specific group or inciting violence.",0.0,0.0
23,3082,Trump admits that he made the 'off the record' comments regarding the Canadian negotiations...And he doesn't care because he knows we have the stronger negotiating position.This changes nothing and sets the clear tone for what Canada has to do if they want to make a deal.,0.2,"['The post is a straightforward political commentary and does not contain hate speech.', 'The post does not demean or degrade any individual or group based on protected characteristics.', 'There is no call for violence or encouragement of physical harm in the post.', 'The language used in the post is not vulgar or offensive.', 'The post discusses political strategy without targeting any specific group with hate.', 'The post could be seen as nationalistic but not hateful towards any group.', 'The post is focused on political negotiations and does not involve hate speech elements.', 'The post does not use slurs or derogatory language against any group.', 'The post is neutral in tone and does not incite hate or violence.', 'The post is a commentary on political events and does not exhibit hate speech characteristics.']","[0, 0, 0, 0, 0, 0, 0, 0, 0, 0]","The post is a political commentary on negotiations between the U.S. and Canada, specifically mentioning Trump's comments. It does not contain elements of hate speech as it does not demean any group, incite violence, or use offensive language. The opinions reflect a consensus that the post is non-hate speech, leading to a low disagreement among annotators.",0.0,0.2
24,3083,Do you need evidence that Progressives are intellectually superior to the rest of us?Here you go:  'Front Hole',0.6,"[""The post uses the term 'Front Hole' in a derogatory manner, which could be seen as demeaning to individuals who use this term, potentially constituting hate speech."", 'The post appears to mock or belittle a group (Progressives) by implying they use nonsensical or absurd language, which could be interpreted as an assault on human dignity.', 'The post does not explicitly call for violence or physical harm against any group, so it may not meet the criteria for hate speech in that regard.', ""The use of the term 'Front Hole' could be seen as vulgar or offensive, but it is not directed at a specific individual or group, making it less likely to be considered hate speech."", 'The post seems to be a sarcastic commentary on language use, which might not be intended as hate speech but rather as a critique of political correctness.', 'The post could be interpreted as a form of satire, targeting the language choices of a political group, which might not constitute hate speech.', 'The post does not contain any explicit slurs or profanity, which might lead some to view it as non-hate speech.', 'The post could be seen as perpetuating stereotypes about Progressives, which might be considered an assault on human dignity.', ""The post's intent seems to be to ridicule rather than to harm, which might lead some to classify it as non-hate speech."", 'The post could be interpreted as an attempt to provoke or incite negative feelings towards Progressives, which might be seen as a form of hate speech.']","[1, 1, 0, 0, 0, 0, 0, 1, 0, 1]",Opinions and labels generated based on the post content and aspects of hate speech.,0.4,0.19999999999999996
25,3248,"Just waxed my snowboard and had my coat cleaned, they say it's going to be a cold winter. I'm not excited at all winter is on it's way! :)",0.0,"['The post is simply about winter preparations and does not contain any hate speech elements.', 'There is no mention of any group or individual being demeaned or degraded, so it is not hate speech.', 'The post does not incite or encourage violence against any group or individual.', 'There is no vulgar or offensive language present in the post.', 'The post is neutral and focuses on personal activities related to winter.', 'The post does not address any protected characteristics or groups, thus not hate speech.', 'The tone of the post is light-hearted and does not suggest any negative intent.', 'The post is about personal feelings towards winter and does not target any group.', 'There is no context or language that could be interpreted as hate speech.', 'The post is straightforward and lacks any elements that could be considered hate speech.']","[0, 0, 0, 0, 0, 0, 0, 0, 0, 0]","The post is a personal expression about winter and does not contain any elements of hate speech. It does not demean, incite violence, or use offensive language. Therefore, all opinions suggest it is not hate speech, resulting in a unanimous label of 0 for non-hate speech.",0.0,0.0
26,3251,Fantastic investigative work done by Corey Lynn: Connecting the dots between the global warming scam and child trafficking..Clinton connection of course. Shipwrecked on Ten Islands with Clinton's and Brandson https://coreysdigs.com/clinton-foundation/shipwrec...,0.0,"['The post is a conspiracy theory and does not constitute hate speech as it does not target any specific group based on protected characteristics.', 'The post implies a negative association with the Clintons, but it does not use offensive language or call for violence, so it is not hate speech.', 'The post could be seen as demeaning to individuals associated with the Clintons, but it lacks vulgarity or calls for violence, making it non-hate speech.', 'The post is critical of public figures and organizations but does not degrade any group based on race, gender, or other protected characteristics, so it is not hate speech.', ""The post's mention of 'child trafficking' could be seen as inflammatory, but it does not directly incite violence or use slurs, so it is not hate speech."", 'The post is an expression of opinion on political matters and does not contain hate speech as it lacks demeaning language or calls for violence.', ""The post's language is provocative but not explicitly hateful or violent, so it is not considered hate speech."", 'The post could be interpreted as spreading misinformation, but misinformation alone does not qualify as hate speech.', 'The post does not contain any explicit slurs or derogatory terms, so it is not hate speech.', ""The post's content is controversial but does not meet the criteria for hate speech as it does not attack any protected group.""]","[0, 0, 0, 0, 0, 0, 0, 0, 0, 0]","The post in question does not appear to meet the criteria for hate speech based on the aspects provided. It does not contain assaults on human dignity, calls for violence, or vulgarity/offensive language directed at protected groups. The opinions reflect a consensus that the post is controversial and potentially misleading but does not constitute hate speech.",0.0,0.0
27,3252,Antifa Protesting George Soros for non payment. Soros where's our money...... https://twitter.com/Jamierodr10/status/10356866243...,0.0,"['The post is a satirical comment on Antifa and George Soros, not intended as hate speech.', 'The post implies a conspiracy theory about George Soros funding protests, which could be seen as anti-Semitic.', 'The post does not contain any direct calls for violence or harm against individuals or groups.', 'The post uses humor to criticize political figures, which is not hate speech.', 'The post perpetuates a stereotype about George Soros, which could be considered demeaning.', 'The post does not use vulgar or offensive language, so it may not be considered hate speech.', 'The post could be interpreted as mocking a political group, but not necessarily as hate speech.', ""The post's reference to George Soros could be seen as targeting him based on his Jewish identity, which may be considered hate speech."", 'The post is ambiguous and could be interpreted in multiple ways, leading to high disagreement among annotators.', 'The post is a political commentary and does not meet the criteria for hate speech.']","[0, 1, 0, 0, 1, 0, 0, 1, 0, 0]","1. The post is a satirical comment on Antifa and George Soros, not intended as hate speech. (Label: 0)
2. The post implies a conspiracy theory about George Soros funding protests, which could be seen as anti-Semitic. (Label: 1)
3. The post does not contain any direct calls for violence or harm against individuals or groups. (Label: 0)
4. The post uses humor to criticize political figures, which is not hate speech. (Label: 0)
5. The post perpetuates a stereotype about George Soros, which could be considered demeaning. (Label: 1)
6. The post does not use vulgar or offensive language, so it may not be considered hate speech. (Label: 0)
7. The post could be interpreted as mocking a political group, but not necessarily as hate speech. (Label: 0)
8. The post's reference to George Soros could be seen as targeting him based on his Jewish identity, which may be considered hate speech. (Label: 1)
9. The post is ambiguous and could be interpreted in multiple ways, leading to high disagreement among annotators. (Label: 0)
10. The post is a political commentary and does not meet the criteria for hate speech. (Label: 0)",0.3,0.3
28,3423,"A top #Israeli #soccer team has added ""#Trump"" to their name in honor of the U.S. president:  https://www.mirror.co.uk/sport/football/news/top-israeli-football-team-adds-12529965",0.0,"['The post is simply reporting a news event and does not contain any hate speech.', 'The post does not demean or degrade any individual or group based on protected characteristics.', 'There is no call for violence or encouragement of physical harm in the post.', 'The post does not contain any vulgarity or offensive language.', ""The mention of '#Trump' is neutral and does not imply hate speech."", 'The post could be seen as controversial due to political opinions about Trump, but it does not constitute hate speech.', 'The post is factual and lacks any elements of hate speech.', 'The post does not target any specific group or individual with hate speech.', 'The post is unlikely to be interpreted as hate speech by most annotators.', 'The post is straightforward and does not exhibit any characteristics of hate speech.']","[0, 0, 0, 0, 0, 0, 0, 0, 0, 0]","The post is a straightforward news report about a soccer team naming decision and does not exhibit any characteristics of hate speech. It does not demean or degrade any group, call for violence, or use offensive language. The mention of '#Trump' is neutral and does not imply hate speech. Overall, the post is unlikely to be interpreted as hate speech by most annotators, leading to a consensus of non-hate speech labeling.",0.0,0.0
29,3842,SIGN PETITION! Protect Free Speech in the Digital Public Square  https://petitions.whitehouse.gov/petition/protect-...,0.0,"['The post is advocating for free speech, which is a fundamental right and does not constitute hate speech.', 'The post does not contain any language that demeans or degrades individuals or groups based on protected characteristics.', 'There is no call for violence or encouragement of physical harm in the post.', 'The post does not use vulgarity, slurs, or offensive language.', 'The post is neutral and simply encourages signing a petition, which is a form of civic engagement.', 'The post could be interpreted as a response to perceived censorship, but it does not explicitly promote hate speech.', 'The post is focused on a political issue rather than targeting any specific group or individual.', 'The post does not exhibit any characteristics of hate speech as it lacks derogatory or harmful language.', 'The post is likely to be interpreted as a call for action on a policy issue, not as hate speech.', ""The post's intent is to promote a cause related to free speech, without any hateful or harmful content.""]","[0, 0, 0, 0, 0, 0, 0, 0, 0, 0]","The post is a call to action for signing a petition to protect free speech, which is a fundamental right. It does not contain any language that demeans or degrades individuals or groups based on race, ethnicity, gender, religion, sexual orientation, or other protected characteristics. There is no incitement or encouragement of violence, nor does it use vulgarity, slurs, or offensive language. The post is neutral and focuses on a political issue, encouraging civic engagement without targeting any specific group or individual. It is likely to be interpreted as a call for action on a policy issue rather than hate speech, as it lacks derogatory or harmful language.",0.0,0.0
30,3843,FINALLY! The FBI announced Friday the arrest of 5 NM compound suspects on federal firearms & conspiracy charges after a judge on Wed dismissed child abuse charges against 3 defendants found inside.  https://www.breitbart.com/big-government/2018/08/3...,0.0,"['The post is simply reporting news and does not contain any hate speech elements.', ""The post could be seen as targeting a specific group by mentioning 'NM compound suspects,' which might imply a racial or ethnic group, but it is not explicit."", 'The post does not contain any vulgar or offensive language, so it is unlikely to be considered hate speech.', 'The post does not call for violence or incite harm against any group or individual.', ""The mention of 'FBI' and 'arrest' is factual and does not demean any group, so it is not hate speech."", 'The post could be interpreted as biased if the source is known for a particular political stance, but the content itself is not hate speech.', ""The post might be seen as perpetuating stereotypes if the 'NM compound' is associated with a specific group, but it does not explicitly assault human dignity."", 'The post is a straightforward news report and does not exhibit characteristics of hate speech.', ""The post's link to Breitbart might suggest a bias, but the text itself does not contain hate speech."", 'The post does not degrade or demean any individuals or groups based on protected characteristics.']","[0, 0, 0, 0, 0, 0, 0, 0, 0, 0]","The post is a news report about the arrest of suspects and does not contain elements of hate speech. It does not use offensive language, call for violence, or demean any group based on protected characteristics. While the source of the news (Breitbart) might suggest a certain bias, the content of the post itself does not exhibit hate speech. Therefore, all opinions lead to a label of 0 for non-hate speech.",0.0,0.0
31,3844,"I'd Leave! A plan to merge T-Mobile 7 Sprint, 2 billion dollar wireless conglomerates, will result in the loss of nearly 29,000 American jobs, a report by the leading union for communication workers reveals. https://www.breitbart.com/big-government/2018/08/3...",0.2,"['The post is simply reporting on a business merger and its potential impact on jobs, without any hate speech elements.', 'The post does not target any specific group or individual based on protected characteristics, so it is not hate speech.', 'The post is critical of a business decision but does not use offensive language or slurs, indicating it is not hate speech.', 'The post could be seen as inciting economic fear, but it does not call for violence or use hate speech.', 'The post is informative and lacks any vulgarity or offensive language, suggesting it is not hate speech.', 'The post does not demean or degrade any group; it focuses on economic consequences, not hate speech.', 'The post might be interpreted as anti-corporate, but it does not meet the criteria for hate speech.', 'The post is neutral in tone and does not exhibit any characteristics of hate speech.', 'The post is focused on economic issues rather than social or cultural issues, so it is not hate speech.', 'The post does not contain any elements of hate speech as it is a factual report on a merger.']","[0, 0, 0, 0, 0, 0, 0, 0, 0, 0]","The post is a factual report on a business merger and its potential impact on jobs, without any elements of hate speech. It does not target any specific group or individual based on protected characteristics, nor does it use offensive language or slurs. The post is critical of a business decision but does not incite violence or use hate speech. It is informative, lacks vulgarity, and does not demean or degrade any group. The focus is on economic consequences rather than social or cultural issues, making it not hate speech.",0.0,0.2
32,3845,"2/3 of Republicans and a 1/3 of independents think special counsel Robert Mueller’s #Russia investigation should be shut down, according to a new Axios poll. https://www.breitbart.com/big-government/2018/08/3...",0.0,"['The post is simply reporting poll results and does not contain any hate speech elements.', 'The post does not demean or degrade any individuals or groups based on protected characteristics.', 'There is no call for violence or encouragement of physical harm in the post.', 'The language used in the post is neutral and does not contain vulgarity or offensive language.', 'The post is informative and does not express any personal opinion or bias that could be considered hate speech.', 'The post could be seen as politically charged, but it does not cross into hate speech territory.', 'The post is factual and does not include any slurs or derogatory terms.', 'The post does not target any specific group or individual in a harmful way.', 'The post is a straightforward news report and lacks any elements of hate speech.', 'The post does not incite hatred or discrimination against any group.']","[0, 0, 0, 0, 0, 0, 0, 0, 0, 0]","The post is a straightforward report of poll results related to the political opinions of certain groups regarding a specific investigation. It does not contain any elements that would typically be classified as hate speech, such as demeaning language, calls for violence, or vulgarity. The language is neutral and factual, focusing on the dissemination of information rather than expressing any harmful or derogatory views. As such, all opinions suggest that the post is not hate speech, resulting in a unanimous labeling of 0 for non-hate speech.",0.0,0.0
33,3846,Neil Armstrong Movie Starring Canadian Ryan Gosling Doesn’t Feature planting of American Flag on Moon Surface #BoycottFirstMan https://www.breitbart.com/big-hollywood/2018/08/30...,0.0,"['The post is simply reporting a fact about a movie and does not contain any hate speech.', 'The hashtag #BoycottFirstMan could be seen as a call to action, but it does not incite violence or hate.', 'The post does not demean or degrade any individual or group based on protected characteristics.', 'The post could be interpreted as nationalistic, but it does not cross into hate speech territory.', 'The omission of the American flag planting might upset some, but the post itself is not offensive or vulgar.', 'The post is critical of a movie decision, which is a matter of opinion and not hate speech.', 'The post does not use any vulgar or offensive language.', 'The post could be seen as promoting a boycott, but this is not inherently hate speech.', 'The post does not contain any slurs or derogatory terms.', 'The post is focused on a specific movie scene and does not target any group or individual.']","[0, 0, 0, 0, 0, 0, 0, 0, 0, 0]","The post discusses a movie and its portrayal of a historical event, specifically the omission of the American flag planting on the moon. It includes a hashtag suggesting a boycott of the movie. The opinions reflect that the post does not contain elements of hate speech as it does not demean individuals or groups, incite violence, or use vulgar language. The focus is on a movie decision, which is a subjective matter and not inherently hateful.",0.0,0.0
34,3847,"In-N-Out Refuses to Back Down, Responds to Democrats Boycotting Them with Fierce Statement.  Yikes. That’s the chair of the California Democratic Party acting like he’s ten years old. https://www.chicksonright.com/youngcons/2018/08/31...",0.4,"[""The post criticizes a political figure's maturity without using hate speech."", 'The post does not target any protected characteristic, so it is not hate speech.', ""The post uses the phrase 'acting like he’s ten years old,' which could be seen as offensive but not hate speech."", 'The post is a political commentary and does not contain hate speech.', 'The post does not incite violence or harm against any group or individual.', 'The post lacks vulgarity or offensive language directed at a group based on protected characteristics.', 'The post is a critique of political actions, not an assault on human dignity.', 'The post does not contain slurs or profanity, so it is not hate speech.', 'The post is a subjective opinion on political behavior, not hate speech.', 'The post does not demean or degrade individuals based on race, ethnicity, gender, or other protected characteristics.']","[0, 0, 0, 0, 0, 0, 0, 0, 0, 0]","The post is a political commentary criticizing a political figure's behavior without targeting any protected characteristic or using offensive language. It does not incite violence or harm, nor does it contain vulgarity or slurs. The opinions reflect a consensus that the post is not hate speech, resulting in low disagreement among annotators.",0.0,0.4
35,4260,Change My Mind: Trump Is Not A Fascist https://www.blazingcatfur.ca/2018/09/01/change-my-...,0.0,"['The post is a simple political opinion and does not contain hate speech.', 'The post does not demean or degrade any individual or group based on protected characteristics.', 'The post does not incite or encourage violence against any individual or group.', 'The post does not contain vulgarity, slurs, or offensive language.', 'The post is a call for discussion and debate rather than an attack on any group.', 'The post could be seen as controversial but not necessarily hateful.', 'The post is likely to be interpreted differently based on political views, leading to high disagreement.', 'The post does not explicitly target any race, ethnicity, gender, religion, or sexual orientation.', 'The post is more about political discourse than hate speech.', 'The post does not meet the criteria for hate speech as it lacks demeaning, violent, or vulgar content.']","[0, 0, 0, 0, 0, 0, 0, 0, 0, 0]","The post ""Change My Mind: Trump Is Not A Fascist"" is a statement inviting discussion or debate about a political figure. It does not contain language that degrades or demeans individuals or groups based on protected characteristics, nor does it incite violence or use vulgar language. The post is likely to be interpreted differently based on political views, which may lead to high disagreement among annotators. However, based on the aspects of hate speech considered, the post does not meet the criteria for hate speech.",0.0,0.0
36,4351,"While Democrats play the race card, we play the Trump cardJobs, Jobs, Jobs, equals a win for all https://canadafreepress.com/article/jobs-jobs-jobs...",0.4,"[""The post uses the phrase 'race card,' which could be seen as dismissive of racial issues, but it does not directly demean any group."", ""The post focuses on economic success ('Jobs, Jobs, Jobs') and does not contain any explicit calls for violence."", 'The language used in the post is not vulgar or offensive, and it does not include any slurs.', 'The post could be interpreted as politically charged but not as hate speech, as it does not target any specific group with harmful intent.', ""The phrase 'race card' might be interpreted as minimizing racial issues, but it is not explicitly hateful."", 'The post contrasts political strategies without using language that degrades any group based on protected characteristics.', ""The post's focus on 'Trump card' and economic success is more about political rivalry than hate speech."", 'The post does not incite violence or encourage harm against any group or individual.', 'The post could be seen as partisan but does not meet the criteria for hate speech as it lacks demeaning or violent language.', ""The post's content is more about political opinion and economic claims rather than hate speech.""]","[0, 0, 0, 0, 0, 0, 0, 0, 0, 0]","The post does not contain language that clearly falls into the categories of hate speech as defined by the aspects provided. It is more of a political statement focusing on economic success and political rivalry. The use of the term 'race card' could be seen as dismissive, but it does not explicitly demean or degrade any group based on protected characteristics. There are no calls for violence or use of vulgar language. Therefore, the opinions lean towards labeling the post as non-hate speech.",0.0,0.4
37,4352,"Trump threatens to withdraw from World Trade Organization If the World Trade Organization doesn't 'shape up,' President Donald Trump told Bloomberg he would pull the United States out. https://www.cnbc.com/2018/08/30/trump-threatens-to...",0.0,"['The post is a straightforward news report about a political statement and does not contain hate speech.', 'The post does not demean or degrade any individuals or groups based on protected characteristics.', 'There is no call for violence or encouragement of physical harm in the post.', 'The language used in the post is formal and lacks vulgarity or offensive language.', 'The post is focused on a political issue rather than targeting any specific group or individual.', 'The post could be seen as controversial but not as hate speech, as it discusses international trade policy.', 'The post does not contain any slurs or derogatory terms.', 'The post is a factual report and does not express any personal opinion or bias.', 'The post does not incite hatred or discrimination against any group.', 'The post is unlikely to be interpreted as hate speech by most annotators due to its neutral tone.']","[0, 0, 0, 0, 0, 0, 0, 0, 0, 0]","The post is a news report about President Trump's statement regarding the World Trade Organization. It does not contain any elements of hate speech as it does not demean or degrade individuals or groups, incite violence, or use vulgar or offensive language. The post is focused on a political issue and is presented in a neutral tone, making it unlikely to be interpreted as hate speech by annotators.",0.0,0.0
38,4353,"DIGITAL DETOXIFY: Britain's Scroll Free SeptemberLOL! Social Media Suppression Here to Save Your Body Image,  Not the Nation Scroll Free September wants people to only give up social media activity for a month. https://canadafreepress.com/article/lol-social-med...",0.0,"['The post is a humorous take on a social media campaign and does not contain hate speech.', ""The use of 'LOL' suggests a light-hearted tone, indicating no intent to harm or degrade."", 'The post does not target any specific group or individual, so it is not hate speech.', 'The post is critical of a social media campaign but does not use offensive language or slurs.', 'The post does not call for violence or harm against any group or individual.', ""The post's critique of the campaign is not based on race, gender, or other protected characteristics."", 'The post uses sarcasm but does not demean or degrade any group, so it is not hate speech.', 'The post is a commentary on social media habits and does not contain vulgar or offensive language.', 'The post does not exhibit any characteristics of hate speech as it lacks demeaning or violent content.', 'The post is a satirical commentary and does not meet the criteria for hate speech.']","[0, 0, 0, 0, 0, 0, 0, 0, 0, 0]","The post is a satirical commentary on a social media campaign, using humor and sarcasm to critique the idea of 'Scroll Free September.' It does not target any specific group or individual, nor does it use offensive language, slurs, or call for violence. The tone is light-hearted, indicated by the use of 'LOL,' and the critique is not based on any protected characteristics such as race, gender, or religion. Therefore, the post does not meet the criteria for hate speech, resulting in a consensus of non-hate speech labels.",0.0,0.0
39,4354,Explosive Ivy League Study Repressed For Finding Transgender Kids May Be A Social Contagion http://thefederalist.com/2018/08/31/explosive-ivy-...,0.4,"['The post is sharing a controversial study, but it does not directly demean or degrade transgender individuals, so it is not hate speech.', ""The use of the term 'social contagion' could be seen as demeaning to transgender individuals, suggesting their identity is a trend or disease, which could be considered hate speech."", 'The post is simply reporting on a study and does not contain any calls for violence, so it is not hate speech.', 'The language used in the post is not vulgar or offensive, so it is not hate speech.', 'The post could be interpreted as spreading misinformation about transgender individuals, which might be seen as an assault on their dignity, thus hate speech.', 'The post does not explicitly incite violence or harm against transgender individuals, so it is not hate speech.', ""The term 'repressed' suggests a conspiracy, which might incite distrust or hostility towards transgender individuals, potentially making it hate speech."", 'The post is discussing a topic of public interest and debate, and does not inherently constitute hate speech.', 'The post could be seen as contributing to a negative stereotype about transgender individuals, which might be considered hate speech.', 'The post is a critique of academic freedom and censorship, not an attack on transgender individuals, so it is not hate speech.']","[0, 1, 0, 0, 1, 0, 1, 0, 1, 0]","1. The post is sharing a controversial study, but it does not directly demean or degrade transgender individuals, so it is not hate speech.
2. The use of the term 'social contagion' could be seen as demeaning to transgender individuals, suggesting their identity is a trend or disease, which could be considered hate speech.
3. The post is simply reporting on a study and does not contain any calls for violence, so it is not hate speech.
4. The language used in the post is not vulgar or offensive, so it is not hate speech.
5. The post could be interpreted as spreading misinformation about transgender individuals, which might be seen as an assault on their dignity, thus hate speech.
6. The post does not explicitly incite violence or harm against transgender individuals, so it is not hate speech.
7. The term 'repressed' suggests a conspiracy, which might incite distrust or hostility towards transgender individuals, potentially making it hate speech.
8. The post is discussing a topic of public interest and debate, and does not inherently constitute hate speech.
9. The post could be seen as contributing to a negative stereotype about transgender individuals, which might be considered hate speech.
10. The post is a critique of academic freedom and censorship, not an attack on transgender individuals, so it is not hate speech.",0.4,0.0
40,4355,"President Trump has a little can of whoopass for Cuba, Venezuela and Nicaragua...By Monica Showalter President Trump has always been adept at spotting talent, and he's reeled in a big one with his new appointment of Mauricio Claver-Carone, to the top White House post on Latin America.  https://www.americanthinker.com/blog/2018/08/presi......",0.0,"[""The post uses the phrase 'can of whoopass,' which could be interpreted as a call for violence or aggression against Cuba, Venezuela, and Nicaragua, thus constituting hate speech."", ""The phrase 'can of whoopass' is a colloquial expression often used humorously or metaphorically, and in this context, it may not be intended as a literal call for violence, thus not constituting hate speech."", 'The post does not directly demean or degrade individuals or groups based on protected characteristics, so it may not be considered hate speech.', 'The post is discussing a political appointment and policy stance, which is a legitimate topic of discussion and does not inherently constitute hate speech.', ""The use of 'whoopass' could be seen as vulgar or offensive language, but it is not directed at individuals or groups based on protected characteristics, so it may not be hate speech."", 'The post could be interpreted as supporting aggressive foreign policy, which some might view as promoting hostility, but it does not explicitly call for violence, so it may not be hate speech.', 'The post is focused on political strategy and appointments, which are typical subjects of political discourse and do not necessarily involve hate speech.', 'The mention of specific countries (Cuba, Venezuela, Nicaragua) in a political context does not automatically imply hate speech unless it includes demeaning or violent language, which this post does not.', ""The post's language is more indicative of political rhetoric rather than hate speech, as it lacks direct attacks on individuals or groups based on protected characteristics."", 'The post could be seen as expressing a strong political opinion, which is protected under free speech and does not necessarily equate to hate speech.']","[1, 0, 0, 0, 0, 0, 0, 0, 0, 0]","1. The post uses the phrase 'can of whoopass,' which could be interpreted as a call for violence or aggression against Cuba, Venezuela, and Nicaragua, thus constituting hate speech. (Label: 1)
2. The phrase 'can of whoopass' is a colloquial expression often used humorously or metaphorically, and in this context, it may not be intended as a literal call for violence, thus not constituting hate speech. (Label: 0)
3. The post does not directly demean or degrade individuals or groups based on protected characteristics, so it may not be considered hate speech. (Label: 0)
4. The post is discussing a political appointment and policy stance, which is a legitimate topic of discussion and does not inherently constitute hate speech. (Label: 0)
5. The use of 'whoopass' could be seen as vulgar or offensive language, but it is not directed at individuals or groups based on protected characteristics, so it may not be hate speech. (Label: 0)
6. The post could be interpreted as supporting aggressive foreign policy, which some might view as promoting hostility, but it does not explicitly call for violence, so it may not be hate speech. (Label: 0)
7. The post is focused on political strategy and appointments, which are typical subjects of political discourse and do not necessarily involve hate speech. (Label: 0)
8. The mention of specific countries (Cuba, Venezuela, Nicaragua) in a political context does not automatically imply hate speech unless it includes demeaning or violent language, which this post does not. (Label: 0)
9. The post's language is more indicative of political rhetoric rather than hate speech, as it lacks direct attacks on individuals or groups based on protected characteristics. (Label: 0)
10. The post could be seen as expressing a strong political opinion, which is protected under free speech and does not necessarily equate to hate speech. (Label: 0)",0.1,0.1
41,4358,"ELYRIA — A former Oberlin College instructor and an activist for indigenous people was sentenced to prison for stealing more than $77,000 in federal grants designed to help Native Americans. http://www.chroniclet.com/cops-and-courts/2018/08/...",0.2,"['The post is simply reporting a news event without any hate speech elements.', 'The post does not contain any language that assaults human dignity based on race, ethnicity, or other protected characteristics.', 'There is no call for violence or incitement to harm in the post.', 'The post does not use vulgar or offensive language.', 'The post could be seen as highlighting a negative stereotype about indigenous people, which might be considered demeaning.', 'The post is neutral and factual, focusing on the legal consequences of a crime.', 'The post might be interpreted as indirectly criticizing indigenous activists, but it does not explicitly demean them.', ""The post does not target any group with hate speech; it reports on an individual's actions."", 'The post could be perceived as biased against indigenous people by focusing on a crime committed by an activist, but it does not explicitly express hate.', 'The post is a straightforward news report and does not exhibit characteristics of hate speech.']","[0, 0, 0, 0, 1, 0, 0, 0, 1, 0]","The post is a news report about a legal case involving a former instructor and activist for indigenous people who was sentenced for stealing federal grants. The opinions reflect different interpretations of whether the post constitutes hate speech, with most opinions leaning towards it being a factual report without hate speech elements. However, some opinions consider the potential for the post to be perceived as demeaning or biased against indigenous people, leading to a minority of labels indicating hate speech.",0.2,0.0
42,4359,We are trying very hard to keep a straightface but we had to add this news. An animal rights advocate wants to place a roadside memorial in Maine to remember thousands of lobsters killed in a highway wreck Weird that they didn't say a damn thing about muzzie s torturing and killing all those animals a few days ago. http://www.dailymail.co.uk/news/article-6115919/PE......,0.0,"[""The post uses the term 'muzzies,' which is a derogatory slur against Muslims, indicating hate speech."", 'The post contrasts the concern for lobsters with a derogatory reference to Muslims, which could be seen as demeaning to a religious group.', ""The use of 'muzzies' is offensive and vulgar, but the post does not explicitly call for violence, so it may not be considered hate speech by some."", 'The post highlights a perceived hypocrisy in animal rights advocacy, which could be interpreted as a critique rather than hate speech.', ""The post's language could be seen as an assault on human dignity by using a slur against Muslims, thus constituting hate speech."", 'The post does not directly incite violence against Muslims, so it might not be classified as hate speech by some annotators.', ""The post's focus on the animal rights issue might be seen as a legitimate critique, with the offensive term being a secondary issue."", ""The post's use of a slur could be seen as an attempt to provoke or offend, which might be considered hate speech."", 'The post could be interpreted as highlighting a double standard in media coverage, without necessarily being hate speech.', ""The post's language is offensive and could be seen as perpetuating negative stereotypes about Muslims, thus constituting hate speech.""]","[1, 1, 0, 0, 1, 0, 0, 1, 0, 1]","1. The post uses the term 'muzzies,' which is a derogatory slur against Muslims, indicating hate speech.
2. The post contrasts the concern for lobsters with a derogatory reference to Muslims, which could be seen as demeaning to a religious group.
3. The use of 'muzzies' is offensive and vulgar, but the post does not explicitly call for violence, so it may not be considered hate speech by some.
4. The post highlights a perceived hypocrisy in animal rights advocacy, which could be interpreted as a critique rather than hate speech.
5. The post's language could be seen as an assault on human dignity by using a slur against Muslims, thus constituting hate speech.
6. The post does not directly incite violence against Muslims, so it might not be classified as hate speech by some annotators.
7. The post's focus on the animal rights issue might be seen as a legitimate critique, with the offensive term being a secondary issue.
8. The post's use of a slur could be seen as an attempt to provoke or offend, which might be considered hate speech.
9. The post could be interpreted as highlighting a double standard in media coverage, without necessarily being hate speech.
10. The post's language is offensive and could be seen as perpetuating negative stereotypes about Muslims, thus constituting hate speech.",0.5,0.5
43,4360,"If the regressive socialist marxist dems go back any further into his background I'm sure they will find out he used to play cowboys and Indians when he was a kid. Of course he played the part of the cowboy so you will hear them say he's prejudice, hates Indians and poc Senate Democrats call Nixon lawyer John Dean to testify at Kavanaugh hearing https://www.washingtonexaminer.com/news/senate-d...",0.4,"[""The post uses the term 'regressive socialist marxist dems' which could be seen as derogatory but not necessarily hate speech."", ""The mention of 'cowboys and Indians' is a reference to a childhood game and does not directly demean any group."", 'The post implies that Democrats will unfairly label someone as prejudiced, which could be seen as a critique rather than hate speech.', 'There is no direct call for violence or harm against any group in the post.', 'The language used in the post is not vulgar or profane, though it is critical of a political group.', 'The post could be interpreted as mocking political correctness, which some might find offensive but not hate speech.', ""The reference to 'cowboys and Indians' could be seen as insensitive to Native Americans, but it is not explicitly hateful."", 'The post is more of a political commentary rather than an attack on a specific group based on protected characteristics.', 'The post does not contain slurs or offensive language directed at individuals or groups.', ""The post's criticism of Democrats could be seen as part of political discourse rather than hate speech.""]","[0, 0, 0, 0, 0, 0, 0, 0, 0, 0]","The post does not contain explicit hate speech elements such as assaults on human dignity, calls for violence, or vulgar language. It is more of a political commentary with potential insensitivity but lacks the severity typically associated with hate speech. Therefore, the opinions lean towards labeling it as non-hate speech.",0.0,0.4
44,4826,Anyone shouting Allahu Akbar should immediately be shot. There is no place in civilization for the barbaric Satanism known as Islam,1.0,"['The post explicitly calls for violence against individuals who practice Islam, which is a clear indicator of hate speech.', ""The use of the phrase 'barbaric Satanism' to describe Islam is a demeaning assault on the dignity of Muslims, suggesting hate speech."", 'The post contains a direct incitement to violence, which is a strong indicator of hate speech.', 'The language used in the post is highly offensive and targets a specific religious group, indicating hate speech.', 'The post could be interpreted as expressing a personal opinion rather than a call to action, which might lead some to label it as non-hate speech.', ""The post's suggestion to shoot individuals based on their religious expression is a clear call for violence, marking it as hate speech."", ""The post's derogatory language towards Islam could be seen as an attack on human dignity, suggesting hate speech."", 'Some might argue that the post is hyperbolic and not meant to be taken literally, potentially leading to a non-hate speech label.', ""The post's aggressive tone and targeting of a religious group align with characteristics of hate speech."", ""The post's content is likely to be interpreted as hate speech due to its violent and demeaning language.""]","[1, 1, 1, 1, 0, 1, 1, 0, 1, 1]","1. The post explicitly calls for violence against individuals who practice Islam, which is a clear indicator of hate speech. (Label: 1)
2. The use of the phrase 'barbaric Satanism' to describe Islam is a demeaning assault on the dignity of Muslims, suggesting hate speech. (Label: 1)
3. The post contains a direct incitement to violence, which is a strong indicator of hate speech. (Label: 1)
4. The language used in the post is highly offensive and targets a specific religious group, indicating hate speech. (Label: 1)
5. The post could be interpreted as expressing a personal opinion rather than a call to action, which might lead some to label it as non-hate speech. (Label: 0)
6. The post's suggestion to shoot individuals based on their religious expression is a clear call for violence, marking it as hate speech. (Label: 1)
7. The post's derogatory language towards Islam could be seen as an attack on human dignity, suggesting hate speech. (Label: 1)
8. Some might argue that the post is hyperbolic and not meant to be taken literally, potentially leading to a non-hate speech label. (Label: 0)
9. The post's aggressive tone and targeting of a religious group align with characteristics of hate speech. (Label: 1)
10. The post's content is likely to be interpreted as hate speech due to its violent and demeaning language. (Label: 1)",0.8,0.19999999999999996
45,4827,"PSA for all liberals, socialists, 'progressives' and people who demand 'pronouns'",0.2,"['The post targets liberals, socialists, progressives, and people who use pronouns, which could be seen as demeaning or degrading these groups, thus constituting hate speech.', 'The post does not explicitly call for violence or physical harm against any group, so it may not be considered hate speech in that regard.', ""The use of quotation marks around 'progressives' and 'pronouns' suggests a mocking tone, which could be interpreted as offensive but not necessarily hate speech."", 'The post lacks vulgarity or explicit offensive language, which might lead some to view it as non-hate speech.', 'The post could be seen as a general statement of opinion rather than a direct attack, leading some to label it as non-hate speech.', ""The post's tone may be interpreted as dismissive or belittling, which could be seen as an assault on human dignity, thus constituting hate speech."", 'The post could be interpreted as a critique of political ideologies rather than an attack on individuals, leading to a non-hate speech label.', ""The post's lack of specific derogatory terms or slurs might lead some to view it as non-hate speech."", 'The post could be seen as perpetuating stereotypes about certain political groups, which might be considered hate speech.', ""The post's intent might be perceived as divisive or polarizing, which could be interpreted as hate speech.""]","[1, 0, 0, 0, 0, 1, 0, 0, 1, 1]","1. The post targets liberals, socialists, progressives, and people who use pronouns, which could be seen as demeaning or degrading these groups, thus constituting hate speech.
2. The post does not explicitly call for violence or physical harm against any group, so it may not be considered hate speech in that regard.
3. The use of quotation marks around 'progressives' and 'pronouns' suggests a mocking tone, which could be interpreted as offensive but not necessarily hate speech.
4. The post lacks vulgarity or explicit offensive language, which might lead some to view it as non-hate speech.
5. The post could be seen as a general statement of opinion rather than a direct attack, leading some to label it as non-hate speech.
6. The post's tone may be interpreted as dismissive or belittling, which could be seen as an assault on human dignity, thus constituting hate speech.
7. The post could be interpreted as a critique of political ideologies rather than an attack on individuals, leading to a non-hate speech label.
8. The post's lack of specific derogatory terms or slurs might lead some to view it as non-hate speech.
9. The post could be seen as perpetuating stereotypes about certain political groups, which might be considered hate speech.
10. The post's intent might be perceived as divisive or polarizing, which could be interpreted as hate speech.",0.4,0.2
46,4829,Al Sharpton needs to learn what MAGA means. I will go so far as to challenge his credentials to be called a 'Reverend',0.2,"[""The post questions Al Sharpton's credentials as a 'Reverend' but does not attack his race or religion, so it may not be considered hate speech."", ""The post challenges Al Sharpton's understanding of MAGA, which is a political opinion and not hate speech."", 'The post does not contain any vulgar or offensive language, suggesting it is not hate speech.', ""The post could be seen as undermining Al Sharpton's dignity by questioning his credentials, but it does not target a protected characteristic."", 'The post does not call for violence or physical harm against Al Sharpton, indicating it is not hate speech.', ""The post could be interpreted as a personal attack on Al Sharpton's professional reputation, but not as hate speech."", 'The post does not use any racial slurs or derogatory language, so it is unlikely to be considered hate speech.', 'The post may be seen as disrespectful towards Al Sharpton, but it does not meet the criteria for hate speech.', ""The post is a critique of Al Sharpton's political stance and religious role, which is not inherently hate speech."", 'The post does not demean or degrade a group based on protected characteristics, so it is not hate speech.']","[0, 0, 0, 0, 0, 0, 0, 0, 0, 0]","The post in question does not appear to meet the criteria for hate speech based on the aspects provided. It challenges Al Sharpton's understanding of a political slogan and questions his religious credentials, but it does not use offensive language, call for violence, or attack protected characteristics. Therefore, the opinions generated suggest that the post is not hate speech, resulting in a consensus of non-hate speech labels.",0.0,0.2
47,4831,"This is how sick the left is. They keep trying to push this shit that the KKK is right wing, and the Nazis were conservatives. Both are 180 degrees from truth. But they can fuck up a good painting for their obscene propaganda. Pepe doesnt have blue eyes either idiots.",1.0,"['The post uses vulgar language and insults, which could be seen as offensive but not necessarily hate speech.', 'The post discusses political ideologies and historical groups, which may not directly target a protected characteristic.', 'The mention of the KKK and Nazis could be interpreted as trivializing or misrepresenting historical hate groups, which might be seen as offensive.', 'The post does not explicitly call for violence or harm against any group or individual.', ""The use of 'idiots' is derogatory but not necessarily hate speech as it doesn't target a protected group."", 'The post could be seen as a critique of political narratives rather than an attack on a specific group.', 'The language used is aggressive and confrontational, which might be interpreted as promoting hostility.', ""The post's focus on correcting perceived misinformation might be seen as a political opinion rather than hate speech."", 'The reference to Pepe and blue eyes seems to be a critique of symbolism rather than a direct attack on a group.', 'The post could be interpreted as perpetuating misinformation about historical hate groups, which might be seen as harmful.']","[0, 0, 0, 0, 0, 0, 0, 0, 0, 0]","The post contains vulgar language and insults but does not directly target a protected characteristic or call for violence. It discusses political ideologies and historical groups, which may not constitute hate speech. The language is aggressive and confrontational, but it is more of a political critique than an attack on a specific group. Therefore, the labels assigned are 0 for non-hate speech.",0.0,1.0
48,5406,Shadow of the Colossus for PS4 looks amazing! ,0.0,"['The post is purely about a video game and does not contain any hate speech.', 'There is no mention of any individuals or groups, so it cannot be considered hate speech.', 'The post does not contain any offensive language or slurs.', 'The post is focused on expressing excitement about a video game, not on demeaning anyone.', 'There is no call for violence or harm against any individuals or groups in the post.', 'The post is neutral and does not address any protected characteristics.', 'The language used in the post is positive and non-offensive.', 'The post is unlikely to be interpreted as hate speech by any reasonable standard.', 'The post does not engage in any form of assault on human dignity.', 'The post is straightforward and lacks any context that could be construed as hate speech.']","[0, 0, 0, 0, 0, 0, 0, 0, 0, 0]","The post is a simple expression of excitement about a video game and does not contain any elements of hate speech. It does not demean or degrade any individuals or groups, does not incite violence, and does not use vulgar or offensive language. Therefore, all opinions lead to the conclusion that the post is not hate speech, resulting in a label of 0 for each opinion.",0.0,0.0
49,5547,"Play this at my funeral please ;D haa  Best band in the world, ever #BritFam #PinkFloyd",0.0,"['The post is simply expressing a personal music preference and does not contain any hate speech elements.', 'The use of a winking emoticon and hashtags suggests a light-hearted tone, not indicative of hate speech.', 'There is no mention of any group or individual being demeaned or degraded, so it is not hate speech.', 'The post does not call for violence or harm against any group or individual.', 'The language used in the post is not vulgar or offensive, indicating it is not hate speech.', 'The post is focused on music and personal taste, which is unrelated to hate speech.', 'The hashtags used are related to music fandom and do not suggest any hate speech.', 'The post does not contain any slurs or derogatory language.', 'The context of the post is about a band and music, which is not related to hate speech.', 'The post is celebratory in nature, focusing on a band, and does not exhibit hate speech characteristics.']","[0, 0, 0, 0, 0, 0, 0, 0, 0, 0]","The post is a personal expression of music preference and does not contain any elements of hate speech. It is light-hearted and celebratory, focusing on a band and music, with no offensive or violent language. All opinions agree that it is not hate speech.",0.0,0.0
50,5548,#UKNews 😲THREE YEAR OLD child is victim of FGM in UK 😡😡😡 Ghana/Uganda parents in East London accused of FGM plus 10 counts of indecent image allegations. Sick fecks!!!!!!!  They plead NOT guilty.. #TheRope! #KidsLivesMatter #BritFam,0.4,"['The post is highlighting a serious crime (FGM) and expressing outrage, but it does not target a specific group with hate speech.', ""The use of 'sick fecks' is vulgar but not necessarily hate speech as it does not target a specific group based on protected characteristics."", ""The mention of 'Ghana/Uganda parents' could be seen as demeaning to those nationalities, potentially constituting hate speech."", 'The hashtag #TheRope could be interpreted as a call for violence, suggesting hate speech.', 'The post is focused on a criminal act and the outrage is directed at the crime, not at a race or ethnicity, so it may not be hate speech.', 'The post could be seen as inciting violence with the hashtag #TheRope, which may be interpreted as hate speech.', ""The post uses offensive language ('sick fecks') but it is not directed at a protected group, so it may not be hate speech."", 'The post could be interpreted as targeting African communities in the UK, which may be considered hate speech.', 'The post is expressing anger towards a crime and not specifically demeaning a group, so it may not be hate speech.', ""The post's focus on the nationality of the accused could be seen as an assault on human dignity, potentially constituting hate speech.""]","[0, 0, 1, 1, 0, 1, 0, 1, 0, 1]","1. The post is highlighting a serious crime (FGM) and expressing outrage, but it does not target a specific group with hate speech. - Label: 0
2. The use of 'sick fecks' is vulgar but not necessarily hate speech as it does not target a specific group based on protected characteristics. - Label: 0
3. The mention of 'Ghana/Uganda parents' could be seen as demeaning to those nationalities, potentially constituting hate speech. - Label: 1
4. The hashtag #TheRope could be interpreted as a call for violence, suggesting hate speech. - Label: 1
5. The post is focused on a criminal act and the outrage is directed at the crime, not at a race or ethnicity, so it may not be hate speech. - Label: 0
6. The post could be seen as inciting violence with the hashtag #TheRope, which may be interpreted as hate speech. - Label: 1
7. The post uses offensive language ('sick fecks') but it is not directed at a protected group, so it may not be hate speech. - Label: 0
8. The post could be interpreted as targeting African communities in the UK, which may be considered hate speech. - Label: 1
9. The post is expressing anger towards a crime and not specifically demeaning a group, so it may not be hate speech. - Label: 0
10. The post's focus on the nationality of the accused could be seen as an assault on human dignity, potentially constituting hate speech. - Label: 1",0.5,0.09999999999999998
51,5549,Theresa May dancing. Arthritic praying mantis with butt plug engaged.   #True !,0.6,"['The post uses vulgar and offensive language to describe Theresa May, which could be seen as degrading to her dignity.', 'The post does not target a group based on protected characteristics, so it may not be considered hate speech.', ""The use of 'arthritic praying mantis' is a metaphor that could be seen as humorous rather than hateful."", ""The mention of a 'butt plug' is vulgar but not necessarily hate speech as it does not incite violence or target a protected group."", 'The post is mocking a public figure, which is common in political discourse and not necessarily hate speech.', 'The language used is offensive but does not call for violence or harm against Theresa May.', 'The post could be interpreted as a form of satire or political commentary, which might not be considered hate speech.', ""The post's humor might be seen as distasteful but not rising to the level of hate speech."", 'The post does not contain slurs or language that targets a specific group, so it may not be hate speech.', ""The post's intent seems to be more about mocking a dance rather than promoting hate or violence.""]","[1, 0, 0, 0, 0, 0, 0, 0, 0, 0]","1. The post uses vulgar and offensive language to describe Theresa May, which could be seen as degrading to her dignity. (Label: 1)
2. The post does not target a group based on protected characteristics, so it may not be considered hate speech. (Label: 0)
3. The use of 'arthritic praying mantis' is a metaphor that could be seen as humorous rather than hateful. (Label: 0)
4. The mention of a 'butt plug' is vulgar but not necessarily hate speech as it does not incite violence or target a protected group. (Label: 0)
5. The post is mocking a public figure, which is common in political discourse and not necessarily hate speech. (Label: 0)
6. The language used is offensive but does not call for violence or harm against Theresa May. (Label: 0)
7. The post could be interpreted as a form of satire or political commentary, which might not be considered hate speech. (Label: 0)
8. The post's humor might be seen as distasteful but not rising to the level of hate speech. (Label: 0)
9. The post does not contain slurs or language that targets a specific group, so it may not be hate speech. (Label: 0)
10. The post's intent seems to be more about mocking a dance rather than promoting hate or violence. (Label: 0)",0.1,0.5
52,5550,I see you 👋 Ditch Google.  Download Brave browser & use DuckDuckGo search engine.  They don't suck your data like Google; it's faster & has built in Adblocker. Works wonderfully with Gab.  Just enter !gab on DDG & it brings you straight to Gab \o/  #GabTips,0.2,"['The post is simply promoting alternative technology products and does not contain any hate speech elements.', 'The mention of Gab, a platform known for hosting controversial content, could imply endorsement of hate speech, but the post itself does not contain hate speech.', 'The post does not demean or degrade any individuals or groups based on protected characteristics.', 'There is no call for violence or encouragement of physical harm in the post.', 'The language used in the post is not vulgar or offensive.', 'The post could be seen as promoting a platform that has been associated with hate speech, but it does not explicitly engage in hate speech itself.', 'The post is focused on privacy and technology benefits, without any hate speech implications.', ""The use of the phrase 'they don't suck your data' is informal but not offensive or hateful."", ""The post's reference to Gab might raise concerns for some, but it does not directly violate hate speech guidelines."", 'The post is more about personal preference for technology tools and does not engage in hate speech.']","[0, 0, 0, 0, 0, 0, 0, 0, 0, 0]","The post is primarily a recommendation for using certain technology products and does not contain elements that would typically be classified as hate speech. While Gab is mentioned, which is a platform sometimes associated with controversial content, the post itself does not engage in hate speech. It does not demean individuals or groups, call for violence, or use vulgar language. Therefore, the opinions reflect a consensus that the post is not hate speech, resulting in labels of 0 for each opinion.",0.0,0.2
53,5627,Look at me!  LOOOOOOOK at MEEEEE! Poor Eminem can't get any attention from the POTUS. http://www.foxnews.com/entertainment/2018/08/31/em...,0.2,"[""The post is mocking Eminem's desire for attention, but it doesn't target any protected group, so it's not hate speech."", ""The post uses exaggerated language to make a point about Eminem, but it doesn't demean any group, so it's not hate speech."", ""The post is a humorous take on Eminem's situation and doesn't contain any offensive language or hate speech."", ""The post is critical of Eminem but doesn't incite violence or use vulgar language, so it's not hate speech."", ""The post is sarcastic but doesn't attack any individual's dignity based on protected characteristics, so it's not hate speech."", ""The post is a commentary on Eminem's relationship with the POTUS and doesn't involve hate speech elements."", ""The post doesn't contain any slurs or offensive language directed at a group, so it's not hate speech."", ""The post is a personal opinion about Eminem's actions and doesn't involve hate speech."", ""The post is a satirical comment on Eminem's public persona and doesn't involve hate speech."", ""The post is a critique of Eminem's media presence without any elements of hate speech.""]","[0, 0, 0, 0, 0, 0, 0, 0, 0, 0]","The post is a satirical and humorous commentary on Eminem's public persona and his relationship with the POTUS. It does not contain any elements of hate speech, such as assaults on human dignity, calls for violence, or vulgarity directed at protected groups. Therefore, all opinions suggest that the post is not hate speech, resulting in a label of 0 for each opinion.",0.0,0.2
54,6013,"To all the libs out there. There is an old saying that goes 'don't start nothin' won't be nothin'. We would rather be polite and civil, but if you decide not to (as some on your side have done) we will have no choice but to fight fire with a firestorm. And I don't think you'll like it.",0.7142857142857143,"[""The post uses metaphorical language that could be interpreted as a call for violence, suggesting a 'firestorm' in response to perceived incivility."", 'The post does not explicitly call for violence but implies a threat of retaliation, which could be seen as aggressive but not necessarily hate speech.', ""The use of 'libs' as a label for a group could be seen as derogatory, but it is not inherently a slur or hate speech."", 'The post suggests a willingness to engage in conflict, which could be interpreted as promoting violence, thus qualifying as hate speech.', 'The language used is confrontational but does not target a protected characteristic, so it may not be considered hate speech.', ""The post's tone is aggressive and could be seen as inciting hostility, but it lacks specific calls for violence against a group."", ""The phrase 'fight fire with a firestorm' is metaphorical and could be interpreted as hyperbolic rather than a literal threat of violence."", 'The post reflects a political disagreement and uses strong language, but it does not degrade or demean a specific group based on protected characteristics.', 'The post implies a threat but is vague and lacks direct incitement to violence, which may lead to differing interpretations among annotators.', ""The post's aggressive tone and implied threat could be seen as promoting hostility, but without explicit hate speech elements, it may not be labeled as such.""]","[1, 0, 0, 1, 0, 0, 0, 0, 0, 0]","1. The post uses metaphorical language that could be interpreted as a call for violence, suggesting a 'firestorm' in response to perceived incivility. (Label: 1)
2. The post does not explicitly call for violence but implies a threat of retaliation, which could be seen as aggressive but not necessarily hate speech. (Label: 0)
3. The use of 'libs' as a label for a group could be seen as derogatory, but it is not inherently a slur or hate speech. (Label: 0)
4. The post suggests a willingness to engage in conflict, which could be interpreted as promoting violence, thus qualifying as hate speech. (Label: 1)
5. The language used is confrontational but does not target a protected characteristic, so it may not be considered hate speech. (Label: 0)
6. The post's tone is aggressive and could be seen as inciting hostility, but it lacks specific calls for violence against a group. (Label: 0)
7. The phrase 'fight fire with a firestorm' is metaphorical and could be interpreted as hyperbolic rather than a literal threat of violence. (Label: 0)
8. The post reflects a political disagreement and uses strong language, but it does not degrade or demean a specific group based on protected characteristics. (Label: 0)
9. The post implies a threat but is vague and lacks direct incitement to violence, which may lead to differing interpretations among annotators. (Label: 0)
10. The post's aggressive tone and implied threat could be seen as promoting hostility, but without explicit hate speech elements, it may not be labeled as such. (Label: 0)",0.2,0.5142857142857142
55,6114,"The main problem with California’s bail bond elimination is that it opens the door to 5th amendment violations. What if a Jew judge deems a member of Patriot Prayer a high risk based on their political beliefs and throws them in prison, where they will then have to wait months for their first pre-trial hearing?? There are so many ways that this new system can and will be abused. I warn you, if y...",0.4,"[""The post uses the term 'Jew judge' which could be seen as demeaning or degrading based on religion, thus constituting hate speech."", 'The post raises a legitimate concern about the legal system and does not explicitly demean or degrade any group, so it may not be considered hate speech.', ""The mention of 'Jew judge' could be interpreted as a slur or offensive language, which might classify the post as hate speech."", 'The post does not call for violence or physical harm against any group, so it may not be considered hate speech.', ""The post's focus is on a legal critique rather than an attack on a specific group, suggesting it may not be hate speech."", ""The use of 'Jew judge' could be seen as perpetuating stereotypes, which might be considered hate speech."", ""The post's primary concern is about potential legal abuses, not about demeaning a group, so it might not be hate speech."", 'The language used in the post could be seen as offensive to some, but it does not necessarily constitute hate speech.', 'The post could be interpreted as highlighting a potential bias in the legal system, which is not inherently hate speech.', ""The post's mention of a specific religious group in a negative context could be seen as an assault on human dignity, thus constituting hate speech.""]","[1, 0, 1, 0, 0, 1, 0, 0, 0, 1]","1. The post uses the term 'Jew judge' which could be seen as demeaning or degrading based on religion, thus constituting hate speech. (Label: 1)
2. The post raises a legitimate concern about the legal system and does not explicitly demean or degrade any group, so it may not be considered hate speech. (Label: 0)
3. The mention of 'Jew judge' could be interpreted as a slur or offensive language, which might classify the post as hate speech. (Label: 1)
4. The post does not call for violence or physical harm against any group, so it may not be considered hate speech. (Label: 0)
5. The post's focus is on a legal critique rather than an attack on a specific group, suggesting it may not be hate speech. (Label: 0)
6. The use of 'Jew judge' could be seen as perpetuating stereotypes, which might be considered hate speech. (Label: 1)
7. The post's primary concern is about potential legal abuses, not about demeaning a group, so it might not be hate speech. (Label: 0)
8. The language used in the post could be seen as offensive to some, but it does not necessarily constitute hate speech. (Label: 0)
9. The post could be interpreted as highlighting a potential bias in the legal system, which is not inherently hate speech. (Label: 0)
10. The post's mention of a specific religious group in a negative context could be seen as an assault on human dignity, thus constituting hate speech. (Label: 1)",0.4,0.0
56,6118,"How the fuck can a communist claim to be the champion of the working class when they have NEVER HELD A FUCKING JOB!!??? And no, being a community organizer doesn't make you a member of your stupid asshole proletariat.",0.4,"['The post uses vulgar language, which may be considered offensive but not necessarily hate speech.', 'The post targets communists, which is a political ideology, not a protected characteristic, so it may not be hate speech.', 'The post does not call for violence against any individual or group.', 'The post questions the credibility of communists in a derogatory manner, which could be seen as demeaning but not hate speech.', 'The use of profanity is directed at a political ideology rather than a specific group based on protected characteristics.', 'The post could be interpreted as a political critique rather than hate speech.', 'The post does not degrade individuals based on race, ethnicity, gender, religion, or sexual orientation.', 'The language is aggressive and confrontational but lacks elements of hate speech as defined by protected characteristics.', 'The post may be seen as offensive to some but does not meet the criteria for hate speech.', 'The post reflects a strong opinion against communists but does not incite violence or degrade based on protected characteristics.']","[0, 0, 0, 0, 0, 0, 0, 0, 0, 0]","1. The post uses vulgar language, which may be considered offensive but not necessarily hate speech. (Label: 0)
2. The post targets communists, which is a political ideology, not a protected characteristic, so it may not be hate speech. (Label: 0)
3. The post does not call for violence against any individual or group. (Label: 0)
4. The post questions the credibility of communists in a derogatory manner, which could be seen as demeaning but not hate speech. (Label: 0)
5. The use of profanity is directed at a political ideology rather than a specific group based on protected characteristics. (Label: 0)
6. The post could be interpreted as a political critique rather than hate speech. (Label: 0)
7. The post does not degrade individuals based on race, ethnicity, gender, religion, or sexual orientation. (Label: 0)
8. The language is aggressive and confrontational but lacks elements of hate speech as defined by protected characteristics. (Label: 0)
9. The post may be seen as offensive to some but does not meet the criteria for hate speech. (Label: 0)
10. The post reflects a strong opinion against communists but does not incite violence or degrade based on protected characteristics. (Label: 0)",0.0,0.4
57,6295,"It's what always happens when you can't argue with reason, facts and evidence. They can't win with logic, so they resort to violence. ",0.4,"['The post implies that a certain group resorts to violence, which could be seen as demeaning and degrading, thus constituting hate speech.', 'The post does not explicitly mention any specific group, so it may not be considered hate speech.', 'The post suggests a stereotype that some people are inherently violent, which could be interpreted as hate speech.', 'The post lacks vulgarity or offensive language, so it might not be classified as hate speech.', 'The post could be seen as a general statement about human behavior rather than targeting a specific group, thus not hate speech.', 'The post implies a negative stereotype about a group that cannot argue with reason, which could be considered hate speech.', 'The post does not call for violence or encourage harm, so it may not be hate speech.', 'The post could be interpreted as a critique of a specific ideology or belief system, which might not be hate speech.', ""The post's ambiguity about who 'they' refers to could lead to different interpretations, possibly resulting in high disagreement among annotators."", 'The post could be seen as an expression of frustration rather than hate speech.']","[1, 0, 1, 0, 0, 1, 0, 0, 1, 0]","1. The post implies that a certain group resorts to violence, which could be seen as demeaning and degrading, thus constituting hate speech. (Label: 1)
2. The post does not explicitly mention any specific group, so it may not be considered hate speech. (Label: 0)
3. The post suggests a stereotype that some people are inherently violent, which could be interpreted as hate speech. (Label: 1)
4. The post lacks vulgarity or offensive language, so it might not be classified as hate speech. (Label: 0)
5. The post could be seen as a general statement about human behavior rather than targeting a specific group, thus not hate speech. (Label: 0)
6. The post implies a negative stereotype about a group that cannot argue with reason, which could be considered hate speech. (Label: 1)
7. The post does not call for violence or encourage harm, so it may not be hate speech. (Label: 0)
8. The post could be interpreted as a critique of a specific ideology or belief system, which might not be hate speech. (Label: 0)
9. The post's ambiguity about who 'they' refers to could lead to different interpretations, possibly resulting in high disagreement among annotators. (Label: 1)
10. The post could be seen as an expression of frustration rather than hate speech. (Label: 0)",0.4,0.0
58,6468,"“Minds is officially adopting the Manila Principles On Intermediary Liability, a digital bill of rights, outlined by the Electronic Frontier Foundation and other leading digital rights organizations.” Nice :) https://www.breitbart.com/tech/2018/08/30/alternat...",0.0,"['The post is informative and does not contain any hate speech elements.', 'The post is neutral and simply shares information about a digital bill of rights.', 'There is no offensive language or slurs present in the post.', 'The post does not demean or degrade any individual or group.', 'The post does not incite or encourage violence against any individual or group.', 'The post is supportive of digital rights and does not target any protected characteristic.', 'The post is positive and promotes awareness of digital rights initiatives.', 'The post is unlikely to be interpreted as hate speech by most annotators.', 'The post is contextually focused on digital rights and lacks any hate speech indicators.', 'The post is a straightforward announcement and does not exhibit hate speech.']","[0, 0, 0, 0, 0, 0, 0, 0, 0, 0]","The post is a neutral announcement about the adoption of the Manila Principles on Intermediary Liability by Minds, as outlined by the Electronic Frontier Foundation. It does not contain any elements of hate speech, such as assaults on human dignity, calls for violence, or vulgarity and offensive language. The post is informative and supportive of digital rights, and it is unlikely to be interpreted as hate speech by annotators. Therefore, all opinions lead to a label of 0 for non-hate speech.",0.0,0.0
59,6469,Next video for the week will be ready later tonight. I've also expanded it to cover some extra news. #TheRedExpress,0.0,"['The post is purely informational and does not contain any hate speech elements.', 'The post does not demean or degrade any individuals or groups based on protected characteristics.', 'There is no call for violence or encouragement of physical harm in the post.', 'The language used in the post is neutral and does not contain vulgarity or offensive language.', 'The hashtag #TheRedExpress does not appear to be associated with any hate speech or offensive content.', 'The post is focused on providing updates about a video and does not address any controversial topics.', 'There is no evidence of assaults on human dignity in the post.', 'The post does not target any specific group or individual in a negative manner.', 'The content of the post is not inflammatory or provocative.', 'The post is unlikely to be interpreted as hate speech by most annotators.']","[0, 0, 0, 0, 0, 0, 0, 0, 0, 0]","The post is a straightforward update about a video release and does not contain any elements that would typically be associated with hate speech. It is neutral in tone and content, focusing on providing information rather than expressing any harmful or offensive views. As such, it is unlikely to be labeled as hate speech by annotators.",0.0,0.0
60,6577,NAFTA and Canada...Yes. our future could prosper without it  http://stillerfinancial.advisor.news/yes-our-futur...,0.25,"['The post is a neutral statement about NAFTA and does not contain any hate speech elements.', 'The post discusses economic policy and does not target any specific group, so it is not hate speech.', 'There is no offensive language or slurs in the post, indicating it is not hate speech.', 'The post does not call for violence or harm against any group, so it is not hate speech.', 'The post does not demean or degrade any individuals or groups based on protected characteristics, so it is not hate speech.', 'The post is focused on economic perspectives and lacks any elements of hate speech.', 'The post is a personal opinion on trade agreements and does not contain hate speech.', 'The post does not exhibit any vulgarity or offensive language, suggesting it is not hate speech.', 'The post is about a financial topic and does not involve hate speech.', 'The post is unlikely to be interpreted as hate speech due to its focus on economic policy.']","[0, 0, 0, 0, 0, 0, 0, 0, 0, 0]","The post is a discussion about NAFTA and Canada's economic future, which does not contain any elements of hate speech. It is focused on economic policy and does not target any specific group or use offensive language. There are no calls for violence or demeaning statements about any individuals or groups. Therefore, all opinions suggest that the post is not hate speech, resulting in a label of 0 for each opinion.",0.0,0.25
61,6578,59% of Americans fear violence from Anti-Trumpers...behold the 'tolerance' of the hysteria-inducing Political Left in 2018: #Unhinged #CW2 https://www.youtube.com/watch?v=eFRHX6glTSM&t=...,0.42857142857142855,"['The post is highlighting a statistic and expressing concern about potential violence, which does not constitute hate speech.', ""The use of the term 'Anti-Trumpers' could be seen as derogatory, but it does not directly demean a protected group."", 'The post does not explicitly call for violence, so it is not hate speech.', ""The hashtags '#Unhinged' and '#CW2' could be interpreted as offensive or inciting, but they are not direct calls for violence."", 'The post is critical of a political group, which is a form of political expression rather than hate speech.', 'The language used in the post is not vulgar or profane, so it does not meet the criteria for hate speech based on offensive language.', 'The post could be seen as fear-mongering, but it does not directly assault human dignity based on protected characteristics.', 'The post is expressing a political opinion, which is protected under free speech and not hate speech.', ""The reference to 'tolerance' and 'hysteria-inducing' could be seen as mocking, but it does not constitute hate speech."", 'The post is likely to be interpreted differently based on political views, leading to high disagreement among annotators.']","[0, 0, 0, 0, 0, 0, 0, 0, 0, 0]","The post does not meet the criteria for hate speech based on the aspects considered. It does not explicitly demean or degrade individuals based on protected characteristics, nor does it call for violence or use vulgar language. The opinions reflect a range of interpretations, but overall, the post is more of a political critique rather than hate speech. The disagreement level is high due to the political nature of the content, which can be interpreted differently depending on the reader's perspective.",0.0,0.42857142857142855
62,6965,"#SJW ‘s  are the natural end state of post modernist thinking. Where your value is not judged on the goodness of your deeds, but on your group identity. When race, gender, sexuality and colour are more important then #character, and quality of your argument, then your society & culture are doomed.  #wakeupamerica",0.0,"['The post criticizes social justice warriors (SJWs) but does not directly attack any specific group, so it may not be considered hate speech.', 'The post suggests that focusing on group identity over individual character is harmful, which could be seen as a critique rather than hate speech.', ""The use of the term 'doomed' could be interpreted as alarmist but not necessarily a call for violence or hate speech."", 'The post does not use vulgar or offensive language, so it may not qualify as hate speech based on language alone.', 'The post could be seen as demeaning to those who identify with social justice movements, potentially constituting hate speech.', ""The post's critique of identity politics might be interpreted as a legitimate political opinion rather than hate speech."", 'The hashtag #wakeupamerica suggests a call to action, but it is not explicitly violent or hateful.', 'The post could be seen as dismissive of issues related to race, gender, and sexuality, which might be interpreted as hate speech.', ""The post's focus on 'group identity' over 'character' could be seen as a philosophical stance rather than hate speech."", 'The post does not explicitly incite violence or harm against any group, so it may not be considered hate speech.']","[0, 0, 0, 0, 1, 0, 0, 1, 0, 0]","1. The post criticizes social justice warriors (SJWs) but does not directly attack any specific group, so it may not be considered hate speech. (Label: 0)
2. The post suggests that focusing on group identity over individual character is harmful, which could be seen as a critique rather than hate speech. (Label: 0)
3. The use of the term 'doomed' could be interpreted as alarmist but not necessarily a call for violence or hate speech. (Label: 0)
4. The post does not use vulgar or offensive language, so it may not qualify as hate speech based on language alone. (Label: 0)
5. The post could be seen as demeaning to those who identify with social justice movements, potentially constituting hate speech. (Label: 1)
6. The post's critique of identity politics might be interpreted as a legitimate political opinion rather than hate speech. (Label: 0)
7. The hashtag #wakeupamerica suggests a call to action, but it is not explicitly violent or hateful. (Label: 0)
8. The post could be seen as dismissive of issues related to race, gender, and sexuality, which might be interpreted as hate speech. (Label: 1)
9. The post's focus on 'group identity' over 'character' could be seen as a philosophical stance rather than hate speech. (Label: 0)
10. The post does not explicitly incite violence or harm against any group, so it may not be considered hate speech. (Label: 0)",0.2,0.2
63,6966,"Free societies tend to punish laziness, ineptitude, stupidity and obnoxiousness, but reward graft, talent, intelligence and charisma - which is why entitled mediocrities with shitty personalities are hellbent on destroying them. #maga #wakeupamerica",0.3333333333333333,"['The post criticizes certain personality traits but does not target any specific protected group, so it is not hate speech.', ""The use of the term 'entitled mediocrities with shitty personalities' is offensive but not directed at a protected group, so it is not hate speech."", ""The post uses vulgar language ('shitty') which could be seen as offensive, but it does not constitute hate speech as it is not directed at a protected group."", 'The post does not call for violence or physical harm against any individuals or groups, so it is not hate speech.', 'The post could be interpreted as a critique of societal values rather than an attack on a specific group, so it is not hate speech.', 'The hashtags #maga and #wakeupamerica suggest a political context, but the post itself does not contain hate speech.', ""The post's language is harsh and critical, but it does not demean individuals based on race, ethnicity, gender, or other protected characteristics, so it is not hate speech."", 'The post could be seen as promoting divisiveness, but it does not meet the criteria for hate speech as it lacks specific targeting of a protected group.', ""The post's tone is negative and judgmental, but it does not incite violence or hatred towards any group, so it is not hate speech."", 'The post reflects a personal opinion on societal dynamics without targeting a specific group, so it is not hate speech.']","[0, 0, 0, 0, 0, 0, 0, 0, 0, 0]","The post does not meet the criteria for hate speech as it does not target any specific protected group, incite violence, or use offensive language directed at a protected group. The language is critical and uses vulgarity, but it is not directed at a protected characteristic. The political context suggested by the hashtags does not change the assessment of the post as non-hate speech.",0.0,0.3333333333333333
64,6967,"Hard times make hard men. Hard men make good times, good times make weak boys, weak boys make hard times.  #trump s back track on #immigration just weakens #America.  #maga #wakeupamerica",0.2857142857142857,"['The post uses a historical cycle metaphor to comment on political leadership, which is not inherently hate speech.', ""The phrase 'weak boys' could be interpreted as demeaning to men who are perceived as not fitting traditional masculine roles, potentially assaulting human dignity."", 'The post does not contain any explicit calls for violence against individuals or groups.', ""The use of the term 'weak boys' might be seen as offensive or derogatory, but it lacks vulgarity or slurs."", 'The post criticizes political decisions without targeting a specific group based on protected characteristics, suggesting it is not hate speech.', 'The hashtags used are politically charged but do not inherently constitute hate speech.', 'The post could be interpreted as promoting a strong, possibly aggressive stance on immigration, but it does not explicitly incite violence.', 'The language used is not vulgar or profane, which suggests it is not hate speech.', 'The post reflects a political opinion that some may find offensive, but it does not meet the criteria for hate speech.', ""The post's message could be seen as divisive, but it does not explicitly demean or degrade any protected group.""]","[0, 1, 0, 0, 0, 0, 0, 0, 0, 0]","1. The post uses a historical cycle metaphor to comment on political leadership, which is not inherently hate speech. (Label: 0)
2. The phrase 'weak boys' could be interpreted as demeaning to men who are perceived as not fitting traditional masculine roles, potentially assaulting human dignity. (Label: 1)
3. The post does not contain any explicit calls for violence against individuals or groups. (Label: 0)
4. The use of the term 'weak boys' might be seen as offensive or derogatory, but it lacks vulgarity or slurs. (Label: 0)
5. The post criticizes political decisions without targeting a specific group based on protected characteristics, suggesting it is not hate speech. (Label: 0)
6. The hashtags used are politically charged but do not inherently constitute hate speech. (Label: 0)
7. The post could be interpreted as promoting a strong, possibly aggressive stance on immigration, but it does not explicitly incite violence. (Label: 0)
8. The language used is not vulgar or profane, which suggests it is not hate speech. (Label: 0)
9. The post reflects a political opinion that some may find offensive, but it does not meet the criteria for hate speech. (Label: 0)
10. The post's message could be seen as divisive, but it does not explicitly demean or degrade any protected group. (Label: 0)",0.1,0.1857142857142857
65,6975,The usually no comment FBI is providing cover for this news. http://www.foxnews.com/politics/2018/08/30/gohmert...,0.2,"['The post does not contain any explicit demeaning language towards any group, so it may not be considered hate speech.', 'The post does not call for violence or physical harm against any individual or group, suggesting it is not hate speech.', 'The post does not use vulgar or offensive language, which may indicate it is not hate speech.', 'The post could be interpreted as a critique of the FBI, which is a government agency, not a protected group, so it may not be hate speech.', 'The post might be seen as spreading misinformation or conspiracy theories, but this does not necessarily constitute hate speech.', ""The post's link to a Fox News article could imply a political bias, but political bias alone is not hate speech."", 'The post could be interpreted as questioning the integrity of the FBI, but this does not fall under hate speech criteria.', 'The post does not target any specific individual or group based on protected characteristics, suggesting it is not hate speech.', ""The post's language is neutral and lacks any aggressive or harmful intent, indicating it is not hate speech."", 'The post may be seen as expressing distrust in a government agency, which is a form of political expression rather than hate speech.']","[0, 0, 0, 0, 0, 0, 0, 0, 0, 0]","The post in question does not appear to meet the criteria for hate speech based on the aspects provided. It does not demean or degrade individuals or groups based on protected characteristics, does not incite violence, and does not use vulgar or offensive language. The opinions generated reflect a consensus that the post is not hate speech, resulting in a low disagreement among annotators.",0.0,0.2
66,7177,"Shalom, my fellow gabbers. I don’t follow anyone, but I’m here to air my grievances about Jew haters.",0.4,"[""The post uses the term 'Jew haters,' which could be seen as addressing anti-Semitism, not promoting it, thus not hate speech."", ""The use of 'Shalom' and 'Jew haters' suggests the post is from someone of Jewish descent expressing frustration, not hate speech."", 'The post does not contain any calls for violence, so it may not be considered hate speech.', 'The language used is not vulgar or offensive, so it may not qualify as hate speech.', 'The post could be interpreted as a personal grievance rather than an attack on a group, thus not hate speech.', 'The post could be seen as highlighting an issue of anti-Semitism, which is not hate speech.', 'The post does not demean or degrade any group; it addresses a grievance, so it may not be hate speech.', 'The post could be interpreted as a defensive stance against anti-Semitism, not promoting hate speech.', 'The post lacks context and could be seen as ambiguous, leading to different interpretations about hate speech.', 'The post does not incite violence or use slurs, so it may not be considered hate speech.']","[0, 0, 0, 0, 0, 0, 0, 0, 0, 0]","1. The post uses the term 'Jew haters,' which could be seen as addressing anti-Semitism, not promoting it, thus not hate speech. (Label: 0)
2. The use of 'Shalom' and 'Jew haters' suggests the post is from someone of Jewish descent expressing frustration, not hate speech. (Label: 0)
3. The post does not contain any calls for violence, so it may not be considered hate speech. (Label: 0)
4. The language used is not vulgar or offensive, so it may not qualify as hate speech. (Label: 0)
5. The post could be interpreted as a personal grievance rather than an attack on a group, thus not hate speech. (Label: 0)
6. The post could be seen as highlighting an issue of anti-Semitism, which is not hate speech. (Label: 0)
7. The post does not demean or degrade any group; it addresses a grievance, so it may not be hate speech. (Label: 0)
8. The post could be interpreted as a defensive stance against anti-Semitism, not promoting hate speech. (Label: 0)
9. The post lacks context and could be seen as ambiguous, leading to different interpretations about hate speech. (Label: 0)
10. The post does not incite violence or use slurs, so it may not be considered hate speech. (Label: 0)",0.0,0.4
67,7284,"Cruz has got his Neo Con issues, but come on, This Beto self hating white leftard clown, who would watch the US burn tomorrow for a Senate job & some shekels is getting 40% in the polls in TX? How many illegals on the voting rolls down there now? And the leftist white dipshits that have destroyed CA & NY living their now I wonder? Enough to have horse mouth win?",0.8,"[""The post uses derogatory language such as 'leftard' and 'dipshits,' which could be considered offensive but not necessarily hate speech."", ""The term 'self hating white' could be seen as an assault on human dignity by demeaning individuals based on race."", ""The use of 'shekels' could be interpreted as an anti-Semitic trope, which may constitute hate speech."", 'The post questions the legitimacy of voters by implying illegal voting, which could be seen as a political opinion rather than hate speech.', ""The phrase 'watch the US burn' is hyperbolic and does not directly incite violence, so it may not be considered hate speech."", ""The post's reference to 'illegals' could be seen as dehumanizing language towards immigrants, potentially constituting hate speech."", ""The mention of 'leftist white dipshits' could be interpreted as offensive language but not necessarily hate speech."", ""The post's overall tone is derogatory and dismissive, which may be offensive but not necessarily hate speech."", ""The use of 'horse mouth' is a personal insult but does not target a protected characteristic, so it may not be considered hate speech."", 'The post reflects a strong political bias and uses offensive language, but it may not meet the threshold for hate speech.']","[0, 1, 1, 0, 0, 1, 0, 0, 0, 0]","1. The post uses derogatory language such as 'leftard' and 'dipshits,' which could be considered offensive but not necessarily hate speech. (Label: 0)
2. The term 'self hating white' could be seen as an assault on human dignity by demeaning individuals based on race. (Label: 1)
3. The use of 'shekels' could be interpreted as an anti-Semitic trope, which may constitute hate speech. (Label: 1)
4. The post questions the legitimacy of voters by implying illegal voting, which could be seen as a political opinion rather than hate speech. (Label: 0)
5. The phrase 'watch the US burn' is hyperbolic and does not directly incite violence, so it may not be considered hate speech. (Label: 0)
6. The post's reference to 'illegals' could be seen as dehumanizing language towards immigrants, potentially constituting hate speech. (Label: 1)
7. The mention of 'leftist white dipshits' could be interpreted as offensive language but not necessarily hate speech. (Label: 0)
8. The post's overall tone is derogatory and dismissive, which may be offensive but not necessarily hate speech. (Label: 0)
9. The use of 'horse mouth' is a personal insult but does not target a protected characteristic, so it may not be considered hate speech. (Label: 0)
10. The post reflects a strong political bias and uses offensive language, but it may not meet the threshold for hate speech. (Label: 0)",0.3,0.5
68,7464,'Muslim Gets What’s Comin’' by @GuardAmerican https://gab.ai/tv/watch/23681,0.8,"['The post suggests that a Muslim individual deserved harm, which can be seen as an assault on human dignity based on religion.', ""The phrase 'Gets What’s Comin’' implies a justification for violence or harm, potentially inciting violence against Muslims."", 'The post does not explicitly call for violence but implies approval of harm, which could be interpreted as hate speech.', 'The language used is vague and could be interpreted in multiple ways, leading to high disagreement among annotators.', 'The post lacks explicit vulgarity or offensive language, which might lead some to label it as non-hate speech.', 'The context of the platform (Gab) and the username (@GuardAmerican) may suggest a bias against Muslims, influencing interpretation as hate speech.', 'The post could be seen as perpetuating negative stereotypes about Muslims, contributing to societal harm.', 'Some might argue that the post is a form of free speech and does not meet the threshold for hate speech.', 'The phrase could be interpreted as a personal opinion rather than a call to action, leading to non-hate speech labeling.', ""The post's brevity and lack of context make it difficult to definitively categorize, leading to varied opinions.""]","[1, 1, 1, 1, 0, 1, 1, 0, 0, 1]","1. The post suggests that a Muslim individual deserved harm, which can be seen as an assault on human dignity based on religion. (Label: 1)
2. The phrase 'Gets What’s Comin’' implies a justification for violence or harm, potentially inciting violence against Muslims. (Label: 1)
3. The post does not explicitly call for violence but implies approval of harm, which could be interpreted as hate speech. (Label: 1)
4. The language used is vague and could be interpreted in multiple ways, leading to high disagreement among annotators. (Label: 1)
5. The post lacks explicit vulgarity or offensive language, which might lead some to label it as non-hate speech. (Label: 0)
6. The context of the platform (Gab) and the username (@GuardAmerican) may suggest a bias against Muslims, influencing interpretation as hate speech. (Label: 1)
7. The post could be seen as perpetuating negative stereotypes about Muslims, contributing to societal harm. (Label: 1)
8. Some might argue that the post is a form of free speech and does not meet the threshold for hate speech. (Label: 0)
9. The phrase could be interpreted as a personal opinion rather than a call to action, leading to non-hate speech labeling. (Label: 0)
10. The post's brevity and lack of context make it difficult to definitively categorize, leading to varied opinions. (Label: 1)",0.7,0.10000000000000009
69,7944,"So #Tesla just met its production goal without even a factory in which to work.    Wow, that's in-tents.",0.0,"['The post is a play on words and does not target any individual or group, so it is not hate speech.', ""The post uses a pun related to Tesla's production methods and does not contain any offensive language, so it is not hate speech."", 'The post does not demean or degrade any individual or group based on protected characteristics, so it is not hate speech.', 'The post does not incite or encourage violence against any individual or group, so it is not hate speech.', 'The post is humorous and does not contain vulgarity or offensive language, so it is not hate speech.', ""The post is focused on Tesla's production achievements and does not relate to any hate speech aspects, so it is not hate speech."", ""The post is a light-hearted comment on Tesla's production and does not involve any hate speech elements, so it is not hate speech."", 'The post does not contain any slurs or derogatory terms, so it is not hate speech.', 'The post is a clever use of language and does not target any group, so it is not hate speech.', 'The post is unlikely to be interpreted as hate speech due to its neutral and humorous nature.']","[0, 0, 0, 0, 0, 0, 0, 0, 0, 0]","The post is a humorous play on words related to Tesla's production methods, specifically using a pun ('in-tents') to describe achieving production goals without a traditional factory. It does not target any individual or group, nor does it contain offensive language, incite violence, or demean anyone based on protected characteristics. Therefore, it is not considered hate speech.",0.0,0.0
70,7945,"Since blaming Trump for things which existed WAY before he came to offfice is the trendy thing to do, I'll make my own list now. Top choices so far are: death, the Flu, the short lifespan of mosquitos (poor little guys!), and... oh, I don't know... why not just the whole fall of humanity altogether?",0.14285714285714285,"['The post is sarcastic and does not target any specific group, so it is not hate speech.', 'The post uses humor to make a political point and does not contain hate speech.', 'The post does not demean or degrade any individual or group based on protected characteristics, so it is not hate speech.', 'The post does not incite violence or harm against any group, so it is not hate speech.', 'The post does not contain vulgar or offensive language, so it is not hate speech.', 'The post is a political commentary and does not fall under hate speech.', 'The post is critical of political discourse but does not target any group, so it is not hate speech.', 'The post is an expression of frustration with political blame games and is not hate speech.', 'The post does not exhibit any characteristics of hate speech as it is focused on political satire.', 'The post is a critique of political narratives and does not constitute hate speech.']","[0, 0, 0, 0, 0, 0, 0, 0, 0, 0]","The post is a sarcastic commentary on political blame games, specifically targeting the trend of blaming former President Trump for various issues. It does not target any specific group or individual based on race, ethnicity, gender, religion, sexual orientation, or other protected characteristics. The post does not incite violence or contain vulgar or offensive language. It is primarily a political satire and does not fall under the category of hate speech. Therefore, the opinions reflect a consensus that the post is not hate speech, resulting in a low disagreement among annotators.",0.0,0.14285714285714285
71,7946,"May we all take a moment to mourn the newfound circumstances of thousands of children who will now, thanks to our president's recent EO, get the privilege of staying by the side of the traffickers and exploiters which bring them into the country.",0.14285714285714285,"['The post criticizes a political decision without using hate speech, as it does not target any protected group.', 'The post implies criticism of a policy but does not contain vulgar or offensive language, so it is not hate speech.', 'The post could be seen as demeaning to immigrants by suggesting they are traffickers, which could be considered hate speech.', 'The post does not call for violence or use slurs, so it is not hate speech.', 'The post uses sarcasm to criticize a policy, which might be offensive to some but does not constitute hate speech.', 'The post could be interpreted as perpetuating negative stereotypes about immigrants, which might be considered hate speech.', 'The post is a political commentary and does not directly assault human dignity, so it is not hate speech.', 'The post does not incite violence or harm against any group, so it is not hate speech.', ""The post's language is not vulgar or explicitly offensive, so it is not hate speech."", 'The post could be seen as indirectly demeaning to a group (immigrants), which might be considered hate speech.']","[0, 0, 1, 0, 0, 1, 0, 0, 0, 1]","1. The post criticizes a political decision without using hate speech, as it does not target any protected group. (Label: 0)
2. The post implies criticism of a policy but does not contain vulgar or offensive language, so it is not hate speech. (Label: 0)
3. The post could be seen as demeaning to immigrants by suggesting they are traffickers, which could be considered hate speech. (Label: 1)
4. The post does not call for violence or use slurs, so it is not hate speech. (Label: 0)
5. The post uses sarcasm to criticize a policy, which might be offensive to some but does not constitute hate speech. (Label: 0)
6. The post could be interpreted as perpetuating negative stereotypes about immigrants, which might be considered hate speech. (Label: 1)
7. The post is a political commentary and does not directly assault human dignity, so it is not hate speech. (Label: 0)
8. The post does not incite violence or harm against any group, so it is not hate speech. (Label: 0)
9. The post's language is not vulgar or explicitly offensive, so it is not hate speech. (Label: 0)
10. The post could be seen as indirectly demeaning to a group (immigrants), which might be considered hate speech. (Label: 1)",0.3,0.15714285714285714
72,8280,Looks like a bunch of dead bodies to me. Why would you just assume those are dead Jews? Could be anything.,0.4,"['The post is dismissive of a serious topic and could be seen as demeaning to Jewish people, thus constituting hate speech.', 'The post does not explicitly demean any group but questions assumptions, so it may not be hate speech.', ""The post's language is insensitive and could be interpreted as trivializing the Holocaust, which could be seen as hate speech."", 'The post does not contain any direct calls for violence, so it may not be considered hate speech.', ""The post's use of 'dead bodies' in a casual manner could be seen as offensive, but not necessarily hate speech."", 'The post could be interpreted as questioning media narratives, which is not inherently hate speech.', 'The post lacks vulgarity or slurs, which might lead some to view it as non-hate speech.', ""The post's ambiguity about the identity of the 'dead bodies' could be seen as an attempt to deny historical events, which could be considered hate speech."", 'The post could be seen as a critique of assumptions rather than an attack on a specific group, thus not hate speech.', ""The post's potential to offend Jewish people might lead some to label it as hate speech.""]","[1, 0, 1, 0, 0, 0, 0, 1, 0, 1]","1. The post is dismissive of a serious topic and could be seen as demeaning to Jewish people, thus constituting hate speech. (Label: 1)
2. The post does not explicitly demean any group but questions assumptions, so it may not be hate speech. (Label: 0)
3. The post's language is insensitive and could be interpreted as trivializing the Holocaust, which could be seen as hate speech. (Label: 1)
4. The post does not contain any direct calls for violence, so it may not be considered hate speech. (Label: 0)
5. The post's use of 'dead bodies' in a casual manner could be seen as offensive, but not necessarily hate speech. (Label: 0)
6. The post could be interpreted as questioning media narratives, which is not inherently hate speech. (Label: 0)
7. The post lacks vulgarity or slurs, which might lead some to view it as non-hate speech. (Label: 0)
8. The post's ambiguity about the identity of the 'dead bodies' could be seen as an attempt to deny historical events, which could be considered hate speech. (Label: 1)
9. The post could be seen as a critique of assumptions rather than an attack on a specific group, thus not hate speech. (Label: 0)
10. The post's potential to offend Jewish people might lead some to label it as hate speech. (Label: 1)",0.4,0.0
73,8281,"There were no extermination or death camps, there were labour camps. Jews died for the same reasons German citizens died: typhoid, and starvation from relentless allied bombing. You’ve see photos of emaciated bodies and immediately assume, like a good fuckimg sheep, that those we Jews killed by Hitler. All claims of ovens and gas chambers have been debunked. This is simple shit, dumm",0.8,"['The post denies historical facts about the Holocaust, which can be seen as an assault on human dignity, particularly for Jewish people, and thus constitutes hate speech.', ""The post uses offensive language such as 'fuckimg sheep' and 'dumm', which may be considered vulgar and offensive, but not necessarily hate speech."", 'The post does not directly call for violence, so it may not meet the criteria for hate speech based on incitement to violence.', ""The post's denial of the Holocaust could be interpreted as an attempt to demean or degrade Jewish people, thus constituting hate speech."", ""The post's language and denial of historical events could be seen as promoting anti-Semitic views, which is a form of hate speech."", ""The post's claim that 'all claims of ovens and gas chambers have been debunked' is a false statement that could be seen as harmful and degrading to Holocaust survivors and victims, thus constituting hate speech."", ""The post's use of the term 'good fuckimg sheep' is offensive and derogatory, but may not be enough to classify the post as hate speech on its own."", ""The post's denial of the Holocaust and its implications could be seen as an attempt to rewrite history in a way that harms Jewish people, thus constituting hate speech."", ""The post's language and content could be interpreted as an attempt to spread misinformation and hate against Jewish people, thus constituting hate speech."", ""The post's denial of the Holocaust and use of derogatory language could be seen as an attempt to incite hatred against Jewish people, thus constituting hate speech.""]","[1, 0, 0, 1, 1, 1, 0, 1, 1, 1]","1. The post denies historical facts about the Holocaust, which can be seen as an assault on human dignity, particularly for Jewish people, and thus constitutes hate speech.
2. The post uses offensive language such as 'fuckimg sheep' and 'dumm', which may be considered vulgar and offensive, but not necessarily hate speech.
3. The post does not directly call for violence, so it may not meet the criteria for hate speech based on incitement to violence.
4. The post's denial of the Holocaust could be interpreted as an attempt to demean or degrade Jewish people, thus constituting hate speech.
5. The post's language and denial of historical events could be seen as promoting anti-Semitic views, which is a form of hate speech.
6. The post's claim that 'all claims of ovens and gas chambers have been debunked' is a false statement that could be seen as harmful and degrading to Holocaust survivors and victims, thus constituting hate speech.
7. The post's use of the term 'good fuckimg sheep' is offensive and derogatory, but may not be enough to classify the post as hate speech on its own.
8. The post's denial of the Holocaust and its implications could be seen as an attempt to rewrite history in a way that harms Jewish people, thus constituting hate speech.
9. The post's language and content could be interpreted as an attempt to spread misinformation and hate against Jewish people, thus constituting hate speech.
10. The post's denial of the Holocaust and use of derogatory language could be seen as an attempt to incite hatred against Jewish people, thus constituting hate speech.",0.7,0.10000000000000009
74,8283,"Listen, faggot, you’re just a brainwashed lazy minded drone who has never looked into it. Tell me: what proof is there that any sort of genocide happened against the Jews.",0.8,"['The post uses a homophobic slur, which is a clear assault on human dignity and constitutes hate speech.', 'The post questions the occurrence of the Holocaust, which can be seen as Holocaust denial, a form of hate speech against Jewish people.', ""The use of the term 'faggot' is vulgar and offensive, contributing to the post being labeled as hate speech."", 'The post does not explicitly call for violence, so it might not be considered hate speech by some annotators.', ""The post's language is aggressive and demeaning, which could be interpreted as hate speech."", 'Some might argue that the post is merely expressing a controversial opinion rather than hate speech.', ""The post's denial of genocide could be seen as an attempt to spread misinformation, which is harmful and could be labeled as hate speech."", 'The post targets both LGBTQ+ individuals and Jewish people, which could be seen as a dual assault on human dignity.', ""The post's language could be interpreted as a rhetorical question rather than a statement of belief, leading some to not label it as hate speech."", ""The post's offensive language and denial of historical events might lead to a consensus that it is hate speech.""]","[1, 1, 1, 0, 1, 0, 1, 1, 0, 1]","1. The post uses a homophobic slur, which is a clear assault on human dignity and constitutes hate speech. (Label: 1)
2. The post questions the occurrence of the Holocaust, which can be seen as Holocaust denial, a form of hate speech against Jewish people. (Label: 1)
3. The use of the term 'faggot' is vulgar and offensive, contributing to the post being labeled as hate speech. (Label: 1)
4. The post does not explicitly call for violence, so it might not be considered hate speech by some annotators. (Label: 0)
5. The post's language is aggressive and demeaning, which could be interpreted as hate speech. (Label: 1)
6. Some might argue that the post is merely expressing a controversial opinion rather than hate speech. (Label: 0)
7. The post's denial of genocide could be seen as an attempt to spread misinformation, which is harmful and could be labeled as hate speech. (Label: 1)
8. The post targets both LGBTQ+ individuals and Jewish people, which could be seen as a dual assault on human dignity. (Label: 1)
9. The post's language could be interpreted as a rhetorical question rather than a statement of belief, leading some to not label it as hate speech. (Label: 0)
10. The post's offensive language and denial of historical events might lead to a consensus that it is hate speech. (Label: 1)",0.7,0.10000000000000009
75,8284,The. Holocaust. Never. Happened.,0.4,"['This post denies a historical atrocity, which can be seen as an assault on the dignity of Holocaust survivors and Jewish people, thus constituting hate speech.', 'The post does not directly call for violence but could be interpreted as indirectly supporting harmful ideologies, which might be considered hate speech.', 'The post lacks vulgarity or offensive language, which might lead some to view it as non-hate speech.', 'Holocaust denial is often associated with anti-Semitic beliefs, which could classify this post as hate speech.', 'Some might argue that the post is a statement of opinion or belief, not hate speech, due to the absence of explicit derogatory language.', 'The post could be seen as spreading misinformation that harms the dignity of affected groups, thus qualifying as hate speech.', ""The post might be interpreted as a form of historical revisionism rather than hate speech, depending on the reader's perspective."", 'Given the sensitive nature of Holocaust denial, many would likely categorize this as hate speech due to its potential to harm Jewish communities.', 'The post does not explicitly target individuals or groups with slurs, which might lead some to label it as non-hate speech.', ""The post's denial of a well-documented historical event could be seen as an implicit attack on Jewish identity, thus constituting hate speech.""]","[1, 1, 0, 1, 0, 1, 0, 1, 0, 1]","1. This post denies a historical atrocity, which can be seen as an assault on the dignity of Holocaust survivors and Jewish people, thus constituting hate speech. (Label: 1)
2. The post does not directly call for violence but could be interpreted as indirectly supporting harmful ideologies, which might be considered hate speech. (Label: 1)
3. The post lacks vulgarity or offensive language, which might lead some to view it as non-hate speech. (Label: 0)
4. Holocaust denial is often associated with anti-Semitic beliefs, which could classify this post as hate speech. (Label: 1)
5. Some might argue that the post is a statement of opinion or belief, not hate speech, due to the absence of explicit derogatory language. (Label: 0)
6. The post could be seen as spreading misinformation that harms the dignity of affected groups, thus qualifying as hate speech. (Label: 1)
7. The post might be interpreted as a form of historical revisionism rather than hate speech, depending on the reader's perspective. (Label: 0)
8. Given the sensitive nature of Holocaust denial, many would likely categorize this as hate speech due to its potential to harm Jewish communities. (Label: 1)
9. The post does not explicitly target individuals or groups with slurs, which might lead some to label it as non-hate speech. (Label: 0)
10. The post's denial of a well-documented historical event could be seen as an implicit attack on Jewish identity, thus constituting hate speech. (Label: 1)",0.6,0.19999999999999996
76,8581,"What's the worst thing, beginning with N and ending in R, that you can call a black man? Neighbour.",0.6,"['The post uses a play on words to reference a racial slur, which could be seen as an assault on human dignity, thus constituting hate speech.', 'The post does not explicitly use a racial slur but implies it, which might be considered offensive and degrading, leading to a label of hate speech.', 'The post is intended as a joke and does not directly insult anyone, so it might not be considered hate speech.', 'The post uses a clever twist to avoid using a slur, which some might see as non-hate speech due to the absence of explicit offensive language.', ""The post's implication of a racial slur is enough to be considered hate speech by some annotators due to its offensive nature."", 'The post could be seen as a commentary on racial stereotypes, which might not be considered hate speech if interpreted as satire.', ""The post's humor relies on the expectation of a slur, which could be seen as perpetuating harmful stereotypes, thus considered hate speech."", 'The post does not call for violence or use explicit vulgarity, which might lead some to label it as non-hate speech.', ""The post's reliance on racial context for humor could be seen as degrading, thus considered hate speech."", 'The post might be seen as a harmless joke by some, leading to a non-hate speech label.']","[1, 1, 0, 0, 1, 0, 1, 0, 1, 0]","1. The post uses a play on words to reference a racial slur, which could be seen as an assault on human dignity, thus constituting hate speech. (Label: 1)
2. The post does not explicitly use a racial slur but implies it, which might be considered offensive and degrading, leading to a label of hate speech. (Label: 1)
3. The post is intended as a joke and does not directly insult anyone, so it might not be considered hate speech. (Label: 0)
4. The post uses a clever twist to avoid using a slur, which some might see as non-hate speech due to the absence of explicit offensive language. (Label: 0)
5. The post's implication of a racial slur is enough to be considered hate speech by some annotators due to its offensive nature. (Label: 1)
6. The post could be seen as a commentary on racial stereotypes, which might not be considered hate speech if interpreted as satire. (Label: 0)
7. The post's humor relies on the expectation of a slur, which could be seen as perpetuating harmful stereotypes, thus considered hate speech. (Label: 1)
8. The post does not call for violence or use explicit vulgarity, which might lead some to label it as non-hate speech. (Label: 0)
9. The post's reliance on racial context for humor could be seen as degrading, thus considered hate speech. (Label: 1)
10. The post might be seen as a harmless joke by some, leading to a non-hate speech label. (Label: 0)",0.5,0.09999999999999998
77,9427,"Treason May tells her kids ""Don't talk to the neighbours""  https://www.breitbart.com/london/2018/09/14/downing-street-orders-tories-distance-themselves-conservative-hungarian-leader/   Treason resents Orban becoming more powerful, Love that glance from #Hungary #Orban  #EU ? #FU ",0.2,"[""The post uses the term 'Treason' as a derogatory nickname for a political figure, which could be seen as demeaning but not necessarily hate speech."", 'The post does not explicitly call for violence or physical harm against any individual or group.', ""The use of '#FU' could be interpreted as vulgar or offensive language, but it is not directed at a specific group or individual based on protected characteristics."", 'The post expresses a political opinion and criticism, which is generally protected under free speech and not considered hate speech.', 'The post does not target any specific race, ethnicity, gender, religion, or sexual orientation, so it may not be considered hate speech.', ""The use of 'Treason' and '#FU' could be seen as offensive to some, but it is more likely political rhetoric rather than hate speech."", ""The post's reference to 'Treason May' and 'Orban' is political commentary and does not degrade any protected group."", ""The post's language is provocative but does not meet the threshold for hate speech as it lacks specific targeting of protected characteristics."", 'The post could be seen as promoting divisive political views, but it does not constitute hate speech as it lacks calls for violence or demeaning language towards protected groups.', ""The post's use of hashtags and language may be considered offensive by some, but it does not meet the criteria for hate speech.""]","[0, 0, 0, 0, 0, 0, 0, 0, 0, 0]","The post primarily contains political commentary and criticism, with some use of offensive language ('#FU'). However, it does not explicitly target any protected group or call for violence, which are key aspects of hate speech. Therefore, the opinions generally lean towards labeling the post as non-hate speech.",0.0,0.2
78,9683,"I don't know if his post is public or not, but here you go. I didn't post his name because I'm not an asshole. I don't make shit up.https://www.facebook.com/CajunGypsy/posts/10155829...",0.0,"['The post does not contain any explicit hate speech as it lacks derogatory language or calls for violence.', 'The post could be seen as non-hate speech because it does not target any specific group or individual with offensive language.', ""The use of the term 'asshole' might be considered vulgar, but it is not directed at a protected group, so it may not qualify as hate speech."", 'The post seems to focus on sharing information without malicious intent, suggesting it is not hate speech.', 'The absence of racial, ethnic, or gender-based slurs indicates that the post is likely not hate speech.', 'The post does not incite violence or harm, which supports the view that it is not hate speech.', 'The language used is informal and slightly offensive, but it does not degrade any group, suggesting it is not hate speech.', ""The post's intent appears to be more about transparency than harm, which may lead to it being labeled as non-hate speech."", 'The lack of context about the content of the shared link makes it difficult to assess for hate speech, but the post itself is not explicitly hateful.', ""The post's tone is defensive rather than aggressive, which might lead to it being seen as non-hate speech.""]","[0, 0, 0, 0, 0, 0, 0, 0, 0, 0]","The post in question does not explicitly target any individual or group with hate speech. It uses informal language and a mild vulgarity ('asshole'), but this is not directed at a protected characteristic or group. The post does not call for violence or incite harm, and it lacks any racial, ethnic, gender, or other slurs. The intent seems to be about sharing information without malicious intent, and the tone is more defensive than aggressive. Given these observations, the post is likely to be labeled as non-hate speech by most annotators, resulting in low disagreement.",0.0,0.0
79,9684,"Gorgeous kitty! I haven't had a gray cat since my very first cat when I was a young kid. I forgot how pretty their fur is, especially when the light hits it.",0.0,"['The post is a harmless expression of admiration for a pet, with no elements of hate speech.', 'There is no assault on human dignity as the post is about a cat, not people.', 'The post does not contain any calls for violence against individuals or groups.', 'There is no vulgarity or offensive language present in the post.', 'The post is purely about personal experiences with pets and does not mention any protected characteristics.', 'The language used is positive and affectionate, focusing on the beauty of the cat.', 'There is no context or subtext that suggests any form of hate speech.', 'The post is unlikely to be interpreted as hate speech by any reasonable standard.', 'The content is neutral and does not target any individual or group.', 'The post is a simple, personal reflection and does not engage in any form of hate speech.']","[0, 0, 0, 0, 0, 0, 0, 0, 0, 0]","The post is a straightforward expression of affection for a pet cat, with no elements that could be construed as hate speech. It does not demean or degrade any individuals or groups, nor does it incite violence or use offensive language. The post is entirely focused on the beauty of a gray cat and personal nostalgia, making it clear that it is non-hate speech. Annotators would likely agree on this assessment, resulting in low disagreement.",0.0,0.0
80,9685,"Aw. One of mine (I have 5 adults, too) loves to stretch out next to or on my legs. He'll stay there the whole night if I don't kick him when I roll over.",0.0,"[""The post is a harmless description of a pet's behavior and does not contain any hate speech elements."", ""The post uses the word 'kick,' but it is clearly in a non-violent, playful context related to a pet, not a person."", 'There is no mention of any group or individual being demeaned or degraded based on protected characteristics.', 'The post does not incite or encourage violence against any individual or group.', 'There is no vulgarity or offensive language present in the post.', 'The context of the post is about a pet, which is not relevant to hate speech.', ""The use of 'kick' is metaphorical and not intended to harm, thus not related to hate speech."", 'The post is focused on a personal anecdote about a pet, lacking any hate speech content.', 'There is no assault on human dignity as the post is about a pet, not people.', 'The post is light-hearted and lacks any elements that could be construed as hate speech.']","[0, 0, 0, 0, 0, 0, 0, 0, 0, 0]","The post is a personal anecdote about a pet's behavior and does not contain any elements of hate speech. It does not demean or degrade any individuals or groups, nor does it incite violence or use offensive language. The use of the word 'kick' is in a playful, non-violent context related to a pet, not a person. Therefore, all opinions suggest that the post is not hate speech, resulting in a label of 0 for each opinion.",0.0,0.0
81,9686,"Idiotic Liberal Logic - or lack thereofI've known OP for 30+ yrs, thus the obscured names. Given his new avatar, I'm going to have to give him the boot, but I thought I'd screen grab this piece of stupidity from one of his rabid libtard friends. Libs cannot see the inherent contradictions in what they say.  https://kek.gg/i/4wkzyV.png",0.8333333333333334,"[""The post uses the term 'libtard,' which is a derogatory slur against liberals, thus it constitutes hate speech."", 'The post criticizes liberal logic but does not directly attack any individual or group based on protected characteristics, so it is not hate speech.', ""The use of 'idiotic' and 'stupidity' is offensive but not necessarily hate speech as it targets ideas rather than people."", ""The post's language is derogatory and dismissive, which could be seen as demeaning to individuals with liberal views, thus it is hate speech."", 'The post does not call for violence or physical harm, so it does not meet the criteria for hate speech.', ""The term 'libtard' is offensive and vulgar, which could be considered hate speech due to its derogatory nature."", 'The post is a critique of political ideology rather than an attack on a protected group, so it is not hate speech.', ""The post's tone is mocking and dismissive, which could be interpreted as degrading to those with liberal views, thus it is hate speech."", 'The post does not contain any explicit slurs or profanity directed at a specific individual, so it is not hate speech.', ""The post's use of derogatory language towards liberals could be seen as an assault on human dignity, thus it is hate speech.""]","[1, 0, 0, 1, 0, 1, 0, 1, 0, 1]",Opinions and labels generated based on the assessment of the post.,0.5,0.33333333333333337
82,9687,"I like that she talks about Great Comics and includes herself, 'our job'. That miserable twat wouldn't know great comedy if it slapped her on the ass.",0.3333333333333333,"[""The post uses vulgar language ('miserable twat') which could be considered offensive but not necessarily hate speech."", 'The post does not target any specific protected characteristic such as race, gender, or religion, so it may not be considered hate speech.', ""The use of 'miserable twat' is derogatory and demeaning, which could be seen as an assault on human dignity, but it is not directed at a group."", 'The post does not contain any calls for violence or incitement to harm, so it may not be considered hate speech.', 'The language used is offensive and disrespectful, but it is more of a personal attack rather than hate speech.', ""The post could be seen as a critique of someone's professional ability rather than an attack on their identity, so it may not be hate speech."", ""The post's offensive language could be interpreted as hate speech if the target is part of a marginalized group, but this is not clear from the post."", ""The post's tone is aggressive and disrespectful, but it lacks the elements of hate speech such as targeting a protected characteristic."", 'The post could be seen as an example of cyberbullying due to its derogatory language, but not necessarily hate speech.', ""The post's use of vulgarity is offensive, but without targeting a specific group, it may not meet the criteria for hate speech.""]","[0, 0, 0, 0, 0, 0, 0, 0, 0, 0]","The post contains offensive language ('miserable twat') but does not target a specific protected characteristic or call for violence. It is more of a personal attack or critique rather than hate speech. The language is vulgar and disrespectful, but it does not meet the criteria for hate speech as it lacks elements such as targeting a group based on race, gender, or other protected characteristics. Therefore, the opinions lean towards labeling it as non-hate speech.",0.0,0.3333333333333333
83,9688,Thanks! I will.,0.0,"['The post is neutral and does not contain any hate speech elements.', 'The post lacks any context that could be interpreted as hate speech.', 'The language used is polite and does not include any offensive terms.', 'There is no mention of any group or individual that could be targeted by hate speech.', 'The post does not incite violence or harm against anyone.', 'The post is a simple expression of gratitude and intention, with no negative connotations.', 'There is no vulgarity or offensive language present in the post.', 'The post does not demean or degrade any individual or group.', 'The post is unlikely to be interpreted as hate speech by any reasonable standard.', 'The post is contextually benign and does not exhibit any characteristics of hate speech.']","[0, 0, 0, 0, 0, 0, 0, 0, 0, 0]","The post ""Thanks! I will."" is assessed as non-hate speech by all ten opinions, resulting in a unanimous label of 0 for each opinion.",0.0,0.0
84,9689,"Yep. She has a bed, but she went straight back to the carrier. I'll leave it as long as she needs. Given the Okra situation, I'm figuring 7-10 days in the bathroom unless closely supervised & probably a while longer at night. She'll be eating in my bath until she's on adult food, anyway. You know I won't rush her.",0.0,"['The post is about taking care of a pet and does not contain any hate speech elements.', 'The language used in the post is neutral and does not demean or degrade any individual or group.', 'There is no call for violence or encouragement of harm in the post.', 'The post does not contain any vulgar or offensive language.', 'The post is focused on a personal situation involving a pet and lacks any reference to protected characteristics.', 'The post is unlikely to be interpreted as hate speech due to its benign content.', 'The context of the post is about pet care, which is unrelated to hate speech.', 'The post does not target any specific group or individual in a harmful way.', 'The post is devoid of any slurs or derogatory terms.', 'The post is clearly non-hate speech as it discusses a non-controversial topic.']","[0, 0, 0, 0, 0, 0, 0, 0, 0, 0]","The post is about taking care of a pet and does not contain any hate speech elements. The language used in the post is neutral and does not demean or degrade any individual or group. There is no call for violence or encouragement of harm in the post. The post does not contain any vulgar or offensive language. The post is focused on a personal situation involving a pet and lacks any reference to protected characteristics. The post is unlikely to be interpreted as hate speech due to its benign content. The context of the post is about pet care, which is unrelated to hate speech. The post does not target any specific group or individual in a harmful way. The post is devoid of any slurs or derogatory terms. The post is clearly non-hate speech as it discusses a non-controversial topic.",0.0,0.0
85,9690,"Little, cute, dark gray Toe Beans!! I love toe beans.",0.0,"['The post is innocuous and does not target any individual or group, thus it is not hate speech.', ""The term 'dark gray' is used descriptively for toe beans and not in a derogatory manner, so it is not hate speech."", ""The post expresses affection for 'toe beans,' which are typically associated with cats, and contains no offensive language, so it is not hate speech."", 'There is no call for violence or harm in the post, making it non-hate speech.', 'The post does not demean or degrade any individual or group, thus it is not hate speech.', 'The language used is neutral and affectionate, with no vulgarity or slurs, indicating it is not hate speech.', ""The post is likely about a pet's paws and is harmless, thus not hate speech."", 'The context of the post is about admiration for a pet feature, with no negative connotations, so it is not hate speech.', 'The post does not mention any protected characteristics or groups, making it non-hate speech.', 'The post is playful and light-hearted, with no elements of hate speech.']","[0, 0, 0, 0, 0, 0, 0, 0, 0, 0]","The post is a light-hearted and affectionate comment about 'toe beans,' which are typically the pads on a cat's paws. It does not contain any language or context that would be considered hate speech. The use of 'dark gray' is purely descriptive and not used in a derogatory manner. There is no offensive language, no call for violence, and no demeaning of any individual or group. The post is clearly non-hate speech, and there is likely to be low disagreement among annotators regarding this assessment.",0.0,0.0
86,9691,"Poor little bit, she's terrified of him. I don't think she's ever been around dogs, much less one whose head is bigger than she is. The cats are fascinated, but Pearl's not having any of it yet. She's a growler. LOL She settled down enough to come out of the carrier & explore her temp home in my bathroom & drink a little, but she's back in it now, curled up sleeping.",0.0,"[""The post is a harmless description of a pet's behavior and does not contain any hate speech elements."", ""The post uses the term 'growler' in a humorous context, not as an offensive term, indicating no hate speech."", 'The post is focused on animals and does not address any human groups, so it is not hate speech.', 'The language used in the post is neutral and does not demean or degrade any individuals or groups.', 'There is no call for violence or harm in the post, making it non-hate speech.', 'The post does not contain any vulgar or offensive language, suggesting it is not hate speech.', 'The post is a personal anecdote about pets and lacks any elements of hate speech.', 'The post does not target any protected characteristics, so it is not hate speech.', 'The post is light-hearted and does not incite any negative actions or thoughts towards others.', 'The post is contextually about pets and does not relate to human dignity or violence, indicating it is not hate speech.']","[0, 0, 0, 0, 0, 0, 0, 0, 0, 0]","The post is a personal story about a pet's reaction to a new environment and does not contain any elements of hate speech. It is focused on animals and their behavior, with no reference to human groups or characteristics that could be considered hate speech. The language is neutral, and there is no incitement to violence or use of offensive language. Therefore, all opinions suggest that the post is not hate speech, resulting in a label of 0 for each opinion.",0.0,0.0
87,9692,Look what we did today! Meet Pearl.,0.0,"['The post is innocuous and simply introduces someone named Pearl, with no hate speech present.', 'The post lacks any context or language that could be interpreted as hate speech.', 'There is no mention of any group or individual being demeaned or degraded, so it is not hate speech.', 'The post does not contain any calls for violence or harm against any individual or group.', 'There is no vulgarity or offensive language present in the post.', 'The post seems to be a positive or neutral statement, likely about a personal or social event.', 'Without additional context, the post appears to be harmless and not related to hate speech.', 'The post could be about a pet or a new acquaintance, neither of which suggests hate speech.', 'The language used is neutral and does not target any protected characteristic.', 'The post is likely a simple social media update with no negative connotations.']","[0, 0, 0, 0, 0, 0, 0, 0, 0, 0]","The post ""Look what we did today! Meet Pearl."" does not exhibit any characteristics of hate speech based on the aspects provided. It is a neutral statement that introduces someone or something named Pearl, without any offensive or harmful language.",0.0,0.0
88,9780,"Look at this compilation of tweets Nick Monroe made exhibiting the anti-white racism of Buzzfeed staff members. Again, this is commonplace on the Left. https://twitter.com/i/moments/1033547403620757504",0.8,"['The post highlights alleged racism by Buzzfeed staff, which could be seen as a critique rather than hate speech.', 'The post accuses a group (Buzzfeed staff) of racism, which might be interpreted as an assault on their dignity.', 'The post does not contain any direct calls for violence, so it may not be considered hate speech.', 'The post does not use vulgar or offensive language, which might lead some to label it as non-hate speech.', 'The post could be seen as perpetuating a narrative of racial division, which some might consider as hate speech.', ""The post's focus on 'anti-white racism' could be interpreted as an attempt to highlight reverse racism, which is a contentious topic."", ""The post's mention of 'commonplace on the Left' could be seen as a generalization that might offend some but not necessarily hate speech."", 'The post could be interpreted as a political critique rather than hate speech, focusing on perceived biases in media.', ""The post's link to a Twitter moment might be seen as providing evidence rather than inciting hate, leading to a non-hate speech label."", 'The post could be seen as an attempt to hold media accountable, which some might view as a legitimate critique rather than hate speech.']","[0, 1, 0, 0, 1, 0, 0, 0, 0, 0]","1. The post highlights alleged racism by Buzzfeed staff, which could be seen as a critique rather than hate speech. (Label: 0)
2. The post accuses a group (Buzzfeed staff) of racism, which might be interpreted as an assault on their dignity. (Label: 1)
3. The post does not contain any direct calls for violence, so it may not be considered hate speech. (Label: 0)
4. The post does not use vulgar or offensive language, which might lead some to label it as non-hate speech. (Label: 0)
5. The post could be seen as perpetuating a narrative of racial division, which some might consider as hate speech. (Label: 1)
6. The post's focus on 'anti-white racism' could be interpreted as an attempt to highlight reverse racism, which is a contentious topic. (Label: 0)
7. The post's mention of 'commonplace on the Left' could be seen as a generalization that might offend some but not necessarily hate speech. (Label: 0)
8. The post could be interpreted as a political critique rather than hate speech, focusing on perceived biases in media. (Label: 0)
9. The post's link to a Twitter moment might be seen as providing evidence rather than inciting hate, leading to a non-hate speech label. (Label: 0)
10. The post could be seen as an attempt to hold media accountable, which some might view as a legitimate critique rather than hate speech. (Label: 0)",0.2,0.6000000000000001
89,9782,"Listen, I know I make fun of Commiefornia a lot, but I never realized they were this stupid. By the way, what a biased article from a so-called objective news source. Two sentences saying it's controversial and ten paragraphs dedicated to up-playing it. https://money.cnn.com/2018/08/30/pf/california-wom...",0.8,"[""The term 'Commiefornia' is a derogatory term that could be seen as demeaning to people from California, but it doesn't target a protected characteristic, so it may not be considered hate speech."", ""The post criticizes a news article and uses the term 'Commiefornia,' which is offensive but not necessarily hate speech as it doesn't incite violence or target a protected group."", ""The use of 'Commiefornia' could be interpreted as a political statement rather than hate speech, as it doesn't directly attack a protected characteristic."", 'The post expresses a strong opinion about California and a news article, but it lacks elements of hate speech such as calls for violence or demeaning language towards a protected group.', ""The post's language is offensive to some, but it doesn't meet the criteria for hate speech as it doesn't degrade a protected group or incite violence."", ""The term 'Commiefornia' is a slur against California's political stance, but it doesn't constitute hate speech as it doesn't target a protected characteristic or incite violence."", ""The post is critical and uses offensive language, but it doesn't qualify as hate speech because it doesn't demean a protected group or call for violence."", ""The post's criticism of California and the news article is harsh but doesn't meet the threshold for hate speech as it doesn't target a protected group or incite violence."", ""The post uses derogatory language towards California, but it doesn't constitute hate speech as it doesn't attack a protected characteristic or incite violence."", ""The post is an expression of political opinion using offensive language, but it doesn't qualify as hate speech as it doesn't target a protected group or incite violence.""]","[0, 0, 0, 0, 0, 0, 0, 0, 0, 0]","The post uses the term 'Commiefornia,' which is a derogatory term for California, often used to criticize its perceived liberal policies. However, the term itself does not target a protected characteristic such as race, ethnicity, gender, religion, or sexual orientation. The post does not contain any calls for violence or incite physical harm against individuals or groups. While the language is offensive to some, it does not meet the criteria for hate speech as it does not degrade a protected group or incite violence. Therefore, the post is likely to be labeled as non-hate speech by annotators.",0.0,0.8
90,9913,"So starting tomorrow, I'll have 11 days of peace and quiet in the house while the family goes on vacation.  Could use any and all cheers, thoughts, prayers, whatever, cause I'd like to enjoy myself without getting plastered and hangover-sleeping the whole time away.",0.0,"['The post is a personal reflection and does not target any group or individual, so it is not hate speech.', 'The post does not contain any offensive language or slurs, indicating it is not hate speech.', 'There is no call for violence or harm against any group or individual in the post, so it is not hate speech.', 'The post is about personal plans and does not demean or degrade any group, so it is not hate speech.', 'The language used in the post is neutral and does not contain vulgarity, suggesting it is not hate speech.', ""The post is focused on the author's personal experience and does not involve any hate speech elements."", 'There is no mention of race, ethnicity, gender, religion, or sexual orientation, indicating it is not hate speech.', 'The post does not incite any negative actions or thoughts towards others, so it is not hate speech.', 'The content of the post is benign and does not exhibit any characteristics of hate speech.', 'The post is a request for positive thoughts and does not involve any hate speech.']","[0, 0, 0, 0, 0, 0, 0, 0, 0, 0]","The post is a personal reflection about the author's upcoming time alone while their family is on vacation. It does not contain any elements of hate speech, such as assaults on human dignity, calls for violence, or vulgarity/offensive language. The post is neutral and focused on the author's desire to enjoy their time without overindulging in alcohol. Therefore, all opinions suggest that the post is not hate speech, resulting in a label of 0 for each opinion.",0.0,0.0
91,9914,"Thank you to everyone that has supported freedom of speech.  In spite of our political differences, this is the one thematic unifying principle that brings us here.",0.0,"['The post is a positive statement supporting freedom of speech and does not contain hate speech.', 'The post does not demean or degrade any individual or group based on protected characteristics.', 'There is no call for violence or encouragement of physical harm in the post.', 'The language used in the post is respectful and free of vulgarity or offensive language.', 'The post promotes unity and understanding despite political differences, which is contrary to hate speech.', 'The post could be seen as a subtle critique of those who oppose freedom of speech, but it does not constitute hate speech.', 'The post is neutral and focuses on a fundamental democratic principle without targeting any group.', 'The post does not exhibit any characteristics of hate speech as it is inclusive and respectful.', 'The post is likely to be interpreted as non-hate speech due to its emphasis on a unifying principle.', 'The post is straightforward and lacks any ambiguity that could lead to it being classified as hate speech.']","[0, 0, 0, 0, 0, 0, 0, 0, 0, 0]","The post is a positive statement supporting freedom of speech and does not contain hate speech. It does not demean or degrade any individual or group based on protected characteristics, nor does it call for violence or use vulgar or offensive language. The post promotes unity and understanding despite political differences, which is contrary to hate speech. It could be seen as a subtle critique of those who oppose freedom of speech, but it does not constitute hate speech. The post is neutral and focuses on a fundamental democratic principle without targeting any group. It is likely to be interpreted as non-hate speech due to its emphasis on a unifying principle and is straightforward, lacking any ambiguity that could lead to it being classified as hate speech.",0.0,0.0
92,9915,"And when people give me shit for being on Gab, like 'OMG there are so many racists there', I'm like, yeah, and there aren't a shit ton on Twitter?  At least on Gab I'm in charge of my own feed by my own rules, not some bullshit shadow algorithm.  I censor what I cannot brook.  That's my choice, not Jacks. https://gab.ai/a/posts/15062088",0.0,"[""The post defends the use of a platform known for hosting hate speech, which could be seen as an indirect endorsement of such content, but it doesn't explicitly promote hate speech itself."", ""The post criticizes Twitter's algorithm and praises Gab for allowing personal control over content, which is not inherently hate speech."", ""The use of the term 'racists' acknowledges the presence of hate speech on Gab, but the post does not express agreement with racist views."", ""The post uses mild profanity ('shit ton', 'bullshit'), which could be considered offensive but not necessarily hate speech."", 'The post emphasizes personal choice in content moderation, which could be interpreted as a neutral stance rather than promoting hate speech.', 'The post does not contain any direct assaults on human dignity based on race, ethnicity, gender, religion, or other protected characteristics.', 'There is no call for violence or encouragement of physical harm in the post.', ""The post's language is more about personal freedom and control over content rather than promoting hate speech."", ""The mention of 'racists' on Gab could be seen as acknowledging a problem rather than endorsing it, suggesting the post is not hate speech."", ""The post's criticism of Twitter's algorithm and praise for Gab could be seen as a critique of censorship rather than an endorsement of hate speech.""]","[0, 0, 0, 0, 0, 0, 0, 0, 0, 0]","1. The post defends the use of a platform known for hosting hate speech, which could be seen as an indirect endorsement of such content, but it doesn't explicitly promote hate speech itself. (Label: 0)
2. The post criticizes Twitter's algorithm and praises Gab for allowing personal control over content, which is not inherently hate speech. (Label: 0)
3. The use of the term 'racists' acknowledges the presence of hate speech on Gab, but the post does not express agreement with racist views. (Label: 0)
4. The post uses mild profanity ('shit ton', 'bullshit'), which could be considered offensive but not necessarily hate speech. (Label: 0)
5. The post emphasizes personal choice in content moderation, which could be interpreted as a neutral stance rather than promoting hate speech. (Label: 0)
6. The post does not contain any direct assaults on human dignity based on race, ethnicity, gender, religion, or other protected characteristics. (Label: 0)
7. There is no call for violence or encouragement of physical harm in the post. (Label: 0)
8. The post's language is more about personal freedom and control over content rather than promoting hate speech. (Label: 0)
9. The mention of 'racists' on Gab could be seen as acknowledging a problem rather than endorsing it, suggesting the post is not hate speech. (Label: 0)
10. The post's criticism of Twitter's algorithm and praise for Gab could be seen as a critique of censorship rather than an endorsement of hate speech. (Label: 0)",0.0,0.0
93,9916,@Oblivia I just wanted to say I really liked all the artwork you posted in the Gab Draws section.  You have a keen eye for art!,0.0,"[""The post is a positive comment appreciating someone's artwork, with no elements of hate speech."", 'There is no assault on human dignity as the post is complimentary and does not target any individual or group negatively.', 'The post does not contain any calls for violence; it is purely an expression of admiration for art.', 'There is no vulgarity or offensive language present in the post; it is respectful and polite.', 'The post is unlikely to be interpreted as hate speech by any reasonable standard due to its positive tone.', 'The context of the post is supportive and encouraging, focusing on artistic talent rather than any negative aspect.', 'The post does not demean or degrade any individual or group, making it non-hate speech.', 'There is no ambiguity in the language used; the post is straightforward and positive.', 'The post is culturally and socially neutral, focusing solely on art appreciation.', 'The post is clearly non-hate speech, with no elements that could be misconstrued as offensive or harmful.']","[0, 0, 0, 0, 0, 0, 0, 0, 0, 0]","The post is a positive and supportive comment about someone's artwork, with no elements of hate speech present. It does not assault human dignity, call for violence, or use vulgar or offensive language. The post is straightforward, respectful, and culturally neutral, focusing solely on art appreciation. Therefore, all opinions agree that the post is non-hate speech, resulting in a label of 0 for each opinion.",0.0,0.0
94,10362,"A pedophile is like a dog with rabies.  It's sad they're sick, but they still have to be put down. #MAGA",0.4,"['The post dehumanizes individuals by comparing them to animals, which is an assault on human dignity.', ""The post explicitly calls for violence by suggesting that pedophiles should be 'put down,' akin to euthanizing a rabid dog."", ""The use of the term 'pedophile' is a reference to a criminal act, but the language used is extreme and incites violence."", 'The hashtag #MAGA may indicate a political context, but it does not mitigate the violent language used in the post.', 'The post uses metaphorical language that could be interpreted as a call for violence, which is a serious concern.', 'The post does not use vulgar or offensive language directly, but the metaphor is offensive and degrading.', ""The comparison to a 'dog with rabies' is a dehumanizing metaphor that strips individuals of their dignity."", 'The post could be seen as expressing a strong opinion against a criminal act, but it crosses the line into hate speech by advocating violence.', ""The post's language is inflammatory and could incite others to act violently, which is a hallmark of hate speech."", ""The post's intent seems to be to provoke anger and justify violence, which aligns with hate speech characteristics.""]","[1, 1, 1, 1, 1, 1, 1, 1, 1, 1]","The post is assessed as hate speech due to its dehumanizing language, explicit call for violence, and offensive metaphorical comparison. All opinions lead to the conclusion that the post constitutes hate speech, resulting in a unanimous labeling of 1 for hate speech.",1.0,0.6
95,10363,"#Gabfam, the leftists (and degenerates) are pushing hard to normalize pedophilia.  This is the third and final time I'll be posting this.  If you're interested in doing something to stop this, read the link. https://www.scribd.com/document/383096570/Destroy-...  #MAGA",0.75,"[""The post uses the term 'degenerates' which could be seen as demeaning to certain groups, potentially constituting hate speech."", 'The post does not directly call for violence, but it does suggest taking action, which could be interpreted as inciting harmful behavior.', 'The use of the hashtag #MAGA may indicate a political stance, but it does not inherently constitute hate speech.', ""The post accuses 'leftists' of trying to normalize pedophilia, which could be seen as a harmful stereotype, potentially constituting hate speech."", ""The post's language is provocative but does not contain explicit vulgarity or slurs, which may not meet the threshold for hate speech."", 'The post could be interpreted as a call to action against a perceived threat, which might be seen as inciting hostility, but not necessarily violence.', ""The post's reference to 'degenerates' could be seen as offensive language, but it is not directed at a specific protected group."", ""The post's intent seems to be to rally support against a perceived issue, which may not be considered hate speech if it does not target a specific group."", ""The post's accusation against 'leftists' could be seen as a political opinion rather than hate speech, depending on interpretation."", ""The post's content could be seen as spreading misinformation, which is not necessarily hate speech but could contribute to harmful stereotypes.""]","[1, 1, 0, 1, 0, 0, 0, 0, 0, 0]","1. The post uses the term 'degenerates' which could be seen as demeaning to certain groups, potentially constituting hate speech.
2. The post does not directly call for violence, but it does suggest taking action, which could be interpreted as inciting harmful behavior.
3. The use of the hashtag #MAGA may indicate a political stance, but it does not inherently constitute hate speech.
4. The post accuses 'leftists' of trying to normalize pedophilia, which could be seen as a harmful stereotype, potentially constituting hate speech.
5. The post's language is provocative but does not contain explicit vulgarity or slurs, which may not meet the threshold for hate speech.
6. The post could be interpreted as a call to action against a perceived threat, which might be seen as inciting hostility, but not necessarily violence.
7. The post's reference to 'degenerates' could be seen as offensive language, but it is not directed at a specific protected group.
8. The post's intent seems to be to rally support against a perceived issue, which may not be considered hate speech if it does not target a specific group.
9. The post's accusation against 'leftists' could be seen as a political opinion rather than hate speech, depending on interpretation.
10. The post's content could be seen as spreading misinformation, which is not necessarily hate speech but could contribute to harmful stereotypes.",0.3,0.45
96,10364,"And in other news, straight people aren't gay. (Whodathunkit?) https://www.them.us/story/cis-trans-dating?mbid=nl...",0.0,"['The post is a simple statement of fact and does not demean any group, so it is not hate speech.', 'The post uses sarcasm to highlight a perceived obviousness, which could be seen as dismissive but not hateful.', 'The post could be interpreted as mocking or belittling discussions around sexual orientation, which might be seen as degrading to LGBTQ+ individuals.', 'The post does not contain any calls for violence, so it is not hate speech in that regard.', 'The post does not use vulgar or offensive language, so it is not hate speech based on language.', 'The post could be seen as reinforcing heteronormative ideas, which some might view as subtly degrading to non-heterosexual orientations.', 'The post is likely intended as humor or satire, which might not be considered hate speech by some annotators.', 'The post could be interpreted as trivializing the complexities of sexual orientation, which might be seen as offensive by some.', 'The post does not target any specific individual or group with derogatory language, so it is not hate speech.', 'The post might be seen as dismissive of LGBTQ+ issues, but it does not explicitly attack or degrade any group.']","[0, 0, 1, 0, 0, 1, 0, 1, 0, 0]","1. The post is a simple statement of fact and does not demean any group, so it is not hate speech. (Label: 0)
2. The post uses sarcasm to highlight a perceived obviousness, which could be seen as dismissive but not hateful. (Label: 0)
3. The post could be interpreted as mocking or belittling discussions around sexual orientation, which might be seen as degrading to LGBTQ+ individuals. (Label: 1)
4. The post does not contain any calls for violence, so it is not hate speech in that regard. (Label: 0)
5. The post does not use vulgar or offensive language, so it is not hate speech based on language. (Label: 0)
6. The post could be seen as reinforcing heteronormative ideas, which some might view as subtly degrading to non-heterosexual orientations. (Label: 1)
7. The post is likely intended as humor or satire, which might not be considered hate speech by some annotators. (Label: 0)
8. The post could be interpreted as trivializing the complexities of sexual orientation, which might be seen as offensive by some. (Label: 1)
9. The post does not target any specific individual or group with derogatory language, so it is not hate speech. (Label: 0)
10. The post might be seen as dismissive of LGBTQ+ issues, but it does not explicitly attack or degrade any group. (Label: 0)",0.3,0.3
97,10423,LISTEN: I'm the new co-host on @EDLmedia at 1PM Pacific Time. http://www.blogtalkradio.com/the-english-defence-l...,0.0,"['The post is simply announcing a new co-hosting role and does not contain any hate speech elements.', ""The mention of 'EDLmedia' could be associated with the English Defence League, which has been linked to hate speech, but the post itself does not contain hate speech."", 'The post does not contain any vulgar or offensive language, so it is not hate speech.', 'There is no call for violence in the post, so it does not qualify as hate speech.', 'The post does not demean or degrade any individuals or groups, so it is not hate speech.', 'The post is neutral and informational, lacking any elements of hate speech.', 'The post could be seen as promoting a platform associated with hate speech, but the content of the post itself is not hate speech.', ""The post is ambiguous and could be interpreted differently depending on one's view of the English Defence League, leading to high disagreement."", 'The post is not hate speech as it does not target any specific group or individual.', 'The post is a simple promotional message and does not exhibit any characteristics of hate speech.']","[0, 0, 0, 0, 0, 0, 0, 0, 0, 0]","1. The post is simply announcing a new co-hosting role and does not contain any hate speech elements. (Label: 0)
2. The mention of 'EDLmedia' could be associated with the English Defence League, which has been linked to hate speech, but the post itself does not contain hate speech. (Label: 0)
3. The post does not contain any vulgar or offensive language, so it is not hate speech. (Label: 0)
4. There is no call for violence in the post, so it does not qualify as hate speech. (Label: 0)
5. The post does not demean or degrade any individuals or groups, so it is not hate speech. (Label: 0)
6. The post is neutral and informational, lacking any elements of hate speech. (Label: 0)
7. The post could be seen as promoting a platform associated with hate speech, but the content of the post itself is not hate speech. (Label: 0)
8. The post is ambiguous and could be interpreted differently depending on one's view of the English Defence League, leading to high disagreement. (Label: 0)
9. The post is not hate speech as it does not target any specific group or individual. (Label: 0)
10. The post is a simple promotional message and does not exhibit any characteristics of hate speech. (Label: 0)",0.0,0.0
98,10424,"So I get accused of being an Islamophobe by a Muzlime on Twitter, I agree with him that I am an Islamofauxb and tell him why and I'm the one who gets suspended?",0.75,"[""The post uses a derogatory term 'Muzlime' which can be seen as demeaning to Muslims, thus constituting hate speech."", ""The term 'Islamofauxb' is a play on words that could be interpreted as mocking or trivializing concerns about Islamophobia, potentially degrading to Muslims."", 'The post does not explicitly call for violence, so it may not meet the criteria for inciting violence.', ""The use of the term 'Muzlime' is offensive and could be considered a slur, contributing to the post being labeled as hate speech."", 'The post reflects a personal grievance about being suspended, which might not be hate speech if viewed as a complaint about platform policies.', ""The post's tone and language suggest a dismissive attitude towards accusations of Islamophobia, which could be seen as undermining the dignity of Muslims."", 'The post does not contain explicit vulgarity or profanity, which might lead some to label it as non-hate speech.', 'The context of the post suggests a sarcastic tone, which could be interpreted as minimizing the seriousness of Islamophobia, potentially constituting hate speech.', 'The post could be seen as an expression of frustration rather than an attack on a group, leading to a non-hate speech label.', ""The post's language and context might be interpreted as perpetuating stereotypes about Muslims, thus being labeled as hate speech.""]","[1, 1, 0, 1, 0, 1, 0, 1, 0, 1]",Opinions and labels generated based on the provided post.,0.6,0.15000000000000002
99,10501,#Chemnitz #Protests  And the people are sick of it. The unelected #EU must go!! https://www.youtube.com/watch?v=0NeKupUnOOw,0.2,"['The post expresses a political opinion against the EU without targeting any specific group, so it is not hate speech.', ""The use of 'unelected' to describe the EU may imply a negative opinion but does not constitute hate speech."", 'The post does not contain any vulgar or offensive language, so it is not hate speech.', 'The post does not call for violence or physical harm against any group, so it is not hate speech.', 'The hashtag #Chemnitz #Protests may refer to a controversial event, but the post itself does not express hate speech.', 'The post could be interpreted as inciting unrest against the EU, but it does not explicitly call for violence, so it is not hate speech.', 'The post reflects dissatisfaction with the EU, which is a political stance rather than hate speech.', 'The post lacks any direct assault on human dignity based on race, ethnicity, gender, or other protected characteristics.', ""The post's language is neutral and does not include slurs or derogatory terms, so it is not hate speech."", 'The post may be seen as part of a broader anti-EU sentiment, but it does not meet the criteria for hate speech.']","[0, 0, 0, 0, 0, 0, 0, 0, 0, 0]","The post does not contain any elements that clearly fall into the categories of hate speech as defined by the aspects provided. It primarily expresses a political opinion against the EU without using offensive language, calling for violence, or demeaning any specific group based on protected characteristics. Therefore, the consensus among annotators would likely be that this post is not hate speech, resulting in low disagreement.",0.0,0.2
100,10502,The signs of big government #Socialism,0.0,"['The post is a political critique and does not target any specific group, so it is not hate speech.', ""The use of 'big government' and 'Socialism' is a political opinion and not inherently hate speech."", 'The post lacks any vulgar or offensive language, indicating it is not hate speech.', 'There is no call for violence or harm against any group, so it is not hate speech.', 'The post does not demean or degrade any individual or group based on protected characteristics, so it is not hate speech.', 'The post could be interpreted as a critique of political systems rather than an attack on individuals, suggesting it is not hate speech.', 'The post is vague and lacks context, making it difficult to classify as hate speech.', 'The post could be seen as part of a broader political debate, not hate speech.', 'The post does not contain slurs or derogatory terms, indicating it is not hate speech.', 'The post is likely to be interpreted as a political statement rather than hate speech.']","[0, 0, 0, 0, 0, 0, 0, 0, 0, 0]","The post ""The signs of big government #Socialism"" is generally interpreted as a political statement rather than hate speech. It does not contain elements that typically characterize hate speech, such as demeaning language, calls for violence, or vulgarity directed at specific groups. The opinions reflect a consensus that the post is a critique of political ideology rather than an attack on individuals or groups based on protected characteristics. Therefore, all opinions lead to a label of 0, indicating non-hate speech.",0.0,0.0
101,10503,islamic liberation  #Feminism,0.0,"[""The post uses the term 'Islamic liberation' in a positive context, suggesting empowerment, which is not hate speech."", ""The hashtag '#Feminism' indicates a focus on gender equality, which is generally not associated with hate speech."", 'The post could be interpreted as promoting a specific religious or cultural perspective, but it does not demean or degrade any group.', 'There is no explicit call for violence or harm against any group in the post.', 'The language used in the post is neutral and does not contain vulgarity or offensive language.', ""Some might view the term 'Islamic liberation' as controversial, but it does not inherently constitute hate speech."", 'The post could be seen as advocating for the rights of Muslim women, aligning with feminist principles, which is not hate speech.', ""The combination of 'Islamic liberation' and '#Feminism' might be seen as provocative by some, but it does not meet the criteria for hate speech."", 'The post does not target any specific group with derogatory language or slurs.', 'The post appears to be a statement of support for a movement, lacking elements of hate speech.']","[0, 0, 0, 0, 0, 0, 0, 0, 0, 0]","The post ""islamic liberation #Feminism"" does not exhibit characteristics of hate speech based on the aspects provided. It does not demean or degrade individuals or groups, incite violence, or use vulgar or offensive language. The opinions reflect a consensus that the post is not hate speech, resulting in a low disagreement assessment.",0.0,0.0
102,10504,"Turning the frogs #Gay or children #Trans all part of the #Marxist #Communist take over, turn all white men into weak little twigs so they would have to become a bundle of faggots #Leftism #Agenda  at: 8:59 / 36:58  https://www.youtube.com/watch?v=RAacfrQc7sE",0.8,"[""The post uses derogatory language such as 'faggots,' which is a slur against the LGBTQ+ community, indicating hate speech."", 'The post suggests a conspiracy theory involving Marxism and Communism, which may not directly constitute hate speech but could be seen as promoting harmful stereotypes.', ""The phrase 'turn all white men into weak little twigs' could be interpreted as demeaning to white men, but it may not meet the threshold for hate speech."", ""The post's reference to 'children #Trans' could be seen as targeting transgender individuals, potentially constituting hate speech."", 'The use of hashtags like #Leftism and #Agenda suggests a political bias, but this alone does not constitute hate speech.', ""The post's language is offensive and vulgar, particularly with the use of the word 'faggots,' which is a clear indicator of hate speech."", 'The post does not explicitly call for violence, so it may not meet the criteria for hate speech based on incitement to violence.', ""The post's reference to 'turning the frogs #Gay' is likely a reference to a known conspiracy theory and may not be taken seriously, reducing its impact as hate speech."", 'The post could be interpreted as a critique of political ideologies rather than a direct attack on individuals, which may not constitute hate speech.', ""The post's overall tone and language are derogatory and offensive, which could be seen as demeaning to multiple groups, indicating hate speech.""]","[1, 0, 0, 1, 0, 1, 0, 0, 0, 1]","1. The post uses derogatory language such as 'faggots,' which is a slur against the LGBTQ+ community, indicating hate speech. (Label: 1)
2. The post suggests a conspiracy theory involving Marxism and Communism, which may not directly constitute hate speech but could be seen as promoting harmful stereotypes. (Label: 0)
3. The phrase 'turn all white men into weak little twigs' could be interpreted as demeaning to white men, but it may not meet the threshold for hate speech. (Label: 0)
4. The post's reference to 'children #Trans' could be seen as targeting transgender individuals, potentially constituting hate speech. (Label: 1)
5. The use of hashtags like #Leftism and #Agenda suggests a political bias, but this alone does not constitute hate speech. (Label: 0)
6. The post's language is offensive and vulgar, particularly with the use of the word 'faggots,' which is a clear indicator of hate speech. (Label: 1)
7. The post does not explicitly call for violence, so it may not meet the criteria for hate speech based on incitement to violence. (Label: 0)
8. The post's reference to 'turning the frogs #Gay' is likely a reference to a known conspiracy theory and may not be taken seriously, reducing its impact as hate speech. (Label: 0)
9. The post could be interpreted as a critique of political ideologies rather than a direct attack on individuals, which may not constitute hate speech. (Label: 0)
10. The post's overall tone and language are derogatory and offensive, which could be seen as demeaning to multiple groups, indicating hate speech. (Label: 1)",0.4,0.4
103,10505,Our #Education system must be cleaned up,0.2,"['The post is a general statement about improving the education system and does not target any specific group, so it is not hate speech.', 'The post could be interpreted as a call for reform in the education system without any offensive language, thus not hate speech.', ""The phrase 'cleaned up' might imply a negative connotation, but without context, it does not constitute hate speech."", 'The post lacks any direct or indirect assault on human dignity, so it is not hate speech.', 'There is no call for violence or harm against any group or individual, making it non-hate speech.', 'The post does not contain vulgarity or offensive language, so it is not hate speech.', 'The post could be seen as a critique of the education system, which is a common topic of discussion and not hate speech.', 'Without specific context or targets, the post is unlikely to be considered hate speech.', 'The post could be interpreted as advocating for positive change, which is not hate speech.', 'The post is vague and lacks specificity, making it difficult to categorize as hate speech.']","[0, 0, 0, 0, 0, 0, 0, 0, 0, 0]","The post ""Our #Education system must be cleaned up"" is generally interpreted as a call for reform or improvement in the education system. It does not target any specific group or use offensive language, nor does it incite violence or degrade human dignity. Therefore, it is not considered hate speech based on the opinions provided.",0.0,0.2
104,10508,no problem in islam #ChildMarriage  https://www.youtube.com/watch?v=KldFGgUTqKA,0.2,"['The post seems to endorse child marriage, which could be seen as an assault on human dignity, especially for young girls.', 'The hashtag #ChildMarriage could be interpreted as promoting a harmful practice, which might be considered hate speech.', 'The post does not contain any vulgar or offensive language, so it might not be classified as hate speech based on language alone.', 'The post could be seen as a statement of fact or opinion rather than a call for violence or harm, which might lead some to label it as non-hate speech.', 'The post might be interpreted as a cultural or religious expression, which complicates its classification as hate speech.', 'The link to a YouTube video suggests that the post might be providing information rather than promoting hate, leading to a non-hate speech label.', 'Some might view the post as trivializing a serious issue, which could be seen as degrading to those affected by child marriage.', 'The post could be seen as an endorsement of a practice that is harmful to children, which might be considered hate speech.', 'The lack of explicit derogatory language might lead some to classify the post as non-hate speech.', 'The post might be seen as controversial but not necessarily hate speech, depending on the context of the linked video.']","[1, 1, 0, 0, 0, 0, 1, 1, 0, 0]","1. The post seems to endorse child marriage, which could be seen as an assault on human dignity, especially for young girls. (Label: 1)
2. The hashtag #ChildMarriage could be interpreted as promoting a harmful practice, which might be considered hate speech. (Label: 1)
3. The post does not contain any vulgar or offensive language, so it might not be classified as hate speech based on language alone. (Label: 0)
4. The post could be seen as a statement of fact or opinion rather than a call for violence or harm, which might lead some to label it as non-hate speech. (Label: 0)
5. The post might be interpreted as a cultural or religious expression, which complicates its classification as hate speech. (Label: 0)
6. The link to a YouTube video suggests that the post might be providing information rather than promoting hate, leading to a non-hate speech label. (Label: 0)
7. Some might view the post as trivializing a serious issue, which could be seen as degrading to those affected by child marriage. (Label: 1)
8. The post could be seen as an endorsement of a practice that is harmful to children, which might be considered hate speech. (Label: 1)
9. The lack of explicit derogatory language might lead some to classify the post as non-hate speech. (Label: 0)
10. The post might be seen as controversial but not necessarily hate speech, depending on the context of the linked video. (Label: 0)",0.4,0.2
105,10509,"We pay TAX over #TAX over TAX we are not only being robbed, we are being robbed multiple times over and over again...  #communism #socialism #government  #finance  #theft  #unBEARables",0.2,"['The post is expressing frustration with taxation and government policies, which is a political opinion rather than hate speech.', 'The use of hashtags like #communism and #socialism indicates a critique of political ideologies, not an attack on a specific group.', 'The post does not contain any vulgar or offensive language directed at individuals or groups.', 'There is no call for violence or incitement to harm in the post.', 'The post does not demean or degrade any individuals or groups based on protected characteristics.', 'The language used is hyperbolic but not hateful; it reflects dissatisfaction with government policies.', 'The post could be seen as inflammatory towards government institutions but does not target specific people or groups.', ""The use of the term 'robbed' is metaphorical and not intended as a literal accusation against any group."", 'The post is likely to be interpreted as a political rant rather than hate speech.', 'The hashtags suggest a political stance rather than an expression of hate towards any group.']","[0, 0, 0, 0, 0, 0, 0, 0, 0, 0]","The post is primarily a political statement expressing dissatisfaction with taxation and government policies. It does not contain elements that would typically be classified as hate speech, such as demeaning language towards protected groups, calls for violence, or vulgar language directed at individuals or groups. Therefore, the consensus among annotators would likely be that this post is not hate speech, resulting in low disagreement.",0.0,0.2
106,10511,#Chemnitz Fights Back   the unelected  #EU needs to go!!  https://www.youtube.com/watch?v=AuXpQz5onxs,0.2,"[""The post uses the phrase 'fights back,' which could be interpreted as a call for violence against the EU, suggesting hate speech."", 'The hashtag #Chemnitz is associated with far-right movements, which might imply an underlying hate speech context.', ""The post criticizes the EU as 'unelected,' which is a political opinion and not hate speech."", 'The post does not contain any vulgar or offensive language, suggesting it is not hate speech.', 'The post lacks any direct assault on human dignity based on race, ethnicity, gender, or other protected characteristics, indicating it is not hate speech.', ""The use of 'fights back' could be metaphorical, referring to political resistance rather than physical violence, suggesting non-hate speech."", ""The post's link to a YouTube video is ambiguous and does not provide enough context to determine hate speech."", 'The post could be seen as promoting nationalism, which is not inherently hate speech unless it targets specific groups.', ""The post's language is neutral and does not explicitly incite violence or hatred, suggesting it is not hate speech."", ""The post's criticism of the EU could be seen as part of a broader political discourse, not hate speech.""]","[1, 1, 0, 0, 0, 0, 0, 0, 0, 0]","1. The post uses the phrase 'fights back,' which could be interpreted as a call for violence against the EU, suggesting hate speech.
2. The hashtag #Chemnitz is associated with far-right movements, which might imply an underlying hate speech context.
3. The post criticizes the EU as 'unelected,' which is a political opinion and not hate speech.
4. The post does not contain any vulgar or offensive language, suggesting it is not hate speech.
5. The post lacks any direct assault on human dignity based on race, ethnicity, gender, or other protected characteristics, indicating it is not hate speech.
6. The use of 'fights back' could be metaphorical, referring to political resistance rather than physical violence, suggesting non-hate speech.
7. The post's link to a YouTube video is ambiguous and does not provide enough context to determine hate speech.
8. The post could be seen as promoting nationalism, which is not inherently hate speech unless it targets specific groups.
9. The post's language is neutral and does not explicitly incite violence or hatred, suggesting it is not hate speech.
10. The post's criticism of the EU could be seen as part of a broader political discourse, not hate speech.",0.2,0.0
107,11144,SEE ME LIVE ON SEXCAMS 11pm 2300hrs PST #MakeMeCum ,0.0,"['The post is purely promotional and does not contain any hate speech elements.', 'The post uses vulgar language but does not target any specific group or individual.', 'The post is offensive due to its explicit content but does not constitute hate speech.', 'The post is inappropriate for some audiences but does not demean or degrade any group.', 'The post is explicit and may be considered offensive, but it does not incite violence.', 'The post is not hate speech as it lacks any assault on human dignity or calls for violence.', ""The post's language is vulgar, but it is not directed at any protected characteristic."", 'The post is explicit and may be seen as offensive, but it is not hate speech.', 'The post is promotional and does not contain elements of hate speech.', 'The post is explicit and uses vulgar language, but it does not constitute hate speech.']","[0, 0, 0, 0, 0, 0, 0, 0, 0, 0]","1. The post is purely promotional and does not contain any hate speech elements. (Label: 0)
2. The post uses vulgar language but does not target any specific group or individual. (Label: 0)
3. The post is offensive due to its explicit content but does not constitute hate speech. (Label: 0)
4. The post is inappropriate for some audiences but does not demean or degrade any group. (Label: 0)
5. The post is explicit and may be considered offensive, but it does not incite violence. (Label: 0)
6. The post is not hate speech as it lacks any assault on human dignity or calls for violence. (Label: 0)
7. The post's language is vulgar, but it is not directed at any protected characteristic. (Label: 0)
8. The post is explicit and may be seen as offensive, but it is not hate speech. (Label: 0)
9. The post is promotional and does not contain elements of hate speech. (Label: 0)
10. The post is explicit and uses vulgar language, but it does not constitute hate speech. (Label: 0)",0.0,0.0
108,11234,President Trump signed an executive order on Friday that will affect how you save for retirement. https://www.foxbusiness.com/personal-finance/trump...,0.0,"['The post is purely informational and does not contain any hate speech elements.', 'The post does not demean or degrade any individual or group based on protected characteristics.', 'There is no call for violence or encouragement of physical harm in the post.', 'The language used in the post is neutral and lacks vulgarity or offensive terms.', 'The post is a straightforward news update without any hate speech implications.', 'The post does not target any specific race, ethnicity, gender, religion, or sexual orientation.', 'There is no use of slurs or derogatory language in the post.', 'The post does not incite hatred or discrimination against any group.', 'The post is focused on financial policy and does not engage in hate speech.', 'The post is unlikely to be interpreted as hate speech by most annotators.']","[0, 0, 0, 0, 0, 0, 0, 0, 0, 0]","The post is a neutral news update about a policy change and does not contain elements of hate speech. It does not demean any group, incite violence, or use offensive language. Therefore, all opinions suggest it is not hate speech, resulting in a label of 0 for each opinion.",0.0,0.0
109,11236,bill clinton is a rapist,0.4,"['The post is a personal attack on Bill Clinton, but it does not target a group based on protected characteristics, so it is not hate speech.', 'The post accuses Bill Clinton of a serious crime without evidence, which could be seen as defamatory but not necessarily hate speech.', 'The post uses a strong accusation that could be considered offensive, but it does not use vulgar language or slurs, so it is not hate speech.', 'The post could be interpreted as an expression of personal opinion or belief, which is not hate speech.', 'The post does not call for violence or incite harm against Bill Clinton or any group, so it is not hate speech.', 'The post could be seen as part of political discourse, which often includes harsh criticism, but it does not meet the criteria for hate speech.', 'The post does not demean or degrade a group based on race, ethnicity, gender, religion, or sexual orientation, so it is not hate speech.', 'The post could be considered libelous or slanderous, but these are legal issues separate from hate speech.', 'The post might be seen as offensive to some, but it does not contain hate speech as it lacks targeting of a protected group.', 'The post is a statement about an individual, not a group, and does not meet the criteria for hate speech.']","[0, 0, 0, 0, 0, 0, 0, 0, 0, 0]","The post ""bill clinton is a rapist"" is evaluated based on the aspects of hate speech. It is generally considered not to be hate speech as it does not target a group based on protected characteristics, does not incite violence, and does not use vulgar language or slurs. The opinions reflect that it is more of a personal attack or accusation against an individual, which may be offensive or defamatory but does not meet the criteria for hate speech.",0.0,0.4
110,11237,hubba hubba 😍 “Nope” Officer has hilarious reaction to call about 10-foot snake https://www.leoaffairs.com/nope-officer-has-hilari...,0.0,"['The post is a lighthearted comment about a news story and does not contain any hate speech elements.', ""The use of 'hubba hubba' and the heart eyes emoji suggests admiration or excitement, not hate speech."", 'The post does not target any individual or group based on race, ethnicity, gender, religion, or other protected characteristics.', 'There is no call for violence or harm against any individual or group in the post.', 'The post does not contain any vulgar or offensive language.', 'The post is focused on a humorous reaction to a snake, which is not related to hate speech.', ""The content is about an officer's reaction to a snake, which is not demeaning or degrading to any group."", 'The post is likely intended to entertain rather than offend or harm.', 'The post does not include any slurs or derogatory terms.', 'The post is unlikely to be interpreted as hate speech by most annotators.']","[0, 0, 0, 0, 0, 0, 0, 0, 0, 0]","The post is a humorous take on a news story about an officer's reaction to a snake, using playful language and emojis. It does not contain elements of hate speech, such as assaults on human dignity, calls for violence, or vulgar language. The post is likely to be seen as non-hate speech by annotators, resulting in low disagreement.",0.0,0.0
111,11239,"III%  if you don't know what the fuck you're talking about, ask Cop put on leave for tattoo linked to antigovernment group https://nypost.com/2018/08/31/cop-put-on-leave-for...",0.2,"['The post uses vulgar language, which might be considered offensive but not necessarily hate speech.', 'The post references a news article about a cop put on leave, which is factual and not inherently hate speech.', ""The use of 'III%' could be interpreted as a reference to a controversial group, which might be seen as promoting hate speech."", 'The post does not explicitly call for violence against any group or individual.', 'The post does not directly assault human dignity based on race, ethnicity, gender, or other protected characteristics.', 'The context of the post is unclear, making it difficult to determine if it supports or condemns the group mentioned.', ""The post could be seen as criticizing the cop's actions, which is not hate speech."", 'The post might be interpreted as supporting antigovernment sentiments, which some might view as hate speech.', ""The post's link to an external article suggests it is sharing information rather than promoting hate speech."", ""The post's language and content might be seen as provocative but not necessarily hate speech.""]","[0, 0, 1, 0, 0, 0, 0, 1, 0, 0]","1. The post uses vulgar language, which might be considered offensive but not necessarily hate speech. (Label: 0)
2. The post references a news article about a cop put on leave, which is factual and not inherently hate speech. (Label: 0)
3. The use of 'III%' could be interpreted as a reference to a controversial group, which might be seen as promoting hate speech. (Label: 1)
4. The post does not explicitly call for violence against any group or individual. (Label: 0)
5. The post does not directly assault human dignity based on race, ethnicity, gender, or other protected characteristics. (Label: 0)
6. The context of the post is unclear, making it difficult to determine if it supports or condemns the group mentioned. (Label: 0)
7. The post could be seen as criticizing the cop's actions, which is not hate speech. (Label: 0)
8. The post might be interpreted as supporting antigovernment sentiments, which some might view as hate speech. (Label: 1)
9. The post's link to an external article suggests it is sharing information rather than promoting hate speech. (Label: 0)
10. The post's language and content might be seen as provocative but not necessarily hate speech. (Label: 0)",0.2,0.0
112,11241,FBI arrests five New Mexico compound suspects days after multiple charges were dropped http://www.foxnews.com/us/2018/08/31/fbi-arrests-f...,0.2,"['The post is a straightforward news headline and does not contain any hate speech elements.', 'The post does not demean or degrade any individuals or groups based on protected characteristics.', 'There is no call for violence or incitement to harm in the post.', 'The post does not contain vulgarity or offensive language.', ""The post could be interpreted as targeting a specific group due to the mention of 'compound suspects,' but it lacks explicit hate speech elements."", 'The post is neutral and factual, focusing on a legal action by the FBI.', 'The post does not use any slurs or derogatory terms.', 'The post might be seen as perpetuating stereotypes about certain groups, but it does not explicitly do so.', 'The post is a news report and does not express any personal opinion or bias.', 'The post does not exhibit any characteristics of hate speech and is likely to be seen as non-controversial.']","[0, 0, 0, 0, 0, 0, 0, 0, 0, 0]","1. The post is a straightforward news headline and does not contain any hate speech elements. (Label: 0)
2. The post does not demean or degrade any individuals or groups based on protected characteristics. (Label: 0)
3. There is no call for violence or incitement to harm in the post. (Label: 0)
4. The post does not contain vulgarity or offensive language. (Label: 0)
5. The post could be interpreted as targeting a specific group due to the mention of 'compound suspects,' but it lacks explicit hate speech elements. (Label: 0)
6. The post is neutral and factual, focusing on a legal action by the FBI. (Label: 0)
7. The post does not use any slurs or derogatory terms. (Label: 0)
8. The post might be seen as perpetuating stereotypes about certain groups, but it does not explicitly do so. (Label: 0)
9. The post is a news report and does not express any personal opinion or bias. (Label: 0)
10. The post does not exhibit any characteristics of hate speech and is likely to be seen as non-controversial. (Label: 0)",0.0,0.2
113,11664,I love how welcoming @a is of everyone to this site. A couple thousand Brazilians show up and he starts posting in their native language. For all the accusations of 'far-right' this is far more inclusive than almost any left-leaning social network.,0.2,"['The post is praising inclusivity and does not contain hate speech.', ""The mention of 'far-right' could be interpreted as a critique, but it does not constitute hate speech."", 'The post does not demean or degrade any group based on protected characteristics.', 'There is no call for violence or physical harm in the post.', 'The language used in the post is not vulgar or offensive.', 'The post highlights positive behavior and inclusivity, which is contrary to hate speech.', 'The reference to Brazilians is neutral and not derogatory.', ""The post could be seen as a defense against accusations of being 'far-right', not promoting hate speech."", 'The post does not target any specific group with negative language.', 'The context of the post is about inclusivity and language adaptation, not hate speech.']","[0, 0, 0, 0, 0, 0, 0, 0, 0, 0]","The post is generally positive and focuses on inclusivity, with no elements of hate speech present. It does not demean any group, incite violence, or use offensive language. The mention of 'far-right' is in a context that defends against such accusations rather than promoting them. Overall, the post is non-hate speech.",0.0,0.2
114,11780,One thing many are missing. This Omnibus pork barrel has a shelf life of 6 months. Renewal End of September. Just before the mid-terms.,0.0,"['The post is a political commentary and does not target any specific group, so it is not hate speech.', ""The post uses the term 'pork barrel,' which is a common political term and not inherently offensive or hateful."", 'The post does not contain any vulgar or offensive language, so it is not hate speech.', 'The post does not call for violence or harm against any group or individual, so it is not hate speech.', 'The post is discussing a political issue and does not demean or degrade any group based on protected characteristics.', 'The post could be seen as critical of government spending but does not cross into hate speech territory.', 'The post is neutral in tone and does not exhibit any characteristics of hate speech.', 'The post is focused on a political event and does not involve any hate speech elements.', 'The post does not use any slurs or derogatory language, so it is not hate speech.', 'The post is informative about a political process and does not contain hate speech.']","[0, 0, 0, 0, 0, 0, 0, 0, 0, 0]","The post is a political commentary on government spending and the timing of the Omnibus bill's renewal. It does not target any specific group or use language that would be considered hate speech. The term 'pork barrel' is a political term used to describe government spending for localized projects to bring money to a representative's district. The post does not contain vulgarity, offensive language, or calls for violence. It is focused on a political issue and does not demean or degrade any group based on race, ethnicity, gender, religion, sexual orientation, or other protected characteristics. Therefore, the post is not considered hate speech, and all opinions reflect this assessment with a label of 0 for non-hate speech.",0.0,0.0
115,11985,"'Axios article claimed a “conservative social network would fail,”  So what's Gab, chopped liver?https://www.breitbart.com/tech/2018/08/31/trump-ca...",0.4,"['The post is simply questioning the claim made by Axios and does not contain any hate speech elements.', 'The post references a conservative social network, which could be interpreted as promoting a specific political ideology, but it does not inherently contain hate speech.', 'The post does not contain any vulgar or offensive language, so it is unlikely to be considered hate speech.', 'The post does not call for violence or harm against any individual or group, so it is not hate speech.', 'The post could be seen as defending a conservative social network, which some might interpret as indirectly supporting hate speech, but this is subjective.', 'The post is sarcastic in tone, which might be interpreted as dismissive or mocking, but it does not target any protected group.', 'The post does not demean or degrade any individual or group based on protected characteristics, so it is not hate speech.', 'The post is a critique of a media article and does not engage in hate speech.', ""The post's reference to 'chopped liver' is a colloquial expression and not offensive or hateful."", 'The post is focused on a media critique and does not exhibit any of the aspects of hate speech.']","[0, 0, 0, 0, 0, 0, 0, 0, 0, 0]","The post is a critique of an Axios article and questions its claim about the failure of a conservative social network. It does not contain any elements of hate speech, such as assaults on human dignity, calls for violence, or vulgar language. The tone is sarcastic but not hateful, and it does not target any protected group. Therefore, the post is not considered hate speech.",0.0,0.4
116,12213,I pirate my games from this site. Since these are all gog games you don't have to worry about any cracks or added malware since gog games are by default drm free and don't need any extra modifications. This is the only place where I pirate games since I don't want to play Russian roulette (malware edition) with cracks https://goggames.goodolddownloads.com/,0.0,"['The post is not hate speech as it does not target any individual or group based on protected characteristics.', 'The post does not incite violence or physical harm against any individual or group.', 'The post contains no vulgarity or offensive language directed at any individual or group.', 'The post is focused on sharing information about pirating games and does not involve hate speech elements.', 'The post could be seen as promoting illegal activity, but this is not related to hate speech.', 'The post does not demean or degrade any individual or group based on race, ethnicity, gender, religion, or sexual orientation.', 'The post is primarily about the technical aspects of pirating games and lacks any hate speech content.', 'The post does not contain any slurs or derogatory terms that would classify it as hate speech.', 'The post is neutral in tone and does not exhibit any characteristics of hate speech.', 'The post is unlikely to be interpreted as hate speech due to its focus on game piracy rather than targeting individuals or groups.']","[0, 0, 0, 0, 0, 0, 0, 0, 0, 0]","The post in question is primarily about the act of pirating games and does not contain any elements that would classify it as hate speech. It does not target any individual or group based on protected characteristics, nor does it incite violence or use vulgar or offensive language. The focus is on the technical aspects of game piracy, specifically related to DRM-free games from GOG. As such, all opinions generated indicate that the post is not hate speech, resulting in a consistent labeling of 0 for non-hate speech.",0.0,0.0
117,12215,Starving journalists make me nut,0.4,"[""The post uses the term 'starving' metaphorically to describe journalists, which is not inherently hate speech."", ""The phrase 'make me nut' is vulgar and could be interpreted as offensive, but not necessarily hate speech."", 'The post does not target a specific race, ethnicity, gender, religion, or sexual orientation, so it may not be considered hate speech.', 'The post could be seen as demeaning to journalists by implying they are desperate or lacking resources.', 'The language used is crude but does not incite violence or physical harm against journalists.', 'The post might be interpreted as a critique of the media industry rather than an attack on journalists themselves.', ""The use of 'make me nut' could be seen as sexualizing or objectifying, which some might find offensive."", ""The post lacks context, making it difficult to determine if it's meant to be humorous or derogatory."", 'The post does not contain explicit slurs or hate speech terminology.', 'The post could be seen as trivializing the struggles of journalists, but not necessarily as hate speech.']","[0, 0, 0, 0, 0, 0, 0, 0, 0, 0]","The post ""Starving journalists make me nut"" does not clearly fall into any of the hate speech categories. It uses metaphorical language and vulgarity, but it does not explicitly demean, incite violence, or use slurs against a protected group. The opinions reflect a range of interpretations, but overall, the post is likely to be categorized as non-hate speech with high disagreement due to its ambiguous and context-dependent nature.",0.0,0.4
118,12216,Am I the only one who feels that games made by SJWs tend to have very little actual gameplay like with a visual novel? I'm not ragging on visual novels or anything (love nekopara) but it's just something I noticed.,0.0,"['The post does not contain any direct assaults on human dignity as it does not target any specific group based on protected characteristics.', 'The post does not call for violence or incite harm against any individual or group.', ""The term 'SJWs' (Social Justice Warriors) is often used pejoratively, which could be seen as offensive or dismissive, but it does not constitute hate speech on its own."", 'The post expresses a personal opinion about video games and does not demean or degrade any specific group.', ""The mention of 'SJWs' could be interpreted as a critique of a certain ideology rather than an attack on a group of people."", 'The post does not use vulgar or offensive language that targets individuals or groups.', 'The post could be seen as a critique of game design rather than a statement of hate speech.', ""The use of 'SJWs' might be seen as dismissive but does not necessarily equate to hate speech."", 'The post does not exhibit any explicit hate speech characteristics as it focuses on a subjective observation about games.', 'The post is more of a commentary on game preferences and does not incite hate or violence.']","[0, 0, 0, 0, 0, 0, 0, 0, 0, 0]","The post does not contain any direct hate speech elements as it primarily discusses personal opinions on video game design and preferences. The use of 'SJWs' is pejorative but does not constitute hate speech in this context. Overall, the post is likely to be categorized as non-hate speech due to the lack of direct attacks, calls for violence, or use of offensive language.",0.0,0.0
119,12430,Soaking in the morning sun 🌞  #SummerSolstice #Litha #EarthGrounding #barefoot,0.0,"['The post is a simple expression of enjoying nature and does not contain any hate speech elements.', 'The use of hashtags related to nature and solstice suggests a focus on personal well-being, not hate speech.', 'There is no offensive language or slurs present in the post, indicating it is not hate speech.', 'The post does not target any individual or group, so it is unlikely to be considered hate speech.', 'The content is positive and uplifting, focusing on nature, which is not associated with hate speech.', 'The post lacks any calls for violence or harm, making it non-hate speech.', 'The hashtags used are related to natural events and practices, not hate speech topics.', 'The post is culturally neutral and does not degrade any group, suggesting it is not hate speech.', 'There is no context of assault on human dignity in the post, indicating it is not hate speech.', 'The post is likely to be interpreted as non-hate speech due to its benign and nature-focused content.']","[0, 0, 0, 0, 0, 0, 0, 0, 0, 0]","The post is a benign expression of enjoying nature and does not contain any elements of hate speech. It focuses on personal well-being and nature, with no offensive language, targeting of individuals or groups, or calls for violence. The hashtags used are related to natural events and practices, and the content is culturally neutral, positive, and uplifting. Therefore, it is likely to be interpreted as non-hate speech by annotators.",0.0,0.0
120,12485,"As I was driving around today, it occurred to me that when I was growing up the worst concern on our holidays was the projected highway death toll that was always broadcast. Today we anticipate riots, mobs & violence from the Leftist armies terrorizing our people whenever patriots gather to celebrate and exercise our freedoms. Deliver us from evil, Oh Lord.",0.7142857142857143,"['The post suggests that leftist groups are violent and terrorizing, which could be seen as demeaning a political group, thus constituting hate speech.', ""The post uses the term 'Leftist armies' which could be interpreted as a metaphorical expression rather than a literal call for violence, thus not constituting hate speech."", ""The post implies that 'patriots' are under threat from 'Leftist armies,' which could be seen as inciting fear and hostility, potentially constituting hate speech."", 'The post does not use explicit vulgarity or offensive language, which might lead some to view it as non-hate speech.', ""The post's reference to 'deliver us from evil' could be interpreted as a religious expression rather than a call for violence, thus not constituting hate speech."", 'The post frames a political group as a threat to public safety, which could be seen as demeaning and thus constituting hate speech.', 'The post could be interpreted as expressing a personal opinion or fear rather than an incitement to violence, thus not constituting hate speech.', ""The post's language could be seen as hyperbolic and not intended to be taken literally, thus not constituting hate speech."", ""The post's mention of 'terrorizing our people' could be seen as an assault on the dignity of a political group, thus constituting hate speech."", 'The post could be interpreted as a critique of political tensions rather than an attack on a specific group, thus not constituting hate speech.']","[1, 0, 1, 0, 0, 1, 0, 0, 1, 0]","1. The post suggests that leftist groups are violent and terrorizing, which could be seen as demeaning a political group, thus constituting hate speech. (Label: 1)
2. The post uses the term 'Leftist armies' which could be interpreted as a metaphorical expression rather than a literal call for violence, thus not constituting hate speech. (Label: 0)
3. The post implies that 'patriots' are under threat from 'Leftist armies,' which could be seen as inciting fear and hostility, potentially constituting hate speech. (Label: 1)
4. The post does not use explicit vulgarity or offensive language, which might lead some to view it as non-hate speech. (Label: 0)
5. The post's reference to 'deliver us from evil' could be interpreted as a religious expression rather than a call for violence, thus not constituting hate speech. (Label: 0)
6. The post frames a political group as a threat to public safety, which could be seen as demeaning and thus constituting hate speech. (Label: 1)
7. The post could be interpreted as expressing a personal opinion or fear rather than an incitement to violence, thus not constituting hate speech. (Label: 0)
8. The post's language could be seen as hyperbolic and not intended to be taken literally, thus not constituting hate speech. (Label: 0)
9. The post's mention of 'terrorizing our people' could be seen as an assault on the dignity of a political group, thus constituting hate speech. (Label: 1)
10. The post could be interpreted as a critique of political tensions rather than an attack on a specific group, thus not constituting hate speech. (Label: 0)",0.4,0.3142857142857143
121,12486,"Listening to patriotic songs, and I'm tearing up. So much love for our beautiful country and her good people.",0.0,"['The post expresses love for the country and its people without demeaning any group, so it is not hate speech.', 'There is no call for violence or harm against any group, making it non-hate speech.', 'The language used is positive and non-offensive, indicating it is not hate speech.', 'The post does not target any specific race, ethnicity, or group, so it is not hate speech.', 'The expression of patriotism is not inherently hateful, so this is not hate speech.', 'There is no use of vulgarity or slurs, suggesting it is not hate speech.', 'The post is a personal expression of emotion and pride, not hate speech.', 'The content is inclusive and does not degrade any group, so it is not hate speech.', 'The post does not incite any negative actions or thoughts towards others, making it non-hate speech.', 'The post is likely to be interpreted as a positive expression of national pride, not hate speech.']","[0, 0, 0, 0, 0, 0, 0, 0, 0, 0]","The post is a positive expression of national pride and does not contain any elements of hate speech. It does not demean or degrade any individuals or groups, does not call for violence, and does not use vulgar or offensive language. Therefore, all opinions suggest that the post is not hate speech, resulting in a label of 0 for each opinion.",0.0,0.0
122,12715,"Fight me, communists.",0.625,"[""The post uses the term 'communists' in a derogatory manner, which could be seen as demeaning a group based on political beliefs."", ""The phrase 'fight me' could be interpreted as a call for violence, suggesting physical confrontation."", 'The post lacks explicit vulgarity or offensive language, so it may not be considered hate speech based on language alone.', 'The post could be seen as a challenge rather than a genuine threat, which might not qualify as hate speech.', ""The term 'communists' is not inherently a protected characteristic, so the post may not be considered hate speech under assaults on human dignity."", 'The post could be interpreted as a rhetorical expression of disagreement rather than an incitement to violence.', 'The context of the post is unclear, making it difficult to determine if it is meant to incite violence or is simply provocative.', 'Some might view the post as aggressive but not necessarily hate speech, as it lacks specific targeting of a protected group.', 'The post could be seen as an expression of political disagreement rather than hate speech.', ""The post's intent is ambiguous, leading to potential disagreement among annotators about whether it constitutes hate speech.""]","[1, 1, 0, 0, 0, 0, 0, 0, 0, 0]","Opinions:
1. The post uses the term 'communists' in a derogatory manner, which could be seen as demeaning a group based on political beliefs.
2. The phrase 'fight me' could be interpreted as a call for violence, suggesting physical confrontation.
3. The post lacks explicit vulgarity or offensive language, so it may not be considered hate speech based on language alone.
4. The post could be seen as a challenge rather than a genuine threat, which might not qualify as hate speech.
5. The term 'communists' is not inherently a protected characteristic, so the post may not be considered hate speech under assaults on human dignity.
6. The post could be interpreted as a rhetorical expression of disagreement rather than an incitement to violence.
7. The context of the post is unclear, making it difficult to determine if it is meant to incite violence or is simply provocative.
8. Some might view the post as aggressive but not necessarily hate speech, as it lacks specific targeting of a protected group.
9. The post could be seen as an expression of political disagreement rather than hate speech.
10. The post's intent is ambiguous, leading to potential disagreement among annotators about whether it constitutes hate speech.

Labels:
1. 1
2. 1
3. 0
4. 0
5. 0
6. 0
7. 0
8. 0
9. 0
10. 0",0.2,0.425
123,12716,"If you're a right-winger, how could you not be excited at the prospect of a civil war split down ideological lines?",0.25,"['The post is inciting violence by suggesting excitement about a civil war, which could be seen as a call for violence.', 'The post does not explicitly call for violence but rather expresses a hypothetical scenario, which might not be considered hate speech.', 'The post could be interpreted as demeaning to left-wing individuals by implying that a civil war against them is desirable, thus assaulting human dignity.', 'The post lacks vulgarity or offensive language, which might lead some to view it as non-hate speech.', ""The post's excitement about a civil war could be seen as promoting violence, thus qualifying as hate speech."", 'The post is ambiguous and could be interpreted in multiple ways, leading to high disagreement among annotators.', 'The post does not target any specific protected group, which might lead some to label it as non-hate speech.', ""The post's ideological split suggestion could be seen as divisive and harmful, potentially qualifying as hate speech."", 'The post could be interpreted as a rhetorical question rather than a genuine call for violence, leading to a non-hate speech label.', ""The post's context and tone might be interpreted as sarcastic or hyperbolic, leading to different interpretations of its intent.""]","[1, 0, 1, 0, 1, 0, 0, 1, 0, 0]","Opinions:
1. The post is inciting violence by suggesting excitement about a civil war, which could be seen as a call for violence.
2. The post does not explicitly call for violence but rather expresses a hypothetical scenario, which might not be considered hate speech.
3. The post could be interpreted as demeaning to left-wing individuals by implying that a civil war against them is desirable, thus assaulting human dignity.
4. The post lacks vulgarity or offensive language, which might lead some to view it as non-hate speech.
5. The post's excitement about a civil war could be seen as promoting violence, thus qualifying as hate speech.
6. The post is ambiguous and could be interpreted in multiple ways, leading to high disagreement among annotators.
7. The post does not target any specific protected group, which might lead some to label it as non-hate speech.
8. The post's ideological split suggestion could be seen as divisive and harmful, potentially qualifying as hate speech.
9. The post could be interpreted as a rhetorical question rather than a genuine call for violence, leading to a non-hate speech label.
10. The post's context and tone might be interpreted as sarcastic or hyperbolic, leading to different interpretations of its intent.",0.4,0.15000000000000002
124,13696,"and some people still wonder why so many people hate him, specially those ugly ass feminists",1.0,"[""The post uses derogatory language ('ugly ass feminists') which could be seen as demeaning to a group based on gender, thus constituting hate speech."", 'The post does not explicitly call for violence, so it may not meet the criteria for hate speech in terms of inciting harm.', ""The use of 'ugly ass feminists' is vulgar and offensive, which might be considered hate speech due to its derogatory nature."", 'The post expresses a negative opinion about feminists but does not necessarily degrade their human dignity, so it might not be hate speech.', ""The phrase 'some people still wonder why so many people hate him' could imply a justification of hate, which might be seen as promoting hate speech."", 'The post could be interpreted as expressing a personal opinion rather than hate speech, as it does not directly attack or incite violence against feminists.', 'The language used is offensive but might be seen as typical of online discourse, thus not necessarily hate speech.', 'The post targets feminists with derogatory language, which could be seen as an assault on human dignity, qualifying as hate speech.', ""The post's language is offensive but lacks a direct call to action or violence, which might lead some to label it as non-hate speech."", ""The post's derogatory language towards feminists could be seen as perpetuating negative stereotypes, which might be considered hate speech.""]","[1, 0, 1, 0, 1, 0, 0, 1, 0, 1]","1. The post uses derogatory language ('ugly ass feminists') which could be seen as demeaning to a group based on gender, thus constituting hate speech.
2. The post does not explicitly call for violence, so it may not meet the criteria for hate speech in terms of inciting harm.
3. The use of 'ugly ass feminists' is vulgar and offensive, which might be considered hate speech due to its derogatory nature.
4. The post expresses a negative opinion about feminists but does not necessarily degrade their human dignity, so it might not be hate speech.
5. The phrase 'some people still wonder why so many people hate him' could imply a justification of hate, which might be seen as promoting hate speech.
6. The post could be interpreted as expressing a personal opinion rather than hate speech, as it does not directly attack or incite violence against feminists.
7. The language used is offensive but might be seen as typical of online discourse, thus not necessarily hate speech.
8. The post targets feminists with derogatory language, which could be seen as an assault on human dignity, qualifying as hate speech.
9. The post's language is offensive but lacks a direct call to action or violence, which might lead some to label it as non-hate speech.
10. The post's derogatory language towards feminists could be seen as perpetuating negative stereotypes, which might be considered hate speech.",0.5,0.5
125,13697,"no, some people do behave like animals and its funny how certain groups or races so to speak have a really distinct way of behaving that is indeed more primitive or advanced than others, although its not something we use a lot to talk about people, being racist is calling black people monkeys, not relating them to something that has been used as a slur 4 centuries",1.0,"['The post uses language that dehumanizes certain groups by comparing them to animals, which is an assault on human dignity.', 'The post does not explicitly call for violence, so it may not be considered hate speech in terms of inciting violence.', 'The post contains language that could be interpreted as a racial slur, which may be considered hate speech.', ""The post attempts to justify racist language by differentiating between 'being racist' and 'relating to slurs,' which could be seen as minimizing hate speech."", ""The post's reference to 'certain groups or races' having 'primitive' behavior is a stereotype that degrades human dignity."", ""The post's language is ambiguous and could be interpreted differently depending on the reader's perspective on what constitutes hate speech."", 'The post does not use explicit vulgarity or offensive language, but the implications of the language used could be offensive.', ""The post's historical reference to slurs used '4 centuries' ago may be seen as an attempt to distance current language from hate speech, which could be controversial."", ""The post's claim that 'being racist is calling black people monkeys' is a narrow definition that ignores other forms of hate speech."", ""The post's overall tone and content could be seen as perpetuating harmful stereotypes, which may be considered hate speech.""]","[1, 0, 1, 1, 1, 0, 0, 0, 1, 1]","1. The post uses language that dehumanizes certain groups by comparing them to animals, which is an assault on human dignity. (Label: 1)
2. The post does not explicitly call for violence, so it may not be considered hate speech in terms of inciting violence. (Label: 0)
3. The post contains language that could be interpreted as a racial slur, which may be considered hate speech. (Label: 1)
4. The post attempts to justify racist language by differentiating between 'being racist' and 'relating to slurs,' which could be seen as minimizing hate speech. (Label: 1)
5. The post's reference to 'certain groups or races' having 'primitive' behavior is a stereotype that degrades human dignity. (Label: 1)
6. The post's language is ambiguous and could be interpreted differently depending on the reader's perspective on what constitutes hate speech. (Label: 0)
7. The post does not use explicit vulgarity or offensive language, but the implications of the language used could be offensive. (Label: 0)
8. The post's historical reference to slurs used '4 centuries' ago may be seen as an attempt to distance current language from hate speech, which could be controversial. (Label: 0)
9. The post's claim that 'being racist is calling black people monkeys' is a narrow definition that ignores other forms of hate speech. (Label: 1)
10. The post's overall tone and content could be seen as perpetuating harmful stereotypes, which may be considered hate speech. (Label: 1)",0.6,0.4
126,13773,Well... at least a “man” was still first. By the time all of this makes it to Globalist textbooks in the future it will be a female astronaut who went to the moon just to abort her baby there because she wanted to do it first... before using her size A bra to sling the spacecraft back.,1.0,"['The post uses sarcasm and hyperbole to criticize gender equality efforts, which some may find offensive but not necessarily hate speech.', 'The post demeans women by implying they are only interested in trivial achievements, which could be seen as an assault on human dignity.', ""The use of the term 'Globalist' may imply a conspiracy theory mindset, but it doesn't directly constitute hate speech."", 'The post contains offensive language and stereotypes about women, which could be considered hate speech.', 'The post does not explicitly call for violence, so it may not meet the criteria for hate speech in that aspect.', ""The post's humor is in poor taste but doesn't necessarily degrade any group to the level of hate speech."", 'The post could be interpreted as mocking feminist achievements, which some may see as degrading to women.', ""The post's reference to abortion in a trivial context could be seen as offensive to some, but not necessarily hate speech."", ""The post uses a stereotype about women's physical attributes, which could be seen as demeaning."", 'The post is likely to be interpreted differently based on individual views on gender issues, leading to high disagreement.']","[0, 1, 0, 1, 0, 0, 1, 0, 1, 0]",Opinions and labels generated based on the provided post.,0.4,0.6
127,13774,"The thing about Globalists is not only do they fight dirty, but “if you can’t beat them, join them”, isn’t even an option. Only the elite get to stay out of the way when they play war.",0.6,"[""The post uses the term 'Globalists' which could be interpreted as a coded language for a particular ethnic or religious group, potentially demeaning them."", 'The post does not explicitly call for violence or harm against any group, so it may not be considered hate speech.', 'The language used in the post is not overtly vulgar or offensive, suggesting it may not qualify as hate speech.', 'The post could be seen as a critique of political or economic elites rather than a specific group, which might not constitute hate speech.', ""The term 'Globalists' is often associated with conspiracy theories that can have anti-Semitic undertones, which might be considered hate speech."", 'The post seems to express frustration with perceived power dynamics rather than targeting a specific group, which may not be hate speech.', ""The phrase 'fight dirty' could imply unethical behavior but does not directly incite violence, so it may not be hate speech."", ""The post's reference to 'the elite' could be interpreted as a general critique of those in power, not necessarily hate speech."", 'The post lacks direct slurs or derogatory language, which might lead some to view it as non-hate speech.', 'The context of the post could be seen as perpetuating harmful stereotypes about certain groups, potentially qualifying as hate speech.']","[1, 0, 0, 0, 1, 0, 0, 0, 0, 1]","1. The post uses the term 'Globalists' which could be interpreted as a coded language for a particular ethnic or religious group, potentially demeaning them. (Label: 1)
2. The post does not explicitly call for violence or harm against any group, so it may not be considered hate speech. (Label: 0)
3. The language used in the post is not overtly vulgar or offensive, suggesting it may not qualify as hate speech. (Label: 0)
4. The post could be seen as a critique of political or economic elites rather than a specific group, which might not constitute hate speech. (Label: 0)
5. The term 'Globalists' is often associated with conspiracy theories that can have anti-Semitic undertones, which might be considered hate speech. (Label: 1)
6. The post seems to express frustration with perceived power dynamics rather than targeting a specific group, which may not be hate speech. (Label: 0)
7. The phrase 'fight dirty' could imply unethical behavior but does not directly incite violence, so it may not be hate speech. (Label: 0)
8. The post's reference to 'the elite' could be interpreted as a general critique of those in power, not necessarily hate speech. (Label: 0)
9. The post lacks direct slurs or derogatory language, which might lead some to view it as non-hate speech. (Label: 0)
10. The context of the post could be seen as perpetuating harmful stereotypes about certain groups, potentially qualifying as hate speech. (Label: 1)",0.3,0.3
128,13775,"Me muting idiot Globalist groupies on Gab, on my own little account, is not the same as giant Twatter muting Trump’s base from almost the entire platform. Let’s just clear that brain fart out now should it come up again.",0.6,"[""The post uses derogatory language like 'idiot' and 'brain fart,' which could be seen as offensive but not necessarily hate speech."", ""The term 'Globalist groupies' might be interpreted as a derogatory term targeting a specific group, potentially based on political beliefs, but not a protected characteristic."", 'The post does not explicitly call for violence or physical harm against any individual or group.', ""The use of 'Twatter' is a play on words meant to mock Twitter, which could be seen as offensive but not hate speech."", 'The post seems to express frustration with social media platforms rather than targeting a specific group based on protected characteristics.', 'The post does not demean or degrade individuals based on race, ethnicity, gender, religion, or sexual orientation.', 'The language used is more about expressing personal opinion and frustration rather than inciting hate or violence.', 'The post could be seen as part of a political discourse, which often involves strong language but not necessarily hate speech.', 'The post does not contain slurs or profanity directed at a specific group based on protected characteristics.', 'The post might be interpreted as a critique of social media censorship rather than an attack on a specific group.']","[0, 0, 0, 0, 0, 0, 0, 0, 0, 0]","The post primarily expresses frustration with social media platforms and uses some derogatory language, but it does not meet the criteria for hate speech as it does not target individuals or groups based on protected characteristics, nor does it incite violence.",0.0,0.6
129,13777,"You can tell Gab is the place to be, even Dem derps are here now trying to latch onto our feeds talking sh!t looking for attention. I don’t care to address them directly, but I will say that my mute button is fond of them already.",0.6,"[""The post uses the term 'Dem derps,' which could be seen as demeaning to a political group, but it is not explicitly based on a protected characteristic."", 'The post does not contain any direct calls for violence or physical harm against any individuals or groups.', ""The use of 'sh!t' is vulgar, but it is not directed at a specific individual or group in a hateful manner."", 'The post expresses a dismissive attitude towards a political group, but it does not degrade their human dignity based on protected characteristics.', ""The post's language is more dismissive and mocking rather than hateful or inciting violence."", ""The term 'Dem derps' could be interpreted as a slur against Democrats, but it lacks the severity typically associated with hate speech."", 'The post reflects a partisan bias but does not cross into hate speech territory as it lacks demeaning language based on protected characteristics.', ""The post's use of 'mute button' suggests a non-violent approach to dealing with disagreement, indicating a lack of hate speech."", ""The post's tone is more about political rivalry than hate speech, focusing on ignoring rather than attacking."", 'The post could be seen as offensive to some due to its dismissive language, but it does not meet the criteria for hate speech.']","[0, 0, 0, 0, 0, 0, 0, 0, 0, 0]","The post does not meet the criteria for hate speech based on the aspects considered. It contains dismissive and vulgar language but lacks demeaning or degrading content based on protected characteristics, calls for violence, or severe offensive language directed at individuals or groups.",0.0,0.6
130,13778,"I’ve often wondered what it would be like for Globalist groupies once they realized they’re living a lie, but now, I’m seeing that it is we patriotic Americans who have been living in a lie for decades... Our country, branches of gov, our MSM and our schools.. ALL are hijacked.",0.4,"['The post expresses a political opinion without targeting any specific group, so it is not hate speech.', ""The term 'Globalist groupies' could be interpreted as derogatory towards a group of people, potentially making it hate speech."", 'The post does not contain any explicit calls for violence, so it is not hate speech.', 'The language used in the post is not vulgar or offensive, so it is not hate speech.', 'The post reflects a conspiracy theory mindset but does not directly demean any protected group, so it is not hate speech.', ""The use of 'hijacked' implies a takeover but does not incite violence, so it is not hate speech."", 'The post could be seen as critical of certain institutions but does not target individuals based on protected characteristics, so it is not hate speech.', ""The term 'Globalist groupies' might be seen as a slur against those who support globalization, potentially making it hate speech."", 'The post suggests a sense of betrayal but does not degrade any specific group, so it is not hate speech.', 'The post could be interpreted as expressing frustration with the government and media, but it does not constitute hate speech.']","[0, 1, 0, 0, 0, 0, 0, 1, 0, 0]","1. The post expresses a political opinion without targeting any specific group, so it is not hate speech. (Label: 0)
2. The term 'Globalist groupies' could be interpreted as derogatory towards a group of people, potentially making it hate speech. (Label: 1)
3. The post does not contain any explicit calls for violence, so it is not hate speech. (Label: 0)
4. The language used in the post is not vulgar or offensive, so it is not hate speech. (Label: 0)
5. The post reflects a conspiracy theory mindset but does not directly demean any protected group, so it is not hate speech. (Label: 0)
6. The use of 'hijacked' implies a takeover but does not incite violence, so it is not hate speech. (Label: 0)
7. The post could be seen as critical of certain institutions but does not target individuals based on protected characteristics, so it is not hate speech. (Label: 0)
8. The term 'Globalist groupies' might be seen as a slur against those who support globalization, potentially making it hate speech. (Label: 1)
9. The post suggests a sense of betrayal but does not degrade any specific group, so it is not hate speech. (Label: 0)
10. The post could be interpreted as expressing frustration with the government and media, but it does not constitute hate speech. (Label: 0)",0.2,0.2
131,13779,"Peace isn’t free, it will cost the corrupt everything.",0.0,"['The post suggests that peace requires the removal of corrupt individuals, which could be interpreted as a call for non-violent reform, not hate speech.', ""The phrase 'cost the corrupt everything' could be seen as metaphorical, implying a loss of power or influence, not physical harm."", 'The post does not target any specific group based on race, ethnicity, gender, religion, or sexual orientation, so it may not be considered hate speech.', 'The language used in the post is not vulgar or offensive, suggesting it is not hate speech.', 'The post could be interpreted as advocating for justice and accountability, rather than promoting hate.', ""The term 'corrupt' is not inherently a protected characteristic, so the post may not be considered hate speech."", 'Some might view the post as a general statement against corruption, not directed at any specific group, thus not hate speech.', 'The post lacks explicit calls for violence, which suggests it is not hate speech.', 'The post could be seen as a critique of systemic issues rather than an attack on individuals, which may not qualify as hate speech.', ""The post's message could be interpreted as a political opinion rather than hate speech.""]","[0, 0, 0, 0, 0, 0, 0, 0, 0, 0]","The post ""Peace isn’t free, it will cost the corrupt everything."" does not explicitly fall into the categories of hate speech as it lacks direct assaults on human dignity, calls for violence, or vulgar language. The opinions generated reflect a consensus that the post is more about advocating for change and accountability rather than promoting hate or violence. Therefore, the labels assigned are predominantly 0, indicating non-hate speech.",0.0,0.0
132,13780,"While our countries are fighting about paying for physically healthy people to play Mr(s). Potato Head with their parts and hormones, little kids in China are being snatched and found soon after with their eyeballs usually not far from them that have their corneas cut out. People are being used to harvest parts for the wealthy all over our bent globe that Globalists love so much. But “free healt...",0.6,"[""The post uses demeaning language towards transgender individuals by referring to them as 'Mr(s). Potato Head,' which could be seen as an assault on human dignity."", 'The post does not explicitly call for violence against any group, so it may not be considered hate speech in terms of inciting violence.', 'The post contains offensive language and derogatory terms, which could be interpreted as hate speech due to vulgarity.', 'The post highlights a conspiracy theory about organ harvesting, which may not directly relate to hate speech but could incite fear or prejudice.', ""The post's mention of 'Globalists' could be interpreted as a veiled reference to a particular ethnic or religious group, potentially inciting hate."", ""The post's focus on 'free health' and its sarcastic tone could be seen as a critique of healthcare policies rather than hate speech."", ""The post's language is inflammatory and could be seen as promoting fear or hatred towards certain groups, even if not explicitly stated."", ""The post's reference to 'little kids in China' could be seen as perpetuating harmful stereotypes, which might be considered hate speech."", ""The post's overall tone is conspiratorial and fear-mongering, which could contribute to a climate of hate or prejudice."", 'The post does not contain direct slurs or profanity, which might lead some to view it as non-hate speech.']","[1, 0, 1, 0, 1, 0, 1, 1, 1, 0]","The post contains elements that could be interpreted as hate speech, particularly in its demeaning language towards transgender individuals and its potential to incite fear or prejudice against certain groups. However, it does not explicitly call for violence or contain direct slurs, leading to a mix of opinions on whether it constitutes hate speech.",0.6,0.0
133,13810,"I suggest you get the 'Twitchy' app. All the Twitter insanity available so we can poke fun in one place. Plus it links to Twitter, but maybe not for long. Remember how sarcasm and ironic humor affect Lefties, & do it today...",0.0,"['The post is simply promoting an app and does not contain any hate speech elements.', 'The post uses sarcasm and humor, which might be offensive to some but does not constitute hate speech.', ""The mention of 'Lefties' could be seen as derogatory, but it does not degrade a protected group."", 'The post does not call for violence or physical harm against any group or individual.', 'The language used in the post is not vulgar or offensive, just sarcastic.', 'The post could be interpreted as mocking a political group, which some might see as demeaning.', 'The post is more about social media commentary than hate speech.', ""The post's tone is dismissive towards a political ideology, but it doesn't attack individuals based on protected characteristics."", ""The post could be seen as encouraging divisiveness, but it doesn't meet the criteria for hate speech."", 'The post is likely to be interpreted differently based on political views, leading to high disagreement.']","[0, 0, 0, 0, 0, 0, 0, 0, 0, 0]","The post in question does not explicitly demean or degrade individuals based on protected characteristics, nor does it incite violence or use vulgar language. It primarily uses sarcasm and humor to comment on social media and political ideologies, which may be offensive to some but does not meet the criteria for hate speech. The opinions reflect a range of interpretations, with most leaning towards non-hate speech due to the lack of direct attacks on protected groups or calls for violence. The potential for high disagreement arises from the subjective nature of interpreting sarcasm and political commentary.",0.0,0.0
134,14413,Seems only fair that lefties who enjoy harassing ICE agents at home get equal treatment.,0.75,"['The post suggests that individuals who harass ICE agents should be harassed in return, which could be seen as a call for violence or retaliation, thus constituting hate speech.', 'The post does not explicitly call for violence but implies a desire for equal treatment, which may not be considered hate speech.', ""The use of the term 'lefties' could be seen as derogatory or demeaning towards a political group, potentially constituting hate speech."", 'The post could be interpreted as a political opinion rather than hate speech, as it discusses actions rather than targeting a specific group based on protected characteristics.', 'The post implies a tit-for-tat approach, which could be seen as promoting hostility, but not necessarily hate speech.', 'The post does not use vulgar or offensive language, which might lead some to conclude it is not hate speech.', 'The context of the post suggests a political disagreement rather than an assault on human dignity, which might not be classified as hate speech.', 'The post could be seen as encouraging harassment, which might be interpreted as a call for violence, thus constituting hate speech.', ""The post's language is ambiguous and could be interpreted in multiple ways, leading to high disagreement among annotators about whether it constitutes hate speech."", 'The post reflects a contentious political stance, which might be seen as provocative but not necessarily hate speech.']","[1, 0, 1, 0, 0, 0, 0, 1, 1, 0]","Opinions:
1. The post suggests that individuals who harass ICE agents should be harassed in return, which could be seen as a call for violence or retaliation, thus constituting hate speech.
2. The post does not explicitly call for violence but implies a desire for equal treatment, which may not be considered hate speech.
3. The use of the term 'lefties' could be seen as derogatory or demeaning towards a political group, potentially constituting hate speech.
4. The post could be interpreted as a political opinion rather than hate speech, as it discusses actions rather than targeting a specific group based on protected characteristics.
5. The post implies a tit-for-tat approach, which could be seen as promoting hostility, but not necessarily hate speech.
6. The post does not use vulgar or offensive language, which might lead some to conclude it is not hate speech.
7. The context of the post suggests a political disagreement rather than an assault on human dignity, which might not be classified as hate speech.
8. The post could be seen as encouraging harassment, which might be interpreted as a call for violence, thus constituting hate speech.
9. The post's language is ambiguous and could be interpreted in multiple ways, leading to high disagreement among annotators about whether it constitutes hate speech.
10. The post reflects a contentious political stance, which might be seen as provocative but not necessarily hate speech.

Labels:
1. 1
2. 0
3. 1
4. 0
5. 0
6. 0
7. 0
8. 1
9. 1
10. 0",0.4,0.35
135,14434,Watched this exciting competition before bed then dreamed I was repping 1 arm pull ups. Took a couple hours this morning to realize it wasn't real. Time to hit the gym. https://youtu.be/rvwzddEOSDk,0.0,"['The post is a personal anecdote about a dream and exercise, with no elements of hate speech.', 'The post does not mention any individuals or groups, thus it does not assault human dignity.', 'There is no call for violence or encouragement of harm in the post.', 'The language used in the post is neutral and lacks vulgarity or offensive terms.', 'The post is focused on personal fitness and does not address any social or political issues.', 'The post includes a link to a video, but there is no context suggesting hate speech in the text itself.', 'The post is motivational in nature, encouraging physical activity, not hate speech.', 'The post is devoid of any racial, ethnic, gender, or religious references.', 'The post is unlikely to be interpreted as hate speech due to its benign content.', 'The post is a typical social media update about personal interests, not hate speech.']","[0, 0, 0, 0, 0, 0, 0, 0, 0, 0]","The post is a personal anecdote about a dream and exercise, with no elements of hate speech. It does not mention any individuals or groups, thus it does not assault human dignity. There is no call for violence or encouragement of harm in the post. The language used is neutral and lacks vulgarity or offensive terms. The post is focused on personal fitness and does not address any social or political issues. It includes a link to a video, but there is no context suggesting hate speech in the text itself. The post is motivational in nature, encouraging physical activity, not hate speech. It is devoid of any racial, ethnic, gender, or religious references. The post is unlikely to be interpreted as hate speech due to its benign content. It is a typical social media update about personal interests, not hate speech.",0.0,0.0
136,14435,The first lead climbing World Cup of the season is this weekend. Finals coming up live in a couple hours. Bet on Janja. https://www.youtube.com/watch?v=O5_8ALb80YQ,0.0,"['The post is purely informational about a sports event and does not contain any hate speech.', 'The post encourages betting on a specific athlete but does not use offensive language or target any group.', 'The post is neutral and does not demean or degrade any individual or group based on protected characteristics.', 'The post does not incite or encourage violence against any individual or group.', 'The post does not contain any vulgarity or offensive language.', 'The post is focused on a sports event and does not address any social or political issues that could be interpreted as hate speech.', 'The post is unlikely to be interpreted as hate speech due to its neutral and factual nature.', 'The post does not mention any race, ethnicity, gender, religion, or sexual orientation, thus not targeting any protected characteristic.', 'The post is a simple promotion of a sports event and does not contain any elements of hate speech.', 'The post is straightforward and lacks any context or language that could be considered hate speech.']","[0, 0, 0, 0, 0, 0, 0, 0, 0, 0]","The post is about a sports event and does not contain any elements that would typically be considered hate speech. It is neutral, factual, and lacks any offensive language or calls for violence. Therefore, all opinions suggest that the post is not hate speech, resulting in a label of 0 for each opinion.",0.0,0.0
137,15681,"For some people who demanded an increase, minimum wage went from $7.25 a hour to $0.00.",0.0,"['The post is making a sarcastic comment about minimum wage, but it does not target any specific group, so it is not hate speech.', 'The post could be interpreted as mocking individuals who advocate for higher wages, but it does not use offensive language or target a protected group, so it is not hate speech.', 'The post is a critique of economic policies and does not contain any elements of hate speech as it does not demean any group based on protected characteristics.', 'The post does not call for violence or use vulgar language, so it is not hate speech.', 'The post could be seen as insensitive to low-income workers, but it does not meet the criteria for hate speech as it does not attack a protected group.', 'The post is a political statement about wage policies and does not contain hate speech elements.', 'The post does not degrade or demean any specific group based on race, gender, or other protected characteristics, so it is not hate speech.', 'The post is a commentary on economic consequences and does not incite violence or use hate speech.', 'The post uses sarcasm to make a point about minimum wage but does not contain hate speech as it lacks offensive language or attacks on protected groups.', 'The post is a general statement about economic outcomes and does not exhibit any characteristics of hate speech.']","[0, 0, 0, 0, 0, 0, 0, 0, 0, 0]","The post is a sarcastic commentary on the consequences of demanding higher minimum wages, suggesting that some people ended up with no job as a result. It does not target any specific group based on race, ethnicity, gender, religion, sexual orientation, or other protected characteristics. There is no call for violence or use of vulgar or offensive language. Therefore, it is not considered hate speech. The opinions reflect a consensus that the post does not meet the criteria for hate speech, resulting in low disagreement among annotators.",0.0,0.0
138,15684,'First Man' is a liberal's wet dream. So pretty much a fantasy fiction movie. I'll pass.,0.4,"[""The post dismisses a movie as 'fantasy fiction' due to its perceived political stance, which could be seen as a critique rather than hate speech."", ""The term 'liberal's wet dream' is vulgar and offensive, but it does not target a protected group, so it may not be considered hate speech."", 'The post uses dismissive language towards liberals, which could be seen as demeaning, but it does not explicitly degrade their human dignity.', 'The post does not call for violence or physical harm against any group or individual.', 'The language used in the post is more of a personal opinion about a movie rather than an attack on a group, suggesting it is not hate speech.', 'The post could be interpreted as perpetuating stereotypes about political groups, which some might see as a form of hate speech.', ""The phrase 'liberal's wet dream' could be seen as offensive, but it lacks the severity typically associated with hate speech."", 'The post does not contain any racial, ethnic, gender, or religious slurs, indicating it may not be hate speech.', ""The post's critique of a movie based on political bias might be seen as a form of political expression rather than hate speech."", ""The post's language is dismissive and potentially offensive to some, but it does not meet the criteria for hate speech as it lacks calls for violence or demeaning of human dignity.""]","[0, 0, 0, 0, 0, 1, 0, 0, 0, 0]","Opinions:
1. The post dismisses a movie as 'fantasy fiction' due to its perceived political stance, which could be seen as a critique rather than hate speech.
2. The term 'liberal's wet dream' is vulgar and offensive, but it does not target a protected group, so it may not be considered hate speech.
3. The post uses dismissive language towards liberals, which could be seen as demeaning, but it does not explicitly degrade their human dignity.
4. The post does not call for violence or physical harm against any group or individual.
5. The language used in the post is more of a personal opinion about a movie rather than an attack on a group, suggesting it is not hate speech.
6. The post could be interpreted as perpetuating stereotypes about political groups, which some might see as a form of hate speech.
7. The phrase 'liberal's wet dream' could be seen as offensive, but it lacks the severity typically associated with hate speech.
8. The post does not contain any racial, ethnic, gender, or religious slurs, indicating it may not be hate speech.
9. The post's critique of a movie based on political bias might be seen as a form of political expression rather than hate speech.
10. The post's language is dismissive and potentially offensive to some, but it does not meet the criteria for hate speech as it lacks calls for violence or demeaning of human dignity.

Labels:
1. 0
2. 0
3. 0
4. 0
5. 0
6. 1
7. 0
8. 0
9. 0
10. 0",0.1,0.30000000000000004
139,15686,I bet some one at NPR will be fired for reporting the truth.,0.4,"['The post does not target any specific group or individual, so it is not hate speech.', 'The post implies a negative consequence for reporting the truth, but it does not contain hate speech elements.', 'There is no use of vulgar or offensive language in the post, indicating it is not hate speech.', 'The post does not call for violence or harm against any group or individual.', 'The post could be interpreted as a critique of media practices, not as hate speech.', 'The post lacks any demeaning or degrading language towards a protected group.', 'The post is ambiguous and could be interpreted in various ways, but it does not clearly fall into hate speech.', 'The post does not mention race, ethnicity, gender, religion, or sexual orientation, so it is not hate speech.', 'The post could be seen as sarcastic or critical, but it does not meet the criteria for hate speech.', 'The post does not exhibit any characteristics of hate speech as it lacks targeted hostility.']","[0, 0, 0, 0, 0, 0, 0, 0, 0, 0]","The post ""I bet some one at NPR will be fired for reporting the truth."" does not exhibit characteristics of hate speech based on the aspects provided. It does not demean or degrade any group, call for violence, or use vulgar language. The opinions reflect a consensus that the post is not hate speech, resulting in a low disagreement among annotators.",0.0,0.4
140,16510,"Yep, you're a mindless leftist. The telltale sign is the spewing of hatred and wishing harm when you lose the argument. You can't think and when you're put in a position where you have to back your baseless position with a reasoned argument and facts your mind uncoils like a spring. There are two characteristics associated with leftists, the inability to think and hatred. You demonstrated both.",1.0,"['The post uses derogatory language to demean individuals based on their political beliefs, which could be seen as an assault on human dignity.', 'The post does not explicitly call for violence, so it may not be considered hate speech in terms of inciting harm.', ""The use of terms like 'mindless' and 'hatred' could be interpreted as offensive language, but not necessarily hate speech."", 'The post generalizes a group of people (leftists) in a negative light, which could be seen as demeaning and degrading.', 'The language used is harsh and critical but does not contain slurs or profanity, which might lead some to view it as non-hate speech.', 'The post could be seen as an expression of political opinion rather than hate speech, focusing on ideological differences.', 'The post accuses a group of being unable to think, which could be interpreted as an attack on their intelligence and dignity.', ""The post's tone is aggressive and confrontational, which might be perceived as offensive but not necessarily hate speech."", 'The post does not target a protected characteristic like race or gender, which might lead some to classify it as non-hate speech.', ""The post's criticism of a political group could be seen as part of normal political discourse, not hate speech.""]","[1, 0, 0, 1, 0, 0, 1, 0, 0, 0]","1. The post uses derogatory language to demean individuals based on their political beliefs, which could be seen as an assault on human dignity. (Label: 1)
2. The post does not explicitly call for violence, so it may not be considered hate speech in terms of inciting harm. (Label: 0)
3. The use of terms like 'mindless' and 'hatred' could be interpreted as offensive language, but not necessarily hate speech. (Label: 0)
4. The post generalizes a group of people (leftists) in a negative light, which could be seen as demeaning and degrading. (Label: 1)
5. The language used is harsh and critical but does not contain slurs or profanity, which might lead some to view it as non-hate speech. (Label: 0)
6. The post could be seen as an expression of political opinion rather than hate speech, focusing on ideological differences. (Label: 0)
7. The post accuses a group of being unable to think, which could be interpreted as an attack on their intelligence and dignity. (Label: 1)
8. The post's tone is aggressive and confrontational, which might be perceived as offensive but not necessarily hate speech. (Label: 0)
9. The post does not target a protected characteristic like race or gender, which might lead some to classify it as non-hate speech. (Label: 0)
10. The post's criticism of a political group could be seen as part of normal political discourse, not hate speech. (Label: 0)",0.3,0.7
141,16511,"Stick with Obamacare. See my previous post re anecdotal observations versus methodical observations and their bearing, or non-bearing, on the relevance of the data.",0.0,"['The post is a neutral statement about healthcare policy and does not contain any hate speech elements.', 'The post does not demean or degrade any individual or group based on protected characteristics.', 'There is no call for violence or encouragement of physical harm in the post.', 'The language used in the post is not vulgar or offensive.', 'The post is focused on a political issue and does not target any specific group with hate speech.', 'The post does not contain any slurs or derogatory terms.', 'The post is an opinion on a policy matter and does not incite hate or violence.', 'The post is informative and does not exhibit any characteristics of hate speech.', 'The post is a discussion on healthcare policy and lacks any elements of hate speech.', 'The post is unlikely to be interpreted as hate speech due to its focus on policy rather than individuals or groups.']","[0, 0, 0, 0, 0, 0, 0, 0, 0, 0]","The post is a discussion about healthcare policy, specifically Obamacare, and does not contain any elements that would typically be classified as hate speech. It does not demean or degrade any individuals or groups, nor does it call for violence or use vulgar language. The focus is on policy and data relevance, making it unlikely to be interpreted as hate speech. Therefore, all opinions suggest that the post is not hate speech, resulting in a label of 0 for each opinion.",0.0,0.0
142,16513,"That's all leftist BS. You've bought the lie. Before Obamacare, the majority of people who didn't have health insurance chose not to have health insurance, but they still had access to medical care, just at the non-insured price. The non-insured price is most often less than the insured price. With very few egregious exceptions, people were not denied medical care. Life expectancy actually decline...",0.6,"['The post is expressing a political opinion and does not target any specific group, so it is not hate speech.', ""The post uses the term 'leftist BS,' which could be seen as offensive to some, but it does not constitute hate speech."", 'The post is critical of a political policy (Obamacare) and does not demean any protected group, so it is not hate speech.', 'The language used in the post is dismissive but not vulgar or offensive enough to be considered hate speech.', 'The post does not call for violence or harm against any group, so it is not hate speech.', 'The post could be seen as perpetuating misinformation, but misinformation alone does not constitute hate speech.', ""The term 'leftist BS' could be interpreted as a slur against leftists, but it lacks the severity to be considered hate speech."", 'The post is more of a critique of healthcare policy rather than an attack on human dignity, so it is not hate speech.', 'The post does not contain any explicit slurs or profanity, so it is not hate speech.', ""The post's focus on healthcare policy suggests it is a political argument rather than hate speech.""]","[0, 0, 0, 0, 0, 0, 0, 0, 0, 0]","The post primarily critiques a political policy and uses dismissive language towards a political ideology ('leftist BS'). However, it does not target a specific protected group, incite violence, or use vulgar language that would typically categorize it as hate speech. The opinions reflect a consensus that the post is not hate speech, with some consideration of the term 'leftist BS' as potentially offensive but not rising to the level of hate speech.",0.0,0.6
143,16605,"I have a blacke co-worker who listens to MSNBC all day on his computer. I had never watched the channel, and didn’t know much about it. I can now say it delivers the most incoherent set of conspiracy theories I have ever had to listen to.",0.4,"[""The post criticizes a media channel rather than targeting the co-worker's race, so it is not hate speech."", ""The mention of the co-worker's race is unnecessary and could be seen as demeaning, suggesting hate speech."", 'The post does not call for violence or harm against any individual or group, so it is not hate speech.', 'The language used in the post is not vulgar or offensive, indicating it is not hate speech.', 'The post could be interpreted as perpetuating stereotypes about race and media consumption, which might be considered hate speech.', ""The focus on the co-worker's race could be seen as an attempt to demean or degrade, suggesting hate speech."", 'The post is primarily a critique of a media channel and lacks elements of hate speech.', 'The mention of race is incidental and does not contribute to hate speech, so it is not hate speech.', 'The post does not use slurs or offensive language, indicating it is not hate speech.', ""The post's critique of MSNBC is unrelated to hate speech, focusing on content rather than individuals.""]","[0, 1, 0, 0, 1, 1, 0, 0, 0, 0]","1. The post criticizes a media channel rather than targeting the co-worker's race, so it is not hate speech. (Label: 0)
2. The mention of the co-worker's race is unnecessary and could be seen as demeaning, suggesting hate speech. (Label: 1)
3. The post does not call for violence or harm against any individual or group, so it is not hate speech. (Label: 0)
4. The language used in the post is not vulgar or offensive, indicating it is not hate speech. (Label: 0)
5. The post could be interpreted as perpetuating stereotypes about race and media consumption, which might be considered hate speech. (Label: 1)
6. The focus on the co-worker's race could be seen as an attempt to demean or degrade, suggesting hate speech. (Label: 1)
7. The post is primarily a critique of a media channel and lacks elements of hate speech. (Label: 0)
8. The mention of race is incidental and does not contribute to hate speech, so it is not hate speech. (Label: 0)
9. The post does not use slurs or offensive language, indicating it is not hate speech. (Label: 0)
10. The post's critique of MSNBC is unrelated to hate speech, focusing on content rather than individuals. (Label: 0)",0.3,0.10000000000000003
144,16609,It may not be an exclusive “black thing” but it is in high proportion to the black populace. https://www.amren.com/news/2018/08/former-mayor-fo...,0.6,"['The post suggests a stereotype about the black community, which could be seen as demeaning and degrading, thus constituting hate speech.', 'The post does not explicitly call for violence or harm against any group, so it may not be considered hate speech in that regard.', 'The language used in the post is not overtly vulgar or offensive, which might lead some to view it as non-hate speech.', 'The post implies a negative generalization about black people, which could be interpreted as an assault on human dignity.', 'The post references a potentially biased source, which might influence the perception of it as hate speech.', 'The post could be seen as perpetuating racial stereotypes, which some might classify as hate speech.', 'The post lacks context, making it difficult to determine if it is hate speech without additional information.', 'The post could be interpreted as a factual statement rather than an opinion, leading some to label it as non-hate speech.', ""The post's reference to a specific racial group in a negative context might be seen as hate speech by some annotators."", 'The post does not use slurs or explicit derogatory language, which might lead to it being labeled as non-hate speech.']","[1, 0, 0, 1, 1, 1, 0, 0, 1, 0]","1. The post suggests a stereotype about the black community, which could be seen as demeaning and degrading, thus constituting hate speech. (Label: 1)
2. The post does not explicitly call for violence or harm against any group, so it may not be considered hate speech in that regard. (Label: 0)
3. The language used in the post is not overtly vulgar or offensive, which might lead some to view it as non-hate speech. (Label: 0)
4. The post implies a negative generalization about black people, which could be interpreted as an assault on human dignity. (Label: 1)
5. The post references a potentially biased source, which might influence the perception of it as hate speech. (Label: 1)
6. The post could be seen as perpetuating racial stereotypes, which some might classify as hate speech. (Label: 1)
7. The post lacks context, making it difficult to determine if it is hate speech without additional information. (Label: 0)
8. The post could be interpreted as a factual statement rather than an opinion, leading some to label it as non-hate speech. (Label: 0)
9. The post's reference to a specific racial group in a negative context might be seen as hate speech by some annotators. (Label: 1)
10. The post does not use slurs or explicit derogatory language, which might lead to it being labeled as non-hate speech. (Label: 0)",0.5,0.09999999999999998
145,17093,"Bernie Care, more like long wait cancelled care. ",0.2,"['The post is a critique of a healthcare policy and does not target any specific group, so it is not hate speech.', ""The post uses a play on words to criticize a political figure's policy, which is a form of political commentary, not hate speech."", 'There is no use of vulgarity or offensive language in the post, so it does not qualify as hate speech.', 'The post does not call for violence or harm against any individual or group, so it is not hate speech.', 'The post does not demean or degrade any individual or group based on protected characteristics, so it is not hate speech.', 'The post could be seen as sarcastic or mocking, but it does not meet the criteria for hate speech.', 'The post is a political opinion and falls under free speech rather than hate speech.', 'The post does not contain any slurs or derogatory terms, so it is not hate speech.', 'The post is critical of a policy rather than a person or group, so it is not hate speech.', 'The post is unlikely to be interpreted as hate speech due to its focus on policy critique rather than personal attack.']","[0, 0, 0, 0, 0, 0, 0, 0, 0, 0]","The post 'Bernie Care, more like long wait cancelled care.' is a critique of a healthcare policy associated with Bernie Sanders. It uses a play on words to express dissatisfaction with the policy, suggesting that it would lead to long waits and cancellations in healthcare services. The post does not target any specific individual or group based on race, ethnicity, gender, religion, sexual orientation, or other protected characteristics. It does not incite violence or use vulgar or offensive language. Therefore, it is not considered hate speech. The opinions reflect a consensus that the post is a form of political commentary rather than hate speech.",0.0,0.2
146,17155,NEW YORK CITY: Avi Yemeni’s man-on-the-street interviews about Donald Trump in the middle of Times Square http://barenakedislam.com/2018/08/31/new-york-city... #AgendaOfEvil,0.4,"['The post is simply sharing a link to an interview and does not contain any hate speech.', 'The hashtag #AgendaOfEvil could be interpreted as offensive or demeaning, potentially targeting a group or individual.', 'The post does not explicitly call for violence or harm against any group or individual.', ""The content of the linked interview is unknown, so it's difficult to assess if it contains hate speech."", 'The post might be seen as promoting a biased or negative agenda, but not necessarily hate speech.', ""The use of 'AgendaOfEvil' could be seen as hyperbolic and not intended as hate speech."", 'The post is neutral and does not contain vulgar or offensive language.', 'The context of the interview (about Donald Trump) might lead to polarized opinions, but the post itself is not hate speech.', ""The post could be seen as part of a larger narrative that some might find offensive, but it doesn't directly constitute hate speech."", 'The post is likely to be interpreted differently based on individual views about Donald Trump and the hashtag used.']","[0, 1, 0, 0, 0, 0, 0, 0, 0, 0]",Opinions and labels generated based on the provided post.,0.1,0.30000000000000004
147,17156,Berlin: Attackers Hurl Stones at Church While Shouting “Allahu Akbar” https://www.newswars.com/berlin-attackers-hurl-sto... #AgendaOfEvil,0.4,"['The post reports on an incident without using offensive language, so it may not be considered hate speech.', ""The phrase 'AgendaOfEvil' could be interpreted as demeaning to a religious group, suggesting hate speech."", 'The post does not explicitly call for violence, so it may not be considered hate speech.', ""The use of 'Allahu Akbar' in the context of an attack could be seen as perpetuating stereotypes about Muslims, which might be considered hate speech."", 'The post is reporting a news event and does not contain vulgar language, so it may not be hate speech.', ""The hashtag '#AgendaOfEvil' could be seen as inciting hatred against a religious group, suggesting hate speech."", 'The post could be seen as spreading fear or hostility towards Muslims, which might be considered hate speech.', 'The post is factual and does not make derogatory statements about any group, so it may not be hate speech.', 'The context of the post could be seen as associating a religious phrase with violence, which might be considered hate speech.', 'The post does not directly demean any group, so it may not be considered hate speech.']","[0, 1, 0, 1, 0, 1, 1, 0, 1, 0]","1. The post reports on an incident without using offensive language, so it may not be considered hate speech. (Label: 0)
2. The phrase 'AgendaOfEvil' could be interpreted as demeaning to a religious group, suggesting hate speech. (Label: 1)
3. The post does not explicitly call for violence, so it may not be considered hate speech. (Label: 0)
4. The use of 'Allahu Akbar' in the context of an attack could be seen as perpetuating stereotypes about Muslims, which might be considered hate speech. (Label: 1)
5. The post is reporting a news event and does not contain vulgar language, so it may not be hate speech. (Label: 0)
6. The hashtag '#AgendaOfEvil' could be seen as inciting hatred against a religious group, suggesting hate speech. (Label: 1)
7. The post could be seen as spreading fear or hostility towards Muslims, which might be considered hate speech. (Label: 1)
8. The post is factual and does not make derogatory statements about any group, so it may not be hate speech. (Label: 0)
9. The context of the post could be seen as associating a religious phrase with violence, which might be considered hate speech. (Label: 1)
10. The post does not directly demean any group, so it may not be considered hate speech. (Label: 0)",0.5,0.09999999999999998
148,17157,IT’S A GREAT TIME TO VISIT PARIS now that there are so many empty seats on flights and bargains on hotel rooms http://barenakedislam.com/2018/08/31/its-a-great-t... #AgendaOfEvil,0.2,"['The post is simply promoting travel to Paris and does not contain any hate speech elements.', ""The use of 'AgendaOfEvil' hashtag could imply a negative connotation towards a group, potentially indicating hate speech."", 'The post is taking advantage of a situation (possibly a tragedy) to promote travel, which could be seen as insensitive but not hate speech.', ""The post does not directly assault any individual's or group's dignity based on protected characteristics."", ""The hashtag 'AgendaOfEvil' might be interpreted as a call to action against a perceived enemy, which could be seen as hate speech."", 'The post lacks any vulgar or offensive language, suggesting it is not hate speech.', 'The context of the link provided might contain hate speech, but the post itself does not.', 'The post could be seen as trivializing a serious situation, but this does not constitute hate speech.', ""The post's intent seems to be commercial rather than hateful, focusing on travel deals."", 'The post does not incite violence or physical harm against any group or individual.']","[0, 1, 0, 0, 1, 0, 0, 0, 0, 0]","1. The post is simply promoting travel to Paris and does not contain any hate speech elements. (Label: 0)
2. The use of 'AgendaOfEvil' hashtag could imply a negative connotation towards a group, potentially indicating hate speech. (Label: 1)
3. The post is taking advantage of a situation (possibly a tragedy) to promote travel, which could be seen as insensitive but not hate speech. (Label: 0)
4. The post does not directly assault any individual's or group's dignity based on protected characteristics. (Label: 0)
5. The hashtag 'AgendaOfEvil' might be interpreted as a call to action against a perceived enemy, which could be seen as hate speech. (Label: 1)
6. The post lacks any vulgar or offensive language, suggesting it is not hate speech. (Label: 0)
7. The context of the link provided might contain hate speech, but the post itself does not. (Label: 0)
8. The post could be seen as trivializing a serious situation, but this does not constitute hate speech. (Label: 0)
9. The post's intent seems to be commercial rather than hateful, focusing on travel deals. (Label: 0)
10. The post does not incite violence or physical harm against any group or individual. (Label: 0)",0.2,0.0
149,17158,Watch Out: How PC Has Redefined ‘Fascism’ https://www.newswars.com/watch-out-how-pc-has-rede... #AgendaOfEvil,0.2,"[""The post uses the term 'PC' (political correctness) in a critical manner, which may suggest an underlying bias against progressive ideologies, but it does not directly attack any group."", ""The use of the term 'fascism' in the post could be seen as hyperbolic or sensationalist, but it does not necessarily constitute hate speech."", 'The hashtag #AgendaOfEvil could be interpreted as a conspiracy theory, but it does not directly incite violence or hatred against a specific group.', 'The post does not contain any vulgar or offensive language, which suggests it may not be hate speech.', ""The post's link to an external site could potentially lead to hate speech content, but the post itself does not provide enough context to make that determination."", 'The post critiques political correctness, which is a common topic of debate and does not inherently constitute hate speech.', ""The phrase 'Watch Out' could be interpreted as a warning, but it does not explicitly call for violence or harm against any group."", ""The post's language is ambiguous and could be interpreted in multiple ways, leading to potential disagreement among annotators."", 'The post does not explicitly demean or degrade any specific group based on protected characteristics.', ""The post's content is more focused on political commentary rather than hate speech.""]","[0, 0, 0, 0, 0, 0, 0, 0, 0, 0]","The post titled ""Watch Out: How PC Has Redefined ‘Fascism’"" with the hashtag #AgendaOfEvil does not contain explicit hate speech elements based on the aspects provided. It critiques political correctness and uses terms like 'fascism' and 'AgendaOfEvil' which could be seen as provocative or conspiratorial, but it lacks direct attacks on specific groups, calls for violence, or use of vulgar language. The opinions reflect a range of interpretations, mostly leaning towards non-hate speech due to the absence of direct hate speech indicators in the post itself.",0.0,0.2
150,17159,U.S. accuses China of ‘super aggressive’ spy campaign on LinkedIn https://www.newswars.com/u-s-accuses-china-of-supe... #AgendaOfEvil,0.4,"['The post is simply reporting news and does not contain hate speech.', ""The hashtag '#AgendaOfEvil' could be seen as demeaning to China, suggesting a negative agenda."", 'The post does not call for violence against any group or individual.', 'The language used in the post is not vulgar or offensive.', 'The post could be interpreted as promoting a negative stereotype about China.', 'The post is likely to be seen as non-hate speech because it reports a factual event.', 'The hashtag could be interpreted as an assault on the dignity of Chinese people by implying malicious intent.', 'The post does not use any slurs or derogatory language.', ""The post might be seen as hate speech by those who view the hashtag as an attack on China's character."", 'The post is more likely to be seen as non-hate speech due to its focus on a news event rather than inciting hate.']","[0, 1, 0, 0, 1, 0, 1, 0, 1, 0]","1. The post is simply reporting news and does not contain hate speech. (Label: 0)
2. The hashtag '#AgendaOfEvil' could be seen as demeaning to China, suggesting a negative agenda. (Label: 1)
3. The post does not call for violence against any group or individual. (Label: 0)
4. The language used in the post is not vulgar or offensive. (Label: 0)
5. The post could be interpreted as promoting a negative stereotype about China. (Label: 1)
6. The post is likely to be seen as non-hate speech because it reports a factual event. (Label: 0)
7. The hashtag could be interpreted as an assault on the dignity of Chinese people by implying malicious intent. (Label: 1)
8. The post does not use any slurs or derogatory language. (Label: 0)
9. The post might be seen as hate speech by those who view the hashtag as an attack on China's character. (Label: 1)
10. The post is more likely to be seen as non-hate speech due to its focus on a news event rather than inciting hate. (Label: 0)",0.4,0.0
151,17160,Why It’s Time For Trump To Fire Mueller Now https://www.newswars.com/why-its-time-for-trump-to... #AgendaOfEvil,0.0,"['The post is a political opinion piece and does not contain hate speech.', 'The hashtag #AgendaOfEvil could be interpreted as offensive but not necessarily hate speech.', 'The post does not target any specific group based on race, ethnicity, gender, religion, or sexual orientation.', 'The post does not contain any calls for violence against individuals or groups.', 'The language used in the post is not vulgar or offensive.', 'The post is critical of a political figure and an investigation, which is a common political discourse.', 'The hashtag could be seen as hyperbolic but not as hate speech.', 'The post is more about political strategy than hate speech.', 'The content is focused on political actions rather than demeaning any group.', 'The post does not exhibit any characteristics of hate speech as defined by the aspects provided.']","[0, 0, 0, 0, 0, 0, 0, 0, 0, 0]","The post is a political opinion piece discussing the firing of a political figure, which is a common topic in political discourse. The hashtag #AgendaOfEvil may be seen as provocative or hyperbolic, but it does not directly demean or degrade any specific group based on protected characteristics. There are no calls for violence or use of vulgar language in the post. Overall, the post does not meet the criteria for hate speech based on the aspects provided.",0.0,0.0
152,17161,UK: Father of two jihadis killed in Syria threatens to have his wife shot if she gave evidence against him https://www.jihadwatch.org/2018/08/uk-father-of-tw... #AgendaOfEvil,0.6,"['The post reports on a threat of violence, which could be seen as a call for violence, thus constituting hate speech.', ""The post mentions 'jihadis' and 'AgendaOfEvil', which could be interpreted as demeaning to certain religious groups, potentially constituting hate speech."", 'The post is a news report and does not directly incite violence or use offensive language, so it may not be considered hate speech.', ""The use of the term 'jihadis' could be seen as a slur against Muslims, which might be considered hate speech."", 'The post is reporting on a specific incident without endorsing the actions, so it may not be considered hate speech.', ""The hashtag '#AgendaOfEvil' could be interpreted as a derogatory term against a religious group, potentially constituting hate speech."", 'The post could be seen as highlighting a criminal act without promoting hate, thus not constituting hate speech.', ""The post's language is neutral and factual, focusing on a news event, which may not be considered hate speech."", 'The post could be interpreted as spreading fear or negative stereotypes about Muslims, which might be considered hate speech.', 'The post is informative and does not contain vulgar or offensive language, so it may not be considered hate speech.']","[1, 1, 0, 1, 0, 1, 0, 0, 1, 0]","Opinions:
1. The post reports on a threat of violence, which could be seen as a call for violence, thus constituting hate speech.
2. The post mentions 'jihadis' and 'AgendaOfEvil', which could be interpreted as demeaning to certain religious groups, potentially constituting hate speech.
3. The post is a news report and does not directly incite violence or use offensive language, so it may not be considered hate speech.
4. The use of the term 'jihadis' could be seen as a slur against Muslims, which might be considered hate speech.
5. The post is reporting on a specific incident without endorsing the actions, so it may not be considered hate speech.
6. The hashtag '#AgendaOfEvil' could be interpreted as a derogatory term against a religious group, potentially constituting hate speech.
7. The post could be seen as highlighting a criminal act without promoting hate, thus not constituting hate speech.
8. The post's language is neutral and factual, focusing on a news event, which may not be considered hate speech.
9. The post could be interpreted as spreading fear or negative stereotypes about Muslims, which might be considered hate speech.
10. The post is informative and does not contain vulgar or offensive language, so it may not be considered hate speech.

Labels:
1. 1
2. 1
3. 0
4. 1
5. 0
6. 1
7. 0
8. 0
9. 1
10. 0",0.5,0.09999999999999998
153,17162,Are Liberals Becoming Trump Curious? https://www.newswars.com/are-liberals-becoming-tru... #AgendaOfEvil,0.0,"['The post uses the hashtag #AgendaOfEvil, which could be interpreted as demeaning to liberals, suggesting they are part of an evil agenda.', 'The post does not directly attack any individual or group based on protected characteristics, so it may not be considered hate speech.', ""The use of the term 'Trump Curious' could be seen as a neutral or humorous commentary rather than hate speech."", 'The post does not contain any explicit calls for violence or harm against any group or individual.', 'The language used in the post is not vulgar or offensive, which suggests it may not be hate speech.', 'The post could be seen as a political commentary rather than an attack on human dignity.', 'The hashtag #AgendaOfEvil might be interpreted as hyperbolic or satirical, reducing its potential as hate speech.', 'The post does not use slurs or derogatory language, which typically characterize hate speech.', 'The post could be seen as provocative but not necessarily hateful, as it does not incite violence or use offensive language.', ""The post's content might be considered controversial or divisive, but it does not meet the criteria for hate speech.""]","[0, 0, 0, 0, 0, 0, 0, 0, 0, 0]","1. The post uses the hashtag #AgendaOfEvil, which could be interpreted as demeaning to liberals, suggesting they are part of an evil agenda. (Label: 0)
2. The post does not directly attack any individual or group based on protected characteristics, so it may not be considered hate speech. (Label: 0)
3. The use of the term 'Trump Curious' could be seen as a neutral or humorous commentary rather than hate speech. (Label: 0)
4. The post does not contain any explicit calls for violence or harm against any group or individual. (Label: 0)
5. The language used in the post is not vulgar or offensive, which suggests it may not be hate speech. (Label: 0)
6. The post could be seen as a political commentary rather than an attack on human dignity. (Label: 0)
7. The hashtag #AgendaOfEvil might be interpreted as hyperbolic or satirical, reducing its potential as hate speech. (Label: 0)
8. The post does not use slurs or derogatory language, which typically characterize hate speech. (Label: 0)
9. The post could be seen as provocative but not necessarily hateful, as it does not incite violence or use offensive language. (Label: 0)
10. The post's content might be considered controversial or divisive, but it does not meet the criteria for hate speech. (Label: 0)",0.0,0.0
154,17163,"Australia: Muslim on student visa arrested for jihad plots against former PM, “symbolic” locations https://www.jihadwatch.org/2018/08/australia-musli... #AgendaOfEvil",0.4,"['The post reports on a criminal act without using derogatory language, so it is not hate speech.', ""The use of 'Muslim' in the headline could be seen as targeting a religious group, potentially constituting hate speech."", ""The term 'jihad plots' might be interpreted as inciting fear against Muslims, which could be considered hate speech."", 'The hashtag #AgendaOfEvil could be seen as associating Muslims with evil, which may be considered hate speech.', 'The post is a factual report on an arrest and does not contain vulgar or offensive language, so it is not hate speech.', ""The mention of 'symbolic locations' could imply targeting specific groups, but the post itself does not call for violence, so it is not hate speech."", 'The post could be seen as perpetuating stereotypes about Muslims, which might be considered hate speech.', 'The post does not explicitly demean or degrade individuals, so it is not hate speech.', 'The context of the post might lead some to view it as fear-mongering against Muslims, which could be considered hate speech.', 'The post is a news report and does not contain any direct calls for violence, so it is not hate speech.']","[0, 1, 1, 1, 0, 0, 1, 0, 1, 0]","1. The post reports on a criminal act without using derogatory language, so it is not hate speech. (Label: 0)
2. The use of 'Muslim' in the headline could be seen as targeting a religious group, potentially constituting hate speech. (Label: 1)
3. The term 'jihad plots' might be interpreted as inciting fear against Muslims, which could be considered hate speech. (Label: 1)
4. The hashtag #AgendaOfEvil could be seen as associating Muslims with evil, which may be considered hate speech. (Label: 1)
5. The post is a factual report on an arrest and does not contain vulgar or offensive language, so it is not hate speech. (Label: 0)
6. The mention of 'symbolic locations' could imply targeting specific groups, but the post itself does not call for violence, so it is not hate speech. (Label: 0)
7. The post could be seen as perpetuating stereotypes about Muslims, which might be considered hate speech. (Label: 1)
8. The post does not explicitly demean or degrade individuals, so it is not hate speech. (Label: 0)
9. The context of the post might lead some to view it as fear-mongering against Muslims, which could be considered hate speech. (Label: 1)
10. The post is a news report and does not contain any direct calls for violence, so it is not hate speech. (Label: 0)",0.5,0.09999999999999998
155,17164,It didn’t start with the Southern Poverty Law Center: the global jihad has always been aided by Useful Idiots https://www.jihadwatch.org/2018/08/it-didnt-start-... #AgendaOfEvil,0.6,"[""The post uses the term 'Useful Idiots' which could be seen as demeaning to individuals who are perceived as supporting jihad, potentially assaulting human dignity."", ""The post references 'global jihad' which might be interpreted as a call for violence, but it does not explicitly incite violence."", 'The hashtag #AgendaOfEvil could be interpreted as offensive or demeaning towards those associated with the Southern Poverty Law Center or those perceived as supporting jihad.', 'The post does not contain explicit vulgarity or offensive language, so it may not be considered hate speech based on language alone.', 'The post could be seen as a critique of certain organizations or individuals, which might not constitute hate speech if it is a political opinion.', ""The term 'Useful Idiots' is historically used in political discourse and might not be considered hate speech if viewed in that context."", 'The post could be interpreted as spreading misinformation or conspiracy theories, which some might see as harmful but not necessarily hate speech.', 'The post might be seen as targeting a specific religious group, which could be considered hate speech if it degrades that group.', 'The post could be interpreted as a form of political commentary, which might not be considered hate speech if it is seen as part of free speech.', 'The post might be seen as perpetuating stereotypes about jihad, which could be considered hate speech if it degrades a religious or ethnic group.']","[1, 0, 1, 0, 0, 0, 0, 1, 0, 1]","1. The post uses the term 'Useful Idiots' which could be seen as demeaning to individuals who are perceived as supporting jihad, potentially assaulting human dignity. (Label: 1)
2. The post references 'global jihad' which might be interpreted as a call for violence, but it does not explicitly incite violence. (Label: 0)
3. The hashtag #AgendaOfEvil could be interpreted as offensive or demeaning towards those associated with the Southern Poverty Law Center or those perceived as supporting jihad. (Label: 1)
4. The post does not contain explicit vulgarity or offensive language, so it may not be considered hate speech based on language alone. (Label: 0)
5. The post could be seen as a critique of certain organizations or individuals, which might not constitute hate speech if it is a political opinion. (Label: 0)
6. The term 'Useful Idiots' is historically used in political discourse and might not be considered hate speech if viewed in that context. (Label: 0)
7. The post could be interpreted as spreading misinformation or conspiracy theories, which some might see as harmful but not necessarily hate speech. (Label: 0)
8. The post might be seen as targeting a specific religious group, which could be considered hate speech if it degrades that group. (Label: 1)
9. The post could be interpreted as a form of political commentary, which might not be considered hate speech if it is seen as part of free speech. (Label: 0)
10. The post might be seen as perpetuating stereotypes about jihad, which could be considered hate speech if it degrades a religious or ethnic group. (Label: 1)",0.4,0.19999999999999996
156,17563,President Trump Says Three Tech Titans Are in a ‘Very Anti-Trust Situation’ | LifeZette http://bit.ly/2PnFZRZ  #Antitrust #Tech #BigTech #SocialMedia,0.0,"['The post is a straightforward news headline and does not contain any hate speech elements.', 'The post does not demean or degrade any individuals or groups based on protected characteristics.', 'There is no call for violence or encouragement of physical harm in the post.', 'The language used in the post is neutral and does not contain vulgarity or offensive language.', 'The post is focused on a political and economic issue rather than targeting any specific group.', 'The use of hashtags suggests a focus on trending topics rather than hate speech.', 'The post could be seen as critical of tech companies but does not cross into hate speech.', ""The mention of 'anti-trust' is a legal and economic term, not related to hate speech."", 'The post does not exhibit any characteristics of hate speech as it discusses a policy issue.', 'The post is likely to be interpreted as non-hate speech due to its focus on antitrust issues.']","[0, 0, 0, 0, 0, 0, 0, 0, 0, 0]","The post is a news headline discussing President Trump's comments on tech companies in relation to antitrust issues. It does not contain any elements of hate speech, such as assaults on human dignity, calls for violence, or vulgar language. The focus is on a political and economic topic, and the language is neutral. Therefore, all opinions suggest that the post is non-hate speech, resulting in a label of 0 for each opinion.",0.0,0.0
157,17564,The Permeation of Propaganda in the College Student Brain | American Thinker http://bit.ly/2orNY5k  #College,0.0,"['The post is a critique of college education and does not target any specific group, so it is not hate speech.', 'The post could be seen as an attack on college students, but it does not use offensive language or call for violence, so it is not hate speech.', 'The post is a general commentary on education and does not demean any protected group, so it is not hate speech.', 'The post might be interpreted as suggesting that college students are easily manipulated, but it does not use hate speech.', 'The post does not contain any vulgar or offensive language, so it is not hate speech.', 'The post could be seen as critical of a certain ideology, but it does not target individuals or groups based on protected characteristics, so it is not hate speech.', 'The post is a political opinion piece and does not incite violence or use hate speech.', 'The post does not make any explicit or implicit calls for violence, so it is not hate speech.', 'The post does not use slurs or derogatory language, so it is not hate speech.', 'The post is a critique of a perceived issue in education and does not constitute hate speech.']","[0, 0, 0, 0, 0, 0, 0, 0, 0, 0]","The post titled ""The Permeation of Propaganda in the College Student Brain"" from American Thinker is a critique of college education and the influence of propaganda. It does not target any specific group based on race, ethnicity, gender, religion, sexual orientation, or other protected characteristics. The language used is not vulgar or offensive, and there are no calls for violence. The post is a political opinion piece and does not constitute hate speech. Therefore, the opinions generated reflect that the post is not considered hate speech, resulting in labels of 0 for non-hate speech.",0.0,0.0
158,17565,"Sarah Palin, Loyal Running Mate, Excluded from John McCain's Funeral | Breitbart http://bit.ly/2C39Ddv",0.0,"['The post is simply sharing a news headline and link without any additional commentary, so it does not constitute hate speech.', 'The post does not contain any language that assaults human dignity or targets any protected group, so it is not hate speech.', 'There is no call for violence or incitement to harm in the post, indicating it is not hate speech.', 'The post does not use vulgar or offensive language, suggesting it is not hate speech.', 'The post could be seen as neutral, merely reporting an event without any hateful intent.', 'The post might be interpreted as biased due to the source (Breitbart), but the content itself is not hate speech.', 'The post does not demean or degrade any individual or group, so it is not hate speech.', 'The post does not express any negative sentiment towards Sarah Palin or John McCain, indicating it is not hate speech.', 'The post is factual and lacks any elements of hate speech, as it does not attack any group or individual.', 'The post is unlikely to be interpreted as hate speech due to its straightforward presentation of a news event.']","[0, 0, 0, 0, 0, 0, 0, 0, 0, 0]","The post in question is a straightforward news headline with a link to an article. It does not contain any language or elements that would typically be classified as hate speech. The opinions generated reflect a consensus that the post is not hate speech, as it lacks any demeaning language, calls for violence, or vulgarity. The labels assigned are all 0, indicating non-hate speech.",0.0,0.0
159,17566,Here's Why Ditching Facebook Is Becoming a Thing Among Conservatives | PoliZette http://bit.ly/2LH5Cej #Socialmedia #Conservatives,0.0,"['The post is simply sharing an article link and does not contain any hate speech elements.', 'The post does not demean or degrade any individuals or groups based on protected characteristics.', 'There is no call for violence or encouragement of physical harm in the post.', 'The post does not contain any vulgarity or offensive language.', 'The post could be seen as promoting a political viewpoint, but it does not constitute hate speech.', 'The use of hashtags is neutral and does not incite hate speech.', 'The post is informative and does not target any specific group with hate speech.', 'The post is likely to be interpreted as non-hate speech due to its neutral tone.', 'The post does not exhibit any characteristics of hate speech as it lacks derogatory language.', 'The post is unlikely to cause disagreement among annotators as it does not meet hate speech criteria.']","[0, 0, 0, 0, 0, 0, 0, 0, 0, 0]","The post in question is a neutral statement sharing a link to an article about a trend among conservatives. It does not contain any elements that would typically be classified as hate speech, such as demeaning language, calls for violence, or offensive language. The opinions generated reflect a consensus that the post is non-hate speech, resulting in a consistent labeling of 0 for each opinion.",0.0,0.0
160,17567,Did Sarah Palin really deserve that? | American Thinker http://bit.ly/2MDjLyp,0.0,"['The post does not contain any explicit hate speech as it merely questions an event involving Sarah Palin.', 'The post could be seen as indirectly supporting hate speech if the linked article contains demeaning content about Sarah Palin.', 'The post is neutral and does not contain any offensive language or calls for violence.', 'The post might be interpreted as hate speech if the linked article promotes negative stereotypes about Sarah Palin.', 'The post itself is not hate speech, but it could be seen as promoting hate speech if the linked article is derogatory.', 'The post does not assault human dignity as it does not target any protected characteristic.', 'The post does not contain any vulgarity or offensive language.', 'The post does not call for violence against Sarah Palin or any group.', 'The post could be seen as non-hate speech as it simply poses a question without any derogatory language.', 'The post might be considered non-hate speech as it lacks context to determine any hate speech elements.']","[0, 1, 0, 1, 1, 0, 0, 0, 0, 0]","1. The post does not contain any explicit hate speech as it merely questions an event involving Sarah Palin. (Label: 0)
2. The post could be seen as indirectly supporting hate speech if the linked article contains demeaning content about Sarah Palin. (Label: 1)
3. The post is neutral and does not contain any offensive language or calls for violence. (Label: 0)
4. The post might be interpreted as hate speech if the linked article promotes negative stereotypes about Sarah Palin. (Label: 1)
5. The post itself is not hate speech, but it could be seen as promoting hate speech if the linked article is derogatory. (Label: 1)
6. The post does not assault human dignity as it does not target any protected characteristic. (Label: 0)
7. The post does not contain any vulgarity or offensive language. (Label: 0)
8. The post does not call for violence against Sarah Palin or any group. (Label: 0)
9. The post could be seen as non-hate speech as it simply poses a question without any derogatory language. (Label: 0)
10. The post might be considered non-hate speech as it lacks context to determine any hate speech elements. (Label: 0)",0.3,0.3
161,17870,Flags have been at half-mast all week here because of that bastard McCain. I would be hard to find a more rotten statesman to memorialize. My flag stays flying high! FUCK JOHN MCCAIN http://halfstaff.org/,0.6,"[""The post uses offensive language ('bastard', 'FUCK') but does not target a protected group, so it may not be hate speech."", 'The post expresses a strong negative opinion about John McCain, which could be seen as disrespectful but not necessarily hate speech.', ""The use of 'bastard' and 'FUCK' could be considered vulgar and offensive, but it is directed at an individual, not a group."", 'The post does not call for violence or physical harm against John McCain or any group, so it may not be hate speech.', 'The post could be seen as an assault on human dignity due to its disrespectful tone towards a deceased individual, but it does not target a protected characteristic.', ""The post's language is harsh and disrespectful, but it is a personal opinion about a public figure, which may not constitute hate speech."", 'The post could be interpreted as hate speech if one considers the disrespect towards a deceased person as degrading, but it lacks targeting of a protected group.', ""The post's vulgarity might be offensive to some, but it does not meet the criteria for hate speech as it lacks group targeting or incitement to violence."", 'The post is likely to be seen as non-hate speech due to its focus on an individual rather than a group or protected characteristic.', ""The post's offensive language might lead some to label it as hate speech, but it lacks the elements of group targeting or violence incitement.""]","[0, 0, 0, 0, 0, 0, 0, 0, 0, 0]","The post contains offensive language directed at an individual, John McCain, but does not target a protected group or incite violence. While the language is disrespectful and vulgar, it is primarily a personal opinion about a public figure. Therefore, it is likely to be categorized as non-hate speech by most annotators, as it does not meet the criteria for hate speech based on the aspects provided.",0.0,0.6
162,17873,"If you are looking for a White Pill in regards to the good things happening within the Nationalist Community, give this article by @WhiteArtCollective a read!",0.0,"['The post promotes a sense of community and positivity within a nationalist group, which may not inherently be hate speech.', ""The term 'White Pill' could be interpreted as a reference to white supremacy, which might suggest hate speech."", 'The post does not explicitly demean or degrade any group, so it may not be considered hate speech.', ""The mention of 'Nationalist Community' could be seen as promoting exclusionary or supremacist ideologies, potentially qualifying as hate speech."", 'The post lacks any direct calls for violence, suggesting it may not be hate speech.', 'The language used in the post is not vulgar or offensive, indicating it may not be hate speech.', 'The post could be seen as promoting a specific racial identity, which might be interpreted as hate speech by some.', ""The reference to 'WhiteArtCollective' could imply a focus on racial purity, which might be considered hate speech."", 'The post is ambiguous and could be interpreted in multiple ways, leading to high disagreement among annotators.', 'The post does not contain any explicit hate speech elements, such as slurs or derogatory language, suggesting it is not hate speech.']","[0, 1, 0, 1, 0, 0, 1, 1, 0, 0]","1. The post promotes a sense of community and positivity within a nationalist group, which may not inherently be hate speech. (Label: 0)
2. The term 'White Pill' could be interpreted as a reference to white supremacy, which might suggest hate speech. (Label: 1)
3. The post does not explicitly demean or degrade any group, so it may not be considered hate speech. (Label: 0)
4. The mention of 'Nationalist Community' could be seen as promoting exclusionary or supremacist ideologies, potentially qualifying as hate speech. (Label: 1)
5. The post lacks any direct calls for violence, suggesting it may not be hate speech. (Label: 0)
6. The language used in the post is not vulgar or offensive, indicating it may not be hate speech. (Label: 0)
7. The post could be seen as promoting a specific racial identity, which might be interpreted as hate speech by some. (Label: 1)
8. The reference to 'WhiteArtCollective' could imply a focus on racial purity, which might be considered hate speech. (Label: 1)
9. The post is ambiguous and could be interpreted in multiple ways, leading to high disagreement among annotators. (Label: 0)
10. The post does not contain any explicit hate speech elements, such as slurs or derogatory language, suggesting it is not hate speech. (Label: 0)",0.4,0.4
163,18034,"The problem is women say silly shit, and the meaning of the words is irrelevant to them. Words are just a medium for manipulating feels and relationships. If you kill a male communist, great, now there's one less communist. If a stupid cunt dies, have you accomplished anything? Mollie should have been grounded by her patriarch.",1.0,"['The post uses derogatory language towards women, which can be seen as an assault on human dignity, thus constituting hate speech.', ""The use of the term 'stupid cunt' is vulgar and offensive, targeting women specifically, which may be considered hate speech."", 'The post suggests violence against communists, which could be interpreted as a call for violence, potentially classifying it as hate speech.', 'The statement about women manipulating feelings and relationships is a stereotype that demeans women, possibly constituting hate speech.', ""The post's suggestion that a woman should be 'grounded by her patriarch' implies a demeaning view of women's autonomy, which could be seen as hate speech."", 'The language used in the post is offensive and derogatory but may not directly incite violence, leading some to view it as non-hate speech.', ""The post's focus on communists and women could be seen as targeting specific groups, which might be considered hate speech."", 'Some might argue that the post is expressing a personal opinion rather than inciting hate, thus not qualifying as hate speech.', ""The post's language is aggressive and demeaning, which could be interpreted as promoting a hostile environment, thus hate speech."", ""The post's content could be seen as a critique of certain ideologies and behaviors rather than an attack on individuals, possibly not hate speech.""]","[1, 1, 1, 1, 1, 0, 1, 0, 1, 0]","1. The post uses derogatory language towards women, which can be seen as an assault on human dignity, thus constituting hate speech. (Label: 1)
2. The use of the term 'stupid cunt' is vulgar and offensive, targeting women specifically, which may be considered hate speech. (Label: 1)
3. The post suggests violence against communists, which could be interpreted as a call for violence, potentially classifying it as hate speech. (Label: 1)
4. The statement about women manipulating feelings and relationships is a stereotype that demeans women, possibly constituting hate speech. (Label: 1)
5. The post's suggestion that a woman should be 'grounded by her patriarch' implies a demeaning view of women's autonomy, which could be seen as hate speech. (Label: 1)
6. The language used in the post is offensive and derogatory but may not directly incite violence, leading some to view it as non-hate speech. (Label: 0)
7. The post's focus on communists and women could be seen as targeting specific groups, which might be considered hate speech. (Label: 1)
8. Some might argue that the post is expressing a personal opinion rather than inciting hate, thus not qualifying as hate speech. (Label: 0)
9. The post's language is aggressive and demeaning, which could be interpreted as promoting a hostile environment, thus hate speech. (Label: 1)
10. The post's content could be seen as a critique of certain ideologies and behaviors rather than an attack on individuals, possibly not hate speech. (Label: 0)",0.7,0.30000000000000004
164,18130,Dutch News reports on Attempted assassin of Geert Wilders Credit Vlad Tepesblog https://youtu.be/2JCqFN_JRh8,0.0,"['The post is simply sharing a news report and does not contain any hate speech elements.', 'The post could be seen as promoting violence by sharing content related to an assassination attempt.', 'The post does not use any offensive language or slurs, so it may not be considered hate speech.', 'The post might be interpreted as endorsing violence against a political figure, which could be seen as hate speech.', 'The post is neutral and factual, merely reporting an event without any commentary.', 'The post could be seen as inflammatory if the linked content contains hate speech or incitement to violence.', 'The post lacks context, making it difficult to determine if it supports or condemns the assassination attempt.', 'The post does not target any specific group based on protected characteristics, so it may not be hate speech.', 'The post could be seen as spreading fear or panic, which might be interpreted as a form of hate speech.', ""The post is ambiguous and could be interpreted in multiple ways depending on the viewer's perspective.""]","[0, 1, 0, 1, 0, 1, 0, 0, 1, 0]","1. The post is simply sharing a news report and does not contain any hate speech elements. (Label: 0)
2. The post could be seen as promoting violence by sharing content related to an assassination attempt. (Label: 1)
3. The post does not use any offensive language or slurs, so it may not be considered hate speech. (Label: 0)
4. The post might be interpreted as endorsing violence against a political figure, which could be seen as hate speech. (Label: 1)
5. The post is neutral and factual, merely reporting an event without any commentary. (Label: 0)
6. The post could be seen as inflammatory if the linked content contains hate speech or incitement to violence. (Label: 1)
7. The post lacks context, making it difficult to determine if it supports or condemns the assassination attempt. (Label: 0)
8. The post does not target any specific group based on protected characteristics, so it may not be hate speech. (Label: 0)
9. The post could be seen as spreading fear or panic, which might be interpreted as a form of hate speech. (Label: 1)
10. The post is ambiguous and could be interpreted in multiple ways depending on the viewer's perspective. (Label: 0)",0.4,0.4
165,18132,Credit Vlad Tepesblog Interview with club owner where 15 to 20 migrants attacked patrons with weapons 1080p https://youtu.be/ere-6mGE-oE,0.2,"['The post reports an incident involving violence, but it does not explicitly call for violence or use hate speech, so it may not be considered hate speech.', ""The mention of 'migrants' in a context of violence could be seen as demeaning or degrading to that group, potentially constituting hate speech."", 'The post is simply sharing a news report and does not contain any offensive language or slurs, so it may not be considered hate speech.', 'The post could be interpreted as spreading fear or negative stereotypes about migrants, which might be considered hate speech.', 'The post does not contain any direct calls for violence or use of vulgar language, so it may not be considered hate speech.', 'The post could be seen as inciting fear or hostility towards migrants, which might be considered a form of hate speech.', 'The post is a factual report of an incident and does not include any language that degrades or demeans a group, so it may not be considered hate speech.', 'The post could be interpreted as implying that migrants are violent, which might be considered hate speech.', 'The post does not use any slurs or offensive language, and is a report of an incident, so it may not be considered hate speech.', 'The post could be seen as contributing to a negative narrative about migrants, which might be considered hate speech.']","[0, 1, 0, 1, 0, 1, 0, 1, 0, 1]","1. The post reports an incident involving violence, but it does not explicitly call for violence or use hate speech, so it may not be considered hate speech. (Label: 0)
2. The mention of 'migrants' in a context of violence could be seen as demeaning or degrading to that group, potentially constituting hate speech. (Label: 1)
3. The post is simply sharing a news report and does not contain any offensive language or slurs, so it may not be considered hate speech. (Label: 0)
4. The post could be interpreted as spreading fear or negative stereotypes about migrants, which might be considered hate speech. (Label: 1)
5. The post does not contain any direct calls for violence or use of vulgar language, so it may not be considered hate speech. (Label: 0)
6. The post could be seen as inciting fear or hostility towards migrants, which might be considered a form of hate speech. (Label: 1)
7. The post is a factual report of an incident and does not include any language that degrades or demeans a group, so it may not be considered hate speech. (Label: 0)
8. The post could be interpreted as implying that migrants are violent, which might be considered hate speech. (Label: 1)
9. The post does not use any slurs or offensive language, and is a report of an incident, so it may not be considered hate speech. (Label: 0)
10. The post could be seen as contributing to a negative narrative about migrants, which might be considered hate speech. (Label: 1)",0.5,0.3
166,18407,"'...a group of men who worked towards a plot to bomb the Toronto Stock Exchange, shoot up the CBC headquarters and storm Parliament Hill in Ottawa. They wanted to behead then-prime minister Stephen Harper.'  https://torontosun.com/opinion/columnists/malcolm-...  The point where The Cowardly Maggot #CdnMedia #CBC became #Muslim sympathizers??",0.6,"[""The post uses derogatory language ('Cowardly Maggot') which could be seen as demeaning to individuals or groups, potentially constituting hate speech."", 'The use of the hashtag #Muslim sympathizers could be interpreted as an assault on human dignity by implying negative stereotypes about Muslims, which may be considered hate speech.', 'The post does not explicitly call for violence, so it may not meet the criteria for hate speech in terms of inciting violence.', 'The post references a historical event involving violence but does not itself encourage or incite violence, which may lead some to label it as non-hate speech.', 'The language used in the post is offensive and vulgar, which might lead some annotators to label it as hate speech due to its tone.', 'The post could be seen as criticizing media bias rather than targeting a specific group, which might lead some to label it as non-hate speech.', ""The mention of 'Muslim sympathizers' could be interpreted as an attempt to demean a religious group, which may be considered hate speech."", ""The post's context and reference to a specific event might lead some to see it as a political opinion rather than hate speech."", 'The use of hashtags and language could be seen as inflammatory, potentially leading to a label of hate speech.', ""The post's focus on media criticism might be interpreted as non-hate speech if seen as a critique of journalism rather than an attack on a group.""]","[1, 1, 0, 0, 1, 0, 1, 0, 1, 0]","1. The post uses derogatory language ('Cowardly Maggot') which could be seen as demeaning to individuals or groups, potentially constituting hate speech.
2. The use of the hashtag #Muslim sympathizers could be interpreted as an assault on human dignity by implying negative stereotypes about Muslims, which may be considered hate speech.
3. The post does not explicitly call for violence, so it may not meet the criteria for hate speech in terms of inciting violence.
4. The post references a historical event involving violence but does not itself encourage or incite violence, which may lead some to label it as non-hate speech.
5. The language used in the post is offensive and vulgar, which might lead some annotators to label it as hate speech due to its tone.
6. The post could be seen as criticizing media bias rather than targeting a specific group, which might lead some to label it as non-hate speech.
7. The mention of 'Muslim sympathizers' could be interpreted as an attempt to demean a religious group, which may be considered hate speech.
8. The post's context and reference to a specific event might lead some to see it as a political opinion rather than hate speech.
9. The use of hashtags and language could be seen as inflammatory, potentially leading to a label of hate speech.
10. The post's focus on media criticism might be interpreted as non-hate speech if seen as a critique of journalism rather than an attack on a group.",0.5,0.09999999999999998
167,18547,Today is “International Vulture Awareness Day” Who knew ? 🤷🏼‍♂️ There are some left wing carcuses out there....just sayin !,0.6,"[""The post uses the term 'left wing carcasses' metaphorically, which could be seen as demeaning to individuals with left-wing political views, but it does not directly attack a protected characteristic."", 'The post does not explicitly call for violence against any group or individual, so it may not be considered hate speech in terms of inciting violence.', ""The use of 'carcasses' could be interpreted as offensive or vulgar, but it is not a direct slur or profanity."", 'The post seems to be a political jab rather than a serious attack on human dignity, so it might not be classified as hate speech.', 'The metaphorical language used in the post could be seen as a form of political satire, which might not be considered hate speech.', 'Some might view the post as trivializing or mocking political opponents, which could be seen as demeaning, but not necessarily hate speech.', 'The post does not target a specific race, ethnicity, gender, religion, or sexual orientation, so it may not meet the criteria for hate speech.', 'The post could be interpreted as a humorous or sarcastic comment rather than a serious expression of hate.', 'The language used in the post is not explicitly violent or threatening, which might lead some to label it as non-hate speech.', 'The post could be seen as contributing to a divisive political climate, but it does not directly incite harm or violence.']","[0, 0, 0, 0, 0, 0, 0, 0, 0, 0]","1. The post uses the term 'left wing carcasses' metaphorically, which could be seen as demeaning to individuals with left-wing political views, but it does not directly attack a protected characteristic.
2. The post does not explicitly call for violence against any group or individual, so it may not be considered hate speech in terms of inciting violence.
3. The use of 'carcasses' could be interpreted as offensive or vulgar, but it is not a direct slur or profanity.
4. The post seems to be a political jab rather than a serious attack on human dignity, so it might not be classified as hate speech.
5. The metaphorical language used in the post could be seen as a form of political satire, which might not be considered hate speech.
6. Some might view the post as trivializing or mocking political opponents, which could be seen as demeaning, but not necessarily hate speech.
7. The post does not target a specific race, ethnicity, gender, religion, or sexual orientation, so it may not meet the criteria for hate speech.
8. The post could be interpreted as a humorous or sarcastic comment rather than a serious expression of hate.
9. The language used in the post is not explicitly violent or threatening, which might lead some to label it as non-hate speech.
10. The post could be seen as contributing to a divisive political climate, but it does not directly incite harm or violence.",0.0,0.6
168,18550,Damn racist Republicans.......,0.6,"[""The post uses the term 'racist' which could be seen as an assault on human dignity if it unfairly stereotypes a group based on political affiliation."", ""The use of 'racist' might be interpreted as a critique of perceived racist policies or actions, rather than an attack on individuals, thus not constituting hate speech."", 'The post does not call for violence or physical harm against Republicans, so it may not meet the criteria for hate speech in that aspect.', ""The term 'damn' is vulgar but not necessarily hate speech, as it does not target a protected characteristic."", 'The post could be seen as expressing frustration or anger rather than hate speech, as it lacks specific demeaning language towards a protected group.', ""The post might be considered hate speech if 'racist' is interpreted as a slur against Republicans, demeaning them based on political beliefs."", 'The post lacks context, making it difficult to determine if it is a general statement or a response to a specific event, which could affect its classification as hate speech.', 'Some might view the post as a political opinion rather than hate speech, focusing on the political context rather than the language used.', 'The post could be seen as non-hate speech if interpreted as a critique of certain policies rather than an attack on individuals.', 'The post might be considered hate speech if it is seen as perpetuating stereotypes about Republicans being inherently racist.']","[1, 0, 0, 0, 0, 1, 0, 0, 0, 1]","The post 'Damn racist Republicans.......' can be interpreted in various ways based on the aspects of hate speech. Here are ten plausible opinions and their corresponding labels:

1. The post uses the term 'racist' which could be seen as an assault on human dignity if it unfairly stereotypes a group based on political affiliation. (Label: 1)
2. The use of 'racist' might be interpreted as a critique of perceived racist policies or actions, rather than an attack on individuals, thus not constituting hate speech. (Label: 0)
3. The post does not call for violence or physical harm against Republicans, so it may not meet the criteria for hate speech in that aspect. (Label: 0)
4. The term 'damn' is vulgar but not necessarily hate speech, as it does not target a protected characteristic. (Label: 0)
5. The post could be seen as expressing frustration or anger rather than hate speech, as it lacks specific demeaning language towards a protected group. (Label: 0)
6. The post might be considered hate speech if 'racist' is interpreted as a slur against Republicans, demeaning them based on political beliefs. (Label: 1)
7. The post lacks context, making it difficult to determine if it is a general statement or a response to a specific event, which could affect its classification as hate speech. (Label: 0)
8. Some might view the post as a political opinion rather than hate speech, focusing on the political context rather than the language used. (Label: 0)
9. The post could be seen as non-hate speech if interpreted as a critique of certain policies rather than an attack on individuals. (Label: 0)
10. The post might be considered hate speech if it is seen as perpetuating stereotypes about Republicans being inherently racist. (Label: 1)",0.3,0.3
169,18655,All these suicides by doorknob... could they actually be... MURDER KNOBS? https://www.youtube.com/watch?v=tEBDPAV3Yss,0.0,"['The post is making a joke about a serious issue, which could be seen as offensive but not hate speech.', 'The post does not target any specific group or individual, so it is not hate speech.', ""The use of the term 'MURDER KNOBS' is sensational but not inherently hateful."", 'The post could be interpreted as trivializing suicide, which some might find offensive but not hate speech.', 'The post is sharing a conspiracy theory video, which is not hate speech unless it targets specific groups.', 'The post does not contain any vulgar or offensive language directed at a group, so it is not hate speech.', 'The post could be seen as insensitive to those affected by suicide, but it does not meet the criteria for hate speech.', 'The post is ambiguous and could be interpreted in various ways, leading to high disagreement among annotators.', 'The post does not call for violence or harm against any group or individual.', 'The post is more of a commentary on a conspiracy theory rather than an attack on a group, so it is not hate speech.']","[0, 0, 0, 0, 0, 0, 0, 0, 0, 0]","1. The post is making a joke about a serious issue, which could be seen as offensive but not hate speech. (Label: 0)
2. The post does not target any specific group or individual, so it is not hate speech. (Label: 0)
3. The use of the term 'MURDER KNOBS' is sensational but not inherently hateful. (Label: 0)
4. The post could be interpreted as trivializing suicide, which some might find offensive but not hate speech. (Label: 0)
5. The post is sharing a conspiracy theory video, which is not hate speech unless it targets specific groups. (Label: 0)
6. The post does not contain any vulgar or offensive language directed at a group, so it is not hate speech. (Label: 0)
7. The post could be seen as insensitive to those affected by suicide, but it does not meet the criteria for hate speech. (Label: 0)
8. The post is ambiguous and could be interpreted in various ways, leading to high disagreement among annotators. (Label: 0)
9. The post does not call for violence or harm against any group or individual. (Label: 0)
10. The post is more of a commentary on a conspiracy theory rather than an attack on a group, so it is not hate speech. (Label: 0)",0.0,0.0
170,18950,"Thought I’d share the news that my science fiction alternate history conspiracy thriller, A Rambling Wreck,will be on sale for $0.99 for the next couple of weeks. https://amzn.to/2M5r6SS #scifi #GabBooks #GabBookClub #CLFA",0.0,"['The post is purely promotional and does not contain any hate speech elements.', 'The post does not demean or degrade any individuals or groups based on protected characteristics.', 'There is no call for violence or encouragement of physical harm in the post.', 'The language used in the post is neutral and lacks any vulgarity or offensive language.', 'The post is focused on advertising a book and does not address any controversial or sensitive topics.', 'The hashtags used are related to books and science fiction, indicating a focus on literature rather than hate speech.', 'The post does not mention any specific race, ethnicity, gender, religion, or sexual orientation.', 'There is no indication of any intent to harm or insult any group or individual in the post.', 'The post is unlikely to be interpreted as hate speech by most readers due to its neutral content.', 'The post is straightforward and lacks any ambiguous language that could be construed as hate speech.']","[0, 0, 0, 0, 0, 0, 0, 0, 0, 0]","The post is a promotional message about a book sale and does not contain any elements of hate speech. It does not demean or degrade any individuals or groups, nor does it incite violence or use offensive language. The content is neutral and focused on literature, making it unlikely to be interpreted as hate speech. Therefore, all opinions lead to a label of 0 for non-hate speech.",0.0,0.0
171,19255,Judicial Watch: Justice Department Discloses No #FISA Court Hearings Held on Carter Page Warrants. #RussiaGate #Treason https://www.judicialwatch.org/press-room/press-rel...,0.0,"['The post is simply sharing a news update and does not contain any hate speech elements.', 'The use of hashtags like #Treason could be seen as inflammatory but not necessarily hate speech.', 'The post does not target any specific individual or group based on protected characteristics.', 'The post could be interpreted as politically charged but not as hate speech.', 'The post lacks any vulgar or offensive language, indicating it is not hate speech.', ""The mention of 'Judicial Watch' and 'Justice Department' suggests a focus on legal matters, not hate speech."", 'The post does not call for violence or harm against any individual or group.', 'The post could be seen as critical of government actions but does not degrade any group.', ""The post's content is factual and does not demean or degrade individuals or groups."", 'The post is likely to be interpreted as non-hate speech due to its focus on legal proceedings.']","[0, 0, 0, 0, 0, 0, 0, 0, 0, 0]","1. The post is simply sharing a news update and does not contain any hate speech elements. (Label: 0)
2. The use of hashtags like #Treason could be seen as inflammatory but not necessarily hate speech. (Label: 0)
3. The post does not target any specific individual or group based on protected characteristics. (Label: 0)
4. The post could be interpreted as politically charged but not as hate speech. (Label: 0)
5. The post lacks any vulgar or offensive language, indicating it is not hate speech. (Label: 0)
6. The mention of 'Judicial Watch' and 'Justice Department' suggests a focus on legal matters, not hate speech. (Label: 0)
7. The post does not call for violence or harm against any individual or group. (Label: 0)
8. The post could be seen as critical of government actions but does not degrade any group. (Label: 0)
9. The post's content is factual and does not demean or degrade individuals or groups. (Label: 0)
10. The post is likely to be interpreted as non-hate speech due to its focus on legal proceedings. (Label: 0)",0.0,0.0
172,19257,"I call bullshit. #GabFrancais 'French newspaper Le Parisien and BFM TV said the young comedian alleged that Depardieu assaulted her on August 7 and August 13 at his Parisian home.' So she willing went to his home, TWO TIMES, and claims she was assaulted... http://time.com/5383705/gerard-depardieu-accused-r...",0.2,"['The post questions the credibility of the alleged victim, which could be seen as undermining her dignity, but it does not directly attack her based on a protected characteristic, so it may not be hate speech.', ""The use of 'bullshit' is vulgar and offensive, but it is not directed at a specific group or individual based on a protected characteristic, so it may not be hate speech."", 'The post does not call for violence or incite harm against any individual or group, so it is likely not hate speech.', 'The post could be interpreted as victim-blaming, which might be seen as degrading to individuals who have experienced assault, but it does not target a protected characteristic, so it may not be hate speech.', 'The post expresses skepticism about the allegations, which is a personal opinion and not necessarily hate speech.', 'The language used in the post is dismissive and could be seen as insensitive, but it does not meet the criteria for hate speech as it lacks targeting of a protected group.', 'The post could be seen as perpetuating harmful stereotypes about victims of assault, but it does not explicitly attack a protected characteristic, so it may not be hate speech.', ""The post's tone is critical and dismissive, which might be offensive to some, but it does not constitute hate speech as it lacks a focus on a protected characteristic."", 'The post does not contain any racial, ethnic, gender, or religious slurs, so it is unlikely to be considered hate speech.', ""The post's skepticism towards the allegations could be seen as controversial, but it does not meet the criteria for hate speech as it does not target a protected group.""]","[0, 0, 0, 0, 0, 0, 0, 0, 0, 0]","The post in question does not appear to meet the criteria for hate speech based on the aspects provided. While it contains vulgar language and could be seen as dismissive or insensitive, it does not target individuals or groups based on protected characteristics, nor does it incite violence. The opinions reflect a consensus that the post is not hate speech, resulting in a low disagreement among annotators.",0.0,0.2
173,19316,There are enough black millionaires in South Africa. So why the unrest? I think its the local commies.  @alternative_right @anv @seamrog @arquatrix @KMGVictoria @TomKawszynski  https://businesstech.co.za/news/wealth/121059/blac...,0.6,"['The post suggests that black millionaires should prevent unrest, which could be seen as demeaning to the broader black community, implying they are responsible for social issues.', ""The mention of 'local commies' could be interpreted as a political opinion rather than hate speech, focusing on a political ideology rather than a racial group."", 'The post does not explicitly call for violence or harm against any group, so it may not meet the criteria for hate speech in terms of inciting violence.', ""The use of 'black millionaires' in the context of unrest could be seen as racially insensitive, suggesting a racial group is responsible for societal problems."", 'The post could be interpreted as a critique of economic disparity and political ideology rather than a direct attack on a racial group.', 'The language used in the post is not overtly vulgar or offensive, which might lead some to classify it as non-hate speech.', 'The post could be seen as perpetuating stereotypes about black people and wealth, which might be considered an assault on human dignity.', ""The post's focus on 'local commies' might be seen as a political statement rather than a racial one, leading to a non-hate speech classification."", 'The post could be interpreted as questioning the effectiveness of black leadership in South Africa, which might be seen as demeaning.', ""The post's context and associations with certain Twitter handles might suggest an underlying racial bias, leading some to classify it as hate speech.""]","[1, 0, 0, 1, 0, 0, 1, 0, 1, 1]","1. The post suggests that black millionaires should prevent unrest, which could be seen as demeaning to the broader black community, implying they are responsible for social issues. (Label: 1)
2. The mention of 'local commies' could be interpreted as a political opinion rather than hate speech, focusing on a political ideology rather than a racial group. (Label: 0)
3. The post does not explicitly call for violence or harm against any group, so it may not meet the criteria for hate speech in terms of inciting violence. (Label: 0)
4. The use of 'black millionaires' in the context of unrest could be seen as racially insensitive, suggesting a racial group is responsible for societal problems. (Label: 1)
5. The post could be interpreted as a critique of economic disparity and political ideology rather than a direct attack on a racial group. (Label: 0)
6. The language used in the post is not overtly vulgar or offensive, which might lead some to classify it as non-hate speech. (Label: 0)
7. The post could be seen as perpetuating stereotypes about black people and wealth, which might be considered an assault on human dignity. (Label: 1)
8. The post's focus on 'local commies' might be seen as a political statement rather than a racial one, leading to a non-hate speech classification. (Label: 0)
9. The post could be interpreted as questioning the effectiveness of black leadership in South Africa, which might be seen as demeaning. (Label: 1)
10. The post's context and associations with certain Twitter handles might suggest an underlying racial bias, leading some to classify it as hate speech. (Label: 1)",0.5,0.09999999999999998
174,19317,The decline in free speech is our gravest threat  @alternative_right @ANV @seamrog @arquatrix  https://www.telegraph.co.uk/news/2018/08/30/twitte...,0.0,"['The post is a legitimate concern about free speech and does not contain hate speech elements.', ""The post mentions 'alternative_right', which could be associated with hate groups, but the content itself does not promote hate speech."", 'The post is vague and does not directly assault any group, so it is not hate speech.', 'The post could be interpreted as supporting groups that have been known for hate speech, but the post itself is not hate speech.', 'The post is a call for awareness about free speech issues and does not contain offensive language.', 'The post does not incite violence or use vulgar language, so it is not hate speech.', 'The post could be seen as indirectly supporting hate speech by aligning with certain groups, but it does not explicitly do so.', 'The post is a general statement about free speech and does not target any specific group.', ""The post's association with certain groups might raise concerns, but the content itself is not hate speech."", 'The post is a neutral statement about free speech and does not contain any hate speech elements.']","[0, 0, 0, 0, 0, 0, 0, 0, 0, 0]","The post in question is a statement about the decline of free speech, which is a topic of legitimate concern and debate. It does not contain any direct assaults on human dignity, calls for violence, or use of vulgar or offensive language. While it mentions 'alternative_right', a term that can be associated with groups known for hate speech, the post itself does not promote or incite hate speech. The opinions reflect a consensus that the post is not hate speech, as it lacks the elements typically associated with such content.",0.0,0.0
175,19343,My favorite part of this was when Goad said it's not gay if you're on top. But I sorta lost interest and now I'm watching a Spyro 3 review.,0.2,"['The post is a humorous take on a stereotype and does not constitute hate speech.', 'The post uses a stereotype about sexual orientation but does not demean or degrade any group, so it is not hate speech.', 'The post is making a joke about sexual orientation, which could be seen as offensive but not hate speech.', 'The post does not call for violence or use vulgar language, so it is not hate speech.', 'The post could be seen as perpetuating stereotypes about sexual orientation, but it is not explicitly hateful.', 'The post is a light-hearted comment and does not target any specific group, so it is not hate speech.', 'The post is not intended to harm or degrade any group, so it is not hate speech.', 'The post is a personal opinion about a humorous statement and does not constitute hate speech.', 'The post does not contain any offensive language or slurs, so it is not hate speech.', 'The post is not demeaning or degrading and does not incite violence, so it is not hate speech.']","[0, 0, 0, 0, 0, 0, 0, 0, 0, 0]","The post does not exhibit any of the aspects of hate speech as it does not demean or degrade individuals or groups, does not call for violence, and does not use vulgar or offensive language. It is a humorous take on a stereotype and is not intended to harm or degrade any group. Therefore, it is not considered hate speech.",0.0,0.2
176,20166,False dichotomy. There are way more options there. Or it could just be the prime example of the jews being probably the most persecuted people throughout history. Still dont understand how y'all hate them so much. ,0.4,"['The post acknowledges historical persecution of Jews, which could be seen as a defense against hate speech, thus not hate speech.', ""The use of 'y'all hate them so much' could imply a generalization about a group hating Jews, which might be seen as hate speech."", 'The post does not contain any direct calls for violence, so it might not be considered hate speech.', 'The language used in the post is not vulgar or offensive, suggesting it is not hate speech.', 'The post could be interpreted as highlighting anti-Semitism, which might be seen as a critique rather than hate speech.', ""The phrase 'prime example of the jews being probably the most persecuted people' could be seen as an acknowledgment of historical facts, not hate speech."", 'The post does not demean or degrade Jews but rather questions why they are hated, suggesting it is not hate speech.', 'The post could be seen as an attempt to provoke discussion about anti-Semitism, which might not be considered hate speech.', ""The post's mention of 'false dichotomy' and 'more options' suggests a logical argument rather than hate speech."", 'The post could be interpreted as expressing confusion about anti-Semitism, which might not be considered hate speech.']","[0, 1, 0, 0, 0, 0, 0, 0, 0, 0]","1. The post acknowledges historical persecution of Jews, which could be seen as a defense against hate speech, thus not hate speech. (Label: 0)
2. The use of 'y'all hate them so much' could imply a generalization about a group hating Jews, which might be seen as hate speech. (Label: 1)
3. The post does not contain any direct calls for violence, so it might not be considered hate speech. (Label: 0)
4. The language used in the post is not vulgar or offensive, suggesting it is not hate speech. (Label: 0)
5. The post could be interpreted as highlighting anti-Semitism, which might be seen as a critique rather than hate speech. (Label: 0)
6. The phrase 'prime example of the jews being probably the most persecuted people' could be seen as an acknowledgment of historical facts, not hate speech. (Label: 0)
7. The post does not demean or degrade Jews but rather questions why they are hated, suggesting it is not hate speech. (Label: 0)
8. The post could be seen as an attempt to provoke discussion about anti-Semitism, which might not be considered hate speech. (Label: 0)
9. The post's mention of 'false dichotomy' and 'more options' suggests a logical argument rather than hate speech. (Label: 0)
10. The post could be interpreted as expressing confusion about anti-Semitism, which might not be considered hate speech. (Label: 0)",0.1,0.30000000000000004
177,20315,So I saw #Skyscraper for you #GabFam. Now I have opinions about it. Here they are: https://youtu.be/jyWjSREb4kw,0.0,"['The post is simply sharing a personal opinion about a movie and does not contain any hate speech.', 'The use of hashtags and a YouTube link suggests the post is meant for entertainment purposes, not hate speech.', 'There is no mention of any group or individual being demeaned or degraded, so it is not hate speech.', 'The post does not incite or encourage violence against any group or individual.', 'There is no vulgarity or offensive language present in the post.', 'The post is neutral and does not target any protected characteristic.', 'The context of the post is about a movie review, which is unrelated to hate speech.', 'The post is likely to be interpreted as non-hate speech due to its focus on a film review.', 'The post does not exhibit any characteristics of hate speech as it lacks offensive content.', 'The post is unlikely to cause disagreement among annotators as it is straightforward and non-offensive.']","[0, 0, 0, 0, 0, 0, 0, 0, 0, 0]","The post is a personal opinion about a movie and does not contain any elements of hate speech. It is focused on entertainment and does not demean or degrade any group or individual, nor does it incite violence or use offensive language. The context is a movie review, making it unrelated to hate speech. Annotators are likely to agree that it is non-hate speech.",0.0,0.0
178,20982,A being of pure hate is as enraged by Brave browser using Google fonts on their website as they are about 100 million victims of communism. That is the degree of uncompromising fanaticism required to win.,0.4,"['The post uses hyperbolic language to criticize a web browser, but it does not target any specific group, so it is not hate speech.', ""The mention of '100 million victims of communism' could be seen as trivializing historical suffering, but it does not directly demean a protected group."", 'The post does not contain any calls for violence or incitement to harm, so it is not hate speech.', 'The language used is not vulgar or offensive, so it does not qualify as hate speech based on language alone.', ""The post's reference to 'pure hate' is metaphorical and not directed at any group, so it is not hate speech."", 'The post could be interpreted as a critique of fanaticism, not as an endorsement of hate, so it is not hate speech.', 'The post does not make any explicit or implicit threats, so it is not hate speech.', ""The post's comparison of trivial and serious issues could be seen as insensitive, but it does not constitute hate speech."", ""The post does not attack any individual's dignity based on protected characteristics, so it is not hate speech."", ""The post's tone is sarcastic and hyperbolic, which might confuse some readers, but it does not meet the criteria for hate speech.""]","[0, 0, 0, 0, 0, 0, 0, 0, 0, 0]","The post in question uses hyperbolic and metaphorical language to make a point about fanaticism. It does not target any specific group based on protected characteristics, nor does it incite violence or use vulgar language. While it may be seen as trivializing serious historical events, it does not meet the criteria for hate speech. The opinions reflect a consensus that the post is not hate speech, resulting in a low disagreement among annotators.",0.0,0.4
179,20988,I have no doubt that Little's customer satisfaction rating will exceed Gab's by at least an order of magnitude.,0.0,"['The post is a simple comparison of customer satisfaction ratings and does not contain any hate speech elements.', 'The post does not demean or degrade any individual or group based on protected characteristics.', 'There is no call for violence or encouragement of physical harm in the post.', 'The language used in the post is neutral and lacks any vulgarity or offensive language.', 'The post is focused on business performance and does not address any social or political issues.', 'The post does not target any specific group or individual with derogatory language.', 'The post is likely to be interpreted as a business-related opinion rather than hate speech.', 'There is no evidence of intent to harm or incite hatred against any group in the post.', 'The post does not contain any slurs or discriminatory language.', 'The post is unlikely to be considered hate speech by most annotators due to its neutral tone.']","[0, 0, 0, 0, 0, 0, 0, 0, 0, 0]","The post is a straightforward comparison of customer satisfaction ratings between two entities, Little and Gab. It does not contain any elements that would typically be classified as hate speech. The language is neutral, and there is no indication of demeaning or degrading language, calls for violence, or use of vulgar or offensive language. The focus is on business performance, and there is no targeting of individuals or groups based on protected characteristics. As such, the post is unlikely to be considered hate speech by annotators, resulting in a consensus of non-hate speech labels.",0.0,0.0
180,20990,"I've been proposing a FEED SETTINGS toggle for some time. It would just display comments as old style replies, de-contexed from the wall of filthy vomit. But the grifter @a  has such a deep pathological hatred for OG users that I postulate that comments are designed to DRIVE US OFF. It won't work. I will plague this fucker to infinity and beyond.",1.0,"[""The post uses offensive language like 'filthy vomit' and 'fucker', which could be seen as vulgar but not necessarily hate speech."", 'The post expresses a strong dislike for a specific individual, but it does not target a protected group, so it may not be considered hate speech.', ""The use of the term 'grifter' could be interpreted as an insult, but it does not constitute hate speech as it is not based on a protected characteristic."", 'The post does not call for violence or physical harm against any individual or group, so it may not be considered hate speech.', ""The post's language is aggressive and confrontational, but it lacks elements of hate speech as it does not demean a protected group."", 'The post could be seen as a personal attack on an individual, but it does not meet the criteria for hate speech as it does not involve a protected characteristic.', ""The post's mention of 'pathological hatred' is directed at an individual, not a group, and does not constitute hate speech."", ""The post's intent seems to be to criticize a platform or individual rather than to incite hate against a group, so it may not be hate speech."", ""The post's language is offensive, but it is more of a personal vendetta than hate speech against a group."", 'The post does not exhibit any clear signs of hate speech as it lacks demeaning language towards a protected group.']","[0, 0, 0, 0, 0, 0, 0, 0, 0, 0]","The post contains offensive language and personal attacks, but it does not target a protected group or incite violence, which are key elements of hate speech. Therefore, it is likely to be labeled as non-hate speech by annotators.",0.0,1.0
181,21699,Interesting that q means 'every' in the health field.  #WWG1WGA,0.0,"[""The post uses a hashtag associated with conspiracy theories, which may indirectly promote harmful ideologies, but it doesn't explicitly contain hate speech."", ""The post does not contain any direct assaults on human dignity, as it doesn't target any specific group or individual."", ""There is no call for violence in the post, as it doesn't encourage or incite physical harm against anyone."", 'The language used in the post is not vulgar or offensive, as it lacks profanity or slurs.', 'The hashtag #WWG1WGA is linked to a controversial movement, which some may view as promoting hate, but the post itself is neutral in tone.', ""The post could be seen as spreading misinformation, which might indirectly support harmful narratives, but it doesn't meet the criteria for hate speech."", ""The post's reference to 'q' could be interpreted as a nod to a conspiracy theory, but it doesn't explicitly attack any group or individual."", 'The post is ambiguous and lacks context, making it difficult to definitively categorize as hate speech.', ""The post's content is more cryptic than hateful, as it doesn't clearly express any derogatory or harmful sentiments."", ""The post might be interpreted as supportive of a movement with controversial views, but it doesn't directly express hate speech.""]","[0, 0, 0, 0, 0, 0, 0, 0, 0, 0]","The post in question does not explicitly contain hate speech based on the three aspects provided. It references a hashtag associated with conspiracy theories, which may indirectly promote harmful ideologies, but the post itself is neutral and lacks direct attacks on any group or individual. There is no call for violence, vulgarity, or offensive language present. The ambiguity and lack of context make it difficult to definitively categorize as hate speech, leading to a consensus of non-hate speech labels.",0.0,0.0
182,21700,Mainstream Muslims on murder of gays! https://youtu.be/AkXfs8VDu2Q,0.625,"['The post may be seen as demeaning to Muslims by suggesting they support violence against gays, which could be considered an assault on human dignity.', 'The post could be interpreted as a call for violence by implying that Muslims condone murder, which is a serious accusation.', ""The use of the term 'mainstream Muslims' might be seen as a generalization that unfairly targets a religious group, potentially constituting hate speech."", 'The post does not contain explicit vulgarity or offensive language, so it might not be considered hate speech based on language alone.', 'The post could be seen as spreading harmful stereotypes about Muslims, which might be considered an assault on human dignity.', 'Some might view the post as a critique of certain interpretations of Islam, rather than hate speech, focusing on religious discourse.', 'The post could be interpreted as inciting fear or hatred towards Muslims by associating them with violence, which could be seen as hate speech.', 'The post might be seen as a commentary on a specific issue without intending to demean or incite violence, thus not hate speech.', 'The post could be perceived as inflammatory and provocative, potentially leading to social division, which might be considered hate speech.', 'The post might be seen as an attempt to discuss a controversial topic without clear intent to harm, thus not hate speech.']","[1, 1, 1, 0, 1, 0, 1, 0, 1, 0]","1. The post may be seen as demeaning to Muslims by suggesting they support violence against gays, which could be considered an assault on human dignity. (Label: 1)
2. The post could be interpreted as a call for violence by implying that Muslims condone murder, which is a serious accusation. (Label: 1)
3. The use of the term 'mainstream Muslims' might be seen as a generalization that unfairly targets a religious group, potentially constituting hate speech. (Label: 1)
4. The post does not contain explicit vulgarity or offensive language, so it might not be considered hate speech based on language alone. (Label: 0)
5. The post could be seen as spreading harmful stereotypes about Muslims, which might be considered an assault on human dignity. (Label: 1)
6. Some might view the post as a critique of certain interpretations of Islam, rather than hate speech, focusing on religious discourse. (Label: 0)
7. The post could be interpreted as inciting fear or hatred towards Muslims by associating them with violence, which could be seen as hate speech. (Label: 1)
8. The post might be seen as a commentary on a specific issue without intending to demean or incite violence, thus not hate speech. (Label: 0)
9. The post could be perceived as inflammatory and provocative, potentially leading to social division, which might be considered hate speech. (Label: 1)
10. The post might be seen as an attempt to discuss a controversial topic without clear intent to harm, thus not hate speech. (Label: 0)",0.6,0.025000000000000022
183,21701,28 COPS (entire department) arrested for the assassination of a candidate for Mayor in Mexico!! CRAZY!  https://mexiconewsdaily.com/news/30-cops-detained-...,0.25,"['The post is simply reporting a news event without any hate speech elements.', ""The post uses the word 'assassination,' which could be seen as inciting violence, but it is used in a factual context."", ""The use of 'CRAZY!' could be interpreted as sensationalizing the event, but it does not constitute hate speech."", 'The post does not target any specific group based on race, ethnicity, gender, religion, or sexual orientation.', 'The post does not contain any vulgar or offensive language directed at individuals or groups.', 'The post could be seen as critical of law enforcement, but it does not degrade or demean them based on protected characteristics.', 'The post might be interpreted as highlighting corruption, but it does not call for violence against any group.', 'The post does not incite violence or encourage harm against any individuals or groups.', 'The post could be seen as spreading awareness about a serious issue without any hate speech intent.', 'The post is neutral in tone and does not exhibit any characteristics of hate speech.']","[0, 0, 0, 0, 0, 0, 0, 0, 0, 0]","The post is a straightforward report of a news event involving the arrest of police officers in Mexico. It does not contain elements that would typically be classified as hate speech. The language used is factual and does not incite violence, use offensive language, or demean any group based on protected characteristics. Therefore, the opinions reflect a consensus that the post is not hate speech, resulting in a consistent labeling of 0 for non-hate speech.",0.0,0.25
184,21725,Great summary and analysis of what really happened from the Outer Light ,0.0,"['The post is neutral and does not contain any hate speech elements.', 'The post does not demean or degrade any individual or group based on protected characteristics.', 'There is no call for violence or encouragement of physical harm in the post.', 'The post does not contain any vulgar or offensive language.', 'The post is simply sharing an opinion or analysis and does not target any group.', 'The post lacks context that would suggest it is hate speech.', 'The post could be interpreted as promoting a specific viewpoint, but not in a hateful manner.', 'The post does not exhibit any characteristics of hate speech as defined by the aspects provided.', 'The post is likely to be interpreted as non-hate speech by most annotators.', 'The post is straightforward and unlikely to cause disagreement among annotators.']","[0, 0, 0, 0, 0, 0, 0, 0, 0, 0]","The post ""Great summary and analysis of what really happened from the Outer Light"" does not exhibit any characteristics of hate speech based on the aspects provided. It is neutral, lacks offensive language, does not demean any group, and does not call for violence. Therefore, it is likely to be labeled as non-hate speech by annotators.",0.0,0.0
185,21759,Interesting group that I will continue to follow. We live 1/2 mile outside major city limits near major metro area. We only can get fixed wireless broadcast to a dish on our roof. No one will run fiber to our house. Lost service for a month this spring due to an antenna problem. Speed varies a lot and is inconsistent. Hard to run our businesses at home because of it.,0.0,"['The post is a personal complaint about internet service and does not contain any hate speech elements.', 'The post does not demean or degrade any individuals or groups based on protected characteristics.', 'There is no call for violence or encouragement of physical harm in the post.', 'The language used in the post is neutral and does not contain vulgarity or offensive language.', 'The post focuses on technical issues with internet service and lacks any hate speech content.', 'The post is a straightforward account of internet service issues and does not target any group or individual.', 'There is no evidence of assaults on human dignity in the post.', 'The post does not incite violence or use slurs, indicating it is not hate speech.', 'The post is a typical customer service complaint and does not exhibit hate speech characteristics.', 'The post is unlikely to be interpreted as hate speech by most annotators due to its focus on internet service issues.']","[0, 0, 0, 0, 0, 0, 0, 0, 0, 0]","The post is a complaint about internet service issues and does not contain any elements of hate speech. It does not demean or degrade any individuals or groups, nor does it incite violence or use offensive language. The focus is on technical problems with internet service, making it unlikely to be interpreted as hate speech by annotators.",0.0,0.0
186,22037,Is it not a glorious sight to see the left freak out over the supreme justice retirement announcement? I ask you Morton Kondracke!,0.42857142857142855,"['The post is mocking a political group, but it does not target any protected characteristic, so it is not hate speech.', 'The post is expressing a political opinion and does not contain any vulgar or offensive language, so it is not hate speech.', 'The post does not call for violence or harm against any individual or group, so it is not hate speech.', 'The post could be seen as demeaning to those on the political left, but it does not target a protected characteristic, so it is not hate speech.', 'The post is sarcastic and may be offensive to some, but it does not meet the criteria for hate speech.', 'The post is a political commentary and does not degrade individuals based on race, ethnicity, gender, or other protected characteristics, so it is not hate speech.', 'The post is not using any slurs or profanity, so it is not hate speech.', 'The post is a reaction to a political event and does not incite violence, so it is not hate speech.', 'The post may be seen as divisive, but it does not constitute hate speech as it lacks elements of demeaning or degrading language based on protected characteristics.', 'The post is a form of political expression and does not fall under the category of hate speech.']","[0, 0, 0, 0, 0, 0, 0, 0, 0, 0]","The post is a political commentary on a judicial retirement announcement and does not contain elements that typically constitute hate speech, such as demeaning language based on protected characteristics, calls for violence, or vulgarity. It is likely to be categorized as non-hate speech by annotators.",0.0,0.42857142857142855
187,22038,#MetalMonday  https://youtu.be/5a8nPCBXMo0,0.0,"['The post is simply sharing a music video link and does not contain any hate speech elements.', 'The hashtag #MetalMonday suggests the post is about music, likely heavy metal, which is not inherently hateful.', 'There is no offensive language or slurs in the post, indicating it is not hate speech.', 'The post does not target any individual or group, so it does not assault human dignity.', 'The post does not call for violence or incite harm against anyone.', 'The content of the post is neutral and does not express any negative sentiment towards any group.', 'The post is likely intended for entertainment purposes, focusing on music rather than hate speech.', 'The lack of context or additional commentary makes it difficult to interpret as hate speech.', 'The post does not mention any race, ethnicity, gender, religion, or sexual orientation, thus not targeting protected characteristics.', 'The post is a simple promotion of a music video and does not engage in any form of hate speech.']","[0, 0, 0, 0, 0, 0, 0, 0, 0, 0]","The post is a straightforward promotion of a music video, likely related to the heavy metal genre, as indicated by the hashtag #MetalMonday. There is no language or content in the post that suggests hate speech. It does not demean or degrade any individuals or groups, nor does it incite violence or use offensive language. The post is neutral and appears to be intended for entertainment purposes, focusing on music rather than any form of hate speech. Given the lack of context or additional commentary, it is unlikely to be interpreted as hate speech by annotators.",0.0,0.0
188,22050,"People like this need put down, euthanized. Not just thrown into prison for us to pay for their food and care for decades. https://www.breitbart.com/texas/2018/07/13/texas-m... #MAGA #Trump ##GabFam",0.5714285714285714,"['The post suggests euthanizing people, which is a call for violence and dehumanizes individuals, thus constituting hate speech.', ""The use of the phrase 'put down' is a metaphor for killing, which incites violence against certain individuals or groups, qualifying as hate speech."", 'The post does not specify a particular group or characteristic, so it may not be targeting a protected group, potentially not hate speech.', 'The language used is aggressive and demeaning, suggesting a lack of human dignity, which could be considered hate speech.', ""The post's reference to 'us paying for their food and care' implies a devaluation of certain lives, which can be seen as an assault on human dignity, thus hate speech."", 'The post uses violent imagery but lacks specific targeting of a protected group, leading to ambiguity in classifying it as hate speech.', 'The hashtags used (#MAGA, #Trump, #GabFam) suggest a political context that might influence interpretation, possibly reducing the perception of hate speech.', ""The post's suggestion of euthanasia is extreme and violent, which many would classify as hate speech regardless of context."", 'The post could be interpreted as a hyperbolic expression of frustration rather than a literal call for violence, potentially not hate speech.', ""The post's language is offensive and promotes harm, which aligns with hate speech criteria.""]","[1, 1, 0, 1, 1, 0, 0, 1, 0, 1]","1. The post suggests euthanizing people, which is a call for violence and dehumanizes individuals, thus constituting hate speech.
2. The use of the phrase 'put down' is a metaphor for killing, which incites violence against certain individuals or groups, qualifying as hate speech.
3. The post does not specify a particular group or characteristic, so it may not be targeting a protected group, potentially not hate speech.
4. The language used is aggressive and demeaning, suggesting a lack of human dignity, which could be considered hate speech.
5. The post's reference to 'us paying for their food and care' implies a devaluation of certain lives, which can be seen as an assault on human dignity, thus hate speech.
6. The post uses violent imagery but lacks specific targeting of a protected group, leading to ambiguity in classifying it as hate speech.
7. The hashtags used (#MAGA, #Trump, #GabFam) suggest a political context that might influence interpretation, possibly reducing the perception of hate speech.
8. The post's suggestion of euthanasia is extreme and violent, which many would classify as hate speech regardless of context.
9. The post could be interpreted as a hyperbolic expression of frustration rather than a literal call for violence, potentially not hate speech.
10. The post's language is offensive and promotes harm, which aligns with hate speech criteria.",0.6,0.02857142857142858
189,22051,What’s appalling is if the parents aborted their twins at 7months of pregnancy it would have been legal Mindlessly pray that the underdeveloped lungs work and they get prison time #Trump #Abortion #SCOTUS https://www.buzzfeed.com/tasneemnashrulla/religiou...,0.14285714285714285,"['The post criticizes abortion laws but does not target any specific group, so it may not be considered hate speech.', ""The use of the term 'mindlessly pray' could be seen as offensive to religious individuals, but it does not constitute hate speech."", 'The post expresses a strong opinion on abortion, which is a controversial topic, but it does not incite violence or use vulgar language.', 'The hashtag #Trump may suggest a political bias, but the post itself does not contain hate speech.', 'The post could be interpreted as demeaning to those who support abortion rights, but it does not explicitly attack them based on protected characteristics.', ""The mention of 'prison time' could be seen as a call for legal action rather than violence, so it is not hate speech."", ""The post's focus on legal aspects of abortion does not align with the typical characteristics of hate speech."", 'The post does not use slurs or offensive language directed at any group, so it is unlikely to be considered hate speech.', ""The post's criticism of abortion laws may be seen as a political opinion rather than hate speech."", 'The post does not degrade individuals based on race, ethnicity, gender, or other protected characteristics, so it is not hate speech.']","[0, 0, 0, 0, 0, 0, 0, 0, 0, 0]","The post primarily discusses the legality of abortion and expresses a strong opinion on the topic. While it may be controversial and offensive to some, it does not meet the criteria for hate speech as it does not target individuals or groups based on protected characteristics, incite violence, or use vulgar language.",0.0,0.14285714285714285
190,22092,Democratic US House candidate faces accusations of threatening GOP lawmaker in Facebook message https://www.theblaze.com/news/2018/09/26/democratic-us-house-candidate-faces-accusations-of-threatening-gop-lawmaker-in-facebook-message via @theblaze,0.4,"['The post is simply reporting a news event and does not contain hate speech.', 'The post could be seen as inciting violence if the accusation of threatening is true and the message is shared widely.', 'The post does not use vulgar or offensive language, so it is not hate speech.', 'The post might be considered hate speech if it is perceived as supporting or justifying the alleged threat.', 'The post is neutral and factual, thus not hate speech.', 'The post could be interpreted as hate speech if it is seen as targeting a political group with hostility.', 'The post is a straightforward news report and does not demean any individual or group.', 'The post might be seen as hate speech if it is perceived as encouraging hostility towards the Democratic candidate.', 'The post does not call for violence directly, so it is not hate speech.', 'The post could be seen as non-hate speech as it does not explicitly assault human dignity.']","[0, 1, 0, 1, 0, 1, 0, 1, 0, 0]","1. The post is simply reporting a news event and does not contain hate speech. (Label: 0)
2. The post could be seen as inciting violence if the accusation of threatening is true and the message is shared widely. (Label: 1)
3. The post does not use vulgar or offensive language, so it is not hate speech. (Label: 0)
4. The post might be considered hate speech if it is perceived as supporting or justifying the alleged threat. (Label: 1)
5. The post is neutral and factual, thus not hate speech. (Label: 0)
6. The post could be interpreted as hate speech if it is seen as targeting a political group with hostility. (Label: 1)
7. The post is a straightforward news report and does not demean any individual or group. (Label: 0)
8. The post might be seen as hate speech if it is perceived as encouraging hostility towards the Democratic candidate. (Label: 1)
9. The post does not call for violence directly, so it is not hate speech. (Label: 0)
10. The post could be seen as non-hate speech as it does not explicitly assault human dignity. (Label: 0)",0.4,0.0
191,22177,LOLOLOLOLOLLOLOLOLOLOLLOLOLOLOLOLLOLOLOLOLOLLOLOLOLOLOLOLOLOLOLOLLOLOLOLOLOLLOLOLOLOLOLLOLOLOLOLOLLOLOLOLOLOLOLOLOLOLOLLOLOLOLOLOLLOLOLOLOLOLLOLOLOLOLOLLOLOLOLOLOLOLOLOLOLOLLOLOLOLOLOLLOLOLOLOLOLLOLOLOLOLOLLOLOLOLOLOL,0.0,"['The post is just a string of laughter and does not contain any hate speech elements.', 'There is no offensive language or slurs present in the post.', 'The post does not target any individual or group based on protected characteristics.', 'There is no call for violence or incitement to harm in the post.', 'The post is nonsensical and lacks any coherent message that could be interpreted as hate speech.', 'The repetitive nature of the post suggests it is meant to be humorous rather than harmful.', 'Without context, the post appears to be harmless and not directed at anyone.', 'The post does not degrade or demean any individual or group.', 'The post is unlikely to be interpreted as hate speech by most annotators.', 'The post is devoid of any content that could be considered vulgar or offensive.']","[0, 0, 0, 0, 0, 0, 0, 0, 0, 0]","The post consists entirely of repeated 'LOLOLOLOLOL' and does not contain any language or content that could be classified as hate speech. It lacks any coherent message, offensive language, or calls for violence. Therefore, it is unlikely to be considered hate speech by annotators.",0.0,0.0
192,22178,"Man - part animal, part god. Some more god than animal, others more animal than god.",0.4,"['The post uses metaphorical language and does not target any specific group, so it is not hate speech.', ""The post could be interpreted as demeaning if 'animal' is seen as a derogatory term for certain groups, but it lacks specificity."", 'The post does not call for violence or harm against any group, so it is not hate speech.', 'The language used in the post is not vulgar or offensive, so it is not hate speech.', 'The post could be seen as philosophical or abstract, discussing human nature rather than targeting specific groups.', 'The post does not mention any protected characteristics such as race, gender, or religion, so it is not hate speech.', ""The metaphor of 'animal' and 'god' could be seen as offensive if interpreted as a hierarchy, but it is not explicit."", 'The post lacks context that would make it clear hate speech, leading to potential disagreement among annotators.', 'The post could be interpreted as a commentary on human behavior, not as hate speech.', 'The post does not degrade or demean any specific individual or group, so it is not hate speech.']","[0, 0, 0, 0, 0, 0, 0, 0, 0, 0]","The post ""Man - part animal, part god. Some more god than animal, others more animal than god."" is assessed based on the aspects of hate speech:

1. Assaults on Human Dignity: The post uses metaphorical language and does not target any specific group, so it is not hate speech.
2. Calls for Violence: The post does not call for violence or harm against any group, so it is not hate speech.
3. Vulgarity and/or Offensive Language: The language used in the post is not vulgar or offensive, so it is not hate speech.

Opinions:
1. The post uses metaphorical language and does not target any specific group, so it is not hate speech.
2. The post could be interpreted as demeaning if 'animal' is seen as a derogatory term for certain groups, but it lacks specificity.
3. The post does not call for violence or harm against any group, so it is not hate speech.
4. The language used in the post is not vulgar or offensive, so it is not hate speech.
5. The post could be seen as philosophical or abstract, discussing human nature rather than targeting specific groups.
6. The post does not mention any protected characteristics such as race, gender, or religion, so it is not hate speech.
7. The metaphor of 'animal' and 'god' could be seen as offensive if interpreted as a hierarchy, but it is not explicit.
8. The post lacks context that would make it clear hate speech, leading to potential disagreement among annotators.
9. The post could be interpreted as a commentary on human behavior, not as hate speech.
10. The post does not degrade or demean any specific individual or group, so it is not hate speech.

Labels:
1. 0
2. 0
3. 0
4. 0
5. 0
6. 0
7. 0
8. 0
9. 0
10. 0",0.0,0.4
193,22179,"American society should restore its historic Freedom of Association modus vivendi, with a new proviso that each side not prevent, interfere with or sabotage the other in setting up or running their exclusive systems or operations.",0.0,"[""The post advocates for segregation based on 'Freedom of Association,' which could be seen as an assault on human dignity by promoting exclusion based on race or other characteristics."", 'The post does not explicitly call for violence or use offensive language, so it may not be considered hate speech.', ""The post's suggestion of 'exclusive systems or operations' could imply support for discriminatory practices, which might be interpreted as hate speech."", 'The post could be seen as a historical reference to past societal norms without any intent to harm, thus not hate speech.', ""The post's language is ambiguous and could be interpreted in multiple ways, leading to high disagreement among annotators."", 'The post could be interpreted as advocating for peaceful coexistence through mutual non-interference, which is not hate speech.', ""The post's reference to 'exclusive systems' might be seen as a coded language for racial segregation, which is hate speech."", 'The post does not contain vulgarity or slurs, which might lead some to label it as non-hate speech.', 'The post could be seen as promoting a form of social organization that respects individual choices, not necessarily hate speech.', ""The post's historical context might be interpreted as a critique of current societal norms, rather than an endorsement of hate speech.""]","[1, 0, 1, 0, 0, 0, 1, 0, 0, 0]","1. The post advocates for segregation based on 'Freedom of Association,' which could be seen as an assault on human dignity by promoting exclusion based on race or other characteristics. (Label: 1)
2. The post does not explicitly call for violence or use offensive language, so it may not be considered hate speech. (Label: 0)
3. The post's suggestion of 'exclusive systems or operations' could imply support for discriminatory practices, which might be interpreted as hate speech. (Label: 1)
4. The post could be seen as a historical reference to past societal norms without any intent to harm, thus not hate speech. (Label: 0)
5. The post's language is ambiguous and could be interpreted in multiple ways, leading to high disagreement among annotators. (Label: 0)
6. The post could be interpreted as advocating for peaceful coexistence through mutual non-interference, which is not hate speech. (Label: 0)
7. The post's reference to 'exclusive systems' might be seen as a coded language for racial segregation, which is hate speech. (Label: 1)
8. The post does not contain vulgarity or slurs, which might lead some to label it as non-hate speech. (Label: 0)
9. The post could be seen as promoting a form of social organization that respects individual choices, not necessarily hate speech. (Label: 0)
10. The post's historical context might be interpreted as a critique of current societal norms, rather than an endorsement of hate speech. (Label: 0)",0.3,0.3
194,22205,Online now only those who are horny in Sarah Palin.,0.4,"['The post is a crude comment but does not target any protected group, so it is not hate speech.', 'The post uses vulgar language but does not incite violence or demean a group, so it is not hate speech.', 'The post is offensive due to its sexual nature but does not constitute hate speech as it does not target a protected characteristic.', 'The post could be seen as objectifying Sarah Palin, but it does not degrade her based on a protected characteristic, so it is not hate speech.', 'The post is inappropriate and disrespectful but does not meet the criteria for hate speech.', 'The post is a personal attack on Sarah Palin but lacks elements of hate speech as it does not target her based on a protected characteristic.', 'The post is distasteful and uses sexual innuendo but does not incite violence or hate against a group.', 'The post is an example of poor taste and vulgarity but does not qualify as hate speech.', 'The post is disrespectful towards Sarah Palin but does not constitute hate speech as it lacks demeaning language based on protected characteristics.', 'The post is a crude joke that may be offensive but does not meet the threshold for hate speech.']","[0, 0, 0, 0, 0, 0, 0, 0, 0, 0]","The post in question does not appear to meet the criteria for hate speech based on the aspects provided. It is vulgar and potentially offensive, but it does not target a protected group or characteristic, nor does it incite violence. Therefore, the consensus among the opinions is that it is not hate speech.",0.0,0.4
195,22239,Justifying the use of the word 'monkey' is just playing by the Left's rules. They  should apologize for playing the race card so often that it's worn out.,0.6,"[""The post uses the word 'monkey' which can be a racial slur, potentially demeaning individuals based on race."", ""The post criticizes the Left for using the 'race card,' which could be seen as dismissing legitimate concerns about racism."", 'The post does not directly call for violence or physical harm against any group or individual.', 'The language used in the post is not overtly vulgar or offensive, though it may be considered insensitive.', 'The post could be interpreted as a critique of political correctness rather than an endorsement of hate speech.', ""The post's use of 'monkey' could be seen as racially insensitive, but not necessarily hate speech if not directed at a specific group."", 'The post implies that concerns about racism are exaggerated, which could be seen as undermining efforts to address racial issues.', 'The post does not explicitly demean or degrade a specific individual or group, focusing instead on political commentary.', ""The post's language may be seen as provocative but not necessarily crossing into hate speech territory."", 'The post could be interpreted as defending free speech against perceived overreach by the Left.']","[1, 1, 0, 0, 0, 0, 1, 0, 0, 0]","Opinions:
1. The post uses the word 'monkey' which can be a racial slur, potentially demeaning individuals based on race.
2. The post criticizes the Left for using the 'race card,' which could be seen as dismissing legitimate concerns about racism.
3. The post does not directly call for violence or physical harm against any group or individual.
4. The language used in the post is not overtly vulgar or offensive, though it may be considered insensitive.
5. The post could be interpreted as a critique of political correctness rather than an endorsement of hate speech.
6. The post's use of 'monkey' could be seen as racially insensitive, but not necessarily hate speech if not directed at a specific group.
7. The post implies that concerns about racism are exaggerated, which could be seen as undermining efforts to address racial issues.
8. The post does not explicitly demean or degrade a specific individual or group, focusing instead on political commentary.
9. The post's language may be seen as provocative but not necessarily crossing into hate speech territory.
10. The post could be interpreted as defending free speech against perceived overreach by the Left.

Labels:
1. 1
2. 1
3. 0
4. 0
5. 0
6. 0
7. 1
8. 0
9. 0
10. 0",0.3,0.3
196,22240,"Why aren't Democrats holding rallies to compete with Trump's massive cheering crowds? Two reasons, in my opinion:   1.They keep telling themselves, and everyone else, that rallies don't matter. To do so would be admitting that they do matter, and playing by his rules.   2.They have no one on their side that can draw a crowd like he can. They don't want be embarrassed, and exposed by tryin...",0.6,"['The post is a political commentary and does not contain hate speech as it does not demean any group based on protected characteristics.', 'The post does not call for violence or incite harm against any group, so it is not hate speech.', 'The language used in the post is not vulgar or offensive, indicating it is not hate speech.', 'The post critiques political strategy rather than attacking individuals or groups, suggesting it is not hate speech.', 'The post does not target any specific race, ethnicity, gender, or religion, so it is not hate speech.', 'The post is a subjective opinion on political rallies and does not degrade human dignity, thus not hate speech.', 'The post does not use slurs or derogatory language, indicating it is not hate speech.', 'The post is focused on political events and does not involve hate speech elements.', 'The post does not exhibit any form of assault on human dignity, so it is not hate speech.', 'The post is a political analysis and lacks elements of hate speech.']","[0, 0, 0, 0, 0, 0, 0, 0, 0, 0]","The post is a political commentary on the differences in rally strategies between Democrats and Trump supporters. It does not contain any elements that would classify it as hate speech based on the aspects provided. The opinions generated reflect a consensus that the post is not hate speech, as it does not demean, incite violence, or use offensive language. Therefore, all labels are 0, indicating non-hate speech.",0.0,0.6
197,22309,The legal tangle around the Trans-Mountain pipeline approval process https://quotulatiousness.ca/blog/2018/09/01/the-le...,0.0,"['The post is a neutral discussion about a legal issue and does not contain hate speech.', 'The post does not demean or degrade any group based on protected characteristics.', 'The post does not incite or encourage violence against any group.', 'The post does not contain vulgarity or offensive language.', 'The post is focused on a legal and environmental topic, not on attacking any group.', 'The post could be seen as controversial due to the topic but does not constitute hate speech.', 'The post is informative and does not target any specific group with hate.', 'The post is a factual report on a legal matter and lacks any hate speech elements.', 'The post does not use any slurs or derogatory terms.', 'The post is unlikely to be interpreted as hate speech by most readers.']","[0, 0, 0, 0, 0, 0, 0, 0, 0, 0]","The post titled ""The legal tangle around the Trans-Mountain pipeline approval process"" appears to be a discussion or report on a legal and environmental issue. Based on the content provided, it does not seem to exhibit any characteristics of hate speech. Here are ten plausible opinions that annotators might have:

1. The post is a neutral discussion about a legal issue and does not contain hate speech.
2. The post does not demean or degrade any group based on protected characteristics.
3. The post does not incite or encourage violence against any group.
4. The post does not contain vulgarity or offensive language.
5. The post is focused on a legal and environmental topic, not on attacking any group.
6. The post could be seen as controversial due to the topic but does not constitute hate speech.
7. The post is informative and does not target any specific group with hate.
8. The post is a factual report on a legal matter and lacks any hate speech elements.
9. The post does not use any slurs or derogatory terms.
10. The post is unlikely to be interpreted as hate speech by most readers.

Based on these opinions, the corresponding labels would be 0 for each, indicating non-hate speech.",0.0,0.0
198,22890,Crap! This changes everything,0.0,"[""The post uses the word 'crap,' which is considered vulgar by some, but it is not directed at any individual or group, so it is not hate speech."", 'The post does not target any specific group or individual, so it is unlikely to be considered hate speech.', 'The language used is mild and does not contain any slurs or offensive language directed at a group, so it is not hate speech.', 'The post expresses frustration but does not demean or degrade any individual or group, so it is not hate speech.', 'There is no call for violence or harm against any group or individual in the post, so it is not hate speech.', 'The post lacks context that would suggest it is demeaning or degrading to any group, so it is not hate speech.', ""The use of 'crap' is informal and may be seen as offensive by some, but it does not constitute hate speech."", 'The post is vague and does not provide enough information to be considered hate speech.', 'The expression of frustration in the post is not directed at any protected characteristic, so it is not hate speech.', 'The post does not exhibit any characteristics of hate speech as it does not target any group or individual.']","[0, 0, 0, 0, 0, 0, 0, 0, 0, 0]","The post 'Crap! This changes everything' does not contain any elements that would typically be classified as hate speech. It uses a mild expletive ('crap') to express frustration or surprise, but it does not target any individual or group based on race, ethnicity, gender, religion, sexual orientation, or other protected characteristics. There is no call for violence or use of slurs. Therefore, it is unlikely to be considered hate speech by annotators.",0.0,0.0
199,22891,Awesome! Everyday heros take the time out of their own schedules to make others lives better. kudos,0.0,"['The post is positive and praises individuals for their good deeds, showing no signs of hate speech.', 'The language used in the post is uplifting and does not contain any offensive or vulgar language.', 'There is no mention of any specific group or individual being demeaned or degraded, so it does not constitute hate speech.', 'The post does not incite or encourage violence against any group or individual.', 'The post is likely to be interpreted as non-hate speech due to its positive tone and lack of offensive content.', 'The post does not target any protected characteristics such as race, gender, or religion, thus not qualifying as hate speech.', 'The post is supportive and acknowledges the efforts of individuals, which is contrary to hate speech.', 'There is no use of slurs or derogatory terms in the post, indicating it is not hate speech.', 'The post is straightforward and lacks ambiguity, leading to a consensus that it is not hate speech.', 'The post is culturally and socially neutral, making it unlikely to be interpreted as hate speech.']","[0, 0, 0, 0, 0, 0, 0, 0, 0, 0]","The post is overwhelmingly positive and does not exhibit any characteristics of hate speech. It praises individuals for their good deeds and does not contain any offensive language, calls for violence, or assaults on human dignity. Therefore, all opinions agree that the post is not hate speech, resulting in a unanimous label of 0 for non-hate speech.",0.0,0.0
200,22892,Of course they do. That's where informed leftists get their arguing points for their social media posts.,0.2857142857142857,"['The post is a critique of leftists but does not target any specific group based on protected characteristics, so it is not hate speech.', 'The post implies that leftists are not informed on their own, which could be seen as demeaning, but it does not target a protected characteristic, so it is not hate speech.', 'The post does not contain any calls for violence or physical harm, so it is not hate speech.', 'The language used in the post is not vulgar or offensive, so it is not hate speech.', 'The post could be interpreted as a general political opinion rather than hate speech, as it does not attack a specific group based on protected characteristics.', 'The post may be seen as perpetuating stereotypes about leftists, but it does not meet the criteria for hate speech as it lacks demeaning language based on protected characteristics.', 'The post is a sarcastic remark about leftists but does not incite violence or use offensive language, so it is not hate speech.', ""The post could be seen as dismissive of leftists' intelligence, but it does not constitute hate speech as it does not target a protected characteristic."", 'The post is likely to be interpreted as a political opinion rather than hate speech, as it lacks elements of demeaning or degrading language based on protected characteristics.', 'The post does not exhibit any of the key aspects of hate speech, such as assaults on human dignity, calls for violence, or vulgarity, so it is not hate speech.']","[0, 0, 0, 0, 0, 0, 0, 0, 0, 0]","The post in question is a critique of leftists, suggesting that they rely on external sources for their arguments on social media. However, it does not target any specific group based on protected characteristics such as race, ethnicity, gender, religion, or sexual orientation. The language used is not vulgar or offensive, and there are no calls for violence or physical harm. As such, the post is generally interpreted as a political opinion rather than hate speech. The opinions reflect a consensus that the post does not meet the criteria for hate speech, resulting in a low disagreement among annotators.",0.0,0.2857142857142857
201,22893,maybe a library instead of social media.,0.0,"['The post suggests using a library instead of social media, which is a neutral statement and not hate speech.', 'The post does not target any specific group or individual, so it is not hate speech.', 'The post lacks any offensive language or slurs, indicating it is not hate speech.', 'The post does not call for violence or harm against any group, so it is not hate speech.', 'The post could be interpreted as promoting education over social media, which is not hate speech.', 'The post does not demean or degrade any group based on protected characteristics, so it is not hate speech.', 'The post is a simple suggestion and does not contain any elements of hate speech.', 'The post does not contain vulgarity or offensive language, indicating it is not hate speech.', 'The post is unlikely to be interpreted as hate speech due to its neutral tone.', 'The post is a benign suggestion and does not fall into any hate speech categories.']","[0, 0, 0, 0, 0, 0, 0, 0, 0, 0]","The post ""maybe a library instead of social media"" is generally interpreted as a neutral suggestion without any elements of hate speech. It does not target any specific group or individual, lacks offensive language, and does not incite violence or harm. The post is more likely to be seen as promoting education or alternative activities to social media, which is not considered hate speech. Therefore, all opinions lead to a label of 0 for non-hate speech.",0.0,0.0
202,22926,"Where there is #coffee, there is wakefulness. #gab #worldcup #music #bacon",0.0,"['The post is a harmless statement about coffee and does not target any group, so it is not hate speech.', 'The use of hashtags like #gab might be associated with controversial platforms, but the content itself is not hate speech.', 'The post is about personal preferences and does not demean any group, so it is not hate speech.', 'There is no call for violence or offensive language in the post, so it is not hate speech.', 'The post is neutral and does not contain any vulgarity or slurs, so it is not hate speech.', 'The mention of #bacon is a personal preference and not an attack on any group, so it is not hate speech.', 'The post is focused on lifestyle topics like coffee and music, which are not related to hate speech.', 'There is no context of assault on human dignity in the post, so it is not hate speech.', 'The post does not incite violence or harm against any group, so it is not hate speech.', 'The post is a simple expression of enjoyment and does not exhibit any characteristics of hate speech.']","[0, 0, 0, 0, 0, 0, 0, 0, 0, 0]","The post is a benign statement about coffee and other lifestyle elements, with no indication of hate speech. It does not demean or degrade any individuals or groups, nor does it incite violence or use offensive language. The hashtags used, while potentially associated with certain platforms, do not change the non-hateful nature of the content. Therefore, all opinions suggest that the post is not hate speech, resulting in a unanimous label of 0 for non-hate speech.",0.0,0.0
203,22927,The #USOpen crowd at #Shinnecock are literally the most rude gallery in sport. Screaming like beagles after EVERY SHOT. You expect it from the Phoenix Open but these New Yorkers are yelping unintelligible trash at the highest volumes EVERY SINGLE SWING. New York should never be allowed to host a US Open ever again. #QuietPlease #Gab,0.6,"['The post criticizes the behavior of a specific group (New Yorkers) at a sporting event, but it does not target them based on a protected characteristic, so it is not hate speech.', 'The language used in the post is harsh and critical, but it does not contain vulgarity or offensive language directed at a protected group, so it is not hate speech.', 'The post expresses frustration with the behavior of a crowd at a sporting event, which is not an assault on human dignity, so it is not hate speech.', 'The post does not call for violence or physical harm against any individuals or groups, so it is not hate speech.', ""The post uses hyperbolic language to describe the crowd's behavior, but it does not demean or degrade individuals based on protected characteristics, so it is not hate speech."", 'The post could be seen as offensive to New Yorkers, but it does not use slurs or profanity, so it is not hate speech.', ""The post is a critique of sports fans' behavior and does not target a group based on race, ethnicity, or other protected characteristics, so it is not hate speech."", ""The post's tone is negative and critical, but it does not incite violence or use hate speech against a protected group, so it is not hate speech."", 'The post is an expression of personal opinion about a sporting event and does not meet the criteria for hate speech.', 'The post does not contain any elements of hate speech as it focuses on the behavior of a crowd at a sporting event without targeting a protected group.']","[0, 0, 0, 0, 0, 0, 0, 0, 0, 0]","The post criticizes the behavior of a crowd at a sporting event, specifically targeting New Yorkers for their behavior. However, it does not target them based on race, ethnicity, gender, religion, sexual orientation, or other protected characteristics, which means it does not constitute an assault on human dignity in the context of hate speech. The language used is critical and harsh but does not contain vulgarity, slurs, or offensive language directed at a protected group. Additionally, the post does not incite or encourage violence or physical harm against any individuals or groups. Therefore, the post does not meet the criteria for hate speech based on the aspects provided.",0.0,0.6
204,23085,"If you can't laugh at this,you might be a liberal progressive.  https://youtu.be/C8vZzP5yvJw",0.6,"['The post is a harmless joke targeting political ideology, not hate speech.', ""The post could be seen as mocking a specific political group, but it doesn't degrade their dignity."", ""The post doesn't call for violence or use offensive language, so it's not hate speech."", 'The post might be interpreted as offensive by some, but it lacks the elements of hate speech.', 'The post is a satirical comment on political differences, not an assault on human dignity.', ""The post could be seen as divisive, but it doesn't meet the criteria for hate speech."", 'The post is a light-hearted jab at liberals, not intended to harm or degrade.', ""The post doesn't target any protected characteristic, so it's not hate speech."", ""The post is a political commentary that some might find distasteful, but it's not hate speech."", 'The post is an expression of political opinion, not an incitement to violence or hate.']","[0, 0, 0, 0, 0, 0, 0, 0, 0, 0]","The post in question is a political commentary that may be interpreted in various ways depending on the reader's perspective. However, it does not appear to meet the criteria for hate speech based on the aspects provided. It does not degrade individuals or groups based on protected characteristics, incite violence, or use offensive language. Therefore, the opinions generated reflect a consensus that the post is not hate speech, resulting in a low disagreement among annotators.",0.0,0.6
205,23638,"The lovely #prayingmantis lady Audrina did not survive her molt, though she did seem to enjoy my company and foodstuffs before that. I am sad. The empty space for her boudoir...sucks, you guys. A lot. I made her a tiny tinfoil coffin and packed her a tiny tinfoil lunch of honey. I am even MORE determined to befriend her people. That experience was AMAZING.",0.0,"['The post is a personal reflection on a pet insect and does not contain any hate speech elements.', 'The post does not demean or degrade any individuals or groups based on protected characteristics.', 'There is no call for violence or incitement of harm against any individuals or groups in the post.', 'The language used in the post is not vulgar or offensive.', 'The post is focused on a personal experience with a pet and does not address any social or political issues.', 'The post expresses sadness and loss over a pet, which is unrelated to hate speech.', 'There is no mention of race, ethnicity, gender, religion, or sexual orientation in the post.', 'The post is written in a light-hearted and affectionate tone, which is not characteristic of hate speech.', 'The post does not contain any slurs or derogatory language.', 'The post is unlikely to be interpreted as hate speech by any reasonable standard.']","[0, 0, 0, 0, 0, 0, 0, 0, 0, 0]","The post is a personal reflection on the loss of a pet praying mantis and does not contain any elements of hate speech. It does not demean or degrade any individuals or groups, nor does it incite violence or use vulgar language. The post is focused on a personal experience and expresses sadness over the loss of a pet, with no mention of protected characteristics or social issues. The tone is affectionate and light-hearted, making it unlikely to be interpreted as hate speech.",0.0,0.0
206,23639,"1)   TY for any notifications, I'm so sorry I can't respond politely at the moment 2) I'm leaving in less than 3 days to spend 2 months about 1 hour from my niece EEEEEEE 3) That's so many numbers, ew math 4) I do still love the #gabfam and I'm not gone, just, STUPID busy.  Should have peace and 'vacation' soon, to come derp at you all.  :  )  5) Never give up, never surrender!",0.0,"['The post is a personal update and does not contain any hate speech elements.', 'The post uses informal language but does not include any offensive or vulgar language.', ""The post is positive and encouraging, especially with the phrase 'Never give up, never surrender!'"", 'There is no mention of any group or individual that could be targeted for hate speech.', ""The post is focused on the author's personal life and plans, with no reference to any hate speech topics."", ""The use of 'ew math' is a personal expression and not directed at any group, thus not hate speech."", 'The post expresses love for a community (#gabfam) and does not degrade or demean any group.', 'The post does not incite violence or harm against any individual or group.', 'The post is light-hearted and does not contain any elements of hate speech.', 'The post is contextually a personal narrative and lacks any hate speech content.']","[0, 0, 0, 0, 0, 0, 0, 0, 0, 0]","The post is a personal update and does not contain any elements of hate speech. It uses informal and positive language, focusing on the author's personal life and plans. There is no mention of any group or individual that could be targeted for hate speech, nor does it incite violence or harm. The expression 'ew math' is a personal opinion and not directed at any group. Overall, the post is light-hearted and contextually a personal narrative, lacking any hate speech content.",0.0,0.0
207,23640,"A friend brought me this baby #prayingmantis, after she (the mantis) walked up to her at a storage facility.  Here she is (again, the mantis) photobombing her own photo.  Her favorite part of her nice new digs? The dang wire I used to close up a too-large hole.  Never mind all this pretty fake forestry, nah, I'm good here on this bread tie.   Spoiled bug.  XD.",0.0,"['The post is a harmless and lighthearted story about a praying mantis, with no elements of hate speech.', 'There is no mention of any individuals or groups, so it cannot be considered hate speech.', 'The post does not contain any offensive language or slurs, indicating it is not hate speech.', ""The use of 'XD' suggests a playful tone, not intended to demean or degrade anyone."", 'The post is focused on an insect and does not address any human characteristics or groups.', 'There are no calls for violence or harm in the post, making it non-hate speech.', 'The post is purely descriptive and does not contain any vulgarity or offensive language.', 'The content is about a personal experience with an insect, lacking any hate speech elements.', 'The post does not target any protected characteristics, so it is not hate speech.', 'The playful and humorous nature of the post suggests it is not intended as hate speech.']","[0, 0, 0, 0, 0, 0, 0, 0, 0, 0]","The post is a lighthearted and humorous account of an interaction with a praying mantis, with no elements of hate speech present. It does not mention or target any individuals or groups, nor does it contain offensive language, slurs, or calls for violence. The playful tone and focus on an insect indicate that it is not intended to demean or degrade anyone, and it lacks any characteristics of hate speech.",0.0,0.0
208,23641,"And yes, he's ticked me off a few times, but unless Me runs for president and wins (lol forever) I'm GOING to disagree with some of his decisions, due to his unfortunate handicap of NOT BEING ME.  For now, he's making my enemies mad and allies semihappy. AKA more than ANY politician has done for me in my life!  8/10 would ABSOLUTELY vote for again.  #PresidentTrump",0.125,"['The post expresses support for a political figure without demeaning any group, so it is not hate speech.', ""The use of 'enemies' and 'allies' is political rhetoric and not hate speech as it doesn't target any protected group."", ""The post contains sarcasm and humor, which may be misinterpreted, but it doesn't constitute hate speech."", 'The post does not call for violence or use offensive language, so it is not hate speech.', ""The phrase 'unfortunate handicap of NOT BEING ME' is self-referential and not demeaning to any group, thus not hate speech."", 'The post is a personal opinion about a political figure and does not degrade any group, so it is not hate speech.', ""The post's tone is supportive and does not incite violence or use vulgar language, so it is not hate speech."", ""The post's humor and sarcasm might be seen as offensive by some, but it doesn't meet the criteria for hate speech."", ""The post is politically charged but lacks elements of hate speech as it doesn't target any specific group."", 'The post is a political endorsement and does not contain elements of hate speech.']","[0, 0, 0, 0, 0, 0, 0, 0, 0, 0]","The post is a political endorsement of President Trump, expressed with humor and sarcasm. It does not contain elements that demean or degrade any protected group, nor does it incite violence or use offensive language. The opinions reflect a consensus that the post is not hate speech, as it lacks the characteristics typically associated with hate speech, such as assaults on human dignity, calls for violence, or vulgarity directed at specific groups. The post is more of a personal expression of political support and does not meet the criteria for hate speech.",0.0,0.125
209,23666,"This tribalism is the problem with libertarianism – if you allow liberty, people will use it to synthesize smaller ingroups within the larger group in order to dominate the detribalized majority. - Jim",0.3333333333333333,"['The post critiques libertarianism but does not target any specific group, so it is not hate speech.', ""The term 'tribalism' is used metaphorically to discuss political philosophy, not to demean any ethnic group."", 'The post does not contain any vulgar or offensive language, so it is not hate speech.', 'The post does not call for violence or harm against any group, so it is not hate speech.', 'The post discusses political ideas without demeaning any protected characteristic, so it is not hate speech.', ""The use of 'tribalism' could be seen as offensive to some, but it is not used in a hateful context."", 'The post is a critique of a political ideology, not an attack on a specific group of people.', 'The language used is neutral and analytical, focusing on political theory rather than personal attacks.', 'The post could be interpreted as a warning against social division, not as hate speech.', 'The post does not exhibit any characteristics of hate speech as it focuses on political discourse.']","[0, 0, 0, 0, 0, 0, 0, 0, 0, 0]","The post is a critique of libertarianism and discusses the concept of 'tribalism' in a political context. It does not target any specific group based on race, ethnicity, gender, religion, or other protected characteristics. The language is neutral and does not contain vulgarity or offensive language. There are no calls for violence or harm against any group. The post is focused on political ideas and theories, making it unlikely to be considered hate speech. Therefore, the opinions generated reflect a consensus that the post is not hate speech, resulting in a low disagreement among annotators.",0.0,0.3333333333333333
210,24147,Here's one of my projects right now. Remington 700 30-06 With magpul stock and detachable magazine. Nikon prostaff 3.5-14x40 FFP scope. Next is a timmney trigger and then possibly a carbon fiber barrel.,0.0,"['The post is simply discussing a personal project related to firearms and does not contain any hate speech elements.', 'The post does not demean or degrade any individuals or groups based on protected characteristics.', 'There is no call for violence or encouragement of physical harm in the post.', 'The language used in the post is technical and related to firearms, with no vulgarity or offensive language present.', 'The post could be interpreted as promoting gun culture, but it does not explicitly incite violence or hate.', 'The post is focused on the technical aspects of a firearm and lacks any context that would suggest hate speech.', 'The post does not target any specific group or individual, thus not constituting hate speech.', 'The content of the post is neutral and does not exhibit any characteristics of hate speech.', 'The post is about a hobby or interest in firearms, which is not inherently hateful.', 'The post does not contain any elements that would typically be associated with hate speech, such as slurs or derogatory language.']","[0, 0, 0, 0, 0, 0, 0, 0, 0, 0]","The post is a technical description of a firearm project and does not contain any elements of hate speech. It does not demean or degrade individuals or groups, call for violence, or use vulgar or offensive language. The focus is on the technical aspects of the firearm, and there is no context suggesting hate speech. Therefore, all opinions lead to a label of 0 for non-hate speech.",0.0,0.0
211,24148,How many original beta testers still out there? I've been here since October 2016.  #OG  Get you gab shirt here https://shop.gab.ai/  @shop,0.0,"['The post is simply a call to action for purchasing merchandise and does not contain any hate speech elements.', 'The post is promoting a platform that has been associated with hate speech, but the post itself does not contain hate speech.', 'The use of the hashtag #OG is a reference to being an original user and is not related to hate speech.', 'The post is neutral and does not demean or degrade any individuals or groups.', 'There is no call for violence or incitement to harm in the post.', 'The post does not contain any vulgar or offensive language.', 'The post is promoting a sense of community among early users, which is not inherently hateful.', 'The post is commercial in nature, focusing on merchandise sales, without any hate speech content.', 'The post could be seen as indirectly supporting a platform known for hate speech, but the content itself is not hateful.', 'The post is innocuous and does not exhibit any characteristics of hate speech.']","[0, 0, 0, 0, 0, 0, 0, 0, 0, 0]","The post in question is a promotional message for merchandise related to a social media platform. It does not contain any language or content that directly assaults human dignity, calls for violence, or uses vulgar or offensive language. While the platform mentioned (Gab) has been associated with hate speech in the past, the post itself does not exhibit any characteristics of hate speech. Therefore, all opinions suggest that the post is non-hate speech, resulting in a label of 0 for each opinion.",0.0,0.0
212,24150,Here's a titanium muzzle break I'm working on for my .458 socom build. I haven't threaded it or finished the bore. .458 socom barrels have either 5/8-24 or 3/4-24 threads and I haven' purchased one yet. #2A,0.0,"['The post is purely technical and related to firearm construction, with no elements of hate speech.', 'The post discusses firearm parts without any mention of individuals or groups, thus not demeaning anyone.', 'The post does not contain any calls for violence or incitement to harm others.', 'The post lacks vulgarity or offensive language, focusing on technical specifications.', 'The hashtag #2A refers to the Second Amendment, which is a political topic but not inherently hate speech.', 'The post could be seen as promoting gun culture, which some might associate with potential violence, but it does not explicitly do so.', 'The post is neutral in tone and does not target any specific group or individual.', 'The technical nature of the post suggests it is intended for a specific audience interested in firearms, not for spreading hate.', 'The post does not engage in any form of assault on human dignity.', 'The post is unlikely to be interpreted as hate speech by most annotators due to its focus on technical details.']","[0, 0, 0, 0, 0, 0, 0, 0, 0, 0]","The post is a technical discussion about firearm parts, specifically a muzzle break for a .458 socom build. It does not contain any language or content that degrades individuals or groups, incites violence, or uses offensive language. The hashtag #2A refers to the Second Amendment, which is a political topic but not inherently hate speech. Overall, the post is neutral and focused on technical details, making it unlikely to be considered hate speech by most annotators.",0.0,0.0
213,24209,"The Copts: Yay, Jesus!  Jesus: *frowning* Shut up, you guys.",0.4,"['The post is a humorous take on religious figures and does not target any group with hate speech.', ""The post could be seen as offensive to Copts by mocking their religious beliefs, but it doesn't constitute hate speech."", 'The post uses sarcasm to make a point about religious enthusiasm, which might be offensive but not hate speech.', 'The post does not contain any explicit calls for violence against Copts or any other group.', 'The post does not use vulgar or offensive language directed at any individual or group.', 'The post could be interpreted as demeaning to Copts by implying their religious expressions are unwelcome.', 'The post is a satirical comment on religious practices and does not degrade any group based on protected characteristics.', 'The post might be seen as disrespectful to religious sentiments but lacks elements of hate speech.', 'The post does not incite violence or physical harm against any religious group.', 'The post is a light-hearted joke that does not assault human dignity or encourage violence.']","[0, 0, 0, 0, 0, 0, 0, 0, 0, 0]","1. The post is a humorous take on religious figures and does not target any group with hate speech. (Label: 0)
2. The post could be seen as offensive to Copts by mocking their religious beliefs, but it doesn't constitute hate speech. (Label: 0)
3. The post uses sarcasm to make a point about religious enthusiasm, which might be offensive but not hate speech. (Label: 0)
4. The post does not contain any explicit calls for violence against Copts or any other group. (Label: 0)
5. The post does not use vulgar or offensive language directed at any individual or group. (Label: 0)
6. The post could be interpreted as demeaning to Copts by implying their religious expressions are unwelcome. (Label: 0)
7. The post is a satirical comment on religious practices and does not degrade any group based on protected characteristics. (Label: 0)
8. The post might be seen as disrespectful to religious sentiments but lacks elements of hate speech. (Label: 0)
9. The post does not incite violence or physical harm against any religious group. (Label: 0)
10. The post is a light-hearted joke that does not assault human dignity or encourage violence. (Label: 0)",0.0,0.4
214,24416,We need some 'real' Republicans in office.   President Trump can't solve the problem of high health insurance costs with these traitors blocking his efforts.  Everyone needs to VOTE REPUBLICAN in the upcoming primaries.,0.0,"['The post is expressing a political opinion without targeting any specific group, so it is not hate speech.', ""The use of the word 'traitors' could be seen as offensive, but it is not directed at a protected group, so it is not hate speech."", 'The post is encouraging political participation, which is a form of free speech, not hate speech.', 'There is no call for violence or physical harm in the post, so it is not hate speech.', 'The post does not demean or degrade individuals based on race, ethnicity, gender, religion, or sexual orientation, so it is not hate speech.', ""The term 'traitors' is used in a political context and does not constitute hate speech."", 'The post is focused on political strategy rather than attacking any group, so it is not hate speech.', 'The language used is strong but not vulgar or profane, so it is not hate speech.', 'The post is a critique of political actions rather than an attack on personal characteristics, so it is not hate speech.', 'The post is likely to be interpreted as a political statement rather than hate speech.']","[0, 0, 0, 0, 0, 0, 0, 0, 0, 0]","The post is primarily a political statement encouraging support for a particular party and criticizing political opponents. It does not contain elements that typically constitute hate speech, such as demeaning language towards protected groups, calls for violence, or vulgarity directed at individuals or groups. The use of the term 'traitors' is politically charged but not inherently hate speech. Overall, the post is likely to be seen as non-hate speech by annotators.",0.0,0.0
215,24672,"US ends all funding to UN agency for “Palestinian” “refugees”SEP 1, 2018 This is long overdue. Only among the “Palestinians” is “refugee” status passed down to children, grandchildren, and great-grandchildren. Millions of people were displaced after World War II, but they moved elsewhere and got on with their lives. Not the “Palestinians,” because they were and are a weapon of the jihad. http...",0.6,"[""The post uses quotation marks around 'Palestinians' and 'refugees' to delegitimize their identity, which could be seen as an assault on human dignity."", 'The post suggests that Palestinians are unique in maintaining refugee status across generations, which could be interpreted as a factual statement rather than hate speech.', ""The post implies that Palestinians are used as a 'weapon of the jihad,' which could be seen as a derogatory stereotype and an assault on human dignity."", 'The post does not contain any explicit calls for violence, so it may not qualify as hate speech under that criterion.', 'The use of quotation marks could be interpreted as sarcastic or dismissive, which might be offensive but not necessarily hate speech.', 'The post compares Palestinians to other displaced groups post-World War II, which could be seen as a historical comparison rather than hate speech.', ""The post's language could be seen as inflammatory and contributing to negative stereotypes about Palestinians, which might be considered hate speech."", 'The post does not use vulgar or explicitly offensive language, which might lead some to label it as non-hate speech.', ""The post's criticism of UN funding could be seen as a political opinion rather than hate speech."", ""The post's tone and language might be interpreted as perpetuating harmful stereotypes, leading some to label it as hate speech.""]","[1, 0, 1, 0, 0, 0, 1, 0, 0, 1]","1. The post uses quotation marks around 'Palestinians' and 'refugees' to delegitimize their identity, which could be seen as an assault on human dignity. (Label: 1)
2. The post suggests that Palestinians are unique in maintaining refugee status across generations, which could be interpreted as a factual statement rather than hate speech. (Label: 0)
3. The post implies that Palestinians are used as a 'weapon of the jihad,' which could be seen as a derogatory stereotype and an assault on human dignity. (Label: 1)
4. The post does not contain any explicit calls for violence, so it may not qualify as hate speech under that criterion. (Label: 0)
5. The use of quotation marks could be interpreted as sarcastic or dismissive, which might be offensive but not necessarily hate speech. (Label: 0)
6. The post compares Palestinians to other displaced groups post-World War II, which could be seen as a historical comparison rather than hate speech. (Label: 0)
7. The post's language could be seen as inflammatory and contributing to negative stereotypes about Palestinians, which might be considered hate speech. (Label: 1)
8. The post does not use vulgar or explicitly offensive language, which might lead some to label it as non-hate speech. (Label: 0)
9. The post's criticism of UN funding could be seen as a political opinion rather than hate speech. (Label: 0)
10. The post's tone and language might be interpreted as perpetuating harmful stereotypes, leading some to label it as hate speech. (Label: 1)",0.4,0.19999999999999996
216,24675,"Appeasement has no upside . Pure as driven snow FaceBook  XXXXXXXXXXXXXXXXXX The United Nations has warned Facebook that it risks being dragged into international war crimes trials for its role in future human rights violations, as it called on the social network to address hate speech more quickly. Zeid Ra'ad Al-Hussein, the UN’s human rights chief, said the company risked becoming an acc...",0.0,"[""The post is a critique of Facebook's handling of hate speech, not hate speech itself."", 'The post does not target any specific group or individual, so it is not hate speech.', ""The mention of 'appeasement' could be interpreted as a call for inaction, but it does not incite violence."", 'The post discusses a serious issue regarding human rights and does not use offensive language.', 'The post is informative and raises awareness about the potential consequences of inadequate hate speech management.', 'The post does not demean or degrade any group based on protected characteristics.', 'The post could be seen as a warning against complacency in addressing hate speech, not as hate speech itself.', 'The language used in the post is neutral and does not contain slurs or vulgarity.', 'The post highlights a concern about future human rights violations, which is a legitimate topic of discussion.', 'The post does not exhibit any characteristics of hate speech as it focuses on accountability and responsibility.']","[0, 0, 0, 0, 0, 0, 0, 0, 0, 0]","The post is primarily a critique of Facebook's handling of hate speech and a warning about potential consequences if not addressed. It does not target any specific group or individual, nor does it use offensive language or incite violence. The language is neutral, and the focus is on accountability and responsibility, making it non-hate speech.",0.0,0.0
217,24678,"Another  fascist  'newspaper'  nears death,   Has a long history of publishing idiots  https://www.cjr.org/business_of_news/village-voice...",0.8,"[""The post uses the term 'fascist' to describe a newspaper, which could be seen as an assault on human dignity if it targets a specific group unfairly."", ""The use of 'idiots' is offensive language but not necessarily hate speech as it doesn't target a protected group."", 'The post does not call for violence or incite harm against any individuals or groups.', ""The term 'fascist' is often used in political discourse and may not be intended as hate speech but rather as a strong political opinion."", 'The post criticizes a newspaper, which is a public entity, and does not target individuals based on protected characteristics.', 'The language used is harsh and derogatory but does not meet the threshold for hate speech as it lacks targeting of protected groups.', ""The post could be interpreted as hate speech if 'fascist' is seen as demeaning to individuals associated with the newspaper."", ""The post's link to an article may provide context that could influence whether it is seen as hate speech, but the post itself lacks clear hate speech elements."", ""The post's tone is negative and critical but does not explicitly degrade individuals based on race, ethnicity, or other protected characteristics."", ""The post may be seen as part of a broader political debate rather than hate speech, focusing on the newspaper's perceived ideology.""]","[0, 0, 0, 0, 0, 0, 1, 0, 0, 0]","1. The post uses the term 'fascist' to describe a newspaper, which could be seen as an assault on human dignity if it targets a specific group unfairly. (Label: 0)
2. The use of 'idiots' is offensive language but not necessarily hate speech as it doesn't target a protected group. (Label: 0)
3. The post does not call for violence or incite harm against any individuals or groups. (Label: 0)
4. The term 'fascist' is often used in political discourse and may not be intended as hate speech but rather as a strong political opinion. (Label: 0)
5. The post criticizes a newspaper, which is a public entity, and does not target individuals based on protected characteristics. (Label: 0)
6. The language used is harsh and derogatory but does not meet the threshold for hate speech as it lacks targeting of protected groups. (Label: 0)
7. The post could be interpreted as hate speech if 'fascist' is seen as demeaning to individuals associated with the newspaper. (Label: 1)
8. The post's link to an article may provide context that could influence whether it is seen as hate speech, but the post itself lacks clear hate speech elements. (Label: 0)
9. The post's tone is negative and critical but does not explicitly degrade individuals based on race, ethnicity, or other protected characteristics. (Label: 0)
10. The post may be seen as part of a broader political debate rather than hate speech, focusing on the newspaper's perceived ideology. (Label: 0)",0.1,0.7000000000000001
218,25142,"get ur troll skills up you methed out fake as white supremacist hahaha a roach got more balls then u bahahahahaha lil bitch boy, go home to daddy ",0.6,"['The post uses derogatory language and insults, but it is more of a personal attack rather than hate speech targeting a protected group.', ""The term 'white supremacist' is used, which could be seen as an attack on a racial group, potentially qualifying as hate speech."", 'The post contains vulgar and offensive language, which might be considered hate speech due to its aggressive tone.', ""The use of 'methed out' could be interpreted as a slur against individuals with substance abuse issues, which might be seen as demeaning."", 'The post does not explicitly call for violence, so it may not meet the criteria for hate speech in that aspect.', 'The language is aggressive and demeaning, but it targets an individual rather than a group, which might not qualify as hate speech.', ""The post's use of 'roach' as an insult could be seen as dehumanizing, potentially qualifying as hate speech."", ""The phrase 'go home to daddy' is offensive but does not target a protected characteristic, so it may not be hate speech."", ""The post's overall tone is hostile and derogatory, which could be interpreted as hate speech by some annotators."", 'The post lacks context, making it difficult to determine if it is hate speech, leading to potential disagreement among annotators.']","[0, 1, 1, 1, 0, 0, 1, 0, 1, 0]","1. The post uses derogatory language and insults, but it is more of a personal attack rather than hate speech targeting a protected group. (Label: 0)
2. The term 'white supremacist' is used, which could be seen as an attack on a racial group, potentially qualifying as hate speech. (Label: 1)
3. The post contains vulgar and offensive language, which might be considered hate speech due to its aggressive tone. (Label: 1)
4. The use of 'methed out' could be interpreted as a slur against individuals with substance abuse issues, which might be seen as demeaning. (Label: 1)
5. The post does not explicitly call for violence, so it may not meet the criteria for hate speech in that aspect. (Label: 0)
6. The language is aggressive and demeaning, but it targets an individual rather than a group, which might not qualify as hate speech. (Label: 0)
7. The post's use of 'roach' as an insult could be seen as dehumanizing, potentially qualifying as hate speech. (Label: 1)
8. The phrase 'go home to daddy' is offensive but does not target a protected characteristic, so it may not be hate speech. (Label: 0)
9. The post's overall tone is hostile and derogatory, which could be interpreted as hate speech by some annotators. (Label: 1)
10. The post lacks context, making it difficult to determine if it is hate speech, leading to potential disagreement among annotators. (Label: 0)",0.5,0.09999999999999998
219,25147,"30 odd years ago when I worked retail,  we had a work birthday for a colleague. Someone had the bright idea for an erotic cake. A giant sheet cake with a pair of boobs. It was hilarious and quite tasty. Could you even do that nowadays?",0.0,"['The post is a harmless anecdote about a past event and does not contain any hate speech.', 'The post reflects on changing social norms and does not demean any group, so it is not hate speech.', ""The mention of an 'erotic cake' could be seen as vulgar, but it is not directed at any individual or group, so it is not hate speech."", 'The post does not call for violence or harm against any group, so it is not hate speech.', 'The post could be interpreted as questioning modern sensitivity, but it does not degrade any group, so it is not hate speech.', 'The post is a light-hearted reflection on past workplace culture and does not contain hate speech.', 'The post does not use offensive language or slurs, so it is not hate speech.', 'The post could be seen as inappropriate by some, but it does not meet the criteria for hate speech.', 'The post is a personal story and does not target any protected characteristic, so it is not hate speech.', 'The post does not exhibit any aspects of hate speech, as it is a simple reminiscence.']","[0, 0, 0, 0, 0, 0, 0, 0, 0, 0]","The post is a personal anecdote about a past workplace event involving an 'erotic cake.' It reflects on changing social norms and questions whether such an event would be acceptable today. The post does not contain any language or content that degrades or demeans individuals or groups based on protected characteristics, nor does it incite violence or use offensive language directed at any group. Therefore, it is not considered hate speech.",0.0,0.0
