,ID,Text,Hate_pos,Hate_neg,Hate_pos_LLM,Hate_neg_LLM,Reasoning_LLM,Raw_output_LLM,Hate_pos_diff
0,761,Well... fuck you too Spotify. A disgusting picture designed to humiliate the White people of Australia...,0.6,0.4,0.6,0.4,"The post contains offensive language ('fuck you') and expresses a sentiment that could be interpreted as demeaning towards a racial group ('humiliate the White people of Australia'). This could be seen as an assault on human dignity, depending on the context of the 'disgusting picture' mentioned. However, the post does not explicitly call for violence. The ambiguity lies in the interpretation of the picture's intent and the severity of the language, which may lead to some disagreement among annotators.","The post uses vulgar language and suggests that a picture is intended to humiliate a racial group, which could be seen as an assault on human dignity. However, it does not call for violence. The offensive language and the context of the picture's intent may lead to some annotators viewing it as hate speech, while others may not, resulting in moderate disagreement.",0.0
1,1303,"A White House petition calling on Congress to defend free speech online is set to surpass 100,000 signatures by the end of today, just three days after it was launched. https://www.infowars.com/white-house-petition-to-d...",0.0,1.0,0.1,0.9,"The post is a straightforward report about a White House petition related to free speech online. It does not contain any language that assaults human dignity, calls for violence, or uses vulgar or offensive language. The content is neutral and factual, focusing on the number of signatures a petition has received. Therefore, it is likely to be classified as not hate speech by the majority of annotators, resulting in low disagreement.","The post is a straightforward report about a White House petition related to free speech online. It does not contain any language that assaults human dignity, calls for violence, or uses vulgar or offensive language. The content is neutral and factual, focusing on the number of signatures a petition has received. Therefore, it is likely to be classified as not hate speech by the majority of annotators, resulting in low disagreement.",0.1
2,1313,No humans can deliver God’s word. Read the gospels and interpret them in you heart. After the last apostle died man was on his own. Humans to flawed to preach.,0.0,1.0,0.1,0.9,"The post does not contain any language that assaults human dignity, calls for violence, or uses vulgar or offensive language. It expresses a religious opinion about the interpretation of religious texts and the role of humans in delivering religious messages. This is likely to be seen as a personal belief rather than hate speech, leading to low disagreement among annotators.","The post is a religious opinion about the interpretation of religious texts and the role of humans in delivering religious messages. It does not contain any language that assaults human dignity, calls for violence, or uses vulgar or offensive language. Therefore, it is unlikely to be classified as hate speech by most annotators, leading to low disagreement. The predicted percentages are [0.1, 0.9], with 10% classifying it as hate speech and 90% not classifying it as hate speech.",0.1
3,1314,"There is no such thing as a free society , Islam and communism need to go not compatible. If the United States is to survive they must be banned",0.4,0.6,0.6,0.4,"The post suggests that Islam and communism are incompatible with a free society and calls for their banning in the United States. This can be seen as an assault on human dignity, particularly targeting a religious group (Islam) and a political ideology (communism). The post does not explicitly call for violence, but the suggestion of banning can be interpreted as a form of exclusion or discrimination. The language is not overtly vulgar or offensive, but the implications of the message can be seen as degrading to those who identify with Islam or communism. Given the potential for different interpretations of whether this constitutes hate speech, there is likely to be moderate disagreement among annotators.","The post suggests that Islam and communism are incompatible with a free society and calls for their banning in the United States. This can be seen as an assault on human dignity, particularly targeting a religious group (Islam) and a political ideology (communism). The post does not explicitly call for violence, but the suggestion of banning can be interpreted as a form of exclusion or discrimination. The language is not overtly vulgar or offensive, but the implications of the message can be seen as degrading to those who identify with Islam or communism. Given the potential for different interpretations of whether this constitutes hate speech, there is likely to be moderate disagreement among annotators.",0.19999999999999996
4,1315,John McCain The word Humility does not apply to that family. What a disgrace,0.2,0.8,0.1,0.9,"The post criticizes John McCain and his family by calling them a 'disgrace' and stating that 'humility does not apply to that family.' However, it does not specifically target any protected characteristic such as race, ethnicity, gender, etc., nor does it call for violence or use vulgar language. The criticism is more about personal or political opinion rather than hate speech. Therefore, it is likely that most annotators would not classify this as hate speech, leading to low disagreement.","The post criticizes John McCain and his family, but it does not contain elements that typically constitute hate speech, such as assaults on human dignity based on protected characteristics, calls for violence, or vulgar language. The language used is more of a personal opinion or political critique rather than hate speech. Therefore, it is likely that the majority of annotators would classify this as not hate speech, resulting in low disagreement.",0.1
5,1442,"By nearly every metric, we're doing better under Trump than Obama:    Unemployment at near record lows   Black unemployment at record lows   GDP higher than its been in years   Taxes lower for most people   Stock exchanges at record highs    So why do the left hate him so much?   🤔🤔🤔",0.2,0.8,0.1,0.9,"The post does not contain any explicit assaults on human dignity, calls for violence, or vulgarity/offensive language. It presents a political opinion comparing the performance of two U.S. presidents and questions the opposition's dislike for one of them. The language used is neutral and factual, focusing on economic metrics. Therefore, it is unlikely to be classified as hate speech by most annotators, leading to low disagreement.","The post is a political opinion piece that compares the economic performance under two U.S. presidents, Trump and Obama. It lists several economic indicators and questions why there is opposition to Trump. The post does not contain any language that degrades or demeans individuals or groups based on protected characteristics, nor does it incite violence or use offensive language. As such, it is unlikely to be classified as hate speech by most annotators, resulting in low disagreement. The predicted percentages are [0.1, 0.9], indicating that 10% might see it as hate speech due to potential political bias, while 90% would not classify it as hate speech.",0.1
6,1678,"free speech Twitter alternative Gab. Although Gab has experienced a surge of users following the big tech blacklisting of Alex Jones, as well as a wave of users from Kenya and Brazil following social media crackdowns related to those countries",0.2,0.8,0.1,0.9,"The post discusses the platform Gab as a free speech alternative to Twitter, mentioning an increase in users following certain events. It does not contain any language that assaults human dignity, calls for violence, or uses vulgar or offensive language. The post is informational and does not exhibit characteristics of hate speech, leading to a likely consensus among annotators that it is not hate speech.","The post is informational and does not contain elements of hate speech. It discusses the growth of a social media platform without demeaning individuals or groups, inciting violence, or using offensive language. Therefore, it is likely that the majority of annotators would classify it as not hate speech, resulting in low disagreement.",0.1
7,2059,Study: Google Pushes Liberal News in Top 5 Search Suggestions via @descarteslover http://bit.ly/2NAEfo6,0.0,1.0,0.1,0.9,"The post does not contain any language that assaults human dignity, calls for violence, or uses vulgar or offensive language. It simply reports on a study about Google's search suggestions, which is a topic related to media bias but not inherently hate speech. Therefore, it is likely that most annotators would not classify this as hate speech, resulting in low disagreement.","The post discusses a study about Google's search suggestions and implies a bias towards liberal news. It does not contain any elements that would typically be classified as hate speech, such as demeaning language, calls for violence, or offensive language. The topic of media bias is a common subject of discussion and does not inherently involve hate speech. Therefore, it is expected that the majority of annotators would agree that this post is not hate speech, leading to a low level of disagreement among them.",0.1
8,2060,"Abortion: The Left tried to get Legislation passed, they lost. Went to a Liberal Supreme Court and forced it on us.  Gay Marriage: Tried to pass it in States, they lost. Tried to pass it in Congress, they lost.  Went to a Liberal Judge and forced it on us.   Trump: They lost to him now they seek to remove him from office. Are you seeing a pattern here?",0.2,0.8,0.1,0.9,"The post primarily expresses a political opinion and critique of certain legal and political processes. It does not contain language that assaults human dignity, calls for violence, or uses vulgar or offensive language. The post is likely to be interpreted as a political commentary rather than hate speech, leading to low disagreement among annotators.","The post critiques the processes by which certain social and political changes have been implemented, suggesting a pattern of using judicial means to achieve outcomes not won through legislation or elections. It does not explicitly demean or degrade individuals or groups based on protected characteristics, nor does it incite violence or use offensive language. As such, it is unlikely to be classified as hate speech by most annotators, resulting in a prediction of low disagreement and a higher percentage of annotators classifying it as not hate speech.",0.1
9,2062,I am a Roman Catholic.  Our church is corrupt.  We need reformation.,0.4,0.6,0.1,0.9,"The post expresses a critical opinion about the Roman Catholic Church, calling it corrupt and suggesting the need for reformation. However, it does not demean or degrade individuals or groups based on protected characteristics, nor does it incite violence or use vulgar language. The post is a critique of an institution rather than an attack on a group of people, which is likely to lead to a consensus among annotators that it is not hate speech.","The post is a personal opinion about the Roman Catholic Church, expressing dissatisfaction and a desire for change. It does not contain elements that typically constitute hate speech, such as demeaning language towards a protected group, calls for violence, or offensive language. Therefore, it is likely that most annotators would not classify this as hate speech, resulting in low disagreement.",0.30000000000000004
10,2063,"In America, Right Wing can best be described as people who are self-sufficient and want to be left alone.  Left Wing is best described as people who are dependent and want to tell everyone else what to do.",0.6,0.4,0.1,0.9,"The post presents a stereotypical and oversimplified view of political ideologies, but it does not explicitly demean or degrade individuals based on protected characteristics, nor does it call for violence or use vulgar language. The content is more of a political opinion rather than hate speech, and it is likely to be classified as not hate speech by most annotators. Therefore, there is likely to be low disagreement among annotators, with the majority classifying it as not hate speech.","The post is a political opinion that simplifies and stereotypes political ideologies. It does not contain elements that typically constitute hate speech, such as assaults on human dignity, calls for violence, or vulgar language. As such, it is likely to be classified as not hate speech by most annotators, resulting in low disagreement. The predicted percentages are [0.1, 0.9], indicating that 10% of annotators might classify it as hate speech due to potential perceived bias, while 90% would classify it as not hate speech.",0.5
11,2064,"If we are to succeed in Making America Great Again, we have to put a lot of effort into making Americans Great Again.",0.2,0.8,0.1,0.9,"The post does not explicitly demean or degrade any individuals or groups based on protected characteristics, nor does it incite violence or use vulgar language. The phrase 'Making America Great Again' is a political slogan that can be interpreted in various ways, but in this context, it does not contain elements of hate speech. Therefore, it is likely that most annotators would not classify this post as hate speech, resulting in low disagreement.","The post is a political statement that emphasizes the need for effort in improving the country and its citizens. It lacks any direct or indirect assaults on human dignity, calls for violence, or use of offensive language. While the phrase 'Making America Great Again' can be polarizing, it does not inherently constitute hate speech in this context. Thus, the post is likely to be classified as not hate speech by the majority of annotators, with low disagreement expected.",0.1
12,2065,"IMO-If there is anything good anywhere in the world, America had something to do with it.",0.0,1.0,0.1,0.9,"The post expresses a strong opinion about America's positive influence on global affairs. It does not contain any language that assaults human dignity, calls for violence, or uses vulgar or offensive language. The statement is more likely to be interpreted as a nationalistic opinion rather than hate speech. Therefore, it is expected that the majority of annotators would classify this post as not hate speech, resulting in low disagreement.","The post is a nationalistic statement that praises America's influence on global affairs. It does not demean or degrade any individuals or groups, nor does it incite violence or use offensive language. The content is clear and unlikely to be interpreted as hate speech, leading to a consensus among annotators.",0.1
13,2066,"IMO-If the Establishment media stops bashing Trump, that's when we should be concerned.",0.2,0.8,0.1,0.9,"The post does not contain any explicit assaults on human dignity, calls for violence, or vulgarity/offensive language. It expresses an opinion about media coverage of a political figure, which is a common topic in political discourse. The language used is not demeaning or degrading to any individual or group based on protected characteristics, nor does it incite violence. Therefore, it is likely to be classified as not hate speech by the majority of annotators, resulting in low disagreement.","The post is a commentary on media behavior towards a political figure, Donald Trump. It suggests that media criticism is expected and implies that a lack of criticism would be concerning. This is a subjective opinion about media dynamics and does not contain elements typically associated with hate speech. As such, it is unlikely to be classified as hate speech by most annotators.",0.1
14,2467,This guy:'All the best Europeans stayed in Europe'Also this guy:'I'm an American'LMAOOOO!!,0.2,0.8,0.1,0.9,"The post appears to be a humorous or sarcastic commentary on a perceived contradiction in someone's statements about Europeans and Americans. It does not explicitly demean or degrade individuals or groups based on protected characteristics, nor does it incite violence or use vulgar language. The humor may be interpreted differently by individuals, but it is unlikely to be classified as hate speech by most annotators.","The post uses humor and sarcasm to point out a contradiction in someone's statements. It does not contain elements that typically constitute hate speech, such as demeaning language, calls for violence, or vulgarity. Therefore, it is likely that the majority of annotators would not classify this post as hate speech, resulting in low disagreement. The predicted percentages are [0.1, 0.9], with 10% potentially seeing it as hate speech due to subjective interpretations of the humor, and 90% not seeing it as hate speech.",0.1
15,3077,"John Kerry couldn't take out W in the 2004 Presidential election, so how in the hell does he plan to defeat the most popular Republican President in history?Hope he runs.  It would be an easy victory.https://www.cbsnews.com/news/john-kerry-wont-rule-...",0.0,1.0,0.1,0.9,"The post does not contain any language that assaults human dignity, calls for violence, or uses vulgar or offensive language. It is a political opinion about John Kerry's chances in an election, which is a common topic in political discourse. The language used is not demeaning or degrading, nor does it incite violence or use profanity. Therefore, it is likely that the majority of annotators would not classify this as hate speech, leading to low disagreement.","The post is a political commentary on John Kerry's potential candidacy and does not exhibit characteristics of hate speech. It lacks any demeaning language, calls for violence, or offensive language. The content is straightforward and unlikely to be interpreted as hate speech by most annotators, resulting in low disagreement. Predicted percentages: [0.1, 0.9].",0.1
16,3078,So David Brock's shitposters are back?I haven't noticed.,0.0,1.0,0.1,0.9,"The post does not appear to contain any elements of hate speech. It does not demean or degrade individuals or groups based on protected characteristics, nor does it incite violence. The use of the term 'shitposters' could be considered vulgar or offensive, but it is not directed at a specific group in a way that constitutes hate speech. Therefore, it is likely that most annotators would not classify this as hate speech, leading to low disagreement.","The post mentions 'David Brock's shitposters' but does not contain any explicit hate speech elements. The term 'shitposters' is informal and could be seen as offensive, but it is not inherently a hate speech term. The post lacks context that would suggest it is demeaning or inciting violence against a protected group. As such, it is likely that the majority of annotators would not classify this as hate speech, resulting in low disagreement.",0.1
17,3079,I'm sure Bill Clinton has a donut for Ariana Grande to lick...https://www.youtube.com/watch?v=Oja97POVbM8,0.4,0.6,0.1,0.9,"The post makes a reference to a past incident involving Ariana Grande licking a donut, which was widely publicized and criticized. The mention of Bill Clinton could be interpreted as a crude joke, possibly alluding to his past scandals. However, the post does not explicitly demean or degrade any individual or group based on protected characteristics, nor does it call for violence. The language used is not overtly vulgar or offensive, though it may be considered in poor taste. Given the lack of clear hate speech elements, annotators are likely to agree that this post is not hate speech, resulting in low disagreement.","The post references a past incident involving Ariana Grande and makes a suggestive joke involving Bill Clinton. While the joke may be considered in poor taste, it does not explicitly attack or demean any individual or group based on protected characteristics, nor does it incite violence. The language is not overtly vulgar or offensive, though it may be seen as inappropriate by some. Overall, the post lacks clear elements of hate speech, leading to a likely consensus among annotators that it is not hate speech. Therefore, I predict low disagreement with a higher percentage of annotators classifying it as not hate speech.",0.30000000000000004
18,3081,"So the media believes they have a 'gotcha' moment with Trump's off the record comments about the Canadian trade negotiation.But by owning it and admitting he said it, he's sending a message of honesty and transparency.The public knows how important these trade deals are to Trump, so if he'll own that publicly, is there much else he could lie about?Not really.",0.0,1.0,0.1,0.9,"The post discusses a political figure's comments on trade negotiations and frames them in a positive light, emphasizing honesty and transparency. It does not contain any language that assaults human dignity, calls for violence, or uses vulgar or offensive language. The content is straightforward and unlikely to be interpreted as hate speech, leading to a low likelihood of disagreement among annotators.",The post is a commentary on a political figure's actions and does not exhibit characteristics of hate speech. It is likely to be classified as not hate speech by the majority of annotators.,0.1
19,3082,Trump admits that he made the 'off the record' comments regarding the Canadian negotiations...And he doesn't care because he knows we have the stronger negotiating position.This changes nothing and sets the clear tone for what Canada has to do if they want to make a deal.,0.2,0.8,0.1,0.9,"The post discusses a political negotiation scenario involving Trump and Canada. It does not contain any language that assaults human dignity, calls for violence, or uses vulgar or offensive language. The content is straightforward and focuses on political strategy rather than any form of hate speech. Therefore, it is likely that the majority of annotators would not classify this post as hate speech, leading to low disagreement.","The post is a straightforward commentary on political negotiations and does not exhibit characteristics of hate speech. It lacks any demeaning language, incitement to violence, or offensive language. As such, it is unlikely to be classified as hate speech by most annotators, resulting in low disagreement.",0.1
20,3083,Do you need evidence that Progressives are intellectually superior to the rest of us?Here you go:  'Front Hole',0.6,0.4,0.1,0.9,"The post does not explicitly demean or degrade individuals or groups based on protected characteristics, nor does it incite violence. It uses the term 'Front Hole,' which may be considered offensive or vulgar by some, but it is not directed at a specific group in a way that constitutes hate speech. The post seems to be more of a sarcastic or mocking statement rather than a direct attack. Therefore, it is likely that most annotators would not classify this as hate speech, leading to low disagreement.","The post does not explicitly demean or degrade individuals or groups based on protected characteristics, nor does it incite violence. It uses the term 'Front Hole,' which may be considered offensive or vulgar by some, but it is not directed at a specific group in a way that constitutes hate speech. The post seems to be more of a sarcastic or mocking statement rather than a direct attack. Therefore, it is likely that most annotators would not classify this as hate speech, leading to low disagreement.",0.5
21,3251,Fantastic investigative work done by Corey Lynn: Connecting the dots between the global warming scam and child trafficking..Clinton connection of course. Shipwrecked on Ten Islands with Clinton's and Brandson https://coreysdigs.com/clinton-foundation/shipwrec...,0.0,1.0,0.1,0.9,"The post does not contain any explicit assaults on human dignity, calls for violence, or vulgarity/offensive language. It appears to be a conspiracy theory post linking global warming and child trafficking with the Clintons, which may be seen as misleading or false information but does not meet the criteria for hate speech. Therefore, it is likely that most annotators would not classify this as hate speech, resulting in low disagreement.","The post discusses a conspiracy theory involving global warming, child trafficking, and the Clintons. It does not contain explicit hate speech elements such as demeaning language, calls for violence, or offensive language. The content is more likely to be seen as misinformation rather than hate speech, leading to a prediction of low disagreement among annotators. The estimated percentages are 10% for hate speech and 90% for not hate speech.",0.1
22,3252,Antifa Protesting George Soros for non payment. Soros where's our money...... https://twitter.com/Jamierodr10/status/10356866243...,0.0,1.0,0.1,0.9,"The post does not contain any explicit assaults on human dignity, calls for violence, or vulgarity/offensive language. It appears to be a satirical or humorous comment about Antifa and George Soros, which may be interpreted as a political statement rather than hate speech. The lack of direct hate speech elements suggests that most annotators would not classify it as hate speech, leading to low disagreement.","The post is a satirical comment about Antifa and George Soros, suggesting a humorous or sarcastic tone rather than hate speech. It does not contain explicit hate speech elements such as assaults on human dignity, calls for violence, or vulgarity. Therefore, it is likely that most annotators would not classify it as hate speech, resulting in low disagreement.",0.1
23,3423,"A top #Israeli #soccer team has added ""#Trump"" to their name in honor of the U.S. president:  https://www.mirror.co.uk/sport/football/news/top-israeli-football-team-adds-12529965",0.0,1.0,0.05,0.95,"The post is a straightforward news update about an Israeli soccer team adding 'Trump' to their name in honor of the U.S. president. It does not contain any language that assaults human dignity, calls for violence, or uses vulgar or offensive language. The content is neutral and factual, making it unlikely to be classified as hate speech by most annotators. Therefore, there is likely to be low disagreement among annotators, with the majority classifying it as not hate speech.","The post is a straightforward news update about an Israeli soccer team adding 'Trump' to their name in honor of the U.S. president. It does not contain any language that assaults human dignity, calls for violence, or uses vulgar or offensive language. The content is neutral and factual, making it unlikely to be classified as hate speech by most annotators. Therefore, there is likely to be low disagreement among annotators, with the majority classifying it as not hate speech.",0.05
24,3842,SIGN PETITION! Protect Free Speech in the Digital Public Square  https://petitions.whitehouse.gov/petition/protect-...,0.0,1.0,0.1,0.9,"The post is a call to action to sign a petition to protect free speech. It does not contain any language that assaults human dignity, calls for violence, or uses vulgar or offensive language. The content is straightforward and does not exhibit characteristics of hate speech, leading to a likely consensus among annotators that it is not hate speech.","The post is a straightforward call to action to sign a petition related to free speech. It does not contain any elements that would typically be classified as hate speech, such as demeaning language, incitement to violence, or offensive language. Therefore, it is likely that the majority of annotators would agree that this post is not hate speech, resulting in low disagreement. The predicted percentages are [0.1, 0.9], indicating that 10% might classify it as hate speech due to potential concerns about the context of 'free speech' discussions, but 90% would not classify it as hate speech.",0.1
25,3844,"I'd Leave! A plan to merge T-Mobile 7 Sprint, 2 billion dollar wireless conglomerates, will result in the loss of nearly 29,000 American jobs, a report by the leading union for communication workers reveals. https://www.breitbart.com/big-government/2018/08/3...",0.2,0.8,0.1,0.9,"The post discusses a merger between T-Mobile and Sprint and its potential impact on American jobs. It does not contain any language that assaults human dignity, calls for violence, or uses vulgar or offensive language. The content is factual and related to economic and employment issues, which are not typically associated with hate speech. Therefore, it is likely that the majority of annotators would not classify this post as hate speech, resulting in low disagreement.","The post is about a corporate merger and its economic implications, specifically job losses. It does not contain elements of hate speech as defined by the aspects provided. The language is neutral and factual, focusing on the business and employment impact rather than any group or individual. This would likely lead to a consensus among annotators that it is not hate speech.",0.1
26,3845,"2/3 of Republicans and a 1/3 of independents think special counsel Robert Mueller’s #Russia investigation should be shut down, according to a new Axios poll. https://www.breitbart.com/big-government/2018/08/3...",0.0,1.0,0.0,1.0,"The post is a factual statement about a poll result regarding opinions on the Mueller investigation. It does not contain any language that assaults human dignity, calls for violence, or uses vulgar or offensive language. Therefore, it is unlikely to be classified as hate speech by annotators, leading to low disagreement and a high consensus that it is not hate speech.","The post is a factual statement about a poll result regarding opinions on the Mueller investigation. It does not contain any language that assaults human dignity, calls for violence, or uses vulgar or offensive language. Therefore, it is unlikely to be classified as hate speech by annotators, leading to low disagreement and a high consensus that it is not hate speech.",0.0
27,3846,Neil Armstrong Movie Starring Canadian Ryan Gosling Doesn’t Feature planting of American Flag on Moon Surface #BoycottFirstMan https://www.breitbart.com/big-hollywood/2018/08/30...,0.0,1.0,0.1,0.9,"The post does not contain any explicit assaults on human dignity, calls for violence, or vulgarity and offensive language. It appears to be a statement about a movie and a call to boycott it, which is a form of protest rather than hate speech. The hashtag #BoycottFirstMan suggests a political or cultural disagreement rather than hate speech. Therefore, it is likely that most annotators would not classify this as hate speech, leading to low disagreement.","The post discusses a movie and a perceived omission of a historical event, which some may find controversial. However, it does not contain language that degrades individuals or groups, incites violence, or uses offensive language. The call to boycott is a form of protest, not hate speech. Thus, it is likely that 10% of annotators might see it as hate speech due to the political nature of the boycott, while 90% would not.",0.1
28,3847,"In-N-Out Refuses to Back Down, Responds to Democrats Boycotting Them with Fierce Statement.  Yikes. That’s the chair of the California Democratic Party acting like he’s ten years old. https://www.chicksonright.com/youngcons/2018/08/31...",0.4,0.6,0.1,0.9,"The post does not contain any explicit assaults on human dignity, calls for violence, or vulgarity/offensive language. It appears to be a commentary on a political situation involving a boycott and a response from a company, with a critical remark about a political figure's behavior. The language used is not inherently hateful or degrading, and the post seems to be more of a political opinion or critique rather than hate speech. Therefore, it is likely that most annotators would not classify this as hate speech, leading to low disagreement.","The post discusses a political situation involving a boycott and a company's response, with a critical remark about a political figure's behavior. It does not contain explicit hate speech elements such as assaults on human dignity, calls for violence, or vulgarity. The language is more of a political critique rather than hate speech, suggesting low disagreement among annotators.",0.30000000000000004
29,4260,Change My Mind: Trump Is Not A Fascist https://www.blazingcatfur.ca/2018/09/01/change-my-...,0.0,1.0,0.1,0.9,"The post appears to be a statement inviting discussion or debate about whether Trump is a fascist. It does not contain any explicit assaults on human dignity, calls for violence, or vulgarity/offensive language. The phrase 'Change My Mind' suggests an openness to dialogue rather than a definitive statement of hate speech. Therefore, it is likely that most annotators would not classify this as hate speech, leading to low disagreement.","The post 'Change My Mind: Trump Is Not A Fascist' is likely to be interpreted as a prompt for discussion rather than an expression of hate speech. It does not contain language that degrades individuals or groups, incites violence, or uses offensive language. As such, it is expected that a majority of annotators would classify it as not hate speech, resulting in low disagreement. Predicted percentages: [0.1, 0.9].",0.1
30,4351,"While Democrats play the race card, we play the Trump cardJobs, Jobs, Jobs, equals a win for all https://canadafreepress.com/article/jobs-jobs-jobs...",0.4,0.6,0.1,0.9,"The post does not contain any explicit assaults on human dignity, calls for violence, or vulgarity/offensive language. It appears to be a political statement contrasting Democrats and Trump supporters, focusing on job creation. The phrase 'play the race card' could be seen as dismissive of racial issues, but it is not overtly demeaning or degrading. Therefore, it is likely to be classified as not hate speech by most annotators, with low disagreement.","The post contrasts political strategies, mentioning 'race card' and 'Trump card' in the context of job creation. It lacks explicit hate speech elements like demeaning language, calls for violence, or vulgarity. The phrase 'play the race card' might be seen as dismissive but not overtly hateful. Likely low disagreement among annotators, with most classifying it as not hate speech.",0.30000000000000004
31,4352,"Trump threatens to withdraw from World Trade Organization If the World Trade Organization doesn't 'shape up,' President Donald Trump told Bloomberg he would pull the United States out. https://www.cnbc.com/2018/08/30/trump-threatens-to...",0.0,1.0,0.1,0.9,"The post is a straightforward news report about a statement made by President Donald Trump regarding the World Trade Organization. It does not contain any language that assaults human dignity, calls for violence, or uses vulgar or offensive language. Therefore, it is unlikely to be classified as hate speech by most annotators, leading to low disagreement.","The post is a news report about President Donald Trump's statement on the World Trade Organization. It does not contain any elements of hate speech, such as assaults on human dignity, calls for violence, or vulgar language. As a result, it is expected that the majority of annotators would classify it as not hate speech, resulting in low disagreement.",0.1
32,4353,"DIGITAL DETOXIFY: Britain's Scroll Free SeptemberLOL! Social Media Suppression Here to Save Your Body Image,  Not the Nation Scroll Free September wants people to only give up social media activity for a month. https://canadafreepress.com/article/lol-social-med...",0.0,1.0,0.0,1.0,"The post is a commentary on a social media campaign called 'Scroll Free September' and does not contain any elements of hate speech. It does not demean or degrade any individuals or groups, nor does it incite violence or use vulgar or offensive language. The content is straightforward and unlikely to be interpreted as hate speech, leading to a low disagreement among annotators.",The post discusses a social media campaign and does not exhibit any characteristics of hate speech. It is unlikely to be classified as hate speech by annotators.,0.0
33,4354,Explosive Ivy League Study Repressed For Finding Transgender Kids May Be A Social Contagion http://thefederalist.com/2018/08/31/explosive-ivy-...,0.4,0.6,0.4,0.6,"The post references a controversial study about transgender kids, which may be interpreted as demeaning or degrading to transgender individuals by suggesting their identity is a 'social contagion.' This could be seen as an assault on human dignity. However, the post itself does not contain explicit calls for violence or use vulgar or offensive language. The interpretation of the post as hate speech may vary based on the reader's views on the legitimacy and implications of the study, leading to moderate disagreement among annotators.","The post discusses a study about transgender kids and uses the term 'social contagion,' which can be seen as demeaning to transgender individuals. This aspect may lead some annotators to classify it as hate speech due to perceived assaults on human dignity. However, the post lacks explicit calls for violence or vulgar language, which might lead others to classify it as not hate speech. The disagreement is moderate, as the interpretation depends on the reader's perspective on the study's implications.",0.0
34,4355,"President Trump has a little can of whoopass for Cuba, Venezuela and Nicaragua...By Monica Showalter President Trump has always been adept at spotting talent, and he's reeled in a big one with his new appointment of Mauricio Claver-Carone, to the top White House post on Latin America.  https://www.americanthinker.com/blog/2018/08/presi......",0.0,1.0,0.1,0.9,"The post does not contain any explicit assaults on human dignity, calls for violence, or vulgarity and offensive language. The phrase 'little can of whoopass' is colloquial and may be interpreted as a metaphor for taking strong action or being assertive, rather than a literal call for violence. The post is more focused on political appointments and strategy rather than hate speech. Therefore, it is likely to be classified as not hate speech by most annotators, resulting in low disagreement.","The post discusses President Trump's political strategy and appointments, using a colloquial phrase that is not inherently violent or offensive. It lacks elements of hate speech, such as demeaning language or incitement to violence, leading to a prediction of low disagreement among annotators.",0.1
35,4358,"ELYRIA — A former Oberlin College instructor and an activist for indigenous people was sentenced to prison for stealing more than $77,000 in federal grants designed to help Native Americans. http://www.chroniclet.com/cops-and-courts/2018/08/...",0.2,0.8,0.1,0.9,"The post is a straightforward news report about a former instructor being sentenced for stealing federal grants. It does not contain any language that assaults human dignity, calls for violence, or uses vulgar or offensive language. The content is factual and lacks any elements that would typically be associated with hate speech. Therefore, it is likely that the majority of annotators would classify this post as not hate speech, resulting in low disagreement.","The post is a factual news report about a legal case involving theft of federal grants. It does not contain any elements of hate speech, such as assaults on human dignity, calls for violence, or vulgar language. The content is clear and straightforward, leading to a likely consensus among annotators that it is not hate speech. Therefore, I predict a low percentage of annotators would classify it as hate speech, with the majority recognizing it as a non-hate speech post.",0.1
36,4359,We are trying very hard to keep a straightface but we had to add this news. An animal rights advocate wants to place a roadside memorial in Maine to remember thousands of lobsters killed in a highway wreck Weird that they didn't say a damn thing about muzzie s torturing and killing all those animals a few days ago. http://www.dailymail.co.uk/news/article-6115919/PE......,0.0,1.0,0.7,0.3,"The post contains a derogatory term 'muzzie' which is a slur against Muslims, falling under the category of 'Assaults on Human Dignity'. This use of offensive language is likely to be interpreted as hate speech by a significant portion of annotators. However, the post does not explicitly call for violence or use vulgar language beyond the slur. The context of comparing animal rights advocacy to a perceived lack of concern for animal welfare by Muslims may lead to some disagreement among annotators, but the presence of the slur suggests a higher likelihood of being classified as hate speech.","The post uses a derogatory term 'muzzie' which is a slur against Muslims, indicating an assault on human dignity. This aspect of the post is likely to be interpreted as hate speech by many annotators. However, the post does not explicitly call for violence or use vulgar language beyond the slur. The context of the post, which contrasts animal rights advocacy with a perceived lack of concern for animal welfare by Muslims, may lead to some disagreement among annotators. Despite this, the presence of the slur suggests a higher likelihood of being classified as hate speech, leading to an estimated 70% of annotators labeling it as such, while 30% may not due to the lack of explicit calls for violence or additional offensive language.",0.7
37,4360,"If the regressive socialist marxist dems go back any further into his background I'm sure they will find out he used to play cowboys and Indians when he was a kid. Of course he played the part of the cowboy so you will hear them say he's prejudice, hates Indians and poc Senate Democrats call Nixon lawyer John Dean to testify at Kavanaugh hearing https://www.washingtonexaminer.com/news/senate-d...",0.4,0.6,0.1,0.9,"The post does not contain explicit assaults on human dignity, calls for violence, or vulgarity. It uses political rhetoric to criticize a political group (Democrats) and makes a sarcastic comment about how they might interpret someone's childhood games. The language is not overtly offensive or degrading to any specific group, and there is no incitement to violence. The post is likely to be interpreted as political commentary rather than hate speech, leading to low disagreement among annotators.","The post is a political commentary criticizing Democrats and sarcastically suggesting they might over-interpret someone's childhood games as evidence of prejudice. It does not contain explicit hate speech elements such as demeaning language towards a protected group, calls for violence, or vulgarity. Therefore, it is likely that most annotators would not classify this as hate speech, resulting in low disagreement and a prediction of [0.1, 0.9] for hate speech vs. not hate speech.",0.30000000000000004
38,4826,Anyone shouting Allahu Akbar should immediately be shot. There is no place in civilization for the barbaric Satanism known as Islam,1.0,0.0,0.9,0.1,"The post contains clear elements of hate speech, including calls for violence and assaults on human dignity. The statement 'Anyone shouting Allahu Akbar should immediately be shot' is a direct incitement to violence against individuals based on their religious expression. Additionally, the phrase 'barbaric Satanism known as Islam' is a demeaning and degrading assault on the dignity of individuals who practice Islam. The language used is explicit and leaves little room for interpretation, suggesting a high likelihood of annotator consensus that this is hate speech.","The post is a clear example of hate speech due to its explicit call for violence and derogatory language targeting a religious group. The statement 'Anyone shouting Allahu Akbar should immediately be shot' is a direct incitement to violence, which is a serious aspect of hate speech. Furthermore, referring to Islam as 'barbaric Satanism' is a demeaning assault on the dignity of Muslims. Given the explicit nature of these statements, there is likely to be low disagreement among annotators, with most classifying it as hate speech. Therefore, the predicted percentages are [0.9, 0.1], indicating that 90% of annotators would classify it as hate speech and 10% as not hate speech.",0.09999999999999998
39,4829,Al Sharpton needs to learn what MAGA means. I will go so far as to challenge his credentials to be called a 'Reverend',0.2,0.8,0.1,0.9,"The post does not contain any explicit assaults on human dignity, calls for violence, or vulgarity/offensive language. It challenges Al Sharpton's understanding of a political slogan and questions his credentials, which is more of a personal critique rather than hate speech. Therefore, it is likely to be classified as not hate speech by most annotators, leading to low disagreement.","The post critiques Al Sharpton's understanding of a political slogan and questions his credentials as a 'Reverend.' It does not contain language that degrades or dehumanizes based on protected characteristics, nor does it incite violence or use offensive language. The critique is personal and political rather than hateful, suggesting that most annotators would not classify it as hate speech. This results in a low disagreement scenario, with an estimated 10% of annotators potentially viewing it as hate speech due to subjective interpretations of the critique's tone, while 90% would likely not see it as hate speech.",0.1
40,4831,"This is how sick the left is. They keep trying to push this shit that the KKK is right wing, and the Nazis were conservatives. Both are 180 degrees from truth. But they can fuck up a good painting for their obscene propaganda. Pepe doesnt have blue eyes either idiots.",1.0,0.0,0.4,0.6,"The post contains offensive language and derogatory terms such as 'idiots' and 'shit,' which may be considered vulgar or offensive. However, it does not explicitly demean or degrade individuals based on protected characteristics, nor does it call for violence. The post seems to be more of a political rant with strong language rather than a clear instance of hate speech. Given the political nature and the use of offensive language, there might be some disagreement among annotators, but it is likely to be low as the post does not clearly fall into the hate speech categories.","The post uses offensive language and derogatory terms, which may be considered vulgar or offensive. However, it does not explicitly demean or degrade individuals based on protected characteristics, nor does it call for violence. The post seems to be more of a political rant with strong language rather than a clear instance of hate speech. Given the political nature and the use of offensive language, there might be some disagreement among annotators, but it is likely to be low as the post does not clearly fall into the hate speech categories.",0.6
41,5406,Shadow of the Colossus for PS4 looks amazing! ,0.0,1.0,0.0,1.0,"The post is a positive comment about a video game and does not contain any language or content that could be interpreted as hate speech. It does not demean or degrade individuals or groups, call for violence, or use vulgar or offensive language. Therefore, it is clear and unambiguous, leading to a low disagreement among annotators.","The post is a positive comment about a video game and does not contain any language or content that could be interpreted as hate speech. It does not demean or degrade individuals or groups, call for violence, or use vulgar or offensive language. Therefore, it is clear and unambiguous, leading to a low disagreement among annotators.",0.0
42,5547,"Play this at my funeral please ;D haa  Best band in the world, ever #BritFam #PinkFloyd",0.0,1.0,0.0,1.0,"The post is a positive expression of admiration for a band, specifically Pink Floyd, and does not contain any elements of hate speech. It does not demean or degrade any individuals or groups, nor does it incite violence or use offensive language. The content is clear and unambiguous, leading to a likely consensus among annotators that it is not hate speech.","The post is a positive expression of admiration for a band, specifically Pink Floyd, and does not contain any elements of hate speech. It does not demean or degrade any individuals or groups, nor does it incite violence or use offensive language. The content is clear and unambiguous, leading to a likely consensus among annotators that it is not hate speech.",0.0
43,5548,#UKNews 😲THREE YEAR OLD child is victim of FGM in UK 😡😡😡 Ghana/Uganda parents in East London accused of FGM plus 10 counts of indecent image allegations. Sick fecks!!!!!!!  They plead NOT guilty.. #TheRope! #KidsLivesMatter #BritFam,0.4,0.6,0.6,0.4,"The post contains elements that could be interpreted as hate speech, particularly in its reference to 'Ghana/Uganda parents' which could be seen as demeaning or degrading based on ethnicity. The use of the phrase 'Sick fecks' and the hashtag '#TheRope' could be interpreted as vulgar and potentially inciting violence, although it is not explicit. The post's context and language may lead to varying interpretations, resulting in moderate disagreement among annotators.","The post discusses a sensitive and serious issue of FGM involving a child, which is a criminal act. It mentions the ethnicity of the accused ('Ghana/Uganda parents'), which could be seen as an assault on human dignity by attributing the crime to specific ethnic groups. The language used ('Sick fecks') is vulgar and offensive, and the hashtag '#TheRope' could be interpreted as a call for violence or severe punishment, although it is not explicit. Given these elements, there is likely to be moderate disagreement among annotators, as some may focus on the factual reporting of a crime, while others may see the ethnic references and language as hate speech. Therefore, the predicted percentages are [0.6, 0.4], indicating a higher likelihood of being classified as hate speech.",0.19999999999999996
44,5549,Theresa May dancing. Arthritic praying mantis with butt plug engaged.   #True !,0.6,0.4,0.3,0.7,"The post uses offensive language to describe Theresa May, comparing her to an 'arthritic praying mantis with butt plug engaged.' This language is vulgar and derogatory, but it does not explicitly target a protected characteristic such as race, gender, or religion. The post does not contain calls for violence. The offensive nature of the language may lead to some annotators classifying it as hate speech due to its demeaning tone, but others may see it as merely offensive or satirical without crossing into hate speech territory. This results in moderate disagreement among annotators.","The post uses offensive language to describe Theresa May, comparing her to an 'arthritic praying mantis with butt plug engaged.' This language is vulgar and derogatory, but it does not explicitly target a protected characteristic such as race, gender, or religion. The post does not contain calls for violence. The offensive nature of the language may lead to some annotators classifying it as hate speech due to its demeaning tone, but others may see it as merely offensive or satirical without crossing into hate speech territory. This results in moderate disagreement among annotators.",0.3
45,5550,I see you 👋 Ditch Google.  Download Brave browser & use DuckDuckGo search engine.  They don't suck your data like Google; it's faster & has built in Adblocker. Works wonderfully with Gab.  Just enter !gab on DDG & it brings you straight to Gab \o/  #GabTips,0.2,0.8,0.0,1.0,"The post is a recommendation for using alternative web services and does not contain any language or content that degrades individuals or groups, incites violence, or uses vulgar or offensive language. It is a straightforward suggestion for using certain internet tools and services, with no elements of hate speech present. Therefore, it is likely that annotators would unanimously agree that this post is not hate speech.","The post is a recommendation for using alternative web services and does not contain any language or content that degrades individuals or groups, incites violence, or uses vulgar or offensive language. It is a straightforward suggestion for using certain internet tools and services, with no elements of hate speech present. Therefore, it is likely that annotators would unanimously agree that this post is not hate speech.",0.2
46,5627,Look at me!  LOOOOOOOK at MEEEEE! Poor Eminem can't get any attention from the POTUS. http://www.foxnews.com/entertainment/2018/08/31/em...,0.2,0.8,0.1,0.9,"The post appears to be a sarcastic comment about Eminem seeking attention from the President of the United States. It does not contain any elements that demean or degrade individuals or groups based on protected characteristics, nor does it incite violence or use vulgar or offensive language. The post is more of a commentary on a public figure's actions and does not fall into the categories of hate speech. Therefore, it is likely that most annotators would not classify this as hate speech, leading to low disagreement.","The post is a sarcastic remark about Eminem and his relationship with the President. It does not contain any hate speech elements such as assaults on human dignity, calls for violence, or vulgarity. The language is not offensive or degrading, and it does not target any protected group. The post is straightforward and unlikely to be interpreted as hate speech, resulting in low disagreement among annotators.",0.1
47,6013,"To all the libs out there. There is an old saying that goes 'don't start nothin' won't be nothin'. We would rather be polite and civil, but if you decide not to (as some on your side have done) we will have no choice but to fight fire with a firestorm. And I don't think you'll like it.",0.7142857142857143,0.2857142857142857,0.6,0.4,"The post contains a veiled threat of violence ('fight fire with a firestorm') which could be interpreted as a call for violence, though it is not explicit. The language is confrontational and suggests a readiness to engage in conflict, which may be seen as an assault on human dignity by implying that one group is justified in using force against another. However, the post does not contain vulgarity or offensive language. The ambiguity of the threat and the lack of explicit hate speech elements may lead to some disagreement among annotators, but the implied threat could lead a majority to classify it as hate speech.","The post contains a veiled threat of violence ('fight fire with a firestorm') which could be interpreted as a call for violence, though it is not explicit. The language is confrontational and suggests a readiness to engage in conflict, which may be seen as an assault on human dignity by implying that one group is justified in using force against another. However, the post does not contain vulgarity or offensive language. The ambiguity of the threat and the lack of explicit hate speech elements may lead to some disagreement among annotators, but the implied threat could lead a majority to classify it as hate speech.",0.11428571428571432
48,6114,"The main problem with California’s bail bond elimination is that it opens the door to 5th amendment violations. What if a Jew judge deems a member of Patriot Prayer a high risk based on their political beliefs and throws them in prison, where they will then have to wait months for their first pre-trial hearing?? There are so many ways that this new system can and will be abused. I warn you, if y...",0.4,0.6,0.6,0.4,"The post contains potentially offensive language by referring to 'a Jew judge,' which could be seen as demeaning or degrading based on religion, thus falling under 'Assaults on Human Dignity.' This aspect may lead some annotators to classify it as hate speech. However, the post primarily discusses a legal and political issue, which might lead others to focus on the argument rather than the language used, resulting in a significant portion of annotators not classifying it as hate speech. The ambiguity in the intent and the context of the language used could lead to high disagreement among annotators.","The post discusses a legal issue regarding bail bond elimination in California and raises concerns about potential abuses of the system. However, it uses the phrase 'a Jew judge,' which could be interpreted as offensive or demeaning based on religion, thus potentially falling under 'Assaults on Human Dignity.' This language might lead some annotators to classify the post as hate speech. On the other hand, the post's primary focus is on a legal and political argument, which might lead others to overlook the offensive language and not classify it as hate speech. The post does not contain explicit calls for violence or excessive vulgarity, but the use of potentially offensive language and the context in which it is used could lead to high disagreement among annotators regarding its classification as hate speech.",0.19999999999999996
49,6118,"How the fuck can a communist claim to be the champion of the working class when they have NEVER HELD A FUCKING JOB!!??? And no, being a community organizer doesn't make you a member of your stupid asshole proletariat.",0.4,0.6,0.3,0.7,"The post contains vulgar and offensive language, which may lead some annotators to classify it as hate speech. However, it does not explicitly demean or degrade individuals based on protected characteristics, nor does it call for violence. The offensive language is directed towards a political ideology and its proponents, which may not be universally considered hate speech. This could lead to some disagreement among annotators, but the lack of explicit hate speech elements suggests a majority might not classify it as such.","The post uses strong language and insults directed at communists and community organizers, questioning their legitimacy in representing the working class. While the language is vulgar and offensive, it does not target individuals based on race, ethnicity, gender, religion, or other protected characteristics. There is no call for violence. The post's focus is on political ideology rather than personal attacks based on identity, which may lead to a moderate level of disagreement among annotators. Therefore, I predict that 30% of annotators might classify it as hate speech due to the offensive language, while 70% might not, considering the lack of targeted hate speech elements.",0.10000000000000003
50,6295,"It's what always happens when you can't argue with reason, facts and evidence. They can't win with logic, so they resort to violence. ",0.4,0.6,0.1,0.9,"The post does not explicitly demean or degrade any specific group based on protected characteristics, nor does it call for violence or use vulgar language. It makes a general statement about resorting to violence when logic fails, which could be interpreted as a critique of certain behaviors rather than a direct incitement or assault on dignity. Therefore, it is likely to be classified as not hate speech by most annotators, resulting in low disagreement.","The post is a general statement about the use of violence when logic fails, without targeting any specific group or using offensive language. It is unlikely to be classified as hate speech by most annotators.",0.30000000000000004
51,6468,"“Minds is officially adopting the Manila Principles On Intermediary Liability, a digital bill of rights, outlined by the Electronic Frontier Foundation and other leading digital rights organizations.” Nice :) https://www.breitbart.com/tech/2018/08/30/alternat...",0.0,1.0,0.0,1.0,"The post is a straightforward announcement about adopting the Manila Principles on Intermediary Liability, which is a digital bill of rights. It does not contain any language that assaults human dignity, calls for violence, or uses vulgar or offensive language. The content is neutral and informative, leading to a clear consensus that it is not hate speech.","The post is a neutral announcement about adopting a set of principles related to digital rights. It does not contain any elements of hate speech, such as demeaning language, calls for violence, or offensive language. Therefore, it is likely that all annotators would agree that this post is not hate speech, resulting in low disagreement and a prediction of [0.0, 1.0] for hate speech vs. not hate speech.",0.0
52,6469,Next video for the week will be ready later tonight. I've also expanded it to cover some extra news. #TheRedExpress,0.0,1.0,0.0,1.0,"The post is a straightforward announcement about a video release and does not contain any language or content that could be interpreted as hate speech. It does not demean or degrade any individuals or groups, nor does it incite violence or use offensive language. Therefore, it is likely that all annotators would agree that this post is not hate speech, resulting in low disagreement.","The post is a simple announcement about a video release and does not contain any elements of hate speech. It does not assault human dignity, call for violence, or use vulgar or offensive language. Therefore, it is expected that there would be a consensus among annotators that this post is not hate speech.",0.0
53,6577,NAFTA and Canada...Yes. our future could prosper without it  http://stillerfinancial.advisor.news/yes-our-futur...,0.25,0.75,0.0,1.0,"The post discusses NAFTA and Canada's future prosperity without it, which is a political and economic opinion. It does not contain any language that assaults human dignity, calls for violence, or uses vulgar or offensive language. Therefore, it is unlikely to be classified as hate speech by annotators, leading to a low disagreement and a high consensus that it is not hate speech.","The post is a political opinion about NAFTA and Canada's future, which does not fall into any of the hate speech categories. It is unlikely to be considered hate speech by annotators.",0.25
54,6578,59% of Americans fear violence from Anti-Trumpers...behold the 'tolerance' of the hysteria-inducing Political Left in 2018: #Unhinged #CW2 https://www.youtube.com/watch?v=eFRHX6glTSM&t=...,0.42857142857142855,0.5714285714285714,0.3,0.7,"The post does not explicitly call for violence or use vulgar language, but it does make a generalizing statement about a political group, which could be seen as demeaning or degrading. The use of hashtags like #Unhinged and #CW2 (which could imply 'Civil War 2') may suggest a context of conflict or aggression, but it is not a direct call for violence. The post's interpretation may vary based on political views, leading to some disagreement among annotators. However, it is more likely to be seen as not hate speech due to the lack of explicit demeaning language or calls for violence.","The post discusses a fear of violence from a political group and uses hashtags that could imply conflict, but it does not directly demean individuals or groups based on protected characteristics, nor does it explicitly call for violence. The language is not vulgar or offensive. The interpretation of the post may vary based on political views, leading to some disagreement, but it is more likely to be classified as not hate speech.",0.12857142857142856
55,6965,"#SJW ‘s  are the natural end state of post modernist thinking. Where your value is not judged on the goodness of your deeds, but on your group identity. When race, gender, sexuality and colour are more important then #character, and quality of your argument, then your society & culture are doomed.  #wakeupamerica",0.0,1.0,0.3,0.7,"The post criticizes social justice warriors (SJWs) and post-modernist thinking, suggesting that they prioritize group identity over individual character and quality of argument. While it does not explicitly demean or degrade individuals based on protected characteristics, it does imply a negative view of those who prioritize identity politics. There is no direct call for violence or use of vulgar language. The post's interpretation may vary based on one's views on social justice and identity politics, leading to moderate disagreement among annotators.","The post critiques social justice warriors and post-modernist thinking, suggesting a negative impact on society and culture. It does not explicitly attack individuals based on race, gender, or other characteristics, nor does it incite violence or use offensive language. However, it implies a negative view of identity politics, which may lead to differing interpretations. Therefore, there is moderate disagreement, with an estimated 30% of annotators classifying it as hate speech and 70% not.",0.3
56,6966,"Free societies tend to punish laziness, ineptitude, stupidity and obnoxiousness, but reward graft, talent, intelligence and charisma - which is why entitled mediocrities with shitty personalities are hellbent on destroying them. #maga #wakeupamerica",0.3333333333333333,0.6666666666666667,0.1,0.9,"The post does not explicitly target any specific group based on protected characteristics such as race, ethnicity, gender, religion, or sexual orientation. It does not contain calls for violence or incite physical harm. The language used, while containing some vulgarity ('shitty personalities'), is not directed at a specific group or individual in a way that constitutes hate speech. The post seems to express a political opinion about societal values and mediocrity, which is unlikely to be classified as hate speech by most annotators. Therefore, there is likely to be low disagreement among annotators, with the majority classifying it as not hate speech.","The post discusses societal values and criticizes 'entitled mediocrities' without targeting a specific group based on protected characteristics. It does not call for violence or use offensive language in a way that constitutes hate speech. The vulgarity present is mild and not directed at a specific group. The post is more of a political opinion rather than hate speech, leading to low disagreement among annotators.",0.2333333333333333
57,6967,"Hard times make hard men. Hard men make good times, good times make weak boys, weak boys make hard times.  #trump s back track on #immigration just weakens #America.  #maga #wakeupamerica",0.2857142857142857,0.7142857142857143,0.1,0.9,"The post does not explicitly demean or degrade individuals or groups based on protected characteristics, nor does it incite or encourage violence. It uses a metaphorical expression about societal cycles and criticizes a political stance on immigration. The language is not vulgar or offensive, and the criticism is directed at a political decision rather than a specific group of people. Therefore, it is likely to be classified as not hate speech by most annotators, resulting in low disagreement.","The post uses a metaphorical expression to comment on societal cycles and criticizes a political stance on immigration. It does not contain explicit demeaning language towards any protected group, nor does it incite violence. The language is not vulgar or offensive, and the criticism is directed at a political decision rather than a specific group of people. Therefore, it is likely to be classified as not hate speech by most annotators, resulting in low disagreement.",0.1857142857142857
58,6975,The usually no comment FBI is providing cover for this news. http://www.foxnews.com/politics/2018/08/30/gohmert...,0.2,0.8,0.1,0.9,"The post does not contain any explicit assaults on human dignity, calls for violence, or vulgarity/offensive language. It appears to be a statement about the FBI and a news link, which is more likely to be interpreted as a political opinion rather than hate speech. Therefore, it is expected that the majority of annotators would classify this as not hate speech, leading to low disagreement.","The post is a statement about the FBI and a news link, which does not contain explicit hate speech elements. It is likely to be seen as a political opinion rather than hate speech, resulting in low disagreement among annotators.",0.1
59,7464,'Muslim Gets What’s Comin’' by @GuardAmerican https://gab.ai/tv/watch/23681,0.8,0.19999999999999996,0.7,0.3,"The post 'Muslim Gets What’s Comin’' by @GuardAmerican suggests a negative sentiment towards Muslims, which could be interpreted as an assault on human dignity based on religion. The phrase 'Gets What’s Comin’' implies that harm or negative consequences are deserved, which could be seen as a call for violence or at least an endorsement of harm. The context of the platform (Gab) and the username (@GuardAmerican) may also suggest a particular ideological stance that could influence interpretation. However, without additional context, such as the content of the linked video, there is some ambiguity. This could lead to a moderate level of disagreement among annotators, but the phrasing is suggestive enough to likely result in a higher percentage of annotators classifying it as hate speech.","The post 'Muslim Gets What’s Comin’' by @GuardAmerican suggests a negative sentiment towards Muslims, which could be interpreted as an assault on human dignity based on religion. The phrase 'Gets What’s Comin’' implies that harm or negative consequences are deserved, which could be seen as a call for violence or at least an endorsement of harm. The context of the platform (Gab) and the username (@GuardAmerican) may also suggest a particular ideological stance that could influence interpretation. However, without additional context, such as the content of the linked video, there is some ambiguity. This could lead to a moderate level of disagreement among annotators, but the phrasing is suggestive enough to likely result in a higher percentage of annotators classifying it as hate speech.",0.10000000000000009
60,7944,"So #Tesla just met its production goal without even a factory in which to work.    Wow, that's in-tents.",0.0,1.0,0.0,1.0,"The post is a play on words using the phrase 'in-tents' to humorously comment on Tesla meeting its production goals. It does not contain any elements of hate speech, such as assaults on human dignity, calls for violence, or vulgarity and offensive language. The content is clear and unlikely to be interpreted as hate speech, leading to a low disagreement among annotators.","The post is a pun and does not contain any hate speech elements. It is clear and straightforward, leading to a consensus that it is not hate speech.",0.0
61,7945,"Since blaming Trump for things which existed WAY before he came to offfice is the trendy thing to do, I'll make my own list now. Top choices so far are: death, the Flu, the short lifespan of mosquitos (poor little guys!), and... oh, I don't know... why not just the whole fall of humanity altogether?",0.14285714285714285,0.8571428571428572,0.05,0.95,"The post is a sarcastic commentary on the tendency to blame former President Trump for various issues. It does not contain any assaults on human dignity, calls for violence, or vulgarity/offensive language. The post is more of a political satire and does not exhibit characteristics of hate speech. Therefore, it is likely that the majority of annotators would classify it as not hate speech, resulting in low disagreement.","The post uses sarcasm to critique the trend of blaming Trump for various issues. It does not target any specific group or individual with hate speech, nor does it incite violence or use offensive language. The content is clear in its intent as political satire, leading to a likely consensus among annotators that it is not hate speech. Thus, the predicted percentages are [0.05, 0.95], indicating that 5% might see it as hate speech due to misinterpretation, while 95% would not.",0.09285714285714285
62,7946,"May we all take a moment to mourn the newfound circumstances of thousands of children who will now, thanks to our president's recent EO, get the privilege of staying by the side of the traffickers and exploiters which bring them into the country.",0.14285714285714285,0.8571428571428572,0.3,0.7,"The post contains a sarcastic tone and criticizes a political decision, implying that the executive order (EO) will result in children remaining with traffickers and exploiters. While it does not directly assault human dignity or call for violence, it could be interpreted as offensive or demeaning towards certain groups, such as immigrants or political figures. The language is not overtly vulgar, but the sarcasm and implication of wrongdoing could lead to some annotators viewing it as hate speech. However, the lack of explicit hate speech elements suggests that a majority might not classify it as such, leading to moderate disagreement.","The post uses sarcasm to criticize a political decision, implying negative consequences for children due to an executive order. It does not directly assault human dignity or call for violence, but it could be seen as offensive or demeaning towards certain groups, such as immigrants or political figures. The language is not overtly vulgar, but the sarcastic tone and implication of wrongdoing could lead to some annotators viewing it as hate speech. However, the lack of explicit hate speech elements suggests that a majority might not classify it as such, leading to moderate disagreement.",0.15714285714285714
63,8280,Looks like a bunch of dead bodies to me. Why would you just assume those are dead Jews? Could be anything.,0.4,0.6,0.6,0.4,"The post contains language that could be interpreted as demeaning or degrading, particularly in the context of discussing 'dead bodies' and questioning their identity as 'Jews.' This could be seen as an assault on human dignity, especially if the context involves a sensitive historical or cultural reference. However, the post does not explicitly call for violence or use vulgar language, which might lead to some disagreement among annotators. The ambiguity in the intent and the potential insensitivity of the statement could result in a moderate level of disagreement, with a slight majority possibly viewing it as hate speech due to the demeaning nature of the content.","The post's content involves a potentially demeaning statement about a group of people, which could be interpreted as an assault on human dignity. The lack of explicit calls for violence or vulgar language might lead to some annotators not classifying it as hate speech. However, the insensitivity and potential for demeaning interpretation could lead to a higher percentage of annotators viewing it as hate speech. Therefore, I predict a moderate level of disagreement with 60% classifying it as hate speech and 40% not.",0.19999999999999996
64,8281,"There were no extermination or death camps, there were labour camps. Jews died for the same reasons German citizens died: typhoid, and starvation from relentless allied bombing. You’ve see photos of emaciated bodies and immediately assume, like a good fuckimg sheep, that those we Jews killed by Hitler. All claims of ovens and gas chambers have been debunked. This is simple shit, dumm",0.8,0.19999999999999996,0.9,0.1,"The post is a clear example of Holocaust denial, which is a form of hate speech as it assaults the dignity of Jewish people by denying the historical atrocities committed against them. It also uses offensive language ('fuckimg sheep', 'dumm') to demean those who believe in the historical facts of the Holocaust. Given the explicit denial of well-documented historical events and the use of derogatory language, there is likely to be low disagreement among annotators that this constitutes hate speech.","The post denies the Holocaust, which is a well-documented historical event, and uses offensive language to demean those who acknowledge it. This is a clear assault on human dignity, particularly targeting Jewish people, and is likely to be classified as hate speech by the majority of annotators. Therefore, the prediction is that 90% of annotators would classify it as hate speech, while 10% might not, possibly due to differing interpretations of what constitutes hate speech or a lack of understanding of the historical context.",0.09999999999999998
65,8283,"Listen, faggot, you’re just a brainwashed lazy minded drone who has never looked into it. Tell me: what proof is there that any sort of genocide happened against the Jews.",0.8,0.19999999999999996,0.9,0.1,"The post contains multiple aspects of hate speech. It uses a homophobic slur ('faggot'), which is a clear example of vulgarity and offensive language. Additionally, it questions the occurrence of the Holocaust, which can be seen as an assault on human dignity, particularly against Jewish people, by denying or trivializing their historical suffering. These elements are likely to lead to a consensus among annotators that the post constitutes hate speech, resulting in low disagreement.","The post is highly likely to be classified as hate speech by the majority of annotators due to its use of a homophobic slur and Holocaust denial, both of which are clear indicators of hate speech. Therefore, I predict that 90% of annotators would classify it as hate speech, while 10% might not, possibly due to differing interpretations of the intent or context.",0.09999999999999998
66,8581,"What's the worst thing, beginning with N and ending in R, that you can call a black man? Neighbour.",0.6,0.4,0.7,0.3,"The post uses a play on words to reference a racial slur without explicitly stating it, which can be seen as an assault on human dignity. The use of such a setup is likely to be interpreted as offensive and degrading to individuals based on race. However, the post does not explicitly use vulgar language or call for violence, which might lead to some annotators not classifying it as hate speech. The ambiguity in the setup and the reliance on the reader's understanding of the implied slur may lead to some disagreement among annotators, but the offensive nature is relatively clear, suggesting a moderate level of agreement.","The post uses a play on words to imply a racial slur, which can be seen as an assault on human dignity. The setup is likely to be interpreted as offensive and degrading to individuals based on race. However, it does not explicitly use vulgar language or call for violence, which might lead to some annotators not classifying it as hate speech. The ambiguity in the setup and the reliance on the reader's understanding of the implied slur may lead to some disagreement among annotators, but the offensive nature is relatively clear, suggesting a moderate level of agreement. Therefore, I predict that 70% of annotators would classify it as hate speech, while 30% would not.",0.09999999999999998
67,9427,"Treason May tells her kids ""Don't talk to the neighbours""  https://www.breitbart.com/london/2018/09/14/downing-street-orders-tories-distance-themselves-conservative-hungarian-leader/   Treason resents Orban becoming more powerful, Love that glance from #Hungary #Orban  #EU ? #FU ",0.2,0.8,0.3,0.7,"The post uses a derogatory nickname 'Treason' for a political figure, which could be seen as an assault on human dignity, but it is not explicitly based on protected characteristics like race or gender. The post does not contain direct calls for violence. The use of '#FU' could be considered vulgar or offensive language, but it is not directed at a specific individual or group in a way that is clearly hate speech. The context of political disagreement and the use of hashtags suggest that the post may be interpreted differently by annotators, leading to some disagreement.","The post refers to a political figure with a derogatory nickname 'Treason', which could be interpreted as an assault on human dignity, but it is not explicitly based on protected characteristics such as race, ethnicity, or gender. There are no direct calls for violence in the post. The use of '#FU' could be considered vulgar or offensive language, but it is not directed at a specific individual or group in a manner that is clearly hate speech. The context of political disagreement and the use of hashtags suggest that the post may be interpreted differently by annotators, leading to some disagreement. Therefore, I predict a moderate level of disagreement among annotators, with approximately 30% classifying it as hate speech and 70% not classifying it as hate speech.",0.09999999999999998
68,9683,"I don't know if his post is public or not, but here you go. I didn't post his name because I'm not an asshole. I don't make shit up.https://www.facebook.com/CajunGypsy/posts/10155829...",0.0,1.0,0.1,0.9,"The post does not contain any explicit assaults on human dignity, calls for violence, or vulgarity/offensive language. It appears to be a statement about sharing a post without revealing the person's name, which suggests a consideration for privacy rather than an intent to harm or demean. The language used is not offensive or derogatory, and there is no incitement to violence. Therefore, it is likely that most annotators would not classify this as hate speech, leading to low disagreement.","The post is a statement about sharing content from another user without revealing their identity. It does not contain any elements that would typically be classified as hate speech, such as demeaning language, incitement to violence, or offensive language. The use of the term ""asshole"" is mild and not directed at any specific group or individual in a harmful way. As such, it is likely that the majority of annotators would agree that this post is not hate speech, resulting in low disagreement.",0.1
69,9684,"Gorgeous kitty! I haven't had a gray cat since my very first cat when I was a young kid. I forgot how pretty their fur is, especially when the light hits it.",0.0,1.0,0.0,1.0,"The post is a positive and benign comment about a cat, with no elements of hate speech present. It does not demean or degrade any individuals or groups, nor does it incite violence or use offensive language. Therefore, there is likely to be a consensus among annotators that this post is not hate speech, resulting in low disagreement.","The post is a positive comment about a cat, with no elements of hate speech. It does not demean or degrade individuals or groups, incite violence, or use offensive language. Therefore, it is likely that all annotators would agree that this post is not hate speech, resulting in low disagreement.",0.0
70,9685,"Aw. One of mine (I have 5 adults, too) loves to stretch out next to or on my legs. He'll stay there the whole night if I don't kick him when I roll over.",0.0,1.0,0.0,1.0,"The post is a benign and affectionate description of a pet's behavior, specifically a cat, and does not contain any elements of hate speech. It does not demean or degrade any individuals or groups, does not call for violence, and does not use vulgar or offensive language. Therefore, it is likely that all annotators would agree that this post is not hate speech, resulting in low disagreement.","The post is a benign and affectionate description of a pet's behavior, specifically a cat, and does not contain any elements of hate speech. It does not demean or degrade any individuals or groups, does not call for violence, and does not use vulgar or offensive language. Therefore, it is likely that all annotators would agree that this post is not hate speech, resulting in low disagreement. The predicted percentages of annotators classifying the post as hate speech vs. not hate speech are [0.0, 1.0].",0.0
71,9686,"Idiotic Liberal Logic - or lack thereofI've known OP for 30+ yrs, thus the obscured names. Given his new avatar, I'm going to have to give him the boot, but I thought I'd screen grab this piece of stupidity from one of his rabid libtard friends. Libs cannot see the inherent contradictions in what they say.  https://kek.gg/i/4wkzyV.png",0.8333333333333334,0.16666666666666663,0.3,0.7,"The post uses derogatory language such as 'idiotic' and 'libtard,' which can be considered offensive and demeaning, particularly towards individuals with liberal political views. However, it does not explicitly call for violence or contain vulgarity beyond the use of slurs. The term 'libtard' is a portmanteau of 'liberal' and 'retard,' which is offensive and can be seen as an assault on human dignity. Despite this, the post is more likely to be seen as politically charged rather than outright hate speech, leading to some disagreement among annotators. The disagreement is likely to be moderate, as the post's offensive nature is clear, but its classification as hate speech may vary based on individual sensitivity to political slurs.","The post contains derogatory language aimed at liberals, using terms like 'idiotic' and 'libtard.' While these terms are offensive and can be seen as demeaning, they do not explicitly call for violence or contain vulgarity beyond the use of slurs. The post is likely to be interpreted as politically charged rather than outright hate speech, leading to some disagreement among annotators. The disagreement is likely to be moderate, as the post's offensive nature is clear, but its classification as hate speech may vary based on individual sensitivity to political slurs.",0.5333333333333334
72,9687,"I like that she talks about Great Comics and includes herself, 'our job'. That miserable twat wouldn't know great comedy if it slapped her on the ass.",0.3333333333333333,0.6666666666666667,0.3,0.7,"The post contains vulgar and offensive language, specifically the use of the term 'miserable twat' and the phrase 'slapped her on the ass.' These elements could be interpreted as demeaning or degrading, particularly towards women, which might lead some annotators to classify it as hate speech. However, the post does not explicitly target a protected characteristic such as race, ethnicity, or religion, nor does it call for violence. The offensive language is more likely to be seen as a personal attack rather than a broader assault on human dignity. Therefore, there might be some disagreement among annotators, but it is likely to be low, with a majority classifying it as not hate speech due to the lack of explicit targeting of a protected group or incitement to violence.","The post uses offensive language, particularly the term 'miserable twat,' which could be seen as vulgar and potentially degrading, especially towards women. However, it does not explicitly target a protected characteristic such as race, ethnicity, or religion, nor does it call for violence. The offensive language is more likely to be interpreted as a personal attack rather than a broader assault on human dignity. Therefore, while there might be some disagreement among annotators, it is likely to be low, with a majority classifying it as not hate speech due to the lack of explicit targeting of a protected group or incitement to violence.",0.033333333333333326
73,9688,Thanks! I will.,0.0,1.0,0.0,1.0,"The post 'Thanks! I will.' is a simple expression of gratitude and intention to act. It does not contain any elements of hate speech, such as assaults on human dignity, calls for violence, or vulgarity and offensive language. The content is clear and unambiguous, leading to a likely consensus among annotators that it is not hate speech.","The post 'Thanks! I will.' is a straightforward expression of gratitude and intention, with no elements of hate speech. It is clear and unambiguous, leading to likely consensus among annotators that it is not hate speech.",0.0
74,9689,"Yep. She has a bed, but she went straight back to the carrier. I'll leave it as long as she needs. Given the Okra situation, I'm figuring 7-10 days in the bathroom unless closely supervised & probably a while longer at night. She'll be eating in my bath until she's on adult food, anyway. You know I won't rush her.",0.0,1.0,0.0,1.0,"The post does not contain any elements of hate speech. It is a benign post discussing the care of a pet, with no language that assaults human dignity, calls for violence, or uses vulgar or offensive language. Therefore, it is likely that all annotators would agree that this post is not hate speech, resulting in low disagreement.","The post is about taking care of a pet and does not contain any hate speech elements. It is clear and unambiguous in its content, focusing on pet care without any offensive or harmful language.",0.0
75,9690,"Little, cute, dark gray Toe Beans!! I love toe beans.",0.0,1.0,0.0,1.0,"The post is a lighthearted and affectionate comment about 'toe beans,' which is a colloquial term for the pads on a cat's paw. It does not contain any language or content that could be interpreted as demeaning, violent, or offensive. Therefore, it is unlikely to be classified as hate speech by any annotators.","The post is a lighthearted and affectionate comment about 'toe beans,' which is a colloquial term for the pads on a cat's paw. It does not contain any language or content that could be interpreted as demeaning, violent, or offensive. Therefore, it is unlikely to be classified as hate speech by any annotators.",0.0
76,9691,"Poor little bit, she's terrified of him. I don't think she's ever been around dogs, much less one whose head is bigger than she is. The cats are fascinated, but Pearl's not having any of it yet. She's a growler. LOL She settled down enough to come out of the carrier & explore her temp home in my bathroom & drink a little, but she's back in it now, curled up sleeping.",0.0,1.0,0.0,1.0,"The post is a personal anecdote about a pet's reaction to a dog. It does not contain any language or content that demeans individuals or groups, incites violence, or uses vulgar or offensive language. The content is clear and unambiguous, leading to a likely consensus among annotators that it is not hate speech.","The post is a personal story about a pet's interaction with a dog, describing the pet's fear and behavior. There is no mention of any human dignity assaults, calls for violence, or use of vulgar or offensive language. The post is straightforward and lacks any elements that could be interpreted as hate speech. Therefore, it is expected that annotators would unanimously agree that this post is not hate speech.",0.0
77,9692,Look what we did today! Meet Pearl.,0.0,1.0,0.0,1.0,"The post 'Look what we did today! Meet Pearl.' does not contain any elements of hate speech. It does not demean or degrade individuals or groups, does not call for violence, and does not use vulgar or offensive language. The content is neutral and likely refers to a positive or benign event, such as introducing a new pet or a person named Pearl. Therefore, there is likely to be a consensus among annotators that this post is not hate speech, resulting in low disagreement.","The post 'Look what we did today! Meet Pearl.' is neutral and does not exhibit any characteristics of hate speech. It is likely to be interpreted as a positive or benign statement, possibly introducing a new pet or person. There is no language that assaults human dignity, calls for violence, or uses vulgarity. Therefore, the prediction is that 0% of annotators would classify it as hate speech, and 100% would classify it as not hate speech.",0.0
78,9780,"Look at this compilation of tweets Nick Monroe made exhibiting the anti-white racism of Buzzfeed staff members. Again, this is commonplace on the Left. https://twitter.com/i/moments/1033547403620757504",0.8,0.19999999999999996,0.4,0.6,"The post references a compilation of tweets that allegedly exhibit 'anti-white racism' by Buzzfeed staff members, which could be interpreted as an assault on human dignity if the tweets indeed demean or degrade individuals based on race. However, the post itself does not contain explicit vulgarity, offensive language, or calls for violence. The claim of 'anti-white racism' might be seen as subjective and could lead to disagreement among annotators, as perceptions of racism can vary widely. The post's context, focusing on political bias ('commonplace on the Left'), may also influence interpretations, leading to moderate disagreement.","The post discusses alleged 'anti-white racism' by Buzzfeed staff, which could be seen as an assault on human dignity if the tweets in question are indeed racist. However, the post itself does not contain explicit hate speech elements like vulgarity or calls for violence. The claim of racism is subjective and may lead to disagreement among annotators, as perceptions of racism can vary. The political context ('commonplace on the Left') may also influence interpretations, leading to moderate disagreement.",0.4
79,9782,"Listen, I know I make fun of Commiefornia a lot, but I never realized they were this stupid. By the way, what a biased article from a so-called objective news source. Two sentences saying it's controversial and ten paragraphs dedicated to up-playing it. https://money.cnn.com/2018/08/30/pf/california-wom...",0.8,0.19999999999999996,0.1,0.9,"The post uses the term 'Commiefornia,' which is a derogatory term for California, often used in a political context to criticize the state's perceived liberal policies. However, the post does not explicitly demean or degrade individuals or groups based on protected characteristics, nor does it call for violence. The language is critical and potentially offensive to some, but it lacks vulgarity or slurs. The post is more likely to be seen as a political opinion rather than hate speech, leading to low disagreement among annotators.","The post criticizes California using a derogatory term 'Commiefornia,' which may be seen as offensive to some, but it does not explicitly attack individuals or groups based on protected characteristics. It does not call for violence or use vulgar language. The criticism is directed at a perceived bias in a news article, which is a common political opinion. Therefore, it is likely that most annotators would not classify this as hate speech, resulting in low disagreement.",0.7000000000000001
80,9913,"So starting tomorrow, I'll have 11 days of peace and quiet in the house while the family goes on vacation.  Could use any and all cheers, thoughts, prayers, whatever, cause I'd like to enjoy myself without getting plastered and hangover-sleeping the whole time away.",0.0,1.0,0.0,1.0,"The post does not contain any elements of hate speech. It is a personal reflection on having some time alone while the family is on vacation and expresses a desire to enjoy that time without overindulging in alcohol. There are no assaults on human dignity, calls for violence, or use of vulgar or offensive language. Therefore, it is likely that annotators would unanimously agree that this post is not hate speech.",The post is a personal reflection and does not contain any elements of hate speech. It is likely to be classified as not hate speech by all annotators.,0.0
81,9914,"Thank you to everyone that has supported freedom of speech.  In spite of our political differences, this is the one thematic unifying principle that brings us here.",0.0,1.0,0.0,1.0,"The post expresses gratitude for support of freedom of speech and emphasizes unity despite political differences. It does not contain any elements of hate speech such as assaults on human dignity, calls for violence, or vulgarity and offensive language. The message is clear and positive, likely leading to consensus among annotators that it is not hate speech.","The post is a positive statement about freedom of speech and unity, with no elements of hate speech present.",0.0
82,9915,"And when people give me shit for being on Gab, like 'OMG there are so many racists there', I'm like, yeah, and there aren't a shit ton on Twitter?  At least on Gab I'm in charge of my own feed by my own rules, not some bullshit shadow algorithm.  I censor what I cannot brook.  That's my choice, not Jacks. https://gab.ai/a/posts/15062088",0.0,1.0,0.3,0.7,"The post discusses the user's preference for using Gab over Twitter, highlighting the presence of racists on both platforms. It does not explicitly demean or degrade individuals or groups, nor does it call for violence. The language used is somewhat vulgar ('shit ton'), but it is not directed at any specific group. The post reflects a personal choice about platform use rather than promoting hate speech. However, the mention of 'racists' could lead to some annotators perceiving it as an endorsement of a platform known for hosting hate speech, leading to moderate disagreement.","The post does not explicitly contain hate speech elements such as assaults on human dignity or calls for violence. It does mention 'racists' in a context that could be interpreted as normalizing or accepting their presence on Gab, which might lead some annotators to view it as indirectly supportive of hate speech. However, the primary focus is on the user's control over their feed, not on promoting hate speech. The use of vulgar language ('shit ton') is present but not directed at any group. Given these factors, there is likely to be moderate disagreement among annotators, with some viewing it as hate speech due to the context of Gab and others not. Therefore, I predict that 30% of annotators might classify it as hate speech, while 70% would not.",0.3
83,10362,"A pedophile is like a dog with rabies.  It's sad they're sick, but they still have to be put down. #MAGA",0.4,0.6,0.7,0.3,"The post makes a comparison between pedophiles and rabid dogs, suggesting that they should be 'put down.' This language can be interpreted as a call for violence against a specific group, which is a clear aspect of hate speech. The use of the phrase 'put down' is a euphemism for killing, which further supports this interpretation. Additionally, the post uses dehumanizing language by comparing individuals to animals, which can be seen as an assault on human dignity. The hashtag '#MAGA' may add a political context that could influence interpretation, but the core message remains clear. Due to the explicit nature of the language and the call for violence, there is likely to be low disagreement among annotators, with a majority classifying it as hate speech.","The post contains language that can be interpreted as a call for violence against pedophiles, comparing them to rabid dogs that need to be 'put down.' This is a clear incitement to violence and dehumanization, which are key aspects of hate speech. The use of the hashtag '#MAGA' may add a political dimension, but the primary message is explicit in its violent suggestion. Therefore, there is likely to be low disagreement among annotators, with a majority classifying it as hate speech.",0.29999999999999993
84,10363,"#Gabfam, the leftists (and degenerates) are pushing hard to normalize pedophilia.  This is the third and final time I'll be posting this.  If you're interested in doing something to stop this, read the link. https://www.scribd.com/document/383096570/Destroy-...  #MAGA",0.75,0.25,0.6,0.4,"The post uses the term 'degenerates' which can be considered offensive language, and it accuses a group ('leftists') of trying to normalize pedophilia, which is a serious and inflammatory accusation. This could be seen as an assault on human dignity by demeaning a political group. However, it does not explicitly call for violence, and the offensive language is not as severe as slurs or profanity. The post's context and language might lead to some disagreement among annotators, but the accusation and language used suggest a moderate likelihood of being classified as hate speech.","The post uses the term 'degenerates' which can be considered offensive language, and it accuses a group ('leftists') of trying to normalize pedophilia, which is a serious and inflammatory accusation. This could be seen as an assault on human dignity by demeaning a political group. However, it does not explicitly call for violence, and the offensive language is not as severe as slurs or profanity. The post's context and language might lead to some disagreement among annotators, but the accusation and language used suggest a moderate likelihood of being classified as hate speech.",0.15000000000000002
85,10424,"So I get accused of being an Islamophobe by a Muzlime on Twitter, I agree with him that I am an Islamofauxb and tell him why and I'm the one who gets suspended?",0.75,0.25,0.6,0.4,"The post contains derogatory language ('Muzlime') which is a slur against Muslims, and the term 'Islamofauxb' is a play on 'Islamophobe' that could be seen as mocking or dismissive of concerns about Islamophobia. This suggests an assault on human dignity based on religion. However, the post does not contain explicit calls for violence or vulgarity beyond the slur. The use of slurs and the mocking tone may lead to some annotators viewing it as hate speech, while others may see it as merely offensive or a personal grievance about being suspended. This results in moderate disagreement among annotators.","The post uses a derogatory term ('Muzlime') which is a slur against Muslims, indicating an assault on human dignity based on religion. The term 'Islamofauxb' is a play on 'Islamophobe' that could be seen as mocking or dismissive of concerns about Islamophobia. While the post does not contain explicit calls for violence, the use of slurs and the mocking tone may lead to some annotators viewing it as hate speech, while others may see it as merely offensive or a personal grievance about being suspended. This results in moderate disagreement among annotators.",0.15000000000000002
86,10501,#Chemnitz #Protests  And the people are sick of it. The unelected #EU must go!! https://www.youtube.com/watch?v=0NeKupUnOOw,0.2,0.8,0.1,0.9,"The post expresses a political opinion against the EU, which is not inherently hate speech. It does not contain any explicit assaults on human dignity, calls for violence, or vulgar/offensive language. The hashtag #Chemnitz #Protests may refer to a specific event, but without additional context, it does not inherently suggest hate speech. Therefore, it is likely that most annotators would not classify this as hate speech, resulting in low disagreement.","The post does not contain any explicit hate speech elements. It is a political statement against the EU, which is a common political stance and does not inherently involve hate speech. The hashtags and link to a YouTube video do not provide enough context to suggest hate speech. Therefore, the post is likely to be classified as not hate speech by the majority of annotators, with low disagreement.",0.1
87,10503,islamic liberation  #Feminism,0.0,1.0,0.3,0.7,"The post 'islamic liberation #Feminism' is quite ambiguous and lacks context, which could lead to varying interpretations. It does not explicitly contain assaults on human dignity, calls for violence, or vulgarity/offensive language. However, the combination of 'Islamic liberation' and '#Feminism' could be interpreted in multiple ways depending on the reader's perspective and cultural context. Some might see it as a positive statement promoting liberation and equality, while others might interpret it as sarcastic or critical, potentially leading to disagreement among annotators. Therefore, there is a moderate likelihood of disagreement, with a slight majority likely not classifying it as hate speech.","The post 'islamic liberation #Feminism' is ambiguous and lacks context, which could lead to varying interpretations. It does not explicitly contain assaults on human dignity, calls for violence, or vulgarity/offensive language. However, the combination of 'Islamic liberation' and '#Feminism' could be interpreted in multiple ways depending on the reader's perspective and cultural context. Some might see it as a positive statement promoting liberation and equality, while others might interpret it as sarcastic or critical, potentially leading to disagreement among annotators. Therefore, there is a moderate likelihood of disagreement, with a slight majority likely not classifying it as hate speech.",0.3
88,10504,"Turning the frogs #Gay or children #Trans all part of the #Marxist #Communist take over, turn all white men into weak little twigs so they would have to become a bundle of faggots #Leftism #Agenda  at: 8:59 / 36:58  https://www.youtube.com/watch?v=RAacfrQc7sE",0.8,0.19999999999999996,0.7,0.3,"The post contains multiple elements that could be considered hate speech. It uses offensive language, such as the slur 'faggots,' which is a vulgar and derogatory term for homosexuals. This falls under the category of vulgarity and offensive language. Additionally, the post makes derogatory references to gender identity and sexual orientation, suggesting a demeaning view of these groups, which can be seen as an assault on human dignity. The post also implies a conspiracy theory about a 'Marxist Communist take over,' which may not directly call for violence but could be interpreted as inciting fear or hostility. Given these elements, there is likely to be some disagreement among annotators, but the presence of clear offensive language and demeaning content suggests a higher percentage of annotators would classify it as hate speech.","The post contains offensive language and derogatory terms, particularly the use of the slur 'faggots,' which is a clear example of vulgarity and offensive language. It also makes demeaning references to gender identity and sexual orientation, suggesting an assault on human dignity. The mention of a 'Marxist Communist take over' could be seen as inciting fear or hostility, although it does not directly call for violence. Given these elements, there is likely to be some disagreement among annotators, but the presence of clear offensive language and demeaning content suggests a higher percentage of annotators would classify it as hate speech.",0.10000000000000009
89,10505,Our #Education system must be cleaned up,0.2,0.8,0.1,0.9,"The post 'Our #Education system must be cleaned up' does not explicitly contain any elements of hate speech. It does not demean or degrade individuals or groups based on protected characteristics, nor does it call for violence or use vulgar or offensive language. The phrase 'cleaned up' is vague and could be interpreted in various ways, but it lacks any direct indication of hate speech. Therefore, it is likely that most annotators would not classify this post as hate speech, resulting in low disagreement.","The post 'Our #Education system must be cleaned up' does not explicitly contain any elements of hate speech. It does not demean or degrade individuals or groups based on protected characteristics, nor does it call for violence or use vulgar or offensive language. The phrase 'cleaned up' is vague and could be interpreted in various ways, but it lacks any direct indication of hate speech. Therefore, it is likely that most annotators would not classify this post as hate speech, resulting in low disagreement.",0.1
90,10508,no problem in islam #ChildMarriage  https://www.youtube.com/watch?v=KldFGgUTqKA,0.2,0.8,0.6,0.4,"The post references a controversial topic, child marriage, and associates it with Islam, which could be interpreted as an assault on human dignity by suggesting that a religion condones a practice that is widely considered unethical. This could lead to a significant portion of annotators viewing it as hate speech. However, the post does not explicitly call for violence or use vulgar language, which might lead some annotators to classify it as not hate speech. The hashtag and the link to a video suggest that the post might be part of a broader discussion, which could influence interpretations based on the viewer's perspective on the topic.","The post ""no problem in islam #ChildMarriage"" includes a hashtag that links Islam with child marriage, a topic that is highly sensitive and controversial. This could be seen as demeaning to the religion by implying it supports a practice that is generally condemned, thus potentially falling under 'Assaults on Human Dignity'. However, the post does not contain explicit calls for violence or use vulgar language. The ambiguity arises from the lack of context and the potential for different interpretations of the hashtag's intent, leading to a moderate level of disagreement among annotators. Therefore, I predict that 60% of annotators might classify it as hate speech, while 40% might not.",0.39999999999999997
91,10509,"We pay TAX over #TAX over TAX we are not only being robbed, we are being robbed multiple times over and over again...  #communism #socialism #government  #finance  #theft  #unBEARables",0.2,0.8,0.1,0.9,"The post expresses frustration over taxation and uses hashtags like #communism and #socialism, which may indicate a political stance. However, it does not contain any direct assaults on human dignity, calls for violence, or vulgar/offensive language. The language is more about expressing dissatisfaction with government policies rather than targeting any specific group or individual. Therefore, it is unlikely to be classified as hate speech by most annotators, leading to low disagreement.","The post is a critique of taxation and government policies, using terms like #communism and #socialism to express dissatisfaction. It does not target any specific group or individual with hate speech. The language is not vulgar or offensive, nor does it incite violence. As such, it is unlikely to be classified as hate speech by most annotators, resulting in low disagreement. Predicted percentages: [0.1, 0.9].",0.1
92,10511,#Chemnitz Fights Back   the unelected  #EU needs to go!!  https://www.youtube.com/watch?v=AuXpQz5onxs,0.2,0.8,0.1,0.9,"The post does not contain any explicit assaults on human dignity, calls for violence, or vulgarity/offensive language. It appears to be a political statement against the EU, which is not inherently hate speech. The hashtag #ChemnitzFightsBack could be interpreted in various ways, but without additional context, it does not clearly indicate hate speech. Therefore, there is likely to be low disagreement among annotators, with most classifying it as not hate speech.","The post is a political statement expressing opposition to the EU, using the hashtag #ChemnitzFightsBack. It does not contain language that degrades individuals or groups based on protected characteristics, nor does it incite violence or use offensive language. The hashtag could be interpreted in different ways, but without further context, it does not clearly fall into hate speech categories. Therefore, it is likely that most annotators would agree that this post is not hate speech, resulting in low disagreement.",0.1
93,11144,SEE ME LIVE ON SEXCAMS 11pm 2300hrs PST #MakeMeCum ,0.0,1.0,0.1,0.9,"The post is primarily promotional in nature, advertising a live cam session. It does not contain any elements that demean or degrade individuals or groups based on protected characteristics, nor does it incite violence. While it uses explicit language, it is not directed at any individual or group in a derogatory manner. Therefore, it is unlikely to be classified as hate speech by most annotators, leading to low disagreement.","The post is an advertisement for a live cam session, using explicit language to promote the event. It does not target any specific group or individual with hate speech, nor does it incite violence. The use of explicit language is not inherently hateful in this context, as it is part of the promotional content. As such, the post is unlikely to be classified as hate speech by most annotators, resulting in low disagreement.",0.1
94,11234,President Trump signed an executive order on Friday that will affect how you save for retirement. https://www.foxbusiness.com/personal-finance/trump...,0.0,1.0,0.0,1.0,"The post is a straightforward news update about an executive order signed by President Trump related to retirement savings. It does not contain any language that assaults human dignity, calls for violence, or uses vulgar or offensive language. Therefore, it is unlikely to be classified as hate speech by any annotators, leading to low disagreement and a high consensus that it is not hate speech.","The post is a straightforward news update about an executive order signed by President Trump related to retirement savings. It does not contain any language that assaults human dignity, calls for violence, or uses vulgar or offensive language. Therefore, it is unlikely to be classified as hate speech by any annotators, leading to low disagreement and a high consensus that it is not hate speech. Predicted percentages: [0.0, 1.0].",0.0
95,11236,bill clinton is a rapist,0.4,0.6,0.4,0.6,"The post 'bill clinton is a rapist' could be interpreted in different ways. It does not contain vulgarity or offensive language in terms of profanity or slurs, but it does make a serious accusation against a public figure. This could be seen as an assault on human dignity if the claim is unfounded or intended to demean. However, it does not call for violence. The post's interpretation may vary based on the reader's views on the subject, leading to moderate disagreement among annotators.","The post 'bill clinton is a rapist' is likely to result in moderate disagreement among annotators. While it does not contain explicit vulgarity or calls for violence, it makes a serious accusation that could be seen as demeaning or degrading if unfounded. The interpretation of this post may vary based on individual perspectives on the subject matter, leading to a prediction of [0.4, 0.6] for hate speech vs. not hate speech.",0.0
96,11237,hubba hubba 😍 “Nope” Officer has hilarious reaction to call about 10-foot snake https://www.leoaffairs.com/nope-officer-has-hilari...,0.0,1.0,0.0,1.0,"The post is a light-hearted comment about a news article involving a police officer's reaction to a large snake. It does not contain any elements of hate speech, such as assaults on human dignity, calls for violence, or vulgarity and offensive language. The content is clear and unambiguous, leading to a likely consensus among annotators that it is not hate speech.","The post is a light-hearted comment about a news article involving a police officer's reaction to a large snake. It does not contain any elements of hate speech, such as assaults on human dignity, calls for violence, or vulgarity and offensive language. The content is clear and unambiguous, leading to a likely consensus among annotators that it is not hate speech.",0.0
97,11239,"III%  if you don't know what the fuck you're talking about, ask Cop put on leave for tattoo linked to antigovernment group https://nypost.com/2018/08/31/cop-put-on-leave-for...",0.2,0.8,0.6,0.4,"The post references 'III%', which is associated with the Three Percenters, a group known for antigovernment views. This could be seen as an assault on human dignity if interpreted as supporting extremist ideologies. However, the post itself does not explicitly call for violence or use vulgar language. The context of the post, mentioning a cop put on leave for a tattoo linked to this group, adds ambiguity as it could be seen as either a critique or support of the group's ideology. This ambiguity may lead to high disagreement among annotators, as interpretations can vary based on one's view of the Three Percenters and the context of the post.","The post mentions 'III%', which is commonly associated with the Three Percenters, a group known for antigovernment and sometimes extremist views. The post itself does not explicitly call for violence or use vulgar language, but the reference to this group could be interpreted as an endorsement of their ideology, which some may view as an assault on human dignity. The context of the post, which involves a cop being put on leave for a tattoo linked to this group, adds to the ambiguity. This could lead to high disagreement among annotators, as some may see it as hate speech due to the association with an extremist group, while others may not see it as hate speech because the post itself does not contain explicit hate speech elements.",0.39999999999999997
98,11241,FBI arrests five New Mexico compound suspects days after multiple charges were dropped http://www.foxnews.com/us/2018/08/31/fbi-arrests-f...,0.2,0.8,0.1,0.9,"The post is a straightforward news headline reporting on the arrest of suspects by the FBI. It does not contain any language that assaults human dignity, calls for violence, or uses vulgar or offensive language. As such, it is unlikely to be considered hate speech by most annotators, leading to low disagreement and a high percentage of annotators classifying it as not hate speech.","The post is a news headline from Fox News about the FBI arresting suspects in New Mexico. It is factual and does not contain any elements of hate speech. Therefore, it is expected that the majority of annotators would classify it as not hate speech, with low disagreement.",0.1
99,11664,I love how welcoming @a is of everyone to this site. A couple thousand Brazilians show up and he starts posting in their native language. For all the accusations of 'far-right' this is far more inclusive than almost any left-leaning social network.,0.2,0.8,0.1,0.9,"The post does not contain any elements of hate speech. It praises inclusivity and the welcoming nature of a social media user towards Brazilians by posting in their native language. There are no assaults on human dignity, calls for violence, or use of vulgar or offensive language. The mention of 'far-right' is in the context of refuting accusations and highlighting inclusivity, which is not indicative of hate speech. Therefore, there is likely to be low disagreement among annotators, with most classifying it as not hate speech.","The post is positive and inclusive, highlighting the welcoming nature of a social media user towards a diverse group. It does not contain any elements of hate speech, such as assaults on human dignity, calls for violence, or vulgar language. The mention of 'far-right' is in a context that refutes accusations and emphasizes inclusivity, which is not indicative of hate speech. Therefore, the post is likely to be classified as not hate speech by the majority of annotators, with low disagreement.",0.1
100,11780,One thing many are missing. This Omnibus pork barrel has a shelf life of 6 months. Renewal End of September. Just before the mid-terms.,0.0,1.0,0.0,1.0,"The post discusses a political topic related to government spending and election timing. It does not contain any language that assaults human dignity, calls for violence, or uses vulgar or offensive language. Therefore, it is unlikely to be classified as hate speech by annotators, leading to low disagreement and a high consensus that it is not hate speech.","The post is a commentary on political strategy and timing related to government spending and elections. It does not contain any elements that would typically be classified as hate speech, such as demeaning language, incitement to violence, or offensive language. As such, it is expected that annotators would largely agree that this post is not hate speech, resulting in a prediction of 0% classifying it as hate speech and 100% as not hate speech.",0.0
101,12213,I pirate my games from this site. Since these are all gog games you don't have to worry about any cracks or added malware since gog games are by default drm free and don't need any extra modifications. This is the only place where I pirate games since I don't want to play Russian roulette (malware edition) with cracks https://goggames.goodolddownloads.com/,0.0,1.0,0.0,1.0,"The post discusses pirating games from a specific site and provides a rationale for doing so, focusing on the safety of DRM-free games. It does not contain any elements that demean or degrade individuals or groups, nor does it incite violence or use vulgar or offensive language. Therefore, it is unlikely to be classified as hate speech by annotators, leading to a low disagreement and a high consensus that it is not hate speech.",The post is about pirating games and does not contain any hate speech elements.,0.0
102,12215,Starving journalists make me nut,0.4,0.6,0.3,0.7,"The post 'Starving journalists make me nut' contains ambiguous language that could be interpreted in different ways. The phrase 'make me nut' is slang that can be considered vulgar or offensive, but it is not explicitly directed at a protected group or individual. The term 'starving journalists' does not inherently demean or degrade based on protected characteristics, nor does it call for violence. However, the use of potentially offensive language could lead to some annotators perceiving it as hate speech, while others may not see it as such. This results in a moderate level of disagreement among annotators.","The post contains ambiguous language with the phrase 'make me nut,' which is slang and could be considered vulgar or offensive. However, it does not explicitly target a protected group or individual, nor does it call for violence. The term 'starving journalists' is not inherently demeaning based on protected characteristics. The potential offensiveness of the language may lead to some annotators classifying it as hate speech, while others may not, resulting in moderate disagreement.",0.10000000000000003
103,12216,Am I the only one who feels that games made by SJWs tend to have very little actual gameplay like with a visual novel? I'm not ragging on visual novels or anything (love nekopara) but it's just something I noticed.,0.0,1.0,0.1,0.9,"The post does not explicitly demean or degrade individuals or groups based on protected characteristics, nor does it incite violence. It uses the term 'SJWs' (Social Justice Warriors), which can be seen as derogatory in some contexts, but in this instance, it is used to express a personal opinion about the quality of games rather than to attack a group. The language is not vulgar or offensive, and the post seems to be more of a critique of game design rather than a hate speech. Therefore, it is likely to be classified as not hate speech by most annotators, with low disagreement.","The post discusses a personal opinion about games made by 'SJWs' (Social Justice Warriors), suggesting they have less gameplay. While 'SJWs' can be a derogatory term, the post does not explicitly attack or demean individuals or groups based on protected characteristics. It does not call for violence or use vulgar language. The post is more of a critique of game design rather than hate speech, leading to a likely consensus among annotators that it is not hate speech. Therefore, I predict low disagreement with most annotators classifying it as not hate speech.",0.1
104,12430,Soaking in the morning sun 🌞  #SummerSolstice #Litha #EarthGrounding #barefoot,0.0,1.0,0.0,1.0,"The post is a positive and neutral statement about enjoying the morning sun, with hashtags related to summer solstice and grounding. It does not contain any language or content that could be interpreted as hate speech. There are no assaults on human dignity, calls for violence, or vulgar/offensive language present in the post. Therefore, it is likely that all annotators would agree that this post is not hate speech, resulting in low disagreement.","The post is a positive and neutral statement about enjoying the morning sun, with hashtags related to summer solstice and grounding. It does not contain any language or content that could be interpreted as hate speech. There are no assaults on human dignity, calls for violence, or vulgar/offensive language present in the post. Therefore, it is likely that all annotators would agree that this post is not hate speech, resulting in low disagreement.",0.0
105,12485,"As I was driving around today, it occurred to me that when I was growing up the worst concern on our holidays was the projected highway death toll that was always broadcast. Today we anticipate riots, mobs & violence from the Leftist armies terrorizing our people whenever patriots gather to celebrate and exercise our freedoms. Deliver us from evil, Oh Lord.",0.7142857142857143,0.2857142857142857,0.6,0.4,"The post contains elements that could be interpreted as hate speech, particularly in the way it describes 'Leftist armies' as 'terrorizing our people.' This language could be seen as demeaning or degrading a political group, which may fall under 'Assaults on Human Dignity.' Additionally, the post implies a threat of violence associated with a specific group, which could be seen as a 'Call for Violence.' However, the post does not contain explicit vulgarity or offensive language. The context and language used may lead to varying interpretations, resulting in moderate disagreement among annotators.","The post uses charged language to describe political opponents, referring to them as 'Leftist armies terrorizing our people.' This could be seen as demeaning a group based on political beliefs, which may be interpreted as an assault on human dignity. The mention of 'riots, mobs & violence' suggests a call for violence, although it is not explicit. The post does not use vulgar or offensive language directly. Given the political context and the potential for different interpretations of the language used, there is likely to be moderate disagreement among annotators about whether this constitutes hate speech.",0.11428571428571432
106,12486,"Listening to patriotic songs, and I'm tearing up. So much love for our beautiful country and her good people.",0.0,1.0,0.0,1.0,"The post expresses positive emotions and love for the country and its people. It does not contain any elements of hate speech, such as assaults on human dignity, calls for violence, or vulgarity and offensive language. The content is clear and unambiguous, leading to a likely consensus among annotators that it is not hate speech.",The post is a positive expression of patriotism and does not exhibit any characteristics of hate speech. It is unlikely to be interpreted as hate speech by any annotators.,0.0
107,12715,"Fight me, communists.",0.625,0.375,0.3,0.7,"The post 'Fight me, communists.' is somewhat ambiguous in terms of hate speech. It does not explicitly assault human dignity based on protected characteristics, nor does it contain vulgar or offensive language. However, the phrase 'Fight me' could be interpreted as a call for violence, albeit in a potentially metaphorical or rhetorical sense. The term 'communists' is a political label rather than a protected characteristic, which may reduce the likelihood of it being classified as hate speech. Given these factors, there is likely to be some disagreement among annotators, with a minority potentially viewing it as a call for violence, while the majority may not see it as hate speech.","The post 'Fight me, communists.' is somewhat ambiguous in terms of hate speech. It does not explicitly assault human dignity based on protected characteristics, nor does it contain vulgar or offensive language. However, the phrase 'Fight me' could be interpreted as a call for violence, albeit in a potentially metaphorical or rhetorical sense. The term 'communists' is a political label rather than a protected characteristic, which may reduce the likelihood of it being classified as hate speech. Given these factors, there is likely to be some disagreement among annotators, with a minority potentially viewing it as a call for violence, while the majority may not see it as hate speech.",0.325
108,12716,"If you're a right-winger, how could you not be excited at the prospect of a civil war split down ideological lines?",0.25,0.75,0.6,0.4,"The post suggests excitement at the prospect of a civil war split along ideological lines, which can be interpreted as a call for violence or at least an endorsement of violent conflict. This aspect may lead some annotators to classify it as hate speech due to the potential incitement of violence. However, the post does not explicitly call for violence or use vulgar or offensive language, which might lead others to see it as a provocative political statement rather than hate speech. The ambiguity in the intent and the lack of direct offensive language could result in moderate disagreement among annotators.","The post suggests excitement at the prospect of a civil war split along ideological lines, which can be interpreted as a call for violence or at least an endorsement of violent conflict. This aspect may lead some annotators to classify it as hate speech due to the potential incitement of violence. However, the post does not explicitly call for violence or use vulgar or offensive language, which might lead others to see it as a provocative political statement rather than hate speech. The ambiguity in the intent and the lack of direct offensive language could result in moderate disagreement among annotators.",0.35
109,13696,"and some people still wonder why so many people hate him, specially those ugly ass feminists",1.0,0.0,0.6,0.4,"The post contains offensive language ('ugly ass feminists') that targets a specific group (feminists), which could be interpreted as an assault on human dignity. The use of the word 'hate' suggests a negative sentiment, but it does not explicitly call for violence. The vulgarity and offensive language aspect is present, which may lead to some annotators classifying it as hate speech. However, the lack of explicit calls for violence or more direct demeaning language might lead others to classify it as not hate speech. This results in a moderate level of disagreement among annotators.","The post uses offensive language directed at feminists, which could be seen as demeaning or degrading. However, it does not explicitly call for violence or contain severe assaults on human dignity beyond the use of vulgar language. The interpretation of this post as hate speech may vary among annotators, leading to moderate disagreement. Therefore, I predict that 60% of annotators might classify it as hate speech due to the offensive language, while 40% might not, considering the lack of explicit calls for violence or more severe demeaning content.",0.4
110,13697,"no, some people do behave like animals and its funny how certain groups or races so to speak have a really distinct way of behaving that is indeed more primitive or advanced than others, although its not something we use a lot to talk about people, being racist is calling black people monkeys, not relating them to something that has been used as a slur 4 centuries",1.0,0.0,0.7,0.3,"The post contains language that demeans or degrades individuals or groups based on race, which falls under the 'Assaults on Human Dignity' aspect of hate speech. The reference to certain groups or races behaving in a 'primitive' or 'advanced' manner is a clear example of racial stereotyping and dehumanization. Additionally, the post attempts to justify or downplay racist language, which could be interpreted as an endorsement of such views. This content is likely to be recognized as hate speech by a significant portion of annotators, leading to a prediction of higher agreement on it being hate speech. However, the post's attempt to distinguish between what it considers 'racist' and 'not racist' language might lead to some disagreement among annotators, but overall, the post is more likely to be classified as hate speech.","The post uses language that dehumanizes and stereotypes certain racial groups, suggesting that they behave in a 'primitive' manner. This is a clear assault on human dignity based on race. The post also attempts to redefine what constitutes racism, which could be seen as an attempt to justify or minimize racist language. Given these factors, the post is likely to be classified as hate speech by a majority of annotators, though there may be some disagreement due to the post's attempt to rationalize its language. Therefore, I predict that 70% of annotators would classify it as hate speech, while 30% would not.",0.30000000000000004
111,13773,Well... at least a “man” was still first. By the time all of this makes it to Globalist textbooks in the future it will be a female astronaut who went to the moon just to abort her baby there because she wanted to do it first... before using her size A bra to sling the spacecraft back.,1.0,0.0,0.7,0.3,"The post contains elements that could be interpreted as demeaning or degrading towards women, particularly in the context of achievements in space exploration. It uses sarcasm and stereotypes to belittle the idea of female astronauts, which could be seen as an assault on human dignity based on gender. The post also includes vulgar and offensive language, such as the reference to a 'size A bra,' which may contribute to its classification as hate speech. However, it does not explicitly call for violence. The sarcastic tone and use of stereotypes may lead to some disagreement among annotators, but the degrading nature of the content suggests a higher likelihood of being classified as hate speech.","The post uses sarcasm and stereotypes to belittle the idea of female astronauts, which could be seen as an assault on human dignity based on gender. It includes vulgar and offensive language, such as the reference to a 'size A bra,' contributing to its classification as hate speech. However, it does not explicitly call for violence. The sarcastic tone and use of stereotypes may lead to some disagreement among annotators, but the degrading nature of the content suggests a higher likelihood of being classified as hate speech.",0.30000000000000004
112,13775,"Me muting idiot Globalist groupies on Gab, on my own little account, is not the same as giant Twatter muting Trump’s base from almost the entire platform. Let’s just clear that brain fart out now should it come up again.",0.6,0.4,0.1,0.9,"The post does not explicitly demean or degrade individuals based on protected characteristics, nor does it call for violence. It does contain some offensive language, such as 'idiot' and 'brain fart,' but these terms are not directed at a specific protected group and are more likely to be seen as general insults. The post primarily discusses the user's actions on social media and criticizes a platform's policies. Given the lack of clear hate speech elements, there is likely to be low disagreement among annotators, with most classifying it as not hate speech.","The post contains some offensive language but does not clearly fall into the categories of assaults on human dignity or calls for violence. The language used, such as 'idiot' and 'brain fart,' is more likely to be interpreted as general insults rather than hate speech. The post discusses social media actions and platform policies, which are not inherently related to hate speech. Therefore, the post is likely to be classified as not hate speech by the majority of annotators, with low disagreement.",0.5
113,13777,"You can tell Gab is the place to be, even Dem derps are here now trying to latch onto our feeds talking sh!t looking for attention. I don’t care to address them directly, but I will say that my mute button is fond of them already.",0.6,0.4,0.1,0.9,"The post uses the term 'Dem derps,' which could be considered derogatory towards Democrats, but it is relatively mild and not a clear assault on human dignity. There is no call for violence or incitement to harm. The use of 'sh!t' is vulgar, but it is not directed at a specific individual or group in a way that constitutes hate speech. Overall, the post is more likely to be seen as not hate speech, with low disagreement among annotators.","The post contains mild derogatory language ('Dem derps') and vulgarity ('sh!t'), but it does not clearly fall into the categories of hate speech such as assaults on human dignity or calls for violence. The language is not severe or targeted enough to be considered hate speech by most annotators. Therefore, it is likely that a small percentage of annotators might classify it as hate speech due to the derogatory term, but the majority would not. This results in a prediction of [0.1, 0.9] for hate speech vs. not hate speech.",0.5
114,13778,"I’ve often wondered what it would be like for Globalist groupies once they realized they’re living a lie, but now, I’m seeing that it is we patriotic Americans who have been living in a lie for decades... Our country, branches of gov, our MSM and our schools.. ALL are hijacked.",0.4,0.6,0.1,0.9,"The post expresses a political opinion and a sense of disillusionment with the state of the country and its institutions. It does not contain any direct assaults on human dignity, calls for violence, or vulgar/offensive language. The term 'Globalist groupies' could be seen as derogatory by some, but it is not explicitly targeting a protected characteristic in a way that would typically be classified as hate speech. Therefore, it is likely that most annotators would not classify this post as hate speech, leading to low disagreement.","The post expresses a political opinion and a sense of disillusionment with the state of the country and its institutions. It does not contain any direct assaults on human dignity, calls for violence, or vulgar/offensive language. The term 'Globalist groupies' could be seen as derogatory by some, but it is not explicitly targeting a protected characteristic in a way that would typically be classified as hate speech. Therefore, it is likely that most annotators would not classify this post as hate speech, leading to low disagreement.",0.30000000000000004
115,13779,"Peace isn’t free, it will cost the corrupt everything.",0.0,1.0,0.1,0.9,"The post 'Peace isn’t free, it will cost the corrupt everything.' does not explicitly fall into any of the hate speech categories. It does not demean or degrade individuals or groups based on protected characteristics, nor does it incite or encourage physical harm or violence. The language used is not vulgar or offensive. The post seems to express a sentiment against corruption, which is a common political stance, rather than targeting a specific group in a hateful manner. Therefore, it is likely that most annotators would not classify this as hate speech, leading to low disagreement.","The post 'Peace isn’t free, it will cost the corrupt everything.' does not explicitly fall into any of the hate speech categories. It does not demean or degrade individuals or groups based on protected characteristics, nor does it incite or encourage physical harm or violence. The language used is not vulgar or offensive. The post seems to express a sentiment against corruption, which is a common political stance, rather than targeting a specific group in a hateful manner. Therefore, it is likely that most annotators would not classify this as hate speech, leading to low disagreement.",0.1
116,13810,"I suggest you get the 'Twitchy' app. All the Twitter insanity available so we can poke fun in one place. Plus it links to Twitter, but maybe not for long. Remember how sarcasm and ironic humor affect Lefties, & do it today...",0.0,1.0,0.1,0.9,"The post primarily discusses using an app to view Twitter content and suggests poking fun at it. It mentions sarcasm and ironic humor affecting 'Lefties,' which could be interpreted as a political jab. However, it does not contain any explicit assaults on human dignity, calls for violence, or vulgar/offensive language. The post is more likely to be seen as a political commentary or humor rather than hate speech. Therefore, there is likely low disagreement among annotators, with most classifying it as not hate speech.","The post suggests using an app to view Twitter content and make fun of it, particularly targeting 'Lefties' with sarcasm and ironic humor. While it may be seen as a political jab, it does not explicitly demean or degrade individuals or groups based on protected characteristics, nor does it incite violence or use vulgar language. The post is likely to be interpreted as political commentary or humor rather than hate speech, leading to low disagreement among annotators. Most annotators would likely classify it as not hate speech.",0.1
117,14413,Seems only fair that lefties who enjoy harassing ICE agents at home get equal treatment.,0.75,0.25,0.6,0.4,"The post suggests that individuals who harass ICE agents should receive 'equal treatment,' which can be interpreted as a call for reciprocal harassment or mistreatment. This could be seen as a call for violence or at least a call for harassment, which is a form of assault on human dignity. However, the language is somewhat ambiguous and does not explicitly call for violence, leading to potential disagreement among annotators. The post does not contain vulgarity or offensive language, but the implication of 'equal treatment' could be interpreted in various ways, leading to moderate disagreement.","The post suggests that individuals who harass ICE agents should receive 'equal treatment,' which can be interpreted as a call for reciprocal harassment or mistreatment. This could be seen as a call for violence or at least a call for harassment, which is a form of assault on human dignity. However, the language is somewhat ambiguous and does not explicitly call for violence, leading to potential disagreement among annotators. The post does not contain vulgarity or offensive language, but the implication of 'equal treatment' could be interpreted in various ways, leading to moderate disagreement.",0.15000000000000002
118,14434,Watched this exciting competition before bed then dreamed I was repping 1 arm pull ups. Took a couple hours this morning to realize it wasn't real. Time to hit the gym. https://youtu.be/rvwzddEOSDk,0.0,1.0,0.0,1.0,"The post is a personal anecdote about watching a competition and dreaming about doing one-arm pull-ups. It does not contain any language or content that assaults human dignity, calls for violence, or uses vulgar or offensive language. Therefore, it is clearly not hate speech, and there is likely to be a consensus among annotators that it is not hate speech.","The post is a personal anecdote about watching a competition and dreaming about doing one-arm pull-ups. It does not contain any language or content that assaults human dignity, calls for violence, or uses vulgar or offensive language. Therefore, it is clearly not hate speech, and there is likely to be a consensus among annotators that it is not hate speech. [0.0, 1.0]",0.0
119,14435,The first lead climbing World Cup of the season is this weekend. Finals coming up live in a couple hours. Bet on Janja. https://www.youtube.com/watch?v=O5_8ALb80YQ,0.0,1.0,0.0,1.0,"The post is a straightforward announcement about a climbing World Cup event, with a suggestion to bet on a particular athlete, Janja. It does not contain any language or content that could be interpreted as demeaning, violent, or offensive. Therefore, it is unlikely to be classified as hate speech by any annotators, leading to low disagreement and a consensus that it is not hate speech.","The post is a straightforward announcement about a climbing World Cup event, with a suggestion to bet on a particular athlete, Janja. It does not contain any language or content that could be interpreted as demeaning, violent, or offensive. Therefore, it is unlikely to be classified as hate speech by any annotators, leading to low disagreement and a consensus that it is not hate speech.",0.0
120,15681,"For some people who demanded an increase, minimum wage went from $7.25 a hour to $0.00.",0.0,1.0,0.1,0.9,"The post does not explicitly demean or degrade individuals or groups based on protected characteristics, nor does it incite violence. It also lacks vulgarity or offensive language. The post seems to be a commentary on the consequences of demanding higher wages, possibly implying job loss. This could be interpreted as a critique of economic policies rather than hate speech. Therefore, it is likely to be classified as not hate speech by most annotators, with low disagreement.","The post is a commentary on economic consequences rather than a direct attack on any group or individual. It does not contain elements of hate speech as defined by the aspects provided. Annotators are likely to agree that this post is not hate speech, resulting in low disagreement.",0.1
121,15684,'First Man' is a liberal's wet dream. So pretty much a fantasy fiction movie. I'll pass.,0.4,0.6,0.1,0.9,"The post does not contain any explicit assaults on human dignity, calls for violence, or vulgarity/offensive language. It expresses a personal opinion about a movie, using the term 'liberal's wet dream' which could be seen as dismissive or derogatory towards liberals, but it does not rise to the level of hate speech. The language is more likely to be interpreted as a critique of political ideology rather than a hate speech. Therefore, there is likely to be low disagreement among annotators, with most classifying it as not hate speech.","The post critiques a movie by associating it with a political ideology ('liberal's wet dream') and dismisses it as 'fantasy fiction.' While the phrase 'wet dream' could be considered vulgar, it is not directed at a specific individual or group in a way that constitutes hate speech. The post lacks elements of demeaning language based on protected characteristics, calls for violence, or significant offensive language. As such, it is likely that the majority of annotators would not classify this as hate speech, leading to a prediction of [0.1, 0.9] for hate speech vs. not hate speech.",0.30000000000000004
122,15686,I bet some one at NPR will be fired for reporting the truth.,0.4,0.6,0.1,0.9,"The post does not contain any explicit assaults on human dignity, calls for violence, or vulgarity/offensive language. It appears to be a commentary on media practices, possibly implying that truth-telling is not valued, but it does not directly engage in hate speech. Therefore, it is likely that most annotators would not classify this as hate speech, leading to low disagreement.","The post is a commentary on media practices, specifically targeting NPR. It implies that someone might be fired for reporting the truth, which suggests a critique of media integrity or practices. However, it does not contain any explicit hate speech elements such as demeaning language, calls for violence, or offensive language. As such, it is unlikely to be classified as hate speech by most annotators, resulting in low disagreement.",0.30000000000000004
123,16510,"Yep, you're a mindless leftist. The telltale sign is the spewing of hatred and wishing harm when you lose the argument. You can't think and when you're put in a position where you have to back your baseless position with a reasoned argument and facts your mind uncoils like a spring. There are two characteristics associated with leftists, the inability to think and hatred. You demonstrated both.",1.0,0.0,0.3,0.7,"The post contains derogatory language towards a political group, labeling them as 'mindless' and associating them with 'hatred' and 'inability to think.' This could be seen as an assault on human dignity based on political affiliation. However, it does not contain explicit calls for violence or use of vulgar language. The post's content is somewhat subjective and open to interpretation, which may lead to moderate disagreement among annotators. Some may view it as hate speech due to its demeaning tone, while others may see it as a harsh political opinion.","The post contains derogatory language towards a political group, labeling them as 'mindless' and associating them with 'hatred' and 'inability to think.' This could be seen as an assault on human dignity based on political affiliation. However, it does not contain explicit calls for violence or use of vulgar language. The post's content is somewhat subjective and open to interpretation, which may lead to moderate disagreement among annotators. Some may view it as hate speech due to its demeaning tone, while others may see it as a harsh political opinion. Therefore, I predict that 30% of annotators would classify it as hate speech, while 70% would not.",0.7
124,16511,"Stick with Obamacare. See my previous post re anecdotal observations versus methodical observations and their bearing, or non-bearing, on the relevance of the data.",0.0,1.0,0.05,0.95,"The post discusses a political topic, specifically Obamacare, and references previous posts about observations and data relevance. It does not contain any language that assaults human dignity, calls for violence, or uses vulgar or offensive language. The content is focused on a political opinion and data analysis, which is unlikely to be considered hate speech by most annotators. Therefore, there is likely to be low disagreement among annotators, with the majority classifying it as not hate speech.","The post is a political commentary on Obamacare and the relevance of data in discussions. It does not exhibit any characteristics of hate speech, such as demeaning language, incitement to violence, or vulgarity. The content is clear and focused on a political issue, which is generally not considered hate speech. Therefore, the prediction is that 5% of annotators might classify it as hate speech due to potential misinterpretation, while 95% would classify it as not hate speech.",0.05
125,16605,"I have a blacke co-worker who listens to MSNBC all day on his computer. I had never watched the channel, and didn’t know much about it. I can now say it delivers the most incoherent set of conspiracy theories I have ever had to listen to.",0.4,0.6,0.1,0.9,"The post does not contain any explicit assaults on human dignity, calls for violence, or vulgarity/offensive language. It mentions a 'black co-worker,' but the context does not demean or degrade the individual based on race. The focus of the post is a critique of MSNBC, described as delivering 'incoherent set of conspiracy theories.' This critique is directed at the media outlet rather than the individual or group. Therefore, it is likely that most annotators would not classify this as hate speech, resulting in low disagreement.","The post critiques a media outlet and mentions a co-worker's race without demeaning or degrading them. It lacks elements of hate speech, leading to likely consensus among annotators.",0.30000000000000004
126,16609,It may not be an exclusive “black thing” but it is in high proportion to the black populace. https://www.amren.com/news/2018/08/former-mayor-fo...,0.6,0.4,0.6,0.4,"The post makes a generalization about the black populace, which could be interpreted as demeaning or degrading, thus falling under 'Assaults on Human Dignity'. However, it does not contain explicit calls for violence or vulgar language. The statement's ambiguity and reliance on context (e.g., the linked article) may lead to varying interpretations, resulting in moderate disagreement among annotators.","The post suggests a stereotype about the black populace, which can be seen as an assault on human dignity. However, it lacks explicit vulgarity or calls for violence. The context provided by the link may influence interpretation, leading to moderate disagreement. Therefore, I predict that 60% of annotators might classify it as hate speech, while 40% might not.",0.0
127,17093,"Bernie Care, more like long wait cancelled care. ",0.2,0.8,0.1,0.9,"The post is a critique of a healthcare policy, likely referring to a proposal by Bernie Sanders. It uses a play on words to express dissatisfaction with the policy, suggesting it would lead to long waits and cancellations in healthcare services. The post does not contain any elements that demean or degrade individuals or groups based on protected characteristics, nor does it incite violence or use vulgar or offensive language. Therefore, it is unlikely to be classified as hate speech by most annotators, leading to low disagreement.","The post is a critique of a healthcare policy, likely referring to a proposal by Bernie Sanders. It uses a play on words to express dissatisfaction with the policy, suggesting it would lead to long waits and cancellations in healthcare services. The post does not contain any elements that demean or degrade individuals or groups based on protected characteristics, nor does it incite violence or use vulgar or offensive language. Therefore, it is unlikely to be classified as hate speech by most annotators, leading to low disagreement. Predicted percentages: [0.1, 0.9].",0.1
128,17155,NEW YORK CITY: Avi Yemeni’s man-on-the-street interviews about Donald Trump in the middle of Times Square http://barenakedislam.com/2018/08/31/new-york-city... #AgendaOfEvil,0.4,0.6,0.1,0.9,"The post appears to be a neutral announcement about a man-on-the-street interview conducted by Avi Yemeni regarding Donald Trump. It does not contain any explicit assaults on human dignity, calls for violence, or vulgarity/offensive language. The hashtag #AgendaOfEvil could be interpreted in various ways, but without additional context, it does not clearly indicate hate speech. Therefore, the post is likely to be classified as not hate speech by most annotators, resulting in low disagreement.","The post is a straightforward announcement of an interview and does not contain elements that are typically associated with hate speech. The hashtag might raise some questions, but it is not enough to classify the post as hate speech. Thus, the prediction is that 10% of annotators might classify it as hate speech due to the hashtag, while 90% would not.",0.30000000000000004
129,17156,Berlin: Attackers Hurl Stones at Church While Shouting “Allahu Akbar” https://www.newswars.com/berlin-attackers-hurl-sto... #AgendaOfEvil,0.4,0.6,0.6,0.4,"The post reports an incident where attackers allegedly hurled stones at a church while shouting 'Allahu Akbar.' This could be interpreted as a call for violence or an assault on human dignity, particularly if it is perceived as targeting a religious group. The hashtag '#AgendaOfEvil' may further suggest a negative portrayal of a particular group. However, the post itself is a report of an event and does not contain explicit vulgarity or offensive language. The context and the source of the report may influence how annotators perceive the post, leading to moderate disagreement.","The post describes an incident involving violence against a religious institution, which could be seen as a call for violence or an assault on human dignity. The use of 'Allahu Akbar' in this context might be interpreted as associating the act with a specific religious group, potentially leading to perceptions of hate speech. The hashtag '#AgendaOfEvil' could imply a negative agenda associated with the attackers, which might be seen as demeaning. However, the post is a report of an event and does not contain explicit offensive language, which might lead some annotators to classify it as not hate speech. Given these factors, there is likely moderate disagreement among annotators.",0.19999999999999996
130,17158,Watch Out: How PC Has Redefined ‘Fascism’ https://www.newswars.com/watch-out-how-pc-has-rede... #AgendaOfEvil,0.2,0.8,0.1,0.9,"The post appears to be a commentary on political correctness and its impact on the definition of 'fascism.' It does not explicitly demean or degrade individuals or groups based on protected characteristics, nor does it call for violence. The hashtag '#AgendaOfEvil' could be interpreted as provocative, but it lacks direct offensive language or slurs. Given the lack of explicit hate speech elements, annotators are likely to agree that this post is not hate speech, resulting in low disagreement.","The post is a link to an article with a provocative title about political correctness and fascism. It does not contain explicit hate speech elements such as assaults on human dignity, calls for violence, or vulgar language. The hashtag '#AgendaOfEvil' might be seen as provocative or conspiratorial, but it does not directly constitute hate speech. Therefore, the post is likely to be classified as not hate speech by most annotators, with low disagreement.",0.1
131,17159,U.S. accuses China of ‘super aggressive’ spy campaign on LinkedIn https://www.newswars.com/u-s-accuses-china-of-supe... #AgendaOfEvil,0.4,0.6,0.1,0.9,"The post is a news headline about the U.S. accusing China of a spy campaign on LinkedIn. It does not contain any language that assaults human dignity, calls for violence, or uses vulgar or offensive language. The hashtag '#AgendaOfEvil' could be seen as provocative, but it is not explicitly hateful. Therefore, it is likely that most annotators would not classify this as hate speech, resulting in low disagreement.","The post is a news headline about the U.S. accusing China of a spy campaign on LinkedIn. It does not contain any language that assaults human dignity, calls for violence, or uses vulgar or offensive language. The hashtag '#AgendaOfEvil' could be seen as provocative, but it is not explicitly hateful. Therefore, it is likely that most annotators would not classify this as hate speech, resulting in low disagreement. Predicted percentages: [0.1, 0.9].",0.30000000000000004
132,17160,Why It’s Time For Trump To Fire Mueller Now https://www.newswars.com/why-its-time-for-trump-to... #AgendaOfEvil,0.0,1.0,0.1,0.9,"The post is a headline and a link to an article, which does not contain any explicit language or content that directly assaults human dignity, calls for violence, or uses vulgar or offensive language. The hashtag '#AgendaOfEvil' could be interpreted as a strong opinion or criticism, but it does not inherently constitute hate speech. Therefore, it is likely that most annotators would not classify this as hate speech, resulting in low disagreement.","The post is a headline and a link to an article, which does not contain any explicit language or content that directly assaults human dignity, calls for violence, or uses vulgar or offensive language. The hashtag '#AgendaOfEvil' could be interpreted as a strong opinion or criticism, but it does not inherently constitute hate speech. Therefore, it is likely that most annotators would not classify this as hate speech, resulting in low disagreement.",0.1
133,17161,UK: Father of two jihadis killed in Syria threatens to have his wife shot if she gave evidence against him https://www.jihadwatch.org/2018/08/uk-father-of-tw... #AgendaOfEvil,0.6,0.4,0.6,0.4,"The post references a serious and violent threat ('threatens to have his wife shot') which could be interpreted as a call for violence, particularly in the context of domestic violence. The mention of 'jihadis' and 'AgendaOfEvil' could be seen as demeaning or degrading, potentially assaulting human dignity by associating certain groups with terrorism. However, the post is also reporting on a news event, which might lead some annotators to view it as not hate speech, as it could be seen as a factual recounting rather than an endorsement of the views expressed. The context of the post being a news report might lead to some disagreement among annotators about whether it constitutes hate speech.","The post contains elements that could be interpreted as hate speech, particularly in terms of calls for violence and assaults on human dignity. The threat of violence ('threatens to have his wife shot') is explicit and serious, which could lead many annotators to classify it as hate speech. Additionally, the use of terms like 'jihadis' and the hashtag '#AgendaOfEvil' could be seen as demeaning or degrading, potentially targeting specific groups based on religion or ethnicity. However, the post is also a report on a news event, which might lead some annotators to view it as not hate speech, as it could be seen as a factual recounting rather than an endorsement of the views expressed. This dual nature of the post could result in moderate disagreement among annotators, with some focusing on the violent and demeaning language, while others might emphasize the news-reporting aspect.",0.0
134,17162,Are Liberals Becoming Trump Curious? https://www.newswars.com/are-liberals-becoming-tru... #AgendaOfEvil,0.0,1.0,0.1,0.9,"The post does not contain any explicit assaults on human dignity, calls for violence, or vulgarity and offensive language. It appears to be a provocative question or commentary on political dynamics, which is unlikely to be classified as hate speech by most annotators. The hashtag '#AgendaOfEvil' could be seen as offensive or provocative, but it does not directly target a specific group or individual in a manner that constitutes hate speech. Therefore, there is likely to be low disagreement among annotators, with the majority classifying it as not hate speech.","The post is a question about political curiosity and includes a link to an article. The hashtag '#AgendaOfEvil' might be seen as provocative, but it does not directly attack any group or individual. The content lacks explicit hate speech elements such as demeaning language, calls for violence, or offensive slurs. Thus, it is likely to be classified as not hate speech by most annotators.",0.1
135,17164,It didn’t start with the Southern Poverty Law Center: the global jihad has always been aided by Useful Idiots https://www.jihadwatch.org/2018/08/it-didnt-start-... #AgendaOfEvil,0.6,0.4,0.3,0.7,"The post references 'global jihad' and 'Useful Idiots,' which could be interpreted as derogatory or demeaning towards certain groups, potentially falling under 'Assaults on Human Dignity.' However, it does not explicitly call for violence or use vulgar language. The term 'Useful Idiots' is historically used to describe people perceived as unwittingly supporting a cause they do not fully understand, which can be seen as offensive. The hashtag '#AgendaOfEvil' might imply a negative agenda, but without explicit hate speech elements, the post is likely to have mixed interpretations. Therefore, there is a moderate level of disagreement among annotators.","The post contains language that could be interpreted as demeaning towards certain groups, particularly with the use of terms like 'global jihad' and 'Useful Idiots.' However, it does not explicitly call for violence or use vulgar language. The hashtag '#AgendaOfEvil' might imply a negative agenda, but without explicit hate speech elements, the post is likely to have mixed interpretations. Therefore, there is a moderate level of disagreement among annotators.",0.3
136,17563,President Trump Says Three Tech Titans Are in a ‘Very Anti-Trust Situation’ | LifeZette http://bit.ly/2PnFZRZ  #Antitrust #Tech #BigTech #SocialMedia,0.0,1.0,0.05,0.95,"The post is a news headline about President Trump commenting on tech companies being in an 'anti-trust situation.' It does not contain any language that assaults human dignity, calls for violence, or uses vulgar or offensive language. The content is straightforward and relates to a political and economic issue rather than hate speech. Therefore, it is likely that the majority of annotators would not classify this as hate speech, resulting in low disagreement.","The post is a news headline about President Trump commenting on tech companies being in an 'anti-trust situation.' It does not contain any language that assaults human dignity, calls for violence, or uses vulgar or offensive language. The content is straightforward and relates to a political and economic issue rather than hate speech. Therefore, it is likely that the majority of annotators would not classify this as hate speech, resulting in low disagreement.",0.05
137,17564,The Permeation of Propaganda in the College Student Brain | American Thinker http://bit.ly/2orNY5k  #College,0.0,1.0,0.1,0.9,"The post appears to be a link to an article with a potentially provocative title, but it does not contain any explicit language or content that directly assaults human dignity, calls for violence, or uses vulgar or offensive language. The title suggests a critical view of college students, possibly implying they are easily influenced, but this does not inherently constitute hate speech. The lack of explicit hate speech elements suggests that most annotators would not classify this as hate speech, leading to low disagreement.","The post is a link to an article titled ""The Permeation of Propaganda in the College Student Brain"" from American Thinker. The title suggests a critical perspective on college students, possibly implying they are susceptible to propaganda. However, the post itself does not contain any explicit hate speech elements such as assaults on human dignity, calls for violence, or vulgar language. The content is more likely to be interpreted as a critique or opinion piece rather than hate speech. Therefore, it is expected that the majority of annotators would classify this as not hate speech, resulting in low disagreement.",0.1
138,17565,"Sarah Palin, Loyal Running Mate, Excluded from John McCain's Funeral | Breitbart http://bit.ly/2C39Ddv",0.0,1.0,0.1,0.9,"The post is a straightforward news headline about Sarah Palin being excluded from John McCain's funeral. It does not contain any language that assaults human dignity, calls for violence, or uses vulgar or offensive language. Therefore, it is unlikely to be classified as hate speech by most annotators, leading to low disagreement.","The post is a news headline from Breitbart about Sarah Palin being excluded from John McCain's funeral. It does not contain any elements that would typically be classified as hate speech, such as demeaning language, incitement to violence, or vulgarity. As such, it is likely to be classified as not hate speech by the majority of annotators, resulting in low disagreement.",0.1
139,17566,Here's Why Ditching Facebook Is Becoming a Thing Among Conservatives | PoliZette http://bit.ly/2LH5Cej #Socialmedia #Conservatives,0.0,1.0,0.1,0.9,"The post is a neutral statement about a trend among conservatives to leave Facebook, with a link to an article. It does not contain any language that assaults human dignity, calls for violence, or uses vulgar or offensive language. Therefore, it is unlikely to be classified as hate speech by most annotators, leading to low disagreement.","The post is a neutral statement about a trend among conservatives to leave Facebook, with a link to an article. It does not contain any language that assaults human dignity, calls for violence, or uses vulgar or offensive language. Therefore, it is unlikely to be classified as hate speech by most annotators, leading to low disagreement.",0.1
140,17567,Did Sarah Palin really deserve that? | American Thinker http://bit.ly/2MDjLyp,0.0,1.0,0.1,0.9,"The post is a question about whether Sarah Palin deserved something, with a link to an article. It does not contain any explicit assaults on human dignity, calls for violence, or vulgarity/offensive language. The content is ambiguous without additional context from the linked article, but the post itself does not clearly fall into any hate speech categories. Therefore, it is likely that most annotators would not classify this as hate speech, resulting in low disagreement.","The post is a question about whether Sarah Palin deserved something, with a link to an article. It does not contain any explicit assaults on human dignity, calls for violence, or vulgarity/offensive language. The content is ambiguous without additional context from the linked article, but the post itself does not clearly fall into any hate speech categories. Therefore, it is likely that most annotators would not classify this as hate speech, resulting in low disagreement.",0.1
141,17870,Flags have been at half-mast all week here because of that bastard McCain. I would be hard to find a more rotten statesman to memorialize. My flag stays flying high! FUCK JOHN MCCAIN http://halfstaff.org/,0.6,0.4,0.3,0.7,"The post expresses a strong negative opinion about John McCain, using offensive language ('bastard' and 'FUCK JOHN MCCAIN'). However, it does not target a group based on protected characteristics, nor does it call for violence. The vulgarity and offensive language aspect is present, but the post is more of a personal attack on a public figure rather than hate speech. Annotators may disagree on whether the offensive language constitutes hate speech, leading to moderate disagreement.","The post contains offensive language directed at a public figure, John McCain, but does not target a group based on race, ethnicity, gender, religion, or other protected characteristics. It does not call for violence. The use of vulgarity ('bastard' and 'FUCK JOHN MCCAIN') may lead some annotators to classify it as hate speech, but others may see it as a personal attack on a public figure, which is not typically classified as hate speech. Therefore, there is likely to be moderate disagreement among annotators, with some viewing it as hate speech due to the offensive language, while others do not. This results in an estimated distribution of [0.3, 0.7] for hate speech vs. not hate speech.",0.3
142,17873,"If you are looking for a White Pill in regards to the good things happening within the Nationalist Community, give this article by @WhiteArtCollective a read!",0.0,1.0,0.1,0.9,"The post does not contain explicit assaults on human dignity, calls for violence, or vulgarity/offensive language. It mentions a 'White Pill,' which is a term used in some online communities to refer to positive or hopeful news, often in a context that could be associated with white nationalism. However, the post itself does not explicitly promote hate speech or violence. The reference to the 'Nationalist Community' and 'WhiteArtCollective' could be seen as concerning by some, but without explicit hate speech, most annotators are likely to classify it as not hate speech. Therefore, there is likely low disagreement among annotators, with the majority not classifying it as hate speech.","The post mentions a 'White Pill' and the 'Nationalist Community,' which could be interpreted as having connections to white nationalist ideologies. However, the language used in the post is not explicitly hateful or violent. It does not directly demean or degrade individuals or groups, nor does it call for violence or use vulgar language. The post's content is more suggestive than explicit, which may lead to some annotators considering the context and potential implications. However, due to the lack of explicit hate speech elements, most annotators are likely to classify it as not hate speech, resulting in low disagreement.",0.1
143,18034,"The problem is women say silly shit, and the meaning of the words is irrelevant to them. Words are just a medium for manipulating feels and relationships. If you kill a male communist, great, now there's one less communist. If a stupid cunt dies, have you accomplished anything? Mollie should have been grounded by her patriarch.",1.0,0.0,0.7,0.3,"The post contains several elements that could be interpreted as hate speech. It includes demeaning language towards women, referring to them as 'silly' and 'stupid cunt,' which assaults human dignity based on gender. The use of the term 'cunt' is vulgar and offensive. Additionally, the post implies a call for violence by discussing the killing of a 'male communist' and the death of a 'stupid cunt,' which could be interpreted as inciting harm. However, the context and intent might be interpreted differently by some, leading to a moderate level of disagreement among annotators.","The post contains demeaning language towards women, using terms like 'silly' and 'stupid cunt,' which assaults human dignity based on gender. It also includes vulgar and offensive language. Additionally, the post implies a call for violence by discussing the killing of a 'male communist' and the death of a 'stupid cunt,' which could be interpreted as inciting harm. However, the context and intent might be interpreted differently by some, leading to a moderate level of disagreement among annotators.",0.30000000000000004
144,18130,Dutch News reports on Attempted assassin of Geert Wilders Credit Vlad Tepesblog https://youtu.be/2JCqFN_JRh8,0.0,1.0,0.1,0.9,"The post is a straightforward news report about an attempted assassination of a public figure, Geert Wilders. It does not contain any language that assaults human dignity, calls for violence, or uses vulgar or offensive language. The post is likely to be interpreted consistently by annotators as not being hate speech, leading to low disagreement.","The post is a news report about an attempted assassination of Geert Wilders, a public figure. It credits a source, Vlad Tepesblog, and provides a link to a video. The content of the post itself does not contain any elements that would typically be classified as hate speech. It does not demean or degrade individuals or groups, nor does it incite violence or use offensive language. Therefore, it is likely that the majority of annotators would classify this post as not hate speech, resulting in low disagreement.",0.1
145,18132,Credit Vlad Tepesblog Interview with club owner where 15 to 20 migrants attacked patrons with weapons 1080p https://youtu.be/ere-6mGE-oE,0.2,0.8,0.3,0.7,"The post references an interview about an incident where migrants allegedly attacked patrons with weapons. While the post itself does not directly assault human dignity or call for violence, it could be interpreted as promoting a negative stereotype about migrants, which may lead some annotators to classify it as hate speech. However, the post is primarily informational, sharing a link to an interview, which may lead others to see it as not hate speech. The lack of explicit offensive language or direct calls for violence suggests a likely majority would not classify it as hate speech, but the context of the content could lead to some disagreement.","The post shares a link to an interview about an incident involving migrants allegedly attacking patrons. It does not contain explicit hate speech elements such as vulgar language or direct calls for violence. However, it could be seen as promoting a negative stereotype about migrants, which might lead some annotators to classify it as hate speech. The post's informational nature and lack of explicit offensive content suggest that a majority of annotators would not classify it as hate speech, but there could be some disagreement due to the context.",0.09999999999999998
146,18407,"'...a group of men who worked towards a plot to bomb the Toronto Stock Exchange, shoot up the CBC headquarters and storm Parliament Hill in Ottawa. They wanted to behead then-prime minister Stephen Harper.'  https://torontosun.com/opinion/columnists/malcolm-...  The point where The Cowardly Maggot #CdnMedia #CBC became #Muslim sympathizers??",0.6,0.4,0.7,0.3,"The post contains elements that could be interpreted as hate speech, particularly in the use of the term 'Cowardly Maggot' and the suggestion that the media are 'Muslim sympathizers.' This language could be seen as demeaning or degrading towards Muslims and the media, potentially falling under 'Assaults on Human Dignity.' However, the post does not explicitly call for violence or use vulgar language, which might lead to some disagreement among annotators. The context of discussing a serious criminal plot might also influence interpretations, leading to a moderate level of disagreement.","The post references a serious criminal plot and uses derogatory language towards the media and Muslims. The term 'Cowardly Maggot' and the accusation of being 'Muslim sympathizers' could be seen as demeaning, potentially falling under 'Assaults on Human Dignity.' However, it does not explicitly call for violence or use vulgar language, which might lead to some disagreement among annotators. The context of discussing a serious criminal plot might also influence interpretations, leading to a moderate level of disagreement.",0.09999999999999998
147,18547,Today is “International Vulture Awareness Day” Who knew ? 🤷🏼‍♂️ There are some left wing carcuses out there....just sayin !,0.6,0.4,0.3,0.7,"The post uses a metaphor comparing 'left wing' individuals to 'carcasses,' which could be interpreted as demeaning or degrading. However, it does not explicitly call for violence or use vulgar language. The metaphorical language might lead to some disagreement among annotators about whether it constitutes hate speech, as it relies on interpretation of the metaphor's intent and severity.","The post uses metaphorical language that could be seen as demeaning towards a political group ('left wing carcasses'). While it does not explicitly call for violence or use vulgar language, the metaphor could be interpreted as degrading. This might lead to some disagreement among annotators about whether it constitutes hate speech, as it relies on interpretation of the metaphor's intent and severity. Therefore, I predict a moderate level of disagreement with 30% of annotators classifying it as hate speech and 70% not classifying it as such.",0.3
148,18550,Damn racist Republicans.......,0.6,0.4,0.4,0.6,"The post uses the term 'racist' in conjunction with 'Republicans,' which could be interpreted as an assault on human dignity by attributing a negative characteristic to a political group. However, the post lacks specific context or explicit calls for violence, and the use of 'racist' could be seen as a subjective opinion rather than a clear instance of hate speech. The term 'damn' is vulgar but not excessively offensive. Given these factors, there is likely to be some disagreement among annotators, with a slight majority possibly viewing it as not hate speech due to the lack of explicit demeaning or violent content.","The post 'Damn racist Republicans.......' uses the term 'racist' to describe a political group, which could be seen as an assault on human dignity by attributing a negative characteristic to a group. However, it does not explicitly call for violence or use excessively vulgar language. The term 'damn' is mildly vulgar but not highly offensive. The post's interpretation may vary based on individual views on political discourse and the use of the term 'racist.' Therefore, there is likely to be some disagreement among annotators, with a slight majority possibly viewing it as not hate speech due to the lack of explicit demeaning or violent content.",0.19999999999999996
149,18655,All these suicides by doorknob... could they actually be... MURDER KNOBS? https://www.youtube.com/watch?v=tEBDPAV3Yss,0.0,1.0,0.1,0.9,"The post does not directly assault human dignity, call for violence, or use vulgar or offensive language. It appears to be a speculative or conspiratorial comment about suicides, possibly referencing a video. The language is not explicitly hateful, and it does not target any specific group or individual. Therefore, it is likely to be classified as not hate speech by most annotators, resulting in low disagreement.","The post speculates about the nature of certain suicides, using a play on words ('MURDER KNOBS'). It does not contain elements that are typically associated with hate speech, such as demeaning language, incitement to violence, or vulgarity. The content is more aligned with conspiracy theories rather than hate speech, which would likely lead to a consensus among annotators that it is not hate speech.",0.1
150,18950,"Thought I’d share the news that my science fiction alternate history conspiracy thriller, A Rambling Wreck,will be on sale for $0.99 for the next couple of weeks. https://amzn.to/2M5r6SS #scifi #GabBooks #GabBookClub #CLFA",0.0,1.0,0.0,1.0,"The post is a promotional message for a book sale and does not contain any language or content that could be interpreted as hate speech. It does not demean or degrade individuals or groups, incite violence, or use vulgar or offensive language. Therefore, it is likely that annotators would unanimously agree that this post is not hate speech, resulting in low disagreement.","The post is a promotional message for a book sale and does not contain any language or content that could be interpreted as hate speech. It does not demean or degrade individuals or groups, incite violence, or use vulgar or offensive language. Therefore, it is likely that annotators would unanimously agree that this post is not hate speech, resulting in low disagreement.",0.0
151,19255,Judicial Watch: Justice Department Discloses No #FISA Court Hearings Held on Carter Page Warrants. #RussiaGate #Treason https://www.judicialwatch.org/press-room/press-rel...,0.0,1.0,0.1,0.9,"The post is a statement about a legal matter involving the Justice Department and FISA court hearings related to Carter Page. It does not contain any language that assaults human dignity, calls for violence, or uses vulgar or offensive language. The hashtags and content are related to political and legal issues, which are not inherently hate speech. Therefore, it is likely that most annotators would not classify this as hate speech, leading to low disagreement.",The post discusses a legal issue without any elements of hate speech. It is unlikely to be classified as hate speech by most annotators.,0.1
152,19316,There are enough black millionaires in South Africa. So why the unrest? I think its the local commies.  @alternative_right @anv @seamrog @arquatrix @KMGVictoria @TomKawszynski  https://businesstech.co.za/news/wealth/121059/blac...,0.6,0.4,0.4,0.6,"The post makes a statement about black millionaires in South Africa and questions the cause of unrest, suggesting 'local commies' as a reason. The post does not explicitly demean or degrade individuals based on race, nor does it call for violence. However, it could be interpreted as having a racial undertone by implying that the presence of black millionaires should negate unrest, which might be seen as dismissive of broader socio-economic issues. The mention of 'local commies' could be seen as a derogatory term for certain political groups, but it does not directly incite violence or use vulgar language. The post's ambiguity and potential for different interpretations regarding racial undertones and political bias suggest a moderate level of disagreement among annotators.","The post questions the cause of unrest in South Africa despite the presence of black millionaires, attributing it to 'local commies.' It does not explicitly demean or degrade individuals based on race, nor does it call for violence. The term 'local commies' could be seen as derogatory towards certain political groups, but it does not directly incite violence or use vulgar language. The post's ambiguity and potential for different interpretations regarding racial undertones and political bias suggest a moderate level of disagreement among annotators.",0.19999999999999996
153,19317,The decline in free speech is our gravest threat  @alternative_right @ANV @seamrog @arquatrix  https://www.telegraph.co.uk/news/2018/08/30/twitte...,0.0,1.0,0.1,0.9,"The post expresses a concern about the decline in free speech, which is a common topic of debate and does not inherently contain elements of hate speech. It does not demean or degrade any individuals or groups, nor does it call for violence or use vulgar or offensive language. The mention of 'alternative_right' and other handles could suggest a context that some might associate with controversial views, but the post itself remains neutral in tone. Therefore, it is likely to be classified as not hate speech by most annotators, resulting in low disagreement.","The post discusses the decline in free speech, which is a topic of political and social debate. It does not contain any explicit assaults on human dignity, calls for violence, or vulgar language. The mention of certain Twitter handles might suggest a context that could be associated with controversial or extreme views, but the content of the post itself does not exhibit hate speech characteristics. Therefore, it is likely that most annotators would classify this post as not hate speech, leading to a low level of disagreement.",0.1
154,20166,False dichotomy. There are way more options there. Or it could just be the prime example of the jews being probably the most persecuted people throughout history. Still dont understand how y'all hate them so much. ,0.4,0.6,0.3,0.7,"The post references a historical context of persecution against Jewish people, which could be interpreted as an acknowledgment of their suffering. However, the phrase 'Still don't understand how y'all hate them so much' could be seen as ambiguous. It might be interpreted as a critique of antisemitism, but it could also be seen as sarcastic or insincere, depending on the reader's perspective. The post does not contain explicit calls for violence or vulgar language, but the ambiguity in tone and intent could lead to some disagreement among annotators about whether it constitutes hate speech.","The post references a historical context of persecution against Jewish people, which could be interpreted as an acknowledgment of their suffering. However, the phrase 'Still don't understand how y'all hate them so much' could be seen as ambiguous. It might be interpreted as a critique of antisemitism, but it could also be seen as sarcastic or insincere, depending on the reader's perspective. The post does not contain explicit calls for violence or vulgar language, but the ambiguity in tone and intent could lead to some disagreement among annotators about whether it constitutes hate speech. Therefore, I predict a moderate level of disagreement, with approximately 30% of annotators classifying it as hate speech and 70% not classifying it as such.",0.10000000000000003
155,20315,So I saw #Skyscraper for you #GabFam. Now I have opinions about it. Here they are: https://youtu.be/jyWjSREb4kw,0.0,1.0,0.0,1.0,"The post is a neutral statement about watching a movie and sharing opinions via a YouTube link. It does not contain any language or content that assaults human dignity, calls for violence, or uses vulgar or offensive language. Therefore, it is unlikely to be classified as hate speech by any annotators, leading to low disagreement and a high consensus that it is not hate speech.","The post is a neutral statement about watching a movie and sharing opinions via a YouTube link. It does not contain any language or content that assaults human dignity, calls for violence, or uses vulgar or offensive language. Therefore, it is unlikely to be classified as hate speech by any annotators, leading to low disagreement and a high consensus that it is not hate speech.",0.0
156,20982,A being of pure hate is as enraged by Brave browser using Google fonts on their website as they are about 100 million victims of communism. That is the degree of uncompromising fanaticism required to win.,0.4,0.6,0.3,0.7,"The post uses hyperbolic language to describe a 'being of pure hate' and their reaction to two vastly different issues: the use of Google fonts and the victims of communism. The language is metaphorical and does not directly assault human dignity, call for violence, or use vulgarity. However, the post could be interpreted as trivializing serious historical events, which might be offensive to some. This could lead to some annotators viewing it as hate speech due to perceived insensitivity, but overall, it is more likely to be seen as not hate speech due to its abstract and metaphorical nature. Therefore, there is likely to be some disagreement, but not extremely high.","The post uses metaphorical language to describe a 'being of pure hate' and their reaction to two vastly different issues: the use of Google fonts and the victims of communism. The language is hyperbolic and does not directly assault human dignity, call for violence, or use vulgarity. However, the post could be interpreted as trivializing serious historical events, which might be offensive to some. This could lead to some annotators viewing it as hate speech due to perceived insensitivity, but overall, it is more likely to be seen as not hate speech due to its abstract and metaphorical nature. Therefore, there is likely to be some disagreement, but not extremely high.",0.10000000000000003
157,20988,I have no doubt that Little's customer satisfaction rating will exceed Gab's by at least an order of magnitude.,0.0,1.0,0.0,1.0,"The post is a straightforward comparison of customer satisfaction ratings between two entities, Little and Gab. It does not contain any language that assaults human dignity, calls for violence, or uses vulgar or offensive language. Therefore, it is unlikely to be considered hate speech by any annotators, leading to a low disagreement and a high consensus that it is not hate speech.","The post is a straightforward comparison of customer satisfaction ratings between two entities, Little and Gab. It does not contain any language that assaults human dignity, calls for violence, or uses vulgar or offensive language. Therefore, it is unlikely to be considered hate speech by any annotators, leading to a low disagreement and a high consensus that it is not hate speech.",0.0
158,21699,Interesting that q means 'every' in the health field.  #WWG1WGA,0.0,1.0,0.1,0.9,"The post uses the hashtag #WWG1WGA, which is associated with the QAnon conspiracy theory. However, the content of the post itself does not directly assault human dignity, call for violence, or use vulgar or offensive language. The post's reference to 'q' and its meaning in the health field is vague and does not clearly indicate hate speech. Given the lack of explicit hate speech elements, it is likely that most annotators would not classify this as hate speech, resulting in low disagreement.","The post mentions 'q' and uses the hashtag #WWG1WGA, which is linked to the QAnon movement. However, the content of the post does not explicitly demean individuals or groups, incite violence, or use offensive language. The reference to 'q' in the health field is ambiguous but not inherently hateful. Therefore, it is expected that a majority of annotators would not classify this as hate speech, leading to a prediction of low disagreement and a higher percentage of annotators labeling it as not hate speech.",0.1
159,21700,Mainstream Muslims on murder of gays! https://youtu.be/AkXfs8VDu2Q,0.625,0.375,0.6,0.4,"The post's title suggests a potentially controversial or inflammatory topic by associating 'mainstream Muslims' with the 'murder of gays.' This could be interpreted as an assault on human dignity by implying a negative stereotype about a religious group. However, without additional context from the video content, it's unclear if the post explicitly calls for violence or uses vulgar language. The ambiguity in the title and the lack of context from the video link may lead to high disagreement among annotators, as interpretations could vary significantly based on individual perspectives on the implications of the title.","The post's title suggests a potentially controversial or inflammatory topic by associating 'mainstream Muslims' with the 'murder of gays.' This could be interpreted as an assault on human dignity by implying a negative stereotype about a religious group. However, without additional context from the video content, it's unclear if the post explicitly calls for violence or uses vulgar language. The ambiguity in the title and the lack of context from the video link may lead to high disagreement among annotators, as interpretations could vary significantly based on individual perspectives on the implications of the title.",0.025000000000000022
160,21701,28 COPS (entire department) arrested for the assassination of a candidate for Mayor in Mexico!! CRAZY!  https://mexiconewsdaily.com/news/30-cops-detained-...,0.25,0.75,0.1,0.9,"The post reports on a news event involving the arrest of police officers in Mexico. It does not contain any language that assaults human dignity, calls for violence, or uses vulgar or offensive language. The post is straightforward and factual, which suggests that there would be low disagreement among annotators about it not being hate speech.","The post is a factual statement about a news event and does not exhibit characteristics of hate speech. It does not demean or degrade any group, incite violence, or use offensive language. Therefore, it is likely that the majority of annotators would classify it as not hate speech, resulting in low disagreement.",0.15
161,21725,Great summary and analysis of what really happened from the Outer Light ,0.0,1.0,0.0,1.0,"The post is a neutral statement that does not contain any elements of hate speech. It simply praises a summary and analysis from a source called 'the Outer Light.' There is no indication of assaults on human dignity, calls for violence, or vulgarity and offensive language. Therefore, it is likely that annotators would unanimously agree that this post is not hate speech.",The post is a neutral statement without any hate speech elements.,0.0
162,21759,Interesting group that I will continue to follow. We live 1/2 mile outside major city limits near major metro area. We only can get fixed wireless broadcast to a dish on our roof. No one will run fiber to our house. Lost service for a month this spring due to an antenna problem. Speed varies a lot and is inconsistent. Hard to run our businesses at home because of it.,0.0,1.0,0.0,1.0,"The post is a complaint about internet service issues and does not contain any elements of hate speech. It does not demean or degrade any individuals or groups, does not call for violence, and does not use vulgar or offensive language. Therefore, it is likely that all annotators would agree that this post is not hate speech, resulting in low disagreement.","The post is a complaint about internet service issues and does not contain any elements of hate speech. It does not demean or degrade any individuals or groups, does not call for violence, and does not use vulgar or offensive language. Therefore, it is likely that all annotators would agree that this post is not hate speech, resulting in low disagreement.",0.0
163,22037,Is it not a glorious sight to see the left freak out over the supreme justice retirement announcement? I ask you Morton Kondracke!,0.42857142857142855,0.5714285714285714,0.1,0.9,"The post does not contain any explicit assaults on human dignity, calls for violence, or vulgarity/offensive language. It appears to be a political commentary or expression of opinion regarding a political event, which is not inherently hate speech. The language used is not demeaning or degrading to any specific group, nor does it incite violence. Therefore, it is likely that most annotators would not classify this as hate speech, resulting in low disagreement.","The post is a political commentary on a judicial retirement announcement and does not contain elements of hate speech. It lacks demeaning language, calls for violence, or offensive language. Thus, it is likely to be classified as not hate speech by most annotators.",0.3285714285714285
164,22038,#MetalMonday  https://youtu.be/5a8nPCBXMo0,0.0,1.0,0.0,1.0,"The post is a simple hashtag followed by a link to a YouTube video. There is no language or content in the post itself that suggests any form of hate speech. It does not contain any assaults on human dignity, calls for violence, or vulgar/offensive language. The post is straightforward and lacks any context that could be interpreted as hate speech.","The post is a simple hashtag followed by a link to a YouTube video. There is no language or content in the post itself that suggests any form of hate speech. It does not contain any assaults on human dignity, calls for violence, or vulgar/offensive language. The post is straightforward and lacks any context that could be interpreted as hate speech. Therefore, it is likely that there would be a consensus among annotators that this post is not hate speech, resulting in low disagreement.",0.0
165,22050,"People like this need put down, euthanized. Not just thrown into prison for us to pay for their food and care for decades. https://www.breitbart.com/texas/2018/07/13/texas-m... #MAGA #Trump ##GabFam",0.5714285714285714,0.4285714285714286,0.7,0.3,"The post contains a call for violence by suggesting that certain people should be 'put down' or 'euthanized,' which is a clear incitement to physical harm. This aspect of the post is likely to be interpreted as hate speech by a significant portion of annotators. However, the post does not specify which group or individuals it targets, which might lead to some disagreement among annotators about whether it constitutes hate speech based on assaults on human dignity. The use of hashtags like #MAGA and #Trump may imply a political context, but without explicit targeting, the focus is on the call for violence. The language is not overtly vulgar, but the suggestion of euthanizing people is offensive and violent. Therefore, there is likely to be some disagreement, but a majority may still classify it as hate speech due to the violent implications.","The post suggests that certain people should be 'put down' or 'euthanized,' which is a call for violence. This aspect is likely to be interpreted as hate speech by many annotators. However, the post does not specify which group or individuals it targets, which might lead to some disagreement about whether it constitutes hate speech based on assaults on human dignity. The use of hashtags like #MAGA and #Trump may imply a political context, but without explicit targeting, the focus is on the call for violence. The language is not overtly vulgar, but the suggestion of euthanizing people is offensive and violent. Therefore, there is likely to be some disagreement, but a majority may still classify it as hate speech due to the violent implications.",0.12857142857142856
166,22177,LOLOLOLOLOLLOLOLOLOLOLLOLOLOLOLOLLOLOLOLOLOLLOLOLOLOLOLOLOLOLOLOLLOLOLOLOLOLLOLOLOLOLOLLOLOLOLOLOLLOLOLOLOLOLOLOLOLOLOLLOLOLOLOLOLLOLOLOLOLOLLOLOLOLOLOLLOLOLOLOLOLOLOLOLOLOLLOLOLOLOLOLLOLOLOLOLOLLOLOLOLOLOLLOLOLOLOLOL,0.0,1.0,0.0,1.0,"The post consists entirely of repeated 'LOLOLOLOLOL' with no discernible content that could be interpreted as hate speech. There are no words or phrases that could be associated with assaults on human dignity, calls for violence, or vulgarity and offensive language. Therefore, it is highly likely that all annotators would agree that this post does not constitute hate speech, leading to low disagreement.","The post is a series of repeated 'LOLOLOLOLOL' with no meaningful content. It does not contain any language that could be interpreted as hate speech. As such, it is expected that there would be a consensus among annotators that this post is not hate speech.",0.0
167,22178,"Man - part animal, part god. Some more god than animal, others more animal than god.",0.4,0.6,0.1,0.9,"The post uses metaphorical language to describe humans as a mix of animal and god-like qualities. It does not explicitly demean or degrade any specific group based on protected characteristics, nor does it call for violence or use vulgar or offensive language. The metaphorical nature of the language might lead to some subjective interpretations, but overall, it is unlikely to be classified as hate speech by most annotators.","The post is metaphorical and does not target any specific group or individual with hate speech. It is likely to be interpreted as a philosophical or poetic statement rather than a hateful one. Therefore, the disagreement among annotators is expected to be low, with most likely classifying it as not hate speech.",0.30000000000000004
168,22179,"American society should restore its historic Freedom of Association modus vivendi, with a new proviso that each side not prevent, interfere with or sabotage the other in setting up or running their exclusive systems or operations.",0.0,1.0,0.1,0.9,"The post discusses the concept of 'Freedom of Association' and suggests a system where different groups can operate exclusively without interference from others. It does not explicitly demean or degrade any group, nor does it call for violence or use vulgar language. The language is more about advocating for a societal structure rather than targeting any specific group. Therefore, it is likely to be interpreted as not hate speech by most annotators, leading to low disagreement.","The post is a discussion on societal structure and the concept of 'Freedom of Association.' It does not contain elements that directly assault human dignity, call for violence, or use vulgar language. The suggestion of exclusivity might raise some concerns, but it is framed in a way that emphasizes non-interference rather than hostility. This makes it unlikely to be classified as hate speech by most annotators, resulting in a low disagreement scenario.",0.1
169,22205,Online now only those who are horny in Sarah Palin.,0.4,0.6,0.1,0.9,"The post does not explicitly demean or degrade individuals or groups based on protected characteristics, nor does it incite violence. It contains a reference to Sarah Palin in a sexual context, which may be considered vulgar or offensive by some, but it is not overtly hateful. The post is likely to be interpreted as inappropriate or in poor taste rather than hate speech, leading to low disagreement among annotators.","The post mentions Sarah Palin in a sexual context, which could be seen as vulgar or offensive. However, it does not contain elements that typically constitute hate speech, such as demeaning language based on protected characteristics or calls for violence. The post is more likely to be viewed as inappropriate rather than hateful, resulting in a low likelihood of being classified as hate speech by most annotators.",0.30000000000000004
170,22239,Justifying the use of the word 'monkey' is just playing by the Left's rules. They  should apologize for playing the race card so often that it's worn out.,0.6,0.4,0.6,0.4,"The post uses the term 'monkey,' which can be considered a racial slur, especially when used in contexts that may demean or degrade individuals based on race. This aspect of the post could lead some annotators to classify it as hate speech due to its potential to assault human dignity. However, the post also criticizes the political left for overusing accusations of racism, which might lead some annotators to view it as a critique of political correctness rather than hate speech. This dual interpretation could result in moderate disagreement among annotators, with a slight majority potentially viewing it as hate speech due to the racial implications of the term 'monkey.'","The post contains language that could be interpreted as demeaning or degrading, particularly with the use of the word 'monkey,' which is often considered a racial slur. This could be seen as an assault on human dignity. However, the post also frames this language as a critique of political correctness, suggesting that accusations of racism are overused. This could lead to differing interpretations among annotators, with some viewing it as hate speech and others seeing it as a political statement. Therefore, there is likely moderate disagreement, with a slight majority potentially classifying it as hate speech.",0.0
171,22240,"Why aren't Democrats holding rallies to compete with Trump's massive cheering crowds? Two reasons, in my opinion:   1.They keep telling themselves, and everyone else, that rallies don't matter. To do so would be admitting that they do matter, and playing by his rules.   2.They have no one on their side that can draw a crowd like he can. They don't want be embarrassed, and exposed by tryin...",0.6,0.4,0.1,0.9,"The post does not contain any language that assaults human dignity, calls for violence, or uses vulgar or offensive language. It is a political commentary on the differences in rally sizes between Democrats and Trump supporters. The content is straightforward and does not exhibit characteristics of hate speech, leading to a likely consensus among annotators that it is not hate speech.","The post is a political opinion piece discussing the differences in rally sizes between Democrats and Trump supporters. It does not contain any elements that would typically be classified as hate speech, such as assaults on human dignity, calls for violence, or vulgar language. The language is neutral and does not target any specific group with derogatory remarks. Therefore, it is likely that there would be low disagreement among annotators, with the majority classifying it as not hate speech.",0.5
172,22890,Crap! This changes everything,0.0,1.0,0.1,0.9,"The post contains the word 'Crap,' which is a mild form of vulgarity or offensive language. However, it does not target any individual or group, nor does it call for violence or assault human dignity. The language is not severe enough to be considered hate speech, and it is likely that most annotators would agree that it is not hate speech. Therefore, there is likely to be low disagreement among annotators.","The post 'Crap! This changes everything' uses a mild expletive, which might be considered offensive by some, but it lacks any specific target or context that would classify it as hate speech. It does not demean any group or individual, nor does it incite violence. The use of 'Crap' is more likely to be seen as an expression of frustration or surprise rather than hate speech. Given this, the majority of annotators would likely classify it as not hate speech, resulting in low disagreement.",0.1
173,22891,Awesome! Everyday heros take the time out of their own schedules to make others lives better. kudos,0.0,1.0,0.0,1.0,"The post is clearly positive and does not contain any elements of hate speech. It praises individuals for their efforts to improve the lives of others, without any demeaning language, calls for violence, or offensive language. Therefore, there is likely to be a consensus among annotators that this post is not hate speech, resulting in low disagreement.","The post is a positive message that commends individuals for their altruistic actions. It does not contain any elements that could be interpreted as hate speech, such as assaults on human dignity, calls for violence, or vulgarity. As such, it is expected that all annotators would agree that this post is not hate speech, leading to a prediction of 0% classifying it as hate speech and 100% as not hate speech.",0.0
174,22892,Of course they do. That's where informed leftists get their arguing points for their social media posts.,0.2857142857142857,0.7142857142857143,0.1,0.9,"The post does not contain any explicit assaults on human dignity, calls for violence, or vulgarity/offensive language. It appears to be a critical statement about leftists and their sources of information, which is a common political opinion rather than hate speech. Therefore, it is likely that most annotators would not classify this as hate speech, resulting in low disagreement.","The post is a critique of leftists and their sources of information, which is a political opinion rather than hate speech. It does not contain elements that demean or degrade individuals or groups based on protected characteristics, nor does it incite violence or use offensive language. As such, it is likely to be classified as not hate speech by the majority of annotators, with low disagreement.",0.1857142857142857
175,22926,"Where there is #coffee, there is wakefulness. #gab #worldcup #music #bacon",0.0,1.0,0.0,1.0,"The post is a benign statement about coffee and wakefulness, accompanied by hashtags related to various topics like the World Cup, music, and bacon. It does not contain any language or content that assaults human dignity, calls for violence, or uses vulgar or offensive language. Therefore, it is unlikely to be classified as hate speech by any annotators, leading to low disagreement and a consensus that it is not hate speech.","The post is a benign statement about coffee and wakefulness, accompanied by hashtags related to various topics like the World Cup, music, and bacon. It does not contain any language or content that assaults human dignity, calls for violence, or uses vulgar or offensive language. Therefore, it is unlikely to be classified as hate speech by any annotators, leading to low disagreement and a consensus that it is not hate speech.",0.0
176,22927,The #USOpen crowd at #Shinnecock are literally the most rude gallery in sport. Screaming like beagles after EVERY SHOT. You expect it from the Phoenix Open but these New Yorkers are yelping unintelligible trash at the highest volumes EVERY SINGLE SWING. New York should never be allowed to host a US Open ever again. #QuietPlease #Gab,0.6,0.4,0.1,0.9,"The post criticizes the behavior of a sports crowd, specifically at the US Open in New York, describing them as 'rude' and 'yelping unintelligible trash.' While the language is negative and critical, it does not target individuals or groups based on protected characteristics, nor does it incite violence or use vulgar language. The criticism is directed at the behavior of the crowd rather than any inherent characteristic of the individuals. Therefore, it is unlikely to be classified as hate speech by most annotators, leading to low disagreement and a higher percentage of annotators classifying it as not hate speech.","The post criticizes the behavior of a sports crowd, specifically at the US Open in New York, describing them as 'rude' and 'yelping unintelligible trash.' While the language is negative and critical, it does not target individuals or groups based on protected characteristics, nor does it incite violence or use vulgar language. The criticism is directed at the behavior of the crowd rather than any inherent characteristic of the individuals. Therefore, it is unlikely to be classified as hate speech by most annotators, leading to low disagreement and a higher percentage of annotators classifying it as not hate speech.",0.5
177,23085,"If you can't laugh at this,you might be a liberal progressive.  https://youtu.be/C8vZzP5yvJw",0.6,0.4,0.1,0.9,"The post does not explicitly demean or degrade individuals or groups based on protected characteristics, nor does it call for violence. It also lacks vulgarity or offensive language. The post seems to be a political jab at 'liberal progressives,' suggesting they lack a sense of humor. This is more of a political commentary rather than hate speech, and it is likely to be interpreted as such by most annotators, leading to low disagreement.","The post is a political statement that implies a stereotype about 'liberal progressives' lacking humor. It does not contain elements that typically constitute hate speech, such as demeaning language, calls for violence, or vulgarity. Therefore, it is likely that most annotators would not classify this as hate speech, resulting in low disagreement.",0.5
178,23638,"The lovely #prayingmantis lady Audrina did not survive her molt, though she did seem to enjoy my company and foodstuffs before that. I am sad. The empty space for her boudoir...sucks, you guys. A lot. I made her a tiny tinfoil coffin and packed her a tiny tinfoil lunch of honey. I am even MORE determined to befriend her people. That experience was AMAZING.",0.0,1.0,0.0,1.0,"The post is a personal reflection on the loss of a pet praying mantis and does not contain any elements of hate speech. It does not demean or degrade any individuals or groups, nor does it incite violence or use offensive language. The content is clear and unambiguous, leading to a likely consensus among annotators that it is not hate speech.","The post is a personal reflection on the loss of a pet praying mantis and does not contain any elements of hate speech. It does not demean or degrade any individuals or groups, nor does it incite violence or use offensive language. The content is clear and unambiguous, leading to a likely consensus among annotators that it is not hate speech. Therefore, the predicted percentages of annotators classifying the post as hate speech vs. not hate speech are [0.0, 1.0].",0.0
179,23639,"1)   TY for any notifications, I'm so sorry I can't respond politely at the moment 2) I'm leaving in less than 3 days to spend 2 months about 1 hour from my niece EEEEEEE 3) That's so many numbers, ew math 4) I do still love the #gabfam and I'm not gone, just, STUPID busy.  Should have peace and 'vacation' soon, to come derp at you all.  :  )  5) Never give up, never surrender!",0.0,1.0,0.0,1.0,"The post does not contain any elements of hate speech. It is a personal update about the user's busy schedule and upcoming plans, with no language that assaults human dignity, calls for violence, or uses vulgar or offensive language. The content is clear and unambiguous, leading to a likely consensus among annotators that it is not hate speech.","The post is a personal update and does not contain any elements of hate speech. It is clear and unambiguous, leading to a likely consensus among annotators that it is not hate speech.",0.0
180,23640,"A friend brought me this baby #prayingmantis, after she (the mantis) walked up to her at a storage facility.  Here she is (again, the mantis) photobombing her own photo.  Her favorite part of her nice new digs? The dang wire I used to close up a too-large hole.  Never mind all this pretty fake forestry, nah, I'm good here on this bread tie.   Spoiled bug.  XD.",0.0,1.0,0.0,1.0,"The post is a lighthearted and humorous account of a praying mantis, with no content related to hate speech. It does not demean or degrade any individuals or groups, nor does it incite violence or use offensive language. The post is clear and unambiguous in its intent, focusing solely on the insect and its behavior.","The post is about a praying mantis and does not contain any elements of hate speech. It is a humorous and lighthearted description of the insect's behavior, with no reference to any human characteristics or groups. There is no offensive language or calls for violence. Therefore, it is likely that all annotators would agree that this post is not hate speech, resulting in low disagreement and a prediction of 0% classifying it as hate speech and 100% as not hate speech.",0.0
181,23641,"And yes, he's ticked me off a few times, but unless Me runs for president and wins (lol forever) I'm GOING to disagree with some of his decisions, due to his unfortunate handicap of NOT BEING ME.  For now, he's making my enemies mad and allies semihappy. AKA more than ANY politician has done for me in my life!  8/10 would ABSOLUTELY vote for again.  #PresidentTrump",0.125,0.875,0.1,0.9,"The post expresses support for a political figure, President Trump, and includes a humorous tone about personal disagreements with his decisions. It does not contain any language that assaults human dignity, calls for violence, or uses vulgar or offensive language. The post is likely to be interpreted as political opinion rather than hate speech, leading to low disagreement among annotators.","The post is a political opinion piece expressing support for President Trump. It humorously acknowledges disagreements with his decisions but ultimately supports him for making the author's enemies mad and allies happy. There is no language that assaults human dignity, calls for violence, or uses vulgar or offensive language. The post is clear in its intent and content, leading to low disagreement among annotators. Therefore, it is predicted that 10% of annotators might classify it as hate speech due to potential political bias, while 90% would not classify it as hate speech.",0.024999999999999994
182,24148,How many original beta testers still out there? I've been here since October 2016.  #OG  Get you gab shirt here https://shop.gab.ai/  @shop,0.0,1.0,0.0,1.0,"The post is a simple inquiry about the presence of original beta testers and includes a promotional link to a shop. It does not contain any language or content that assaults human dignity, calls for violence, or uses vulgar or offensive language. Therefore, it is unlikely to be classified as hate speech by any annotators, leading to low disagreement and a prediction of 0% classifying it as hate speech and 100% as not hate speech.","The post is a straightforward question about beta testers and a promotion for merchandise. It lacks any elements of hate speech, such as demeaning language, incitement to violence, or offensive language. As a result, it is clear that this post would not be considered hate speech, leading to a consensus among annotators.",0.0
183,24150,Here's a titanium muzzle break I'm working on for my .458 socom build. I haven't threaded it or finished the bore. .458 socom barrels have either 5/8-24 or 3/4-24 threads and I haven' purchased one yet. #2A,0.0,1.0,0.0,1.0,"The post is a technical discussion about firearm components, specifically a muzzle break for a .458 socom build. It does not contain any language that assaults human dignity, calls for violence, or uses vulgar or offensive language. The hashtag #2A refers to the Second Amendment, which is a common topic in discussions about firearms but does not inherently imply hate speech. Therefore, the post is likely to be classified as not hate speech by all annotators, resulting in low disagreement.","The post is a technical discussion about firearm components, specifically a muzzle break for a .458 socom build. It does not contain any language that assaults human dignity, calls for violence, or uses vulgar or offensive language. The hashtag #2A refers to the Second Amendment, which is a common topic in discussions about firearms but does not inherently imply hate speech. Therefore, the post is likely to be classified as not hate speech by all annotators, resulting in low disagreement.",0.0
184,24209,"The Copts: Yay, Jesus!  Jesus: *frowning* Shut up, you guys.",0.4,0.6,0.3,0.7,"The post appears to be a satirical or humorous take on religious expression, specifically targeting Coptic Christians. It does not contain explicit calls for violence or vulgar language. However, it could be interpreted as demeaning or mocking a religious group, which might be seen as an assault on human dignity. The humor or satire might not be clear to all readers, leading to some disagreement among annotators about whether it constitutes hate speech. Therefore, there is likely to be moderate disagreement, with a minority viewing it as hate speech due to perceived religious insensitivity.","The post is a satirical comment on religious expression, specifically targeting Coptic Christians. It does not contain explicit calls for violence or vulgar language. However, it could be interpreted as demeaning or mocking a religious group, which might be seen as an assault on human dignity. The humor or satire might not be clear to all readers, leading to some disagreement among annotators about whether it constitutes hate speech. Therefore, there is likely to be moderate disagreement, with a minority viewing it as hate speech due to perceived religious insensitivity.",0.10000000000000003
185,24416,We need some 'real' Republicans in office.   President Trump can't solve the problem of high health insurance costs with these traitors blocking his efforts.  Everyone needs to VOTE REPUBLICAN in the upcoming primaries.,0.0,1.0,0.0,1.0,"The post does not contain any elements of hate speech. It does not demean or degrade individuals or groups based on protected characteristics, nor does it incite violence or use vulgar or offensive language. The post is a political statement encouraging voting for a specific party, which is a common and acceptable form of political expression. Therefore, there is likely to be low disagreement among annotators, with a consensus that this is not hate speech.","The post is a political statement expressing support for a particular political party and urging others to vote for that party. It does not contain any language that assaults human dignity, calls for violence, or uses vulgar or offensive language. As such, it is unlikely to be classified as hate speech by annotators. The post is clear in its intent and does not exhibit ambiguity that would lead to high disagreement. Therefore, the predicted percentages are [0.0, 1.0], indicating that 0% of annotators would classify it as hate speech and 100% would classify it as not hate speech.",0.0
186,24672,"US ends all funding to UN agency for “Palestinian” “refugees”SEP 1, 2018 This is long overdue. Only among the “Palestinians” is “refugee” status passed down to children, grandchildren, and great-grandchildren. Millions of people were displaced after World War II, but they moved elsewhere and got on with their lives. Not the “Palestinians,” because they were and are a weapon of the jihad. http...",0.6,0.4,0.6,0.4,"The post contains language that could be interpreted as demeaning towards Palestinians by placing the term 'refugees' in quotes, which may suggest a denial of their legitimate status. This could be seen as an assault on human dignity. Additionally, the post implies that Palestinians are used as a 'weapon of the jihad,' which could be interpreted as a derogatory stereotype. However, the post does not contain explicit calls for violence or vulgar language. The ambiguity in the interpretation of the quotes and the context of the statement may lead to moderate disagreement among annotators.","The post discusses the U.S. ending funding to a UN agency for Palestinian refugees, using quotes around 'Palestinian' and 'refugees,' which may imply skepticism about their legitimacy. It compares Palestinians to other displaced groups post-World War II, suggesting they have not moved on due to being used as a 'weapon of the jihad.' This language could be seen as demeaning and perpetuating stereotypes, potentially falling under assaults on human dignity. However, there are no explicit calls for violence or use of vulgar language. The interpretation of the quotes and the context may lead to moderate disagreement among annotators, with some viewing it as hate speech and others not.",0.0
187,24675,"Appeasement has no upside . Pure as driven snow FaceBook  XXXXXXXXXXXXXXXXXX The United Nations has warned Facebook that it risks being dragged into international war crimes trials for its role in future human rights violations, as it called on the social network to address hate speech more quickly. Zeid Ra'ad Al-Hussein, the UN’s human rights chief, said the company risked becoming an acc...",0.0,1.0,0.1,0.9,"The post primarily discusses a warning from the United Nations to Facebook regarding its handling of hate speech and potential implications for international law. It does not contain any direct assaults on human dignity, calls for violence, or vulgar/offensive language. The content is more informational and does not exhibit characteristics of hate speech. Therefore, it is likely that most annotators would not classify this post as hate speech, leading to low disagreement.","The post is a report on a statement made by the UN's human rights chief about Facebook's role in addressing hate speech. It does not itself contain hate speech but rather discusses the potential consequences of not addressing it. The language is neutral and lacks any direct offensive or harmful content. As such, it is expected that the majority of annotators would agree that this post is not hate speech, resulting in a low disagreement scenario.",0.1
188,24678,"Another  fascist  'newspaper'  nears death,   Has a long history of publishing idiots  https://www.cjr.org/business_of_news/village-voice...",0.8,0.19999999999999996,0.3,0.7,"The post uses the term 'fascist' to describe a newspaper, which could be seen as an assault on human dignity if interpreted as demeaning a group based on political ideology. However, the term is often used hyperbolically in political discourse, which may not be universally seen as hate speech. The post does not contain explicit calls for violence or vulgar language. Given the potential for different interpretations of the term 'fascist' and the context of political discourse, there is likely to be some disagreement among annotators, but not extremely high.","The post refers to a newspaper as 'fascist' and 'publishing idiots,' which could be interpreted as offensive or demeaning. However, the language is not explicitly vulgar or violent. The term 'fascist' is often used in political rhetoric and may not be universally considered hate speech. Therefore, there is likely to be moderate disagreement among annotators, with some viewing it as hate speech due to the derogatory language and others not. Predicted percentages: [0.3, 0.7].",0.5
189,25147,"30 odd years ago when I worked retail,  we had a work birthday for a colleague. Someone had the bright idea for an erotic cake. A giant sheet cake with a pair of boobs. It was hilarious and quite tasty. Could you even do that nowadays?",0.0,1.0,0.1,0.9,"The post reflects on a past event involving an erotic cake at a workplace birthday party. It does not contain any elements that demean or degrade individuals or groups based on protected characteristics, nor does it incite violence. The language used is not vulgar or offensive in a way that targets individuals or groups. The post is more of a nostalgic reflection on changing social norms rather than an expression of hate speech. Therefore, it is likely to be classified as not hate speech by most annotators, resulting in low disagreement.","The post reflects on a past event involving an erotic cake at a workplace birthday party. It does not contain any elements that demean or degrade individuals or groups based on protected characteristics, nor does it incite violence. The language used is not vulgar or offensive in a way that targets individuals or groups. The post is more of a nostalgic reflection on changing social norms rather than an expression of hate speech. Therefore, it is likely to be classified as not hate speech by most annotators, resulting in low disagreement.",0.1
