,ID,Text,Hate_pos,Hate_neg,Hate_pos_LLM,Hate_neg_LLM,Reasoning_LLM,Raw_output_LLM,Hate_pos_diff
0,761,Well... fuck you too Spotify. A disgusting picture designed to humiliate the White people of Australia...,0.6,0.4,0.7,0.3,"The post contains vulgar language ('fuck you') and suggests that Spotify is involved in an action ('a disgusting picture') that is perceived as humiliating a racial group ('White people of Australia'). This can be seen as an assault on human dignity, as it implies racial degradation. The use of offensive language and the racial context may lead to a higher percentage of annotators classifying it as hate speech, though some may not see it as a direct call for violence or a severe assault on dignity, leading to some disagreement.","The post uses offensive language and implies racial degradation, which aligns with aspects of hate speech. However, it does not explicitly call for violence, and the interpretation of the post's intent may vary among annotators, leading to some disagreement.",0.09999999999999998
1,1303,"A White House petition calling on Congress to defend free speech online is set to surpass 100,000 signatures by the end of today, just three days after it was launched. https://www.infowars.com/white-house-petition-to-d...",0.0,1.0,0.0,1.0,"The post is a straightforward report about a White House petition related to free speech online. It does not contain any language that assaults human dignity, calls for violence, or uses vulgar or offensive language. The content is neutral and factual, focusing on the number of signatures a petition has received. Therefore, it is unlikely to be classified as hate speech by annotators, leading to low disagreement.","The post is a straightforward report about a White House petition related to free speech online. It does not contain any language that assaults human dignity, calls for violence, or uses vulgar or offensive language. The content is neutral and factual, focusing on the number of signatures a petition has received. Therefore, it is unlikely to be classified as hate speech by annotators, leading to low disagreement.",0.0
2,1313,No humans can deliver God’s word. Read the gospels and interpret them in you heart. After the last apostle died man was on his own. Humans to flawed to preach.,0.0,1.0,0.0,1.0,"The post does not contain any elements of hate speech. It does not demean or degrade any group, call for violence, or use vulgar or offensive language. It is a religious opinion about the interpretation of the gospels and the role of humans in delivering God's word. The content is clear and unlikely to be interpreted as hate speech, leading to low disagreement among annotators.","The post is a religious statement about the interpretation of the gospels and the role of humans in delivering God's word. It does not contain any elements of hate speech, such as demeaning language, calls for violence, or vulgarity. Therefore, it is likely that annotators would agree that this post is not hate speech, resulting in low disagreement. The predicted percentages are [0.0, 1.0], indicating that none of the annotators would classify it as hate speech.",0.0
3,1314,"There is no such thing as a free society , Islam and communism need to go not compatible. If the United States is to survive they must be banned",0.4,0.6,0.7,0.3,"The post makes a sweeping negative statement about Islam and communism, suggesting they are incompatible with a free society and should be banned for the United States to survive. This can be seen as an assault on human dignity, particularly targeting a religious group (Islam) and a political ideology (communism). The call to ban these groups could be interpreted as a call for exclusion or discrimination, which aligns with aspects of hate speech. However, the post does not explicitly call for violence or use vulgar language, which might lead to some disagreement among annotators. Therefore, there is likely to be some level of disagreement, but the post leans towards being classified as hate speech due to its exclusionary and demeaning nature.","The post suggests that Islam and communism are incompatible with a free society and should be banned for the United States to survive. This can be interpreted as an assault on human dignity, as it targets a religious group (Islam) and a political ideology (communism) with exclusionary language. While it does not explicitly call for violence, the suggestion to ban these groups could be seen as promoting discrimination. The post does not contain vulgar or offensive language, but its content is likely to be seen as demeaning to certain groups. Given these factors, there is likely to be some disagreement among annotators, but the post leans towards being classified as hate speech due to its exclusionary and demeaning nature.",0.29999999999999993
4,1315,John McCain The word Humility does not apply to that family. What a disgrace,0.2,0.8,0.2,0.8,"The post criticizes John McCain and his family, calling them a disgrace and lacking humility. However, it does not contain any explicit assaults on human dignity, calls for violence, or use of vulgar or offensive language. The criticism is more about personal opinion on character rather than hate speech. Therefore, it is likely that most annotators would not classify this as hate speech, leading to low disagreement.","The post criticizes John McCain and his family, calling them a disgrace and lacking humility. However, it does not contain any explicit assaults on human dignity, calls for violence, or use of vulgar or offensive language. The criticism is more about personal opinion on character rather than hate speech. Therefore, it is likely that most annotators would not classify this as hate speech, leading to low disagreement. [0.2, 0.8]",0.0
5,1442,"By nearly every metric, we're doing better under Trump than Obama:    Unemployment at near record lows   Black unemployment at record lows   GDP higher than its been in years   Taxes lower for most people   Stock exchanges at record highs    So why do the left hate him so much?   🤔🤔🤔",0.2,0.8,0.0,1.0,"The post presents a series of economic metrics to argue that the current administration is performing better than the previous one. It does not contain any language that assaults human dignity, calls for violence, or uses vulgar or offensive language. The post is a political opinion piece that questions the opposition's dislike for the current administration, which is a common political discourse. Therefore, it is unlikely to be classified as hate speech by annotators.","The post is a political opinion piece that discusses economic metrics under different administrations. It does not contain any elements of hate speech, such as assaults on human dignity, calls for violence, or vulgar language. The post is straightforward and unlikely to cause disagreement among annotators regarding its classification as hate speech.",0.2
6,1678,"free speech Twitter alternative Gab. Although Gab has experienced a surge of users following the big tech blacklisting of Alex Jones, as well as a wave of users from Kenya and Brazil following social media crackdowns related to those countries",0.2,0.8,0.2,0.8,"The post discusses the increase in users on the social media platform Gab, particularly following events related to Alex Jones and social media crackdowns in Kenya and Brazil. There is no language in the post that assaults human dignity, calls for violence, or uses vulgar or offensive language. The post is factual and neutral in tone, focusing on the growth of a platform rather than promoting hate speech. Therefore, it is likely that the majority of annotators would classify this post as not hate speech, resulting in low disagreement.","The post is a factual statement about the growth of the social media platform Gab, particularly in the context of users joining from Kenya and Brazil after social media crackdowns, and following the blacklisting of Alex Jones by big tech. There is no language that assaults human dignity, calls for violence, or uses vulgar or offensive language. The post is neutral and does not exhibit characteristics of hate speech. Therefore, it is likely that the majority of annotators would classify this post as not hate speech, resulting in low disagreement. Predicted percentages: [0.2, 0.8].",0.0
7,2059,Study: Google Pushes Liberal News in Top 5 Search Suggestions via @descarteslover http://bit.ly/2NAEfo6,0.0,1.0,0.0,1.0,"The post discusses a study about Google's search suggestions and implies a bias towards liberal news. It does not contain any language that assaults human dignity, calls for violence, or uses vulgar or offensive language. The content is straightforward and does not exhibit characteristics of hate speech, leading to a likely consensus among annotators that it is not hate speech.","The post is a straightforward statement about a study on Google's search suggestions, implying a bias towards liberal news. It does not contain any elements that would classify it as hate speech, such as assaults on human dignity, calls for violence, or vulgar language. Therefore, it is likely that annotators would agree that this post is not hate speech, resulting in low disagreement and a high percentage of annotators classifying it as not hate speech.",0.0
8,2060,"Abortion: The Left tried to get Legislation passed, they lost. Went to a Liberal Supreme Court and forced it on us.  Gay Marriage: Tried to pass it in States, they lost. Tried to pass it in Congress, they lost.  Went to a Liberal Judge and forced it on us.   Trump: They lost to him now they seek to remove him from office. Are you seeing a pattern here?",0.2,0.8,0.2,0.8,"The post discusses political and social issues such as abortion, gay marriage, and the presidency of Trump. It frames these issues in terms of political losses and judicial decisions, suggesting a pattern of liberal imposition. The language used does not contain vulgarity or offensive language, nor does it explicitly demean or degrade individuals or groups based on protected characteristics. There are no calls for violence. The post is likely to be interpreted as a political opinion rather than hate speech, leading to low disagreement among annotators.","The post is a political commentary on how certain social and political issues have been handled in the United States, particularly focusing on the role of liberal judges and courts in advancing policies that the author suggests were not supported by legislative or popular vote. The language is critical of liberal approaches but does not contain explicit hate speech elements such as demeaning language, calls for violence, or vulgarity. Therefore, it is likely that a majority of annotators would not classify this as hate speech, resulting in a prediction of [0.2, 0.8] for hate speech vs. not hate speech.",0.0
9,2062,I am a Roman Catholic.  Our church is corrupt.  We need reformation.,0.4,0.6,0.0,1.0,"The post expresses a personal opinion about the need for reformation within the Roman Catholic Church, which is a critique of an institution rather than an attack on individuals or groups based on protected characteristics. It does not contain any vulgar or offensive language, nor does it call for violence. Therefore, it is unlikely to be classified as hate speech by annotators, leading to low disagreement.","The post is a personal critique of the Roman Catholic Church, calling for reformation. It does not demean or degrade individuals or groups based on protected characteristics, nor does it incite violence or use offensive language. The content is clear and unlikely to be interpreted as hate speech, resulting in low disagreement among annotators.",0.4
10,2063,"In America, Right Wing can best be described as people who are self-sufficient and want to be left alone.  Left Wing is best described as people who are dependent and want to tell everyone else what to do.",0.6,0.4,0.2,0.8,"The post presents a simplistic and stereotypical view of political ideologies, which may be seen as offensive or reductive by some, but it does not explicitly demean or degrade individuals based on protected characteristics, nor does it call for violence or use vulgar language. The content is more of a political opinion rather than hate speech, leading to likely consensus among annotators that it is not hate speech.","The post contrasts right-wing and left-wing ideologies in a manner that could be seen as reductive or stereotypical. However, it does not contain elements that directly assault human dignity, call for violence, or use vulgar language. The post is more of a political opinion and is likely to be classified as not hate speech by the majority of annotators. Therefore, the predicted percentages are [0.2, 0.8].",0.39999999999999997
11,2064,"If we are to succeed in Making America Great Again, we have to put a lot of effort into making Americans Great Again.",0.2,0.8,0.0,1.0,"The post does not contain any language that assaults human dignity, calls for violence, or uses vulgar or offensive language. It is a motivational statement that aligns with a political slogan without any elements of hate speech. Therefore, it is likely that annotators would agree that this post is not hate speech, resulting in low disagreement.","The post is a motivational statement that aligns with a political slogan without any elements of hate speech. It does not contain any language that assaults human dignity, calls for violence, or uses vulgar or offensive language. Therefore, it is likely that annotators would agree that this post is not hate speech, resulting in low disagreement.",0.2
12,2065,"IMO-If there is anything good anywhere in the world, America had something to do with it.",0.0,1.0,0.0,1.0,"The post expresses a positive opinion about America's influence in the world. It does not contain any assaults on human dignity, calls for violence, or vulgarity/offensive language. The content is clear and unlikely to be interpreted as hate speech, leading to low disagreement among annotators.",The post is a positive statement about America's influence and does not exhibit any characteristics of hate speech. It is unlikely to be classified as hate speech by annotators.,0.0
13,2066,"IMO-If the Establishment media stops bashing Trump, that's when we should be concerned.",0.2,0.8,0.0,1.0,"The post does not contain any elements of hate speech. It does not demean or degrade any individuals or groups based on protected characteristics, nor does it call for violence or use vulgar or offensive language. The post is a political opinion about media coverage of Trump, which is a common topic of discussion and does not inherently involve hate speech.",The post is a straightforward political opinion and does not exhibit any characteristics of hate speech. It is likely to be classified as not hate speech by the majority of annotators.,0.2
14,2467,This guy:'All the best Europeans stayed in Europe'Also this guy:'I'm an American'LMAOOOO!!,0.2,0.8,0.2,0.8,"The post appears to be mocking or making fun of a contradiction in someone's statements, but it does not seem to directly attack or demean any group based on protected characteristics. There is no call for violence or use of vulgar or offensive language. The humor and sarcasm might be interpreted differently by some, but it is unlikely to be classified as hate speech by most annotators.","The post uses humor to point out a perceived contradiction in someone's statements about Europeans and Americans. It does not contain any elements that would typically be classified as hate speech, such as demeaning language, calls for violence, or offensive language. The humor might be seen as sarcastic, but it is not likely to be interpreted as hate speech by the majority of annotators. Therefore, the disagreement is low, and the post is likely to be classified as not hate speech by most annotators.",0.0
15,3077,"John Kerry couldn't take out W in the 2004 Presidential election, so how in the hell does he plan to defeat the most popular Republican President in history?Hope he runs.  It would be an easy victory.https://www.cbsnews.com/news/john-kerry-wont-rule-...",0.0,1.0,0.0,1.0,"The post discusses John Kerry's potential candidacy against a popular Republican President without any language that assaults human dignity, calls for violence, or uses vulgar or offensive language. It is a straightforward political opinion without elements of hate speech, leading to likely consensus among annotators that it is not hate speech.","The post is a political commentary on John Kerry's potential candidacy and does not contain any elements of hate speech. It does not demean or degrade any individual or group, nor does it incite violence or use offensive language. Therefore, it is likely that annotators would agree that this post is not hate speech, resulting in low disagreement. The predicted percentages of annotators classifying the post as hate speech vs. not hate speech are [0.0, 1.0].",0.0
16,3078,So David Brock's shitposters are back?I haven't noticed.,0.0,1.0,0.2,0.8,"The post does not contain any explicit assaults on human dignity, calls for violence, or vulgarity/offensive language. It mentions 'shitposters,' which is a term used in internet culture to describe people who post irrelevant or off-topic content online, but it is not inherently offensive or hateful. The post is likely to be interpreted as a commentary on online behavior rather than hate speech, leading to low disagreement among annotators.","The post mentions 'shitposters,' which is a term used in internet culture to describe people who post irrelevant or off-topic content online. While the term 'shitposters' includes a vulgar word, it is not directed at any specific individual or group in a demeaning way. The post does not contain any explicit assaults on human dignity, calls for violence, or vulgarity/offensive language that targets a protected characteristic. Therefore, it is unlikely to be classified as hate speech by most annotators, leading to a prediction of low disagreement and a higher percentage of annotators classifying it as not hate speech.",0.2
17,3079,I'm sure Bill Clinton has a donut for Ariana Grande to lick...https://www.youtube.com/watch?v=Oja97POVbM8,0.4,0.6,0.2,0.8,"The post makes a suggestive comment about Bill Clinton and Ariana Grande, referencing a past incident involving Ariana Grande licking a donut. While the comment is inappropriate and potentially offensive, it does not clearly fall into the categories of hate speech such as assaults on human dignity, calls for violence, or use of vulgarity directed at a protected group. The post is more likely to be seen as a crude joke rather than hate speech, leading to low disagreement among annotators.","The post makes a suggestive comment about Bill Clinton and Ariana Grande, referencing a past incident involving Ariana Grande licking a donut. While the comment is inappropriate and potentially offensive, it does not clearly fall into the categories of hate speech such as assaults on human dignity, calls for violence, or use of vulgarity directed at a protected group. The post is more likely to be seen as a crude joke rather than hate speech, leading to low disagreement among annotators.",0.2
18,3081,"So the media believes they have a 'gotcha' moment with Trump's off the record comments about the Canadian trade negotiation.But by owning it and admitting he said it, he's sending a message of honesty and transparency.The public knows how important these trade deals are to Trump, so if he'll own that publicly, is there much else he could lie about?Not really.",0.0,1.0,0.0,1.0,"The post discusses Trump's comments on Canadian trade negotiations and frames them as a demonstration of honesty and transparency. It does not contain any assaults on human dignity, calls for violence, or vulgarity/offensive language. The content is straightforward and unlikely to be interpreted as hate speech, leading to a low disagreement among annotators.","The post is a commentary on Trump's approach to media and trade negotiations, emphasizing honesty and transparency. It lacks any elements of hate speech, such as demeaning language, incitement to violence, or offensive language. Therefore, it is expected that annotators would largely agree that this post is not hate speech.",0.0
19,3082,Trump admits that he made the 'off the record' comments regarding the Canadian negotiations...And he doesn't care because he knows we have the stronger negotiating position.This changes nothing and sets the clear tone for what Canada has to do if they want to make a deal.,0.2,0.8,0.0,1.0,"The post discusses political negotiations between the U.S. and Canada, specifically mentioning Trump's comments. It does not contain any language that assaults human dignity, calls for violence, or uses vulgar or offensive language. The content is straightforward and focused on political strategy, which is unlikely to be interpreted as hate speech by annotators.",The post is a straightforward commentary on political negotiations and does not exhibit any characteristics of hate speech. It is likely to be classified as not hate speech by the majority of annotators.,0.2
20,3083,Do you need evidence that Progressives are intellectually superior to the rest of us?Here you go:  'Front Hole',0.6,0.4,0.2,0.8,"The post appears to be sarcastic or mocking in tone, particularly towards 'Progressives' and the use of the term 'Front Hole,' which is a term used in some progressive circles to be more inclusive of transgender individuals. However, the post does not contain direct assaults on human dignity, calls for violence, or vulgarity/offensive language. The sarcasm may be interpreted as offensive by some, but it is unlikely to be classified as hate speech by a majority of annotators. Therefore, there is likely low disagreement among annotators, with most classifying it as not hate speech.","The post uses sarcasm to mock 'Progressives' and the term 'Front Hole,' which is used in some progressive circles to be more inclusive of transgender individuals. While the tone is mocking, it does not directly assault human dignity, call for violence, or use vulgar/offensive language. The sarcasm may be seen as offensive by some, but it is unlikely to be classified as hate speech by a majority of annotators. Therefore, the post is likely to have low disagreement, with most annotators classifying it as not hate speech. Predicted percentages: [0.2, 0.8].",0.39999999999999997
21,3251,Fantastic investigative work done by Corey Lynn: Connecting the dots between the global warming scam and child trafficking..Clinton connection of course. Shipwrecked on Ten Islands with Clinton's and Brandson https://coreysdigs.com/clinton-foundation/shipwrec...,0.0,1.0,0.4,0.6,"The post suggests a conspiracy theory linking global warming, child trafficking, and the Clintons. While it does not directly assault human dignity or call for violence, it implies serious accusations without evidence, which could be seen as offensive or defamatory. The language is not overtly vulgar, but the content could be interpreted as harmful or misleading. Annotators might disagree on whether this constitutes hate speech due to the lack of direct offensive language or calls for violence, leading to moderate disagreement.","The post implies a conspiracy theory involving global warming, child trafficking, and the Clintons, which could be seen as offensive or defamatory. However, it does not directly assault human dignity or call for violence, and the language is not overtly vulgar. Annotators might disagree on whether this constitutes hate speech due to the lack of direct offensive language or calls for violence, leading to moderate disagreement.",0.4
22,3252,Antifa Protesting George Soros for non payment. Soros where's our money...... https://twitter.com/Jamierodr10/status/10356866243...,0.0,1.0,0.2,0.8,"The post appears to be a satirical or mocking comment about Antifa and George Soros, suggesting that Antifa is protesting Soros for not paying them. This is a common conspiracy theory trope that Soros funds various protest movements. The post does not contain direct assaults on human dignity, calls for violence, or vulgar language. It is more likely to be interpreted as a political jab or satire rather than hate speech, leading to low disagreement among annotators.","The post is a satirical comment about Antifa and George Soros, suggesting that Antifa is protesting Soros for non-payment. This plays into a conspiracy theory trope that Soros funds protest movements. The post does not contain direct hate speech elements such as assaults on human dignity, calls for violence, or vulgar language. It is more likely to be seen as a political jab or satire, leading to low disagreement among annotators. Therefore, the predicted percentages of annotators classifying the post as hate speech vs. not hate speech are [0.2, 0.8].",0.2
23,3423,"A top #Israeli #soccer team has added ""#Trump"" to their name in honor of the U.S. president:  https://www.mirror.co.uk/sport/football/news/top-israeli-football-team-adds-12529965",0.0,1.0,0.0,1.0,"The post is a straightforward news report about an Israeli soccer team adding 'Trump' to their name in honor of the U.S. president. It does not contain any language or content that assaults human dignity, calls for violence, or uses vulgar or offensive language. Therefore, it is unlikely to be classified as hate speech by annotators, leading to low disagreement.","The post is a straightforward news report about an Israeli soccer team adding 'Trump' to their name in honor of the U.S. president. It does not contain any language or content that assaults human dignity, calls for violence, or uses vulgar or offensive language. Therefore, it is unlikely to be classified as hate speech by annotators, leading to low disagreement. The percentages of annotators who classify the post as hate speech vs. not hate speech are [0.0, 1.0].",0.0
24,3842,SIGN PETITION! Protect Free Speech in the Digital Public Square  https://petitions.whitehouse.gov/petition/protect-...,0.0,1.0,0.0,1.0,"The post is a call to action to sign a petition to protect free speech in the digital public square. It does not contain any language that assaults human dignity, calls for violence, or uses vulgar or offensive language. The content is straightforward and unlikely to be interpreted as hate speech, leading to a low disagreement among annotators.","The post is a straightforward call to action to sign a petition to protect free speech. It does not contain any elements that would typically be classified as hate speech, such as demeaning language, incitement to violence, or offensive language. Therefore, it is likely that the majority of annotators would classify this post as not hate speech, resulting in low disagreement. The predicted percentages are [0.0, 1.0], indicating that 0% of annotators would classify it as hate speech and 100% would classify it as not hate speech.",0.0
25,3844,"I'd Leave! A plan to merge T-Mobile 7 Sprint, 2 billion dollar wireless conglomerates, will result in the loss of nearly 29,000 American jobs, a report by the leading union for communication workers reveals. https://www.breitbart.com/big-government/2018/08/3...",0.2,0.8,0.0,1.0,"The post discusses a business merger and its potential impact on American jobs. It does not contain any language that assaults human dignity, calls for violence, or uses vulgar or offensive language. Therefore, it is unlikely to be classified as hate speech by annotators, leading to low disagreement.","The post is focused on the economic implications of a business merger and does not exhibit any characteristics of hate speech. It is straightforward and lacks any elements that could be interpreted as demeaning, violent, or offensive. As such, it is expected that annotators would largely agree that this post is not hate speech.",0.2
26,3845,"2/3 of Republicans and a 1/3 of independents think special counsel Robert Mueller’s #Russia investigation should be shut down, according to a new Axios poll. https://www.breitbart.com/big-government/2018/08/3...",0.0,1.0,0.0,1.0,"The post presents a statistic from a poll regarding opinions on the Mueller investigation. It does not contain any language that assaults human dignity, calls for violence, or uses vulgar or offensive language. The content is straightforward and factual, likely leading to consensus among annotators that it is not hate speech.","The post is a factual statement about a poll result concerning political opinions on the Mueller investigation. It does not contain any elements of hate speech as defined by the aspects provided. Therefore, it is likely that annotators would agree that this post is not hate speech, resulting in low disagreement and a high percentage of annotators classifying it as not hate speech.",0.0
27,3846,Neil Armstrong Movie Starring Canadian Ryan Gosling Doesn’t Feature planting of American Flag on Moon Surface #BoycottFirstMan https://www.breitbart.com/big-hollywood/2018/08/30...,0.0,1.0,0.0,1.0,"The post discusses a movie about Neil Armstrong and mentions the absence of the American flag planting scene, which could be a point of contention for some. However, it does not contain any language that assaults human dignity, calls for violence, or uses vulgar or offensive language. The hashtag #BoycottFirstMan suggests a call for a boycott, but this is not inherently hate speech. The post is straightforward and unlikely to be interpreted as hate speech by annotators.","The post is about a movie and its portrayal of a historical event, specifically the omission of the American flag planting on the moon. It does not contain any elements that would typically be classified as hate speech, such as demeaning language, incitement to violence, or vulgarity. The hashtag suggests a boycott, which is a form of protest but not hate speech. Therefore, it is expected that annotators would largely agree that this post is not hate speech.",0.0
28,3847,"In-N-Out Refuses to Back Down, Responds to Democrats Boycotting Them with Fierce Statement.  Yikes. That’s the chair of the California Democratic Party acting like he’s ten years old. https://www.chicksonright.com/youngcons/2018/08/31...",0.4,0.6,0.0,1.0,"The post discusses a political issue involving a boycott and a response from a company, In-N-Out, without any language that assaults human dignity, calls for violence, or uses vulgar or offensive language. The post criticizes a political figure's behavior but does so in a manner that is not demeaning or degrading based on protected characteristics. Therefore, it is unlikely to be classified as hate speech by annotators, leading to low disagreement.","The post is a commentary on a political situation involving In-N-Out and the California Democratic Party. It criticizes the behavior of a political figure but does not contain elements of hate speech such as assaults on human dignity, calls for violence, or vulgarity. The language used is not offensive or degrading based on race, ethnicity, gender, religion, or other protected characteristics. As a result, the post is likely to be classified as not hate speech by the majority of annotators, resulting in low disagreement.",0.4
29,4260,Change My Mind: Trump Is Not A Fascist https://www.blazingcatfur.ca/2018/09/01/change-my-...,0.0,1.0,0.2,0.8,"The post invites a discussion on whether Trump is a fascist, which is a political opinion rather than a direct assault on human dignity, call for violence, or use of vulgar language. The phrase 'Change My Mind' suggests an openness to debate rather than a definitive statement of hate speech. While some may find the topic provocative, it does not clearly fall into the categories of hate speech, leading to likely consensus that it is not hate speech.","The post does not contain any direct assaults on human dignity, calls for violence, or vulgar language. It is more of a political opinion or debate topic, which is not inherently hate speech. Therefore, it is likely that a majority of annotators would classify it as not hate speech.",0.2
30,4351,"While Democrats play the race card, we play the Trump cardJobs, Jobs, Jobs, equals a win for all https://canadafreepress.com/article/jobs-jobs-jobs...",0.4,0.6,0.2,0.8,"The post does not contain any explicit assaults on human dignity, calls for violence, or vulgarity/offensive language. It appears to be a political statement contrasting Democrats and Republicans, focusing on economic achievements attributed to Trump. The phrase 'play the race card' could be seen as dismissive of racial issues, but it is not overtly hateful. Therefore, it is likely to be classified as not hate speech by most annotators, with low disagreement.","The post contrasts Democrats and Republicans, focusing on economic achievements attributed to Trump. It uses the phrase 'play the race card,' which could be seen as dismissive of racial issues, but it does not contain explicit hate speech elements like assaults on human dignity, calls for violence, or vulgarity. Therefore, it is likely to be classified as not hate speech by most annotators, with low disagreement.",0.2
31,4352,"Trump threatens to withdraw from World Trade Organization If the World Trade Organization doesn't 'shape up,' President Donald Trump told Bloomberg he would pull the United States out. https://www.cnbc.com/2018/08/30/trump-threatens-to...",0.0,1.0,0.0,1.0,"The post is a straightforward news report about President Trump's statement regarding the World Trade Organization. It does not contain any language that assaults human dignity, calls for violence, or uses vulgar or offensive language. Therefore, it is unlikely to be classified as hate speech by annotators, leading to low disagreement.","The post is a straightforward news report about President Trump's statement regarding the World Trade Organization. It does not contain any language that assaults human dignity, calls for violence, or uses vulgar or offensive language. Therefore, it is unlikely to be classified as hate speech by annotators, leading to low disagreement. [0.0, 1.0]",0.0
32,4353,"DIGITAL DETOXIFY: Britain's Scroll Free SeptemberLOL! Social Media Suppression Here to Save Your Body Image,  Not the Nation Scroll Free September wants people to only give up social media activity for a month. https://canadafreepress.com/article/lol-social-med...",0.0,1.0,0.0,1.0,"The post discusses a social media campaign called 'Scroll Free September' and does not contain any language or content that degrades individuals or groups, incites violence, or uses vulgar or offensive language. It appears to be a commentary on a social media detox initiative, which is not related to hate speech. Therefore, it is likely that annotators would agree that this post is not hate speech, resulting in low disagreement.","The post is a commentary on a social media detox initiative called 'Scroll Free September.' It does not contain any elements of hate speech, such as assaults on human dignity, calls for violence, or vulgarity/offensive language. The content is straightforward and does not present any ambiguity that would lead to disagreement among annotators. Therefore, it is predicted that 0% of annotators would classify it as hate speech, and 100% would classify it as not hate speech.",0.0
33,4354,Explosive Ivy League Study Repressed For Finding Transgender Kids May Be A Social Contagion http://thefederalist.com/2018/08/31/explosive-ivy-...,0.4,0.6,0.4,0.6,"The post references a controversial study about transgender kids being a 'social contagion,' which could be interpreted as an assault on human dignity by suggesting that transgender identity is not legitimate but rather a trend. This could be seen as demeaning to transgender individuals. However, the post itself does not contain explicit vulgarity or calls for violence. The interpretation of the post's content may vary significantly among annotators, leading to a moderate level of disagreement.","The post discusses a study that suggests transgender identity among kids may be a 'social contagion.' This topic is highly controversial and can be seen as demeaning to transgender individuals by implying their identity is not genuine but rather a trend. This aspect could lead some annotators to classify it as hate speech due to the potential assault on human dignity. However, the post does not contain explicit vulgarity or calls for violence, which might lead others to classify it as not hate speech. The interpretation of the post's content is likely to vary, resulting in moderate disagreement among annotators.",0.0
34,4355,"President Trump has a little can of whoopass for Cuba, Venezuela and Nicaragua...By Monica Showalter President Trump has always been adept at spotting talent, and he's reeled in a big one with his new appointment of Mauricio Claver-Carone, to the top White House post on Latin America.  https://www.americanthinker.com/blog/2018/08/presi......",0.0,1.0,0.2,0.8,"The post discusses President Trump's political actions and appointments without using language that assaults human dignity, calls for violence, or includes vulgarity or offensive language. It appears to be a straightforward political commentary, which is unlikely to be classified as hate speech by most annotators. Therefore, there is likely to be low disagreement among annotators, with the majority classifying it as not hate speech.","The post is a political commentary on President Trump's actions and appointments, specifically regarding Latin America. It does not contain language that assaults human dignity, calls for violence, or includes vulgarity or offensive language. As such, it is unlikely to be classified as hate speech by most annotators. The content is clear and straightforward, leading to low disagreement among annotators. The majority would likely classify it as not hate speech, resulting in an estimated distribution of [0.2, 0.8].",0.2
35,4358,"ELYRIA — A former Oberlin College instructor and an activist for indigenous people was sentenced to prison for stealing more than $77,000 in federal grants designed to help Native Americans. http://www.chroniclet.com/cops-and-courts/2018/08/...",0.2,0.8,0.0,1.0,"The post reports on a legal case involving theft of federal grants by a former college instructor. It does not contain any language that assaults human dignity, calls for violence, or uses vulgar or offensive language. The content is straightforward and factual, likely leading to consensus among annotators that it is not hate speech.","The post is a straightforward news report about a legal case involving theft of federal grants. It does not contain any elements of hate speech, such as assaults on human dignity, calls for violence, or vulgar/offensive language. Therefore, it is likely that annotators would agree that this post is not hate speech, resulting in low disagreement and a high percentage of annotators classifying it as not hate speech.",0.2
36,4359,We are trying very hard to keep a straightface but we had to add this news. An animal rights advocate wants to place a roadside memorial in Maine to remember thousands of lobsters killed in a highway wreck Weird that they didn't say a damn thing about muzzie s torturing and killing all those animals a few days ago. http://www.dailymail.co.uk/news/article-6115919/PE......,0.0,1.0,0.7,0.3,"The post contains offensive language and a derogatory term 'muzzies' which is a slur against Muslims, indicating an assault on human dignity. This use of a slur is likely to be interpreted as hate speech by a significant portion of annotators. However, the post does not explicitly call for violence, and the primary focus is on criticizing perceived hypocrisy in animal rights advocacy. The vulgarity and offensive language aspect is present, but the post's main issue is the use of a racial slur, which contributes to a higher likelihood of being classified as hate speech.","The post uses a derogatory term 'muzzies' which is a slur against Muslims, indicating an assault on human dignity. This use of a slur is likely to be interpreted as hate speech by a significant portion of annotators. However, the post does not explicitly call for violence, and the primary focus is on criticizing perceived hypocrisy in animal rights advocacy. The vulgarity and offensive language aspect is present, but the post's main issue is the use of a racial slur, which contributes to a higher likelihood of being classified as hate speech. Therefore, I predict a higher percentage of annotators would classify this as hate speech, but not overwhelmingly so, due to the lack of explicit calls for violence or other hate speech elements. The disagreement level is low as the use of a slur is a clear indicator of hate speech.",0.7
37,4360,"If the regressive socialist marxist dems go back any further into his background I'm sure they will find out he used to play cowboys and Indians when he was a kid. Of course he played the part of the cowboy so you will hear them say he's prejudice, hates Indians and poc Senate Democrats call Nixon lawyer John Dean to testify at Kavanaugh hearing https://www.washingtonexaminer.com/news/senate-d...",0.4,0.6,0.4,0.6,"The post uses derogatory language such as 'regressive socialist marxist dems' which could be seen as offensive, but it does not directly assault human dignity or call for violence. The post also sarcastically suggests that playing 'cowboys and Indians' as a child could be used to label someone as prejudiced, which may be interpreted as trivializing concerns about racism. However, the post does not explicitly demean or degrade any group based on protected characteristics, nor does it incite violence. The language is somewhat offensive, but not overtly hateful, leading to potential disagreement among annotators.","The post contains some derogatory language towards political groups, referring to them as 'regressive socialist marxist dems.' This could be seen as offensive, but it does not directly assault human dignity or call for violence. The post also sarcastically suggests that playing 'cowboys and Indians' as a child could be used to label someone as prejudiced, which may be interpreted as trivializing concerns about racism. However, the post does not explicitly demean or degrade any group based on protected characteristics, nor does it incite violence. The language is somewhat offensive, but not overtly hateful, leading to potential disagreement among annotators. Therefore, I predict a moderate level of disagreement with percentages of [0.4, 0.6] for hate speech vs. not hate speech.",0.0
38,4826,Anyone shouting Allahu Akbar should immediately be shot. There is no place in civilization for the barbaric Satanism known as Islam,1.0,0.0,0.9,0.1,"The post explicitly calls for violence against individuals who shout 'Allahu Akbar,' which is a phrase commonly used by Muslims in religious contexts. This constitutes a clear call for violence based on religious grounds. Additionally, the post demeans and degrades Islam by labeling it as 'barbaric Satanism,' which is an assault on human dignity based on religion. The language used is highly offensive and likely to be interpreted as hate speech by the majority of annotators. Given the explicit nature of the content, there is likely to be low disagreement among annotators about its classification as hate speech.","The post contains explicit calls for violence against individuals based on their religious expression ('Allahu Akbar'), which is a clear incitement to violence. It also degrades and demeans Islam by referring to it as 'barbaric Satanism,' which is an assault on human dignity based on religion. The language is highly offensive and vulgar, contributing to its classification as hate speech. Due to the explicit nature of the content, there is likely to be low disagreement among annotators, with a high percentage classifying it as hate speech.",0.09999999999999998
39,4829,Al Sharpton needs to learn what MAGA means. I will go so far as to challenge his credentials to be called a 'Reverend',0.2,0.8,0.2,0.8,"The post criticizes Al Sharpton and questions his credentials as a 'Reverend,' but it does not contain explicit assaults on human dignity, calls for violence, or vulgar/offensive language. The criticism is directed at a public figure and is likely to be seen as political commentary rather than hate speech. Therefore, there is likely to be low disagreement among annotators, with most classifying it as not hate speech.","The post criticizes Al Sharpton, a public figure, and questions his credentials as a 'Reverend.' While it may be seen as disrespectful or challenging, it does not contain explicit hate speech elements such as assaults on human dignity, calls for violence, or vulgar/offensive language. The criticism is directed at a public figure and is likely to be interpreted as political commentary rather than hate speech. Therefore, there is likely to be low disagreement among annotators, with most classifying it as not hate speech.",0.0
40,4831,"This is how sick the left is. They keep trying to push this shit that the KKK is right wing, and the Nazis were conservatives. Both are 180 degrees from truth. But they can fuck up a good painting for their obscene propaganda. Pepe doesnt have blue eyes either idiots.",1.0,0.0,0.6,0.4,"The post contains offensive language and derogatory terms such as 'shit' and 'idiots,' which may be considered vulgar and offensive. It also makes a strong political statement by accusing 'the left' of spreading false information about the KKK and Nazis, which could be seen as an assault on human dignity by misrepresenting historical facts. However, it does not explicitly call for violence. The post's content is likely to lead to some disagreement among annotators due to its political nature and the use of offensive language, but it is relatively clear in its intent, suggesting a moderate level of disagreement.","The post uses offensive language and makes a strong political statement, which may be interpreted as an assault on human dignity by some annotators. However, it does not explicitly call for violence. The use of terms like 'shit' and 'idiots' contributes to vulgarity and offensive language. The post's content is likely to lead to some disagreement among annotators due to its political nature and the use of offensive language, but it is relatively clear in its intent, suggesting a moderate level of disagreement. Therefore, the predicted percentages of annotators who classify the post as hate speech vs. not hate speech are [0.6, 0.4].",0.4
41,5406,Shadow of the Colossus for PS4 looks amazing! ,0.0,1.0,0.0,1.0,"The post is a simple expression of enthusiasm for a video game, 'Shadow of the Colossus' for PS4. It does not contain any language or content that could be interpreted as hate speech. There are no assaults on human dignity, calls for violence, or vulgar/offensive language present in the post. Therefore, it is clear and unambiguous that this post is not hate speech, leading to a low disagreement among annotators.","The post is a straightforward comment about a video game, expressing a positive opinion about its graphics. It does not contain any elements of hate speech, such as demeaning language, incitement to violence, or offensive language. As such, it is unlikely to be classified as hate speech by any annotators, resulting in a consensus that it is not hate speech.",0.0
42,5547,"Play this at my funeral please ;D haa  Best band in the world, ever #BritFam #PinkFloyd",0.0,1.0,0.0,1.0,"The post is a personal expression of music preference, specifically mentioning a band (Pink Floyd) and using hashtags related to it. There is no content that assaults human dignity, calls for violence, or uses vulgar or offensive language. The post is clear and unambiguous in its intent, which is to share a music preference, and is unlikely to be interpreted as hate speech by annotators.","The post is a personal expression of music preference, specifically mentioning a band (Pink Floyd) and using hashtags related to it. There is no content that assaults human dignity, calls for violence, or uses vulgar or offensive language. The post is clear and unambiguous in its intent, which is to share a music preference, and is unlikely to be interpreted as hate speech by annotators. Therefore, the predicted percentages of annotators who classify the post as hate speech vs. not hate speech are [0.0, 1.0].",0.0
43,5548,#UKNews 😲THREE YEAR OLD child is victim of FGM in UK 😡😡😡 Ghana/Uganda parents in East London accused of FGM plus 10 counts of indecent image allegations. Sick fecks!!!!!!!  They plead NOT guilty.. #TheRope! #KidsLivesMatter #BritFam,0.4,0.6,0.6,0.4,"The post discusses a serious and sensitive issue of FGM (Female Genital Mutilation) involving a child, which is a criminal act and a human rights violation. The post uses strong language ('Sick fecks!!!!!!!') and hashtags like '#TheRope', which could be interpreted as a call for severe punishment or violence against the accused. This could be seen as a call for violence, although it is not explicit. The post also mentions the nationality of the parents, which could be seen as an assault on human dignity by associating a crime with specific ethnic groups. The use of vulgar language and the context of the post may lead to varying interpretations, resulting in moderate disagreement among annotators.","The post discusses a highly sensitive and serious issue of FGM (Female Genital Mutilation) involving a child, which is a criminal act and a human rights violation. The post uses strong language ('Sick fecks!!!!!!!') and hashtags like '#TheRope', which could be interpreted as a call for severe punishment or violence against the accused. This could be seen as a call for violence, although it is not explicit. The post also mentions the nationality of the parents, which could be seen as an assault on human dignity by associating a crime with specific ethnic groups. The use of vulgar language and the context of the post may lead to varying interpretations, resulting in moderate disagreement among annotators.",0.19999999999999996
44,5549,Theresa May dancing. Arthritic praying mantis with butt plug engaged.   #True !,0.6,0.4,0.4,0.6,"The post uses vulgar and offensive language to describe Theresa May, which could be seen as demeaning or degrading. However, it does not explicitly target a protected characteristic such as race, gender, or religion, nor does it call for violence. The offensive nature of the language might lead to some annotators classifying it as hate speech, but the lack of direct attacks on protected characteristics or incitement to violence suggests that a significant portion of annotators might not see it as hate speech. This results in a moderate level of disagreement among annotators.","The post contains vulgar and offensive language, particularly in the phrase ""Arthritic praying mantis with butt plug engaged."" This language is derogatory and could be interpreted as demeaning towards Theresa May. However, it does not specifically attack her based on a protected characteristic such as gender, race, or religion, nor does it incite violence. The offensive nature of the language might lead some annotators to classify it as hate speech, but the absence of direct attacks on protected characteristics or calls for violence suggests that a significant portion of annotators might not view it as hate speech. Therefore, there is likely to be moderate disagreement among annotators, with some focusing on the offensive language and others on the lack of targeted hate speech elements.",0.19999999999999996
45,5550,I see you 👋 Ditch Google.  Download Brave browser & use DuckDuckGo search engine.  They don't suck your data like Google; it's faster & has built in Adblocker. Works wonderfully with Gab.  Just enter !gab on DDG & it brings you straight to Gab \o/  #GabTips,0.2,0.8,0.0,1.0,"The post is a recommendation for using alternative web services to Google, highlighting privacy and performance benefits. It does not contain any language or content that assaults human dignity, calls for violence, or uses vulgar or offensive language. The content is straightforward and unlikely to be interpreted as hate speech, leading to a low disagreement among annotators.","The post is a recommendation for using alternative web services to Google, highlighting privacy and performance benefits. It does not contain any language or content that assaults human dignity, calls for violence, or uses vulgar or offensive language. The content is straightforward and unlikely to be interpreted as hate speech, leading to a low disagreement among annotators. Therefore, the predicted percentages of annotators who classify the post as hate speech vs. not hate speech are [0.0, 1.0].",0.2
46,5627,Look at me!  LOOOOOOOK at MEEEEE! Poor Eminem can't get any attention from the POTUS. http://www.foxnews.com/entertainment/2018/08/31/em...,0.2,0.8,0.0,1.0,"The post is a sarcastic comment about Eminem seeking attention from the President of the United States. It does not contain any assaults on human dignity, calls for violence, or vulgarity and offensive language. The post is straightforward and unlikely to be interpreted as hate speech, leading to a low disagreement among annotators.","The post is a sarcastic comment about Eminem seeking attention from the President of the United States. It does not contain any assaults on human dignity, calls for violence, or vulgarity and offensive language. The post is straightforward and unlikely to be interpreted as hate speech, leading to a low disagreement among annotators. Therefore, the predicted percentages of annotators who classify the post as hate speech vs. not hate speech are [0.0, 1.0].",0.2
47,6013,"To all the libs out there. There is an old saying that goes 'don't start nothin' won't be nothin'. We would rather be polite and civil, but if you decide not to (as some on your side have done) we will have no choice but to fight fire with a firestorm. And I don't think you'll like it.",0.7142857142857143,0.2857142857142857,0.7,0.3,"The post contains a veiled threat of violence ('fight fire with a firestorm') directed at a political group ('libs'), which can be interpreted as a call for violence. This aspect of the post is likely to be seen as hate speech by a significant portion of annotators. However, the language is somewhat indirect and could be interpreted as metaphorical or rhetorical, leading to some disagreement among annotators. The post does not contain vulgarity or offensive language, but the implied threat contributes to its classification as hate speech.","The post uses metaphorical language to imply a threat of violence against a political group, which can be seen as a call for violence. This aspect is likely to be interpreted as hate speech by many annotators, although the indirect nature of the language may lead to some disagreement. The lack of vulgarity or direct offensive language might lead some annotators to classify it as not hate speech, but the implied threat is significant enough to result in a higher percentage of hate speech classification.",0.014285714285714346
48,6114,"The main problem with California’s bail bond elimination is that it opens the door to 5th amendment violations. What if a Jew judge deems a member of Patriot Prayer a high risk based on their political beliefs and throws them in prison, where they will then have to wait months for their first pre-trial hearing?? There are so many ways that this new system can and will be abused. I warn you, if y...",0.4,0.6,0.5,0.5,"The post discusses the potential for abuse in California's bail bond elimination system, specifically mentioning the possibility of a 'Jew judge' making biased decisions. This reference to a 'Jew judge' could be interpreted as an assault on human dignity, as it implies a stereotype or bias based on religion. However, the post does not explicitly call for violence or use vulgar language. The ambiguity lies in whether the mention of 'Jew judge' is seen as a significant enough stereotype to constitute hate speech, leading to potential high disagreement among annotators.","The post discusses concerns about California's bail bond elimination system and its potential for abuse, specifically mentioning a 'Jew judge' making biased decisions. This reference could be seen as an assault on human dignity, as it implies a stereotype or bias based on religion. However, the post does not explicitly call for violence or use vulgar language. The ambiguity lies in whether the mention of 'Jew judge' is seen as a significant enough stereotype to constitute hate speech, leading to potential high disagreement among annotators. Therefore, the predicted percentages of annotators classifying the post as hate speech vs. not hate speech are [0.5, 0.5].",0.09999999999999998
49,6118,"How the fuck can a communist claim to be the champion of the working class when they have NEVER HELD A FUCKING JOB!!??? And no, being a community organizer doesn't make you a member of your stupid asshole proletariat.",0.4,0.6,0.7,0.3,"The post contains vulgar and offensive language, which may contribute to its classification as hate speech. The use of profanity and derogatory terms like 'stupid asshole proletariat' can be seen as demeaning to individuals or groups associated with communism or community organizing. However, it does not explicitly call for violence or target a protected characteristic, which might lead to some disagreement among annotators. The post's aggressive tone and language likely result in a higher percentage of annotators classifying it as hate speech, but not unanimously.","The post uses strong vulgar language and insults, which can be perceived as offensive and demeaning. It targets individuals associated with communism and community organizing, questioning their legitimacy and using derogatory language. While it does not explicitly incite violence or target a protected characteristic, the tone and language are aggressive and likely to be seen as hate speech by a significant portion of annotators. However, some may argue it is a political opinion expressed in a harsh manner, leading to some disagreement.",0.29999999999999993
50,6295,"It's what always happens when you can't argue with reason, facts and evidence. They can't win with logic, so they resort to violence. ",0.4,0.6,0.2,0.8,"The post discusses the idea that some people resort to violence when they cannot win an argument with logic and reason. It does not explicitly call for violence or use vulgar or offensive language. The statement is more of a general observation or opinion rather than a direct assault on human dignity or a call for violence. Therefore, it is likely to be classified as not hate speech by most annotators, with low disagreement.","The post does not contain any direct assaults on human dignity, calls for violence, or vulgar language. It is a general statement about the behavior of people who cannot argue with logic. Therefore, it is likely to be classified as not hate speech by most annotators, with low disagreement.",0.2
51,6468,"“Minds is officially adopting the Manila Principles On Intermediary Liability, a digital bill of rights, outlined by the Electronic Frontier Foundation and other leading digital rights organizations.” Nice :) https://www.breitbart.com/tech/2018/08/30/alternat...",0.0,1.0,0.0,1.0,"The post is a straightforward announcement about a platform adopting a set of digital rights principles. It does not contain any language or content that could be interpreted as an assault on human dignity, a call for violence, or vulgarity/offensive language. The content is clear and unlikely to be interpreted as hate speech by annotators, leading to low disagreement.","The post is a straightforward announcement about a platform adopting a set of digital rights principles. It does not contain any language or content that could be interpreted as an assault on human dignity, a call for violence, or vulgarity/offensive language. The content is clear and unlikely to be interpreted as hate speech by annotators, leading to low disagreement.",0.0
52,6469,Next video for the week will be ready later tonight. I've also expanded it to cover some extra news. #TheRedExpress,0.0,1.0,0.0,1.0,"The post is a straightforward announcement about a video release and does not contain any language or content that could be interpreted as hate speech. It lacks any assaults on human dignity, calls for violence, or vulgarity/offensive language. Therefore, it is likely to be unanimously classified as not hate speech by annotators.","The post is a simple announcement about a video release and does not contain any elements that could be considered hate speech. It does not demean or degrade any individuals or groups, does not incite violence, and does not use offensive language. As such, it is clear and unambiguous in its content, leading to a low likelihood of disagreement among annotators. The expected classification is overwhelmingly not hate speech.",0.0
53,6577,NAFTA and Canada...Yes. our future could prosper without it  http://stillerfinancial.advisor.news/yes-our-futur...,0.25,0.75,0.0,1.0,"The post discusses NAFTA and Canada's future without it, which is a political and economic topic. There is no language in the post that assaults human dignity, calls for violence, or uses vulgar or offensive language. Therefore, it is unlikely to be classified as hate speech by annotators, leading to low disagreement.","The post is a straightforward statement about NAFTA and Canada's future, with a link to an article. It does not contain any elements of hate speech, such as assaults on human dignity, calls for violence, or vulgarity. As a result, it is expected that annotators would largely agree that this post is not hate speech, resulting in low disagreement. The predicted percentages are [0.0, 1.0], indicating that it is not considered hate speech.",0.25
54,6578,59% of Americans fear violence from Anti-Trumpers...behold the 'tolerance' of the hysteria-inducing Political Left in 2018: #Unhinged #CW2 https://www.youtube.com/watch?v=eFRHX6glTSM&t=...,0.42857142857142855,0.5714285714285714,0.4,0.6,"The post suggests that a significant portion of Americans fear violence from Anti-Trump individuals, which could be interpreted as a call for concern about potential violence. However, it does not explicitly call for violence or use vulgar language. The hashtags #Unhinged and #CW2 (which could imply 'Civil War 2') might be seen as provocative, but the post itself does not directly assault human dignity or incite violence. The language is somewhat ambiguous and could be interpreted differently depending on the reader's perspective, leading to moderate disagreement among annotators.","The post discusses a fear of violence from Anti-Trump individuals, which could be seen as a critique of the political left. It uses hashtags like #Unhinged and #CW2, which might suggest a provocative stance. However, the post does not explicitly call for violence or use offensive language. The interpretation of this post could vary, leading to moderate disagreement among annotators. Therefore, the predicted percentages of annotators classifying the post as hate speech vs. not hate speech are [0.4, 0.6].",0.028571428571428525
55,6965,"#SJW ‘s  are the natural end state of post modernist thinking. Where your value is not judged on the goodness of your deeds, but on your group identity. When race, gender, sexuality and colour are more important then #character, and quality of your argument, then your society & culture are doomed.  #wakeupamerica",0.0,1.0,0.4,0.6,"The post criticizes social justice warriors (SJWs) and post-modernist thinking, suggesting that they prioritize group identity over individual character and deeds. While it does not contain explicit vulgarity or calls for violence, it does imply a negative view of certain groups based on their focus on identity politics. This could be seen as an assault on human dignity, as it dismisses the importance of race, gender, and sexuality in societal discussions. However, the language is not overtly hateful, and the post could be interpreted as a critique of ideology rather than a direct attack on individuals. This ambiguity may lead to a moderate level of disagreement among annotators.","The post criticizes social justice warriors (SJWs) and post-modernist thinking, suggesting that they prioritize group identity over individual character and deeds. While it does not contain explicit vulgarity or calls for violence, it does imply a negative view of certain groups based on their focus on identity politics. This could be seen as an assault on human dignity, as it dismisses the importance of race, gender, and sexuality in societal discussions. However, the language is not overtly hateful, and the post could be interpreted as a critique of ideology rather than a direct attack on individuals. This ambiguity may lead to a moderate level of disagreement among annotators.",0.4
56,6966,"Free societies tend to punish laziness, ineptitude, stupidity and obnoxiousness, but reward graft, talent, intelligence and charisma - which is why entitled mediocrities with shitty personalities are hellbent on destroying them. #maga #wakeupamerica",0.3333333333333333,0.6666666666666667,0.2,0.8,"The post criticizes certain personality traits and behaviors, but it does not specifically target any protected group based on race, ethnicity, gender, religion, or other characteristics. It does not contain calls for violence or use vulgar or offensive language. The post is more of a social commentary on perceived societal values and does not clearly fall into the categories of hate speech. Therefore, it is likely to be classified as not hate speech by most annotators, with low disagreement.","The post discusses societal values and criticizes certain traits like laziness and ineptitude. It does not target any specific group based on protected characteristics, nor does it incite violence or use offensive language. The language is more of a general critique of societal behaviors rather than hate speech. Thus, it is likely to be classified as not hate speech by most annotators, with low disagreement.",0.1333333333333333
57,6967,"Hard times make hard men. Hard men make good times, good times make weak boys, weak boys make hard times.  #trump s back track on #immigration just weakens #America.  #maga #wakeupamerica",0.2857142857142857,0.7142857142857143,0.2,0.8,"The post uses a common saying about the cyclical nature of societal strength and weakness, and applies it to a political context regarding immigration policy. It does not contain any direct assaults on human dignity, calls for violence, or vulgar/offensive language. The post is likely to be interpreted as a political opinion rather than hate speech, leading to low disagreement among annotators.","The post uses a common saying about the cyclical nature of societal strength and weakness, and applies it to a political context regarding immigration policy. It does not contain any direct assaults on human dignity, calls for violence, or vulgar/offensive language. The post is likely to be interpreted as a political opinion rather than hate speech, leading to low disagreement among annotators. Therefore, the predicted percentages of annotators who classify the post as hate speech vs. not hate speech are [0.2, 0.8].",0.08571428571428569
58,6975,The usually no comment FBI is providing cover for this news. http://www.foxnews.com/politics/2018/08/30/gohmert...,0.2,0.8,0.2,0.8,"The post does not contain any explicit assaults on human dignity, calls for violence, or vulgarity/offensive language. It appears to be a commentary on the FBI's actions, which is a political opinion rather than hate speech. The language is not inflammatory or derogatory, suggesting that most annotators would not classify it as hate speech.","The post is a political commentary on the FBI's actions, suggesting they are providing cover for certain news. It does not contain any explicit hate speech elements such as assaults on human dignity, calls for violence, or vulgarity. The language used is not offensive or derogatory, and it seems to be more of a critique or opinion rather than hate speech. Therefore, it is likely that the majority of annotators would classify it as not hate speech, leading to low disagreement among annotators.",0.0
59,7464,'Muslim Gets What’s Comin’' by @GuardAmerican https://gab.ai/tv/watch/23681,0.8,0.19999999999999996,0.7,0.3,"The post 'Muslim Gets What’s Comin’' suggests a negative outcome for a Muslim individual, which can be interpreted as demeaning or degrading based on religion, thus falling under 'Assaults on Human Dignity'. The phrase 'gets what’s comin’' implies a deserved negative consequence, which could be interpreted as a call for violence or harm, depending on the context of the linked content. The brevity and lack of context in the post may lead to varying interpretations, but the potential for hate speech is significant, leading to a likely consensus among annotators that it constitutes hate speech.","The post 'Muslim Gets What’s Comin’' by @GuardAmerican contains language that can be interpreted as demeaning towards Muslims, suggesting that they deserve a negative outcome. This falls under the category of 'Assaults on Human Dignity' based on religion. The phrase 'gets what’s comin’' could also imply a call for violence or harm, depending on the context of the linked content. The post's brevity and lack of context may lead to varying interpretations, but the potential for hate speech is significant. Therefore, it is likely that a majority of annotators would classify this as hate speech, with some disagreement due to the lack of explicit context.",0.10000000000000009
60,7944,"So #Tesla just met its production goal without even a factory in which to work.    Wow, that's in-tents.",0.0,1.0,0.0,1.0,"The post is a play on words, using a pun ('in-tents' instead of 'intense') to comment on Tesla meeting its production goal. It does not contain any elements of hate speech such as assaults on human dignity, calls for violence, or vulgarity/offensive language. The content is clear and unambiguous, leading to a likely consensus among annotators that it is not hate speech.","The post is a pun about Tesla meeting its production goal, using the phrase 'in-tents' as a play on words. It does not contain any elements of hate speech, such as demeaning language, calls for violence, or offensive language. The post is straightforward and humorous, leading to a low likelihood of disagreement among annotators. Therefore, it is predicted that 0% of annotators would classify it as hate speech, and 100% would classify it as not hate speech.",0.0
61,7945,"Since blaming Trump for things which existed WAY before he came to offfice is the trendy thing to do, I'll make my own list now. Top choices so far are: death, the Flu, the short lifespan of mosquitos (poor little guys!), and... oh, I don't know... why not just the whole fall of humanity altogether?",0.14285714285714285,0.8571428571428572,0.0,1.0,"The post is a sarcastic commentary on the trend of blaming Trump for various issues. It does not contain any assaults on human dignity, calls for violence, or vulgarity/offensive language. The content is clear and unlikely to be interpreted as hate speech, leading to low disagreement among annotators.","The post uses sarcasm to comment on the trend of blaming Trump for various issues. It does not target any specific group or individual with hate speech, nor does it use offensive language or incite violence. The content is straightforward and unlikely to be interpreted as hate speech, resulting in low disagreement among annotators. Therefore, the predicted percentages of annotators classifying the post as hate speech vs. not hate speech are [0.0, 1.0].",0.14285714285714285
62,7946,"May we all take a moment to mourn the newfound circumstances of thousands of children who will now, thanks to our president's recent EO, get the privilege of staying by the side of the traffickers and exploiters which bring them into the country.",0.14285714285714285,0.8571428571428572,0.2,0.8,"The post criticizes a policy decision by the president, suggesting that it allows children to remain with traffickers and exploiters. While the language is critical and may be seen as offensive to some, it does not directly assault human dignity, call for violence, or use vulgar language. The post is more of a political critique rather than hate speech, leading to a likely consensus among annotators that it is not hate speech.","The post is a critique of a political decision, expressing concern over the implications of an executive order. It does not contain elements that typically characterize hate speech, such as demeaning language towards a specific group, incitement to violence, or vulgarity. The language is critical but not hateful, and it is likely to be interpreted as a political opinion rather than hate speech. Therefore, the disagreement among annotators is expected to be low, with most classifying it as not hate speech.",0.05714285714285716
63,8280,Looks like a bunch of dead bodies to me. Why would you just assume those are dead Jews? Could be anything.,0.4,0.6,0.6,0.4,"The post makes a potentially offensive and insensitive remark about dead bodies, questioning the assumption that they are Jewish. This could be interpreted as an assault on human dignity, particularly if it is perceived as trivializing or denying the suffering of a specific group, such as Jews during the Holocaust. The ambiguity in the post's intent and the potential for it to be seen as minimizing historical atrocities could lead to a moderate level of disagreement among annotators.","The post contains language that could be interpreted as offensive or insensitive, particularly in the context of historical events like the Holocaust. The questioning of the identity of the dead bodies as Jews could be seen as minimizing or denying the suffering of a specific group, which falls under the aspect of assaults on human dignity. However, the post does not explicitly call for violence or use vulgar language, which may lead to some annotators not classifying it as hate speech. Therefore, there is likely to be moderate disagreement among annotators, with a higher percentage classifying it as hate speech due to the potential implications of the statement.",0.19999999999999996
64,8281,"There were no extermination or death camps, there were labour camps. Jews died for the same reasons German citizens died: typhoid, and starvation from relentless allied bombing. You’ve see photos of emaciated bodies and immediately assume, like a good fuckimg sheep, that those we Jews killed by Hitler. All claims of ovens and gas chambers have been debunked. This is simple shit, dumm",0.8,0.19999999999999996,0.8,0.2,"The post denies the Holocaust, a well-documented historical event, which is a form of hate speech as it assaults the dignity of Jewish people by denying their suffering and the atrocities committed against them. The language used is also offensive and derogatory, further contributing to its classification as hate speech. Given the clear denial of historical facts and the offensive language, there is likely to be low disagreement among annotators about this being hate speech.","The post denies the Holocaust, which is a form of hate speech as it assaults the dignity of Jewish people by denying their suffering and the atrocities committed against them. The language used is also offensive and derogatory, further contributing to its classification as hate speech. Given the clear denial of historical facts and the offensive language, there is likely to be low disagreement among annotators about this being hate speech. Therefore, a high percentage of annotators would classify this as hate speech, estimated at [0.8, 0.2].",0.0
65,8283,"Listen, faggot, you’re just a brainwashed lazy minded drone who has never looked into it. Tell me: what proof is there that any sort of genocide happened against the Jews.",0.8,0.19999999999999996,0.8,0.2,"The post contains offensive language, specifically a homophobic slur, which falls under vulgarity and offensive language. Additionally, it questions the occurrence of the Holocaust, which can be seen as an assault on human dignity by denying a well-documented historical genocide. These elements are likely to lead to a consensus among annotators that the post constitutes hate speech, resulting in low disagreement.","The post uses a homophobic slur ('faggot') and questions the occurrence of the Holocaust, which is a form of Holocaust denial. Holocaust denial is considered an assault on human dignity as it denies the suffering and historical reality of the genocide against the Jewish people. The use of offensive language and the denial of a historical atrocity are clear indicators of hate speech. Therefore, it is likely that a significant majority of annotators would classify this post as hate speech, leading to low disagreement among them.",0.0
66,8581,"What's the worst thing, beginning with N and ending in R, that you can call a black man? Neighbour.",0.6,0.4,0.8,0.2,"The post uses a play on words to reference a racial slur commonly used against black individuals, which is a clear assault on human dignity. The use of this wordplay is likely to be interpreted as demeaning and degrading, even though it attempts to mask the offensive term with a benign word. This type of content is likely to be classified as hate speech by a significant majority of annotators due to its racial undertones and the offensive nature of the implied slur.","The post uses a play on words to reference a racial slur commonly used against black individuals, which is a clear assault on human dignity. The use of this wordplay is likely to be interpreted as demeaning and degrading, even though it attempts to mask the offensive term with a benign word. This type of content is likely to be classified as hate speech by a significant majority of annotators due to its racial undertones and the offensive nature of the implied slur. Therefore, I predict that 80% of annotators would classify this post as hate speech, while 20% might not, possibly due to the indirect nature of the slur.",0.20000000000000007
67,9427,"Treason May tells her kids ""Don't talk to the neighbours""  https://www.breitbart.com/london/2018/09/14/downing-street-orders-tories-distance-themselves-conservative-hungarian-leader/   Treason resents Orban becoming more powerful, Love that glance from #Hungary #Orban  #EU ? #FU ",0.2,0.8,0.4,0.6,"The post uses a play on words with 'Treason May' to refer to Theresa May, which could be seen as a derogatory nickname. It criticizes her actions and implies a negative sentiment towards her. However, it does not explicitly demean or degrade individuals based on protected characteristics, nor does it call for violence. The use of 'FU' could be considered vulgar or offensive, but it is not directed at a specific group in a way that constitutes hate speech. The post may result in some disagreement among annotators due to its critical tone and use of offensive language, but it is not overtly hate speech.","The post refers to Theresa May as 'Treason May,' which is a derogatory nickname implying betrayal. It criticizes her actions regarding distancing from the Hungarian leader Orban. The use of 'FU' is vulgar but not directed at a specific group in a way that constitutes hate speech. The post does not explicitly demean individuals based on protected characteristics or call for violence. There may be some disagreement among annotators due to the critical tone and use of offensive language, but it is not overtly hate speech.",0.2
68,9683,"I don't know if his post is public or not, but here you go. I didn't post his name because I'm not an asshole. I don't make shit up.https://www.facebook.com/CajunGypsy/posts/10155829...",0.0,1.0,0.0,1.0,"The post does not contain any elements that would typically be classified as hate speech. It does not demean or degrade individuals or groups based on protected characteristics, nor does it incite violence or use vulgar or offensive language. The content is neutral and does not exhibit any ambiguity that would lead to disagreement among annotators.","The post is straightforward and does not contain any language or context that would be considered hate speech. It simply states that the user is sharing a post without revealing the name of the person involved, indicating a neutral stance. Therefore, it is likely that annotators would agree that this post is not hate speech, resulting in low disagreement and a high percentage of annotators classifying it as not hate speech.",0.0
69,9684,"Gorgeous kitty! I haven't had a gray cat since my very first cat when I was a young kid. I forgot how pretty their fur is, especially when the light hits it.",0.0,1.0,0.0,1.0,"The post is a positive and benign comment about a cat, with no elements of hate speech present. It does not demean or degrade any individuals or groups, does not call for violence, and does not contain vulgar or offensive language. Therefore, it is expected that there would be a consensus among annotators that this post is not hate speech, leading to low disagreement.","The post is a positive comment about a cat, with no elements of hate speech present. It does not demean or degrade any individuals or groups, does not call for violence, and does not contain vulgar or offensive language. Therefore, it is expected that there would be a consensus among annotators that this post is not hate speech, leading to low disagreement. Percentages of annotators who classify the post as hate speech vs. not hate speech: [0.0, 1.0]",0.0
70,9685,"Aw. One of mine (I have 5 adults, too) loves to stretch out next to or on my legs. He'll stay there the whole night if I don't kick him when I roll over.",0.0,1.0,0.0,1.0,"The post is a benign and personal anecdote about a pet's behavior, with no elements of hate speech present. It does not demean or degrade any individuals or groups, nor does it incite violence or use offensive language. Therefore, it is likely to be unanimously classified as not hate speech by annotators.","The post is a personal story about a pet's behavior, specifically a pet stretching out next to or on the person's legs. There is no mention of any group or individual in a derogatory manner, no incitement to violence, and no use of vulgar or offensive language. The content is clear and unambiguous, leading to a low likelihood of disagreement among annotators. As such, it is expected that 0% of annotators would classify this as hate speech, while 100% would classify it as not hate speech.",0.0
71,9686,"Idiotic Liberal Logic - or lack thereofI've known OP for 30+ yrs, thus the obscured names. Given his new avatar, I'm going to have to give him the boot, but I thought I'd screen grab this piece of stupidity from one of his rabid libtard friends. Libs cannot see the inherent contradictions in what they say.  https://kek.gg/i/4wkzyV.png",0.8333333333333334,0.16666666666666663,0.4,0.6,"The post uses derogatory language such as 'idiotic' and 'libtard,' which can be considered offensive and demeaning towards liberals. However, it does not explicitly call for violence or use vulgar language beyond the derogatory terms. The post's focus is on criticizing perceived contradictions in liberal logic, which may not be universally seen as hate speech. This could lead to some disagreement among annotators, as the offensiveness of the terms used can be subjective.","The post contains derogatory language towards liberals, using terms like 'idiotic' and 'libtard,' which can be seen as demeaning. However, it does not contain explicit calls for violence or vulgar language beyond these terms. The post's main focus is on criticizing perceived contradictions in liberal logic, which may not be universally interpreted as hate speech. This could result in some disagreement among annotators, as the offensiveness of the language can be subjective. Therefore, the predicted percentages of annotators who classify the post as hate speech vs. not hate speech are [0.4, 0.6].",0.43333333333333335
72,9687,"I like that she talks about Great Comics and includes herself, 'our job'. That miserable twat wouldn't know great comedy if it slapped her on the ass.",0.3333333333333333,0.6666666666666667,0.4,0.6,"The post contains vulgar and offensive language, specifically the use of the term 'miserable twat' and the phrase 'slapped her on the ass.' This language is derogatory and demeaning, particularly towards women, which could be interpreted as an assault on human dignity. However, it does not explicitly target a protected characteristic such as race, ethnicity, or religion, nor does it call for violence. The offensive language may lead to some annotators classifying it as hate speech, but the lack of explicit targeting of a protected group or incitement to violence may result in a higher percentage of annotators not classifying it as hate speech. This results in a moderate level of disagreement among annotators.","The post uses derogatory language ('miserable twat') and a dismissive tone ('slapped her on the ass'), which can be seen as offensive and demeaning, particularly towards women. However, it does not explicitly target a specific protected group or call for violence. The offensive language may lead to some annotators classifying it as hate speech, but the lack of explicit targeting or incitement to violence may result in a higher percentage of annotators not classifying it as hate speech. This results in a moderate level of disagreement among annotators.",0.06666666666666671
73,9688,Thanks! I will.,0.0,1.0,0.0,1.0,"The post 'Thanks! I will.' is a simple expression of gratitude and intention to follow through on something. It does not contain any elements of hate speech, such as assaults on human dignity, calls for violence, or vulgarity and offensive language. The content is clear and unambiguous, leading to a likely consensus among annotators that it is not hate speech.","The post 'Thanks! I will.' is straightforward and lacks any content that could be interpreted as hate speech. It is a polite and positive response, making it clear that it does not fall into any hate speech categories. Therefore, the prediction is that 0% of annotators would classify it as hate speech, and 100% would classify it as not hate speech.",0.0
74,9689,"Yep. She has a bed, but she went straight back to the carrier. I'll leave it as long as she needs. Given the Okra situation, I'm figuring 7-10 days in the bathroom unless closely supervised & probably a while longer at night. She'll be eating in my bath until she's on adult food, anyway. You know I won't rush her.",0.0,1.0,0.0,1.0,"The post is about taking care of a pet, likely a cat, and ensuring its comfort and safety. There is no language or content that assaults human dignity, calls for violence, or uses vulgar or offensive language. The post is straightforward and lacks any elements that could be interpreted as hate speech, leading to a low likelihood of annotator disagreement.","The post is about taking care of a pet, likely a cat, and ensuring its comfort and safety. There is no language or content that assaults human dignity, calls for violence, or uses vulgar or offensive language. The post is straightforward and lacks any elements that could be interpreted as hate speech, leading to a low likelihood of annotator disagreement. Therefore, the predicted percentages of annotators who classify the post as hate speech vs. not hate speech are [0.0, 1.0].",0.0
75,9690,"Little, cute, dark gray Toe Beans!! I love toe beans.",0.0,1.0,0.0,1.0,"The post is a lighthearted and affectionate comment about 'toe beans,' which is a colloquial term for the pads on a cat's paw. It does not contain any language or content that could be interpreted as hate speech. There are no assaults on human dignity, calls for violence, or vulgarity/offensive language present in the post.",The post is entirely benign and focuses on a common term used affectionately by pet owners. It is unlikely to be interpreted as hate speech by any annotators.,0.0
76,9691,"Poor little bit, she's terrified of him. I don't think she's ever been around dogs, much less one whose head is bigger than she is. The cats are fascinated, but Pearl's not having any of it yet. She's a growler. LOL She settled down enough to come out of the carrier & explore her temp home in my bathroom & drink a little, but she's back in it now, curled up sleeping.",0.0,1.0,0.0,1.0,"The post is a personal anecdote about a pet's reaction to a dog. It does not contain any language or content that could be interpreted as hate speech. There are no assaults on human dignity, calls for violence, or vulgar/offensive language present in the post. The content is clear and unambiguous, leading to a likely consensus among annotators that it is not hate speech.",The post is a personal story about a pet's behavior and does not contain any elements of hate speech. It is unlikely to be interpreted as hate speech by annotators.,0.0
77,9692,Look what we did today! Meet Pearl.,0.0,1.0,0.0,1.0,"The post 'Look what we did today! Meet Pearl.' is a simple and positive statement likely referring to introducing a new pet or a similar event. It does not contain any language or context that could be interpreted as hate speech. There are no assaults on human dignity, calls for violence, or vulgarity/offensive language present in the post. Therefore, it is expected that there would be a consensus among annotators that this post is not hate speech, leading to low disagreement.",The post is straightforward and lacks any elements that could be construed as hate speech. It is likely to be unanimously classified as not hate speech by annotators.,0.0
78,9780,"Look at this compilation of tweets Nick Monroe made exhibiting the anti-white racism of Buzzfeed staff members. Again, this is commonplace on the Left. https://twitter.com/i/moments/1033547403620757504",0.8,0.19999999999999996,0.4,0.6,"The post accuses Buzzfeed staff members of 'anti-white racism,' which could be seen as an assault on human dignity by suggesting a group is being racist. However, it does not contain explicit calls for violence or vulgar language. The accusation of racism is a serious one, but without more context or explicit language, it may not be universally agreed upon as hate speech. This could lead to some disagreement among annotators, as the interpretation of 'anti-white racism' can vary based on individual perspectives and the context of the tweets being referenced.","The post references a compilation of tweets that allegedly exhibit 'anti-white racism' by Buzzfeed staff members. It suggests that such behavior is 'commonplace on the Left.' The post does not contain explicit vulgarity or calls for violence, but it does make a serious accusation of racism, which could be interpreted as an assault on human dignity. However, without specific examples or context from the tweets, the post itself remains somewhat ambiguous. This ambiguity could lead to a moderate level of disagreement among annotators, as perceptions of what constitutes 'anti-white racism' can vary. Therefore, I predict that 40% of annotators might classify this as hate speech, while 60% might not.",0.4
79,9782,"Listen, I know I make fun of Commiefornia a lot, but I never realized they were this stupid. By the way, what a biased article from a so-called objective news source. Two sentences saying it's controversial and ten paragraphs dedicated to up-playing it. https://money.cnn.com/2018/08/30/pf/california-wom...",0.8,0.19999999999999996,0.2,0.8,"The post uses the term 'Commiefornia,' which is a derogatory term for California, often used to criticize its perceived liberal policies. However, the post does not explicitly demean or degrade individuals or groups based on protected characteristics, nor does it call for violence. The language is critical and potentially offensive to some, but it does not contain vulgarity or slurs. The post is more of a political critique rather than hate speech, leading to likely consensus among annotators that it is not hate speech.","The post uses a derogatory term 'Commiefornia' to refer to California, which is often used in a political context to criticize the state's perceived liberal policies. However, the post does not explicitly demean or degrade individuals or groups based on race, ethnicity, gender, religion, sexual orientation, or other protected characteristics. It also does not incite or encourage violence. The language is critical and potentially offensive to some, but it does not contain vulgarity or slurs. Therefore, the post is more of a political critique rather than hate speech, leading to likely consensus among annotators that it is not hate speech. The percentages of annotators who classify the post as hate speech vs. not hate speech are likely to be [0.2, 0.8].",0.6000000000000001
80,9913,"So starting tomorrow, I'll have 11 days of peace and quiet in the house while the family goes on vacation.  Could use any and all cheers, thoughts, prayers, whatever, cause I'd like to enjoy myself without getting plastered and hangover-sleeping the whole time away.",0.0,1.0,0.0,1.0,"The post is a personal reflection about having some alone time while the family is on vacation. It does not contain any elements of hate speech such as assaults on human dignity, calls for violence, or vulgarity and offensive language. The content is clear and straightforward, leading to a likely consensus among annotators that it is not hate speech.","The post is a personal reflection about having some alone time while the family is on vacation. It does not contain any elements of hate speech such as assaults on human dignity, calls for violence, or vulgarity and offensive language. The content is clear and straightforward, leading to a likely consensus among annotators that it is not hate speech. Therefore, the percentages of annotators who classify the post as hate speech vs. not hate speech are [0.0, 1.0].",0.0
81,9914,"Thank you to everyone that has supported freedom of speech.  In spite of our political differences, this is the one thematic unifying principle that brings us here.",0.0,1.0,0.0,1.0,"The post expresses gratitude towards supporters of freedom of speech and emphasizes unity despite political differences. It does not contain any elements of hate speech such as assaults on human dignity, calls for violence, or vulgarity and offensive language. The message is clear and positive, likely leading to consensus among annotators that it is not hate speech.","The post is a positive statement about freedom of speech and unity, with no elements of hate speech present.",0.0
82,9915,"And when people give me shit for being on Gab, like 'OMG there are so many racists there', I'm like, yeah, and there aren't a shit ton on Twitter?  At least on Gab I'm in charge of my own feed by my own rules, not some bullshit shadow algorithm.  I censor what I cannot brook.  That's my choice, not Jacks. https://gab.ai/a/posts/15062088",0.0,1.0,0.2,0.8,"The post discusses the presence of racists on social media platforms like Gab and Twitter, but it does not explicitly endorse or promote hate speech. It focuses on the user's preference for controlling their own feed rather than being subject to platform algorithms. The language used is not vulgar or offensive, and there are no calls for violence or assaults on human dignity. The post is more about personal choice and platform control, which is likely to lead to low disagreement among annotators, as it does not clearly fall into hate speech categories.","The post does not contain any explicit hate speech elements. It discusses the presence of racists on social media platforms but does not endorse or promote such views. The focus is on the user's preference for controlling their own feed, which is a personal choice rather than a hate speech issue. The language is not vulgar or offensive, and there are no calls for violence or assaults on human dignity. Therefore, it is likely that a majority of annotators would classify this post as not hate speech, leading to low disagreement.",0.2
83,10362,"A pedophile is like a dog with rabies.  It's sad they're sick, but they still have to be put down. #MAGA",0.4,0.6,0.7,0.3,"The post compares pedophiles to dogs with rabies and suggests they should be 'put down,' which can be interpreted as a call for violence against a group of people, even if they are criminals. This language is dehumanizing and can be seen as an assault on human dignity. The hashtag #MAGA may also polarize opinions, but the main issue is the violent implication. Due to the clear call for violence, there is likely to be low disagreement among annotators that this constitutes hate speech.","The post uses dehumanizing language by comparing pedophiles to rabid dogs and suggests they should be 'put down,' which implies a call for violence. This can be seen as an assault on human dignity and a call for violence, both of which are aspects of hate speech. The hashtag #MAGA may add a political dimension, but the primary concern is the violent implication. Given the clarity of the violent suggestion, there is likely to be low disagreement among annotators, with a higher percentage classifying it as hate speech.",0.29999999999999993
84,10363,"#Gabfam, the leftists (and degenerates) are pushing hard to normalize pedophilia.  This is the third and final time I'll be posting this.  If you're interested in doing something to stop this, read the link. https://www.scribd.com/document/383096570/Destroy-...  #MAGA",0.75,0.25,0.6,0.4,"The post accuses 'leftists and degenerates' of trying to normalize pedophilia, which can be seen as an assault on human dignity by demeaning a group based on political beliefs. The use of the term 'degenerates' is offensive and could be interpreted as hate speech. However, the post does not explicitly call for violence or use vulgar language, which might lead to some disagreement among annotators. The context of the accusation and the charged language contribute to a moderate level of disagreement.","The post contains language that could be interpreted as demeaning towards 'leftists and degenerates,' suggesting they are trying to normalize pedophilia. This could be seen as an assault on human dignity, as it targets a group based on political beliefs. The term 'degenerates' is offensive and contributes to the perception of hate speech. However, the post does not explicitly call for violence or use vulgar language, which might lead to some annotators not classifying it as hate speech. The context and charged language suggest a moderate level of disagreement among annotators.",0.15000000000000002
85,10424,"So I get accused of being an Islamophobe by a Muzlime on Twitter, I agree with him that I am an Islamofauxb and tell him why and I'm the one who gets suspended?",0.75,0.25,0.7,0.3,"The post contains derogatory language towards Muslims, using the term 'Muzlime' which is a slur, and 'Islamofauxb' which is a play on 'Islamophobe' suggesting mockery. This can be seen as an assault on human dignity based on religion. The post does not contain calls for violence but does include vulgarity and offensive language. The use of slurs and the context of being accused of Islamophobia suggest that a significant portion of annotators might classify this as hate speech, though some may not due to the lack of explicit calls for violence.","The post uses derogatory language towards Muslims, specifically the term 'Muzlime,' which is a slur. It also uses 'Islamofauxb,' a play on 'Islamophobe,' suggesting mockery or trivialization of the accusation. This can be interpreted as an assault on human dignity based on religion. While there are no explicit calls for violence, the use of slurs and offensive language contributes to the perception of hate speech. Given these factors, there is likely to be some disagreement among annotators, but a majority may classify it as hate speech due to the offensive language and religious targeting. Therefore, the predicted percentages are [0.7, 0.3].",0.050000000000000044
86,10501,#Chemnitz #Protests  And the people are sick of it. The unelected #EU must go!! https://www.youtube.com/watch?v=0NeKupUnOOw,0.2,0.8,0.2,0.8,"The post expresses a political opinion against the EU, labeling it as 'unelected' and calling for its removal. There is no direct assault on human dignity, no call for violence, and no use of vulgar or offensive language. The content is more likely to be interpreted as a political statement rather than hate speech, leading to low disagreement among annotators.","The post is primarily a political statement against the EU, expressing dissatisfaction with its governance. It does not contain elements that typically constitute hate speech, such as demeaning language towards a specific group, incitement to violence, or vulgar language. Therefore, it is likely that a majority of annotators would not classify this as hate speech, resulting in a low percentage of hate speech classification.",0.0
87,10503,islamic liberation  #Feminism,0.0,1.0,0.3,0.7,"The post 'islamic liberation #Feminism' is quite ambiguous and lacks context, which could lead to varying interpretations. It does not explicitly contain assaults on human dignity, calls for violence, or vulgarity/offensive language. However, the combination of 'Islamic liberation' and '#Feminism' could be interpreted in different ways depending on the reader's perspective on these topics. Some might see it as a positive statement about the empowerment of women within Islam, while others might interpret it as sarcastic or critical, potentially leading to disagreement among annotators.","The post 'islamic liberation #Feminism' is ambiguous and lacks context, which could lead to varying interpretations. It does not explicitly contain assaults on human dignity, calls for violence, or vulgarity/offensive language. However, the combination of 'Islamic liberation' and '#Feminism' could be interpreted in different ways depending on the reader's perspective on these topics. Some might see it as a positive statement about the empowerment of women within Islam, while others might interpret it as sarcastic or critical, potentially leading to disagreement among annotators. Therefore, I predict a moderate level of disagreement with percentages of annotators classifying it as hate speech vs. not hate speech as [0.3, 0.7].",0.3
88,10504,"Turning the frogs #Gay or children #Trans all part of the #Marxist #Communist take over, turn all white men into weak little twigs so they would have to become a bundle of faggots #Leftism #Agenda  at: 8:59 / 36:58  https://www.youtube.com/watch?v=RAacfrQc7sE",0.8,0.19999999999999996,0.8,0.2,"The post contains multiple elements that are likely to be interpreted as hate speech. It uses derogatory language and slurs ('faggots') which fall under vulgarity and offensive language. It also implies an assault on human dignity by suggesting that certain groups (LGBTQ+ and white men) are being targeted and demeaned as part of a 'Marxist Communist take over.' The use of hashtags like #Leftism and #Agenda suggests a conspiratorial tone that may further incite negative sentiments. Given these elements, there is likely to be a high level of agreement among annotators that this post constitutes hate speech.","The post uses derogatory language and slurs, which are clear indicators of hate speech. It also suggests a conspiracy theory targeting specific groups, which can be seen as an assault on human dignity. The language is not ambiguous, and the intent appears to be to demean and degrade certain groups. Therefore, there is likely to be a high level of agreement among annotators that this post is hate speech.",0.0
89,10505,Our #Education system must be cleaned up,0.2,0.8,0.0,1.0,"The post is a straightforward statement about the need to improve or reform the education system. It does not contain any language that assaults human dignity, calls for violence, or uses vulgar or offensive language. Therefore, it is unlikely to be classified as hate speech by annotators, leading to low disagreement.","The post 'Our #Education system must be cleaned up' is a neutral statement expressing a desire for reform or improvement in the education system. It does not target any specific group or individual, nor does it use offensive language or incite violence. As such, it is unlikely to be considered hate speech, and there should be a consensus among annotators that it is not hate speech. Therefore, the predicted percentages are [0.0, 1.0].",0.2
90,10508,no problem in islam #ChildMarriage  https://www.youtube.com/watch?v=KldFGgUTqKA,0.2,0.8,0.6,0.4,"The post references a controversial topic, child marriage, in the context of Islam, which can be interpreted as an assault on human dignity by implying acceptance of a practice that is widely considered abusive. The hashtag and the link to a video suggest a potential endorsement or trivialization of the issue, which could be seen as offensive. However, without additional context from the video, the post's intent is somewhat ambiguous, leading to potential disagreement among annotators.","The post mentions a sensitive topic, child marriage, in relation to Islam, which can be perceived as demeaning or degrading to individuals or groups based on religion. The use of the hashtag suggests a possible endorsement or trivialization of the issue, which could be offensive. However, the post does not explicitly call for violence or use vulgar language, making it somewhat ambiguous and likely to result in moderate disagreement among annotators.",0.39999999999999997
91,10509,"We pay TAX over #TAX over TAX we are not only being robbed, we are being robbed multiple times over and over again...  #communism #socialism #government  #finance  #theft  #unBEARables",0.2,0.8,0.0,1.0,"The post expresses frustration over taxation and uses hashtags like #communism and #socialism, but it does not contain any language that assaults human dignity, calls for violence, or uses vulgar or offensive language. It is a political opinion about taxation and government policies, which is unlikely to be classified as hate speech by annotators.","The post is a critique of taxation and government policies, using hashtags to emphasize the author's viewpoint. It does not target any specific group or individual with demeaning language, nor does it incite violence or use offensive language. Therefore, it is unlikely to be considered hate speech, leading to a low disagreement among annotators.",0.2
92,10511,#Chemnitz Fights Back   the unelected  #EU needs to go!!  https://www.youtube.com/watch?v=AuXpQz5onxs,0.2,0.8,0.2,0.8,"The post contains a hashtag related to Chemnitz, which may refer to events involving protests or unrest. However, the content of the post itself does not explicitly contain assaults on human dignity, calls for violence, or vulgarity/offensive language. The statement about the 'unelected EU' needing to go is a political opinion rather than hate speech. The post is likely to be interpreted as not hate speech by most annotators, leading to low disagreement.","The post does not contain explicit hate speech elements. It expresses a political opinion about the EU, which is a common topic of debate and not inherently hateful. The hashtag #Chemnitz may refer to a location or event, but without additional context, it does not contribute to hate speech. Therefore, the post is likely to be classified as not hate speech by the majority of annotators, resulting in low disagreement.",0.0
93,11144,SEE ME LIVE ON SEXCAMS 11pm 2300hrs PST #MakeMeCum ,0.0,1.0,0.0,1.0,"The post is an explicit advertisement for a live sex cam show, which does not fall under the categories of hate speech. It does not demean or degrade individuals or groups based on protected characteristics, nor does it incite violence or use offensive language in a way that targets specific individuals or groups. Therefore, it is unlikely to be classified as hate speech by annotators.","The post is explicit in nature but does not contain elements of hate speech. It is an advertisement for a live sex cam show, which is not related to hate speech aspects such as assaults on human dignity, calls for violence, or vulgarity directed at specific groups. Annotators are likely to agree that this post is not hate speech.",0.0
94,11234,President Trump signed an executive order on Friday that will affect how you save for retirement. https://www.foxbusiness.com/personal-finance/trump...,0.0,1.0,0.0,1.0,"The post is a straightforward news update about President Trump signing an executive order related to retirement savings. It does not contain any language that assaults human dignity, calls for violence, or uses vulgar or offensive language. Therefore, it is unlikely to be classified as hate speech by annotators, leading to low disagreement.","The post is a straightforward news update about President Trump signing an executive order related to retirement savings. It does not contain any language that assaults human dignity, calls for violence, or uses vulgar or offensive language. Therefore, it is unlikely to be classified as hate speech by annotators, leading to low disagreement. [0.0, 1.0]",0.0
95,11236,bill clinton is a rapist,0.4,0.6,0.4,0.6,"The post directly accuses a public figure, Bill Clinton, of being a rapist. This could be seen as an assault on human dignity, as it makes a serious accusation without context or evidence. However, it does not contain vulgarity or offensive language, nor does it call for violence. The post's interpretation may vary based on political views and opinions about Bill Clinton, leading to some disagreement among annotators.","The post 'bill clinton is a rapist' is likely to have a moderate level of disagreement among annotators. While it makes a serious accusation against a public figure, which could be seen as an assault on human dignity, it lacks vulgarity and does not call for violence. The interpretation of this post may vary based on individual views about Bill Clinton and the context in which the statement is made. Therefore, the predicted percentages of annotators classifying it as hate speech vs. not hate speech are [0.4, 0.6].",0.0
96,11237,hubba hubba 😍 “Nope” Officer has hilarious reaction to call about 10-foot snake https://www.leoaffairs.com/nope-officer-has-hilari...,0.0,1.0,0.0,1.0,"The post is a light-hearted comment about an officer's reaction to a call about a snake. It does not contain any elements of hate speech such as assaults on human dignity, calls for violence, or vulgarity and offensive language. The content is clear and unambiguous, leading to a likely consensus among annotators that it is not hate speech.","The post is a light-hearted comment about an officer's reaction to a call about a snake. It does not contain any elements of hate speech such as assaults on human dignity, calls for violence, or vulgarity and offensive language. The content is clear and unambiguous, leading to a likely consensus among annotators that it is not hate speech. Therefore, the percentages of annotators who classify the post as hate speech vs. not hate speech are [0.0, 1.0].",0.0
97,11239,"III%  if you don't know what the fuck you're talking about, ask Cop put on leave for tattoo linked to antigovernment group https://nypost.com/2018/08/31/cop-put-on-leave-for...",0.2,0.8,0.4,0.6,"The post references a controversial topic involving a police officer being put on leave for a tattoo linked to an antigovernment group. The phrase 'III%' is associated with the Three Percenters, a group that some consider extremist. The post itself does not contain direct hate speech but could be interpreted as supportive of or dismissive of the concerns about the group, leading to potential disagreement among annotators. The lack of explicit hate speech elements like vulgarity or direct calls for violence suggests a moderate level of disagreement.","The post references a controversial topic involving a police officer being put on leave for a tattoo linked to an antigovernment group. The phrase 'III%' is associated with the Three Percenters, a group that some consider extremist. The post itself does not contain direct hate speech but could be interpreted as supportive of or dismissive of the concerns about the group, leading to potential disagreement among annotators. The lack of explicit hate speech elements like vulgarity or direct calls for violence suggests a moderate level of disagreement.",0.2
98,11241,FBI arrests five New Mexico compound suspects days after multiple charges were dropped http://www.foxnews.com/us/2018/08/31/fbi-arrests-f...,0.2,0.8,0.0,1.0,"The post is a straightforward news headline reporting on the arrest of suspects by the FBI. It does not contain any language that assaults human dignity, calls for violence, or uses vulgar or offensive language. Therefore, it is unlikely to be classified as hate speech by annotators, leading to low disagreement.","The post is a straightforward news headline reporting on the arrest of suspects by the FBI. It does not contain any language that assaults human dignity, calls for violence, or uses vulgar or offensive language. Therefore, it is unlikely to be classified as hate speech by annotators, leading to low disagreement. [0.0, 1.0]",0.2
99,11664,I love how welcoming @a is of everyone to this site. A couple thousand Brazilians show up and he starts posting in their native language. For all the accusations of 'far-right' this is far more inclusive than almost any left-leaning social network.,0.2,0.8,0.0,1.0,"The post is positive and praises inclusivity, specifically highlighting the welcoming nature of a social media site and its administrator. It does not contain any assaults on human dignity, calls for violence, or vulgarity/offensive language. The content is clear and unambiguous, likely leading to consensus among annotators that it is not hate speech.","The post is positive and praises inclusivity, specifically highlighting the welcoming nature of a social media site and its administrator. It does not contain any assaults on human dignity, calls for violence, or vulgarity/offensive language. The content is clear and unambiguous, likely leading to consensus among annotators that it is not hate speech. [0.0, 1.0]",0.2
100,11780,One thing many are missing. This Omnibus pork barrel has a shelf life of 6 months. Renewal End of September. Just before the mid-terms.,0.0,1.0,0.0,1.0,"The post discusses a political topic related to government spending and the timing of a legislative decision. It does not contain any language or content that assaults human dignity, calls for violence, or uses vulgar or offensive language. Therefore, it is unlikely to be classified as hate speech by annotators, leading to low disagreement.","The post is a straightforward commentary on a political issue, specifically the timing of a government spending bill. It lacks any elements that would typically be associated with hate speech, such as demeaning language, incitement to violence, or offensive language. As such, it is expected that annotators would largely agree that this post is not hate speech.",0.0
101,12213,I pirate my games from this site. Since these are all gog games you don't have to worry about any cracks or added malware since gog games are by default drm free and don't need any extra modifications. This is the only place where I pirate games since I don't want to play Russian roulette (malware edition) with cracks https://goggames.goodolddownloads.com/,0.0,1.0,0.0,1.0,"The post discusses pirating games from a specific site and mentions the safety of DRM-free games. It does not contain any elements that would be considered hate speech, such as assaults on human dignity, calls for violence, or vulgarity and offensive language. The content is clear and focused on the topic of game piracy, which is not related to hate speech. Therefore, there is likely to be a consensus among annotators that this post is not hate speech.","The post is about pirating games and does not contain any hate speech elements. It is clear and focused on game piracy, not related to hate speech. [0.0, 1.0]",0.0
102,12215,Starving journalists make me nut,0.4,0.6,0.5,0.5,"The post 'Starving journalists make me nut' is ambiguous and can be interpreted in multiple ways. The phrase 'make me nut' is slang that can be interpreted as vulgar or offensive, but it is not explicitly directed at a specific individual or group. The term 'starving journalists' could be seen as demeaning, but it lacks clear context to determine if it is an assault on human dignity. There is no call for violence in the post. Due to the ambiguity and potential for different interpretations, there is likely to be high disagreement among annotators.","The post 'Starving journalists make me nut' contains language that could be considered vulgar or offensive, particularly the phrase 'make me nut,' which is slang that can be interpreted as sexual or inappropriate. However, it is not explicitly directed at a specific individual or group, which makes it less clear as hate speech. The term 'starving journalists' could be seen as demeaning, but it lacks clear context to determine if it is an assault on human dignity. There is no call for violence in the post. Due to the ambiguity and potential for different interpretations, there is likely to be high disagreement among annotators. Therefore, the predicted percentages of annotators who classify the post as hate speech vs. not hate speech are [0.5, 0.5].",0.09999999999999998
103,12216,Am I the only one who feels that games made by SJWs tend to have very little actual gameplay like with a visual novel? I'm not ragging on visual novels or anything (love nekopara) but it's just something I noticed.,0.0,1.0,0.1,0.9,"The post expresses a personal opinion about games made by 'SJWs' (Social Justice Warriors), suggesting they have less gameplay. It does not contain vulgarity, offensive language, or calls for violence. The term 'SJW' can be used pejoratively, but in this context, it seems more like a critique of game design rather than an assault on human dignity. The post is unlikely to be considered hate speech by most annotators, leading to low disagreement.","The post critiques the gameplay of games made by 'SJWs' without using offensive language or inciting violence. It is more of a subjective opinion on game design rather than a hate speech. Therefore, it is likely that a small percentage of annotators might see it as hate speech due to the use of 'SJW' in a potentially derogatory manner, but the majority would not classify it as such.",0.1
104,12430,Soaking in the morning sun 🌞  #SummerSolstice #Litha #EarthGrounding #barefoot,0.0,1.0,0.0,1.0,"The post is a positive and neutral statement about enjoying the morning sun, with hashtags related to summer solstice and grounding. It does not contain any language or content that could be interpreted as hate speech. There are no assaults on human dignity, calls for violence, or vulgar/offensive language present in the post.","The post is a simple expression of enjoying nature and the summer solstice, with no elements of hate speech. Therefore, it is likely that all annotators would agree that this post is not hate speech.",0.0
105,12485,"As I was driving around today, it occurred to me that when I was growing up the worst concern on our holidays was the projected highway death toll that was always broadcast. Today we anticipate riots, mobs & violence from the Leftist armies terrorizing our people whenever patriots gather to celebrate and exercise our freedoms. Deliver us from evil, Oh Lord.",0.7142857142857143,0.2857142857142857,0.4,0.6,"The post contains language that could be interpreted as demeaning or degrading towards a political group ('Leftist armies terrorizing our people'), which may be seen as an assault on human dignity. However, it does not explicitly call for violence or use vulgar language. The post's interpretation may vary based on political views, leading to moderate disagreement among annotators.","The post discusses concerns about violence and attributes it to 'Leftist armies,' which could be seen as demeaning a political group. However, it does not explicitly incite violence or use offensive language. The interpretation of this post may vary based on political perspectives, leading to moderate disagreement among annotators. Therefore, the predicted percentages of annotators classifying the post as hate speech vs. not hate speech are [0.4, 0.6].",0.3142857142857143
106,12486,"Listening to patriotic songs, and I'm tearing up. So much love for our beautiful country and her good people.",0.0,1.0,0.0,1.0,"The post expresses a positive sentiment towards the country and its people, without any elements of hate speech. It does not demean or degrade any group, call for violence, or use vulgar or offensive language. Therefore, it is likely to be unanimously classified as not hate speech.","The post is a positive expression of patriotism and does not contain any elements that would be considered hate speech. It is clear and unambiguous in its content, leading to a low likelihood of disagreement among annotators.",0.0
107,12715,"Fight me, communists.",0.625,0.375,0.2,0.8,"The post 'Fight me, communists.' is brief and lacks explicit hate speech elements. It does not contain assaults on human dignity, calls for violence, or vulgarity/offensive language. The phrase 'Fight me' could be interpreted as a challenge, but it is not necessarily a call for violence in this context. The term 'communists' is used as a label for a group, but without additional context or derogatory language, it is unlikely to be seen as hate speech. Therefore, there is likely low disagreement among annotators, with most classifying it as not hate speech.","The post 'Fight me, communists.' is brief and lacks explicit hate speech elements. It does not contain assaults on human dignity, calls for violence, or vulgarity/offensive language. The phrase 'Fight me' could be interpreted as a challenge, but it is not necessarily a call for violence in this context. The term 'communists' is used as a label for a group, but without additional context or derogatory language, it is unlikely to be seen as hate speech. Therefore, there is likely low disagreement among annotators, with most classifying it as not hate speech.",0.425
108,12716,"If you're a right-winger, how could you not be excited at the prospect of a civil war split down ideological lines?",0.25,0.75,0.7,0.3,"The post suggests excitement at the prospect of a civil war split along ideological lines, which can be interpreted as a call for violence or at least an endorsement of violent conflict. This aspect aligns with the 'Calls for Violence' category of hate speech. The language used is provocative and could be seen as inciting division and conflict, which may lead to a higher percentage of annotators classifying it as hate speech. However, the post does not explicitly call for violence, which might lead some annotators to classify it as not hate speech, resulting in some level of disagreement.","The post suggests excitement at the prospect of a civil war split along ideological lines, which can be interpreted as a call for violence or at least an endorsement of violent conflict. This aspect aligns with the 'Calls for Violence' category of hate speech. The language used is provocative and could be seen as inciting division and conflict, which may lead to a higher percentage of annotators classifying it as hate speech. However, the post does not explicitly call for violence, which might lead some annotators to classify it as not hate speech, resulting in some level of disagreement.",0.44999999999999996
109,13696,"and some people still wonder why so many people hate him, specially those ugly ass feminists",1.0,0.0,0.6,0.4,"The post contains offensive language ('ugly ass feminists') which can be seen as demeaning towards a group based on gender, specifically targeting feminists. This falls under the aspect of 'Assaults on Human Dignity' as it degrades individuals based on their gender and beliefs. The language used is vulgar and offensive, which may contribute to a higher percentage of annotators classifying it as hate speech. However, it does not explicitly call for violence, which might lead to some annotators not considering it as hate speech. The disagreement level is likely low as the offensive nature of the language is clear.","The post contains offensive language directed at feminists, which can be interpreted as demeaning and degrading based on gender. This falls under the aspect of 'Assaults on Human Dignity.' The use of vulgar language ('ugly ass feminists') contributes to the perception of hate speech. However, there is no explicit call for violence. The post is likely to be classified as hate speech by a significant portion of annotators due to its clear offensive nature, but not all may agree, leading to some level of disagreement.",0.4
110,13697,"no, some people do behave like animals and its funny how certain groups or races so to speak have a really distinct way of behaving that is indeed more primitive or advanced than others, although its not something we use a lot to talk about people, being racist is calling black people monkeys, not relating them to something that has been used as a slur 4 centuries",1.0,0.0,0.8,0.2,"The post makes a generalization about certain groups or races having distinct ways of behaving, which can be interpreted as demeaning or degrading based on race or ethnicity. This falls under the 'Assaults on Human Dignity' aspect of hate speech. The post also attempts to justify or downplay racist language, which could be seen as offensive. Given the explicit nature of the language and the racial implications, there is likely to be a high level of agreement among annotators that this constitutes hate speech.","The post contains language that demeans or degrades individuals based on race, suggesting that certain groups or races behave in a more primitive or advanced manner than others. This is a clear assault on human dignity. Additionally, the post attempts to justify or downplay the use of racist language, which can be seen as offensive. Given the explicit nature of the language and the racial implications, there is likely to be a high level of agreement among annotators that this constitutes hate speech. Therefore, the predicted percentages of annotators who classify the post as hate speech vs. not hate speech are [0.8, 0.2].",0.19999999999999996
111,13773,Well... at least a “man” was still first. By the time all of this makes it to Globalist textbooks in the future it will be a female astronaut who went to the moon just to abort her baby there because she wanted to do it first... before using her size A bra to sling the spacecraft back.,1.0,0.0,0.7,0.3,"The post contains elements that could be interpreted as demeaning or degrading towards women, particularly in the context of gender roles and achievements. The use of quotation marks around ""man"" suggests a sarcastic or dismissive tone, and the hypothetical scenario described is likely to be seen as offensive or mocking towards women and their capabilities. The mention of abortion in a trivializing context could also be seen as offensive. However, the post does not explicitly call for violence or use vulgar language, which might lead to some disagreement among annotators about its classification as hate speech.","The post uses a sarcastic and dismissive tone towards women, particularly in the context of gender roles and achievements. It presents a hypothetical scenario that trivializes women's capabilities and includes a reference to abortion in a mocking manner. This could be seen as demeaning or degrading, particularly towards women, which falls under the aspect of 'Assaults on Human Dignity.' However, it does not explicitly call for violence or use vulgar language, which might lead to some disagreement among annotators about its classification as hate speech. Therefore, I predict a moderate level of annotator agreement, with a higher percentage classifying it as hate speech due to its demeaning nature towards women. The predicted percentages are [0.7, 0.3].",0.30000000000000004
112,13775,"Me muting idiot Globalist groupies on Gab, on my own little account, is not the same as giant Twatter muting Trump’s base from almost the entire platform. Let’s just clear that brain fart out now should it come up again.",0.6,0.4,0.4,0.6,"The post uses derogatory language such as 'idiot Globalist groupies' and 'Twatter,' which could be seen as offensive or vulgar. However, it does not explicitly demean or degrade individuals based on protected characteristics, nor does it call for violence. The post seems to express a personal opinion about social media censorship, which may lead to some disagreement among annotators about whether it constitutes hate speech. Therefore, there is likely to be moderate disagreement among annotators, with some viewing it as offensive and others not.","The post contains derogatory language towards 'Globalist groupies' and uses a pejorative term 'Twatter' for Twitter, which could be interpreted as offensive. However, it does not explicitly attack individuals based on race, ethnicity, gender, religion, or other protected characteristics, nor does it incite violence. The post seems to express a personal opinion about social media censorship, which may lead to some disagreement among annotators about whether it constitutes hate speech. Therefore, there is likely to be moderate disagreement among annotators, with some viewing it as offensive and others not. The predicted percentages of annotators who classify the post as hate speech vs. not hate speech are [0.4, 0.6].",0.19999999999999996
113,13777,"You can tell Gab is the place to be, even Dem derps are here now trying to latch onto our feeds talking sh!t looking for attention. I don’t care to address them directly, but I will say that my mute button is fond of them already.",0.6,0.4,0.4,0.6,"The post uses derogatory language ('Dem derps') which could be seen as demeaning towards a political group, potentially falling under 'Assaults on Human Dignity'. However, it does not explicitly call for violence or use highly offensive language. The use of 'sh!t' is vulgar but not excessively so. The post's tone is dismissive rather than aggressive, which may lead to some disagreement among annotators about whether it constitutes hate speech. Therefore, there is likely moderate disagreement, with a slight majority classifying it as not hate speech.","The post contains derogatory language towards a political group ('Dem derps'), which could be interpreted as demeaning or degrading, thus potentially falling under 'Assaults on Human Dignity'. However, it does not explicitly call for violence or use highly offensive language. The use of 'sh!t' is vulgar but not excessively so. The overall tone is dismissive rather than aggressive, which may lead to some disagreement among annotators about whether it constitutes hate speech. Therefore, there is likely moderate disagreement, with a slight majority classifying it as not hate speech.",0.19999999999999996
114,13778,"I’ve often wondered what it would be like for Globalist groupies once they realized they’re living a lie, but now, I’m seeing that it is we patriotic Americans who have been living in a lie for decades... Our country, branches of gov, our MSM and our schools.. ALL are hijacked.",0.4,0.6,0.2,0.8,"The post expresses a political opinion about 'Globalist groupies' and suggests that various American institutions have been 'hijacked.' It does not contain direct assaults on human dignity, calls for violence, or vulgar/offensive language. The language is more about expressing a viewpoint on political and social issues, which is unlikely to be classified as hate speech by most annotators. Therefore, there is likely to be low disagreement among annotators, with a majority classifying it as not hate speech.","The post expresses a political opinion about 'Globalist groupies' and suggests that various American institutions have been 'hijacked.' It does not contain direct assaults on human dignity, calls for violence, or vulgar/offensive language. The language is more about expressing a viewpoint on political and social issues, which is unlikely to be classified as hate speech by most annotators. Therefore, there is likely to be low disagreement among annotators, with a majority classifying it as not hate speech. [0.2, 0.8]",0.2
115,13779,"Peace isn’t free, it will cost the corrupt everything.",0.0,1.0,0.2,0.8,"The post 'Peace isn’t free, it will cost the corrupt everything.' does not explicitly fall into any of the hate speech categories. It does not contain assaults on human dignity, calls for violence, or vulgarity/offensive language. The statement is more of a general commentary on corruption and does not target any specific group or individual. Therefore, it is likely to be classified as not hate speech by most annotators, with low disagreement.","The post is a general statement about corruption and peace, without targeting specific groups or individuals. It lacks elements of hate speech, such as demeaning language, incitement to violence, or offensive language. Thus, it is likely to be seen as not hate speech by the majority of annotators.",0.2
116,13810,"I suggest you get the 'Twitchy' app. All the Twitter insanity available so we can poke fun in one place. Plus it links to Twitter, but maybe not for long. Remember how sarcasm and ironic humor affect Lefties, & do it today...",0.0,1.0,0.2,0.8,"The post suggests using an app to view Twitter content and make fun of it, particularly targeting 'Lefties' with sarcasm and ironic humor. While it may be seen as mocking or dismissive, it does not explicitly demean or degrade individuals based on protected characteristics, nor does it call for violence. The language is not overtly vulgar or offensive, though it may be considered provocative. Overall, the post is likely to be seen as not constituting hate speech by most annotators, leading to low disagreement.","The post suggests using an app to view Twitter content and make fun of it, particularly targeting 'Lefties' with sarcasm and ironic humor. While it may be seen as mocking or dismissive, it does not explicitly demean or degrade individuals based on protected characteristics, nor does it call for violence. The language is not overtly vulgar or offensive, though it may be considered provocative. Overall, the post is likely to be seen as not constituting hate speech by most annotators, leading to low disagreement.",0.2
117,14413,Seems only fair that lefties who enjoy harassing ICE agents at home get equal treatment.,0.75,0.25,0.5,0.5,"The post suggests that individuals who harass ICE agents should receive 'equal treatment,' which could be interpreted as a call for harassment or retaliation against those individuals. This could be seen as a call for violence or at least an endorsement of harassment, which is a form of assault on human dignity. However, the language is somewhat ambiguous and does not explicitly call for violence, leading to potential disagreement among annotators. The post does not contain vulgarity or offensive language, but the context of suggesting 'equal treatment' could be interpreted in various ways, leading to a balanced prediction of annotator classification.","The post suggests that individuals who harass ICE agents should receive 'equal treatment,' which could be interpreted as a call for harassment or retaliation against those individuals. This could be seen as a call for violence or at least an endorsement of harassment, which is a form of assault on human dignity. However, the language is somewhat ambiguous and does not explicitly call for violence, leading to potential disagreement among annotators. The post does not contain vulgarity or offensive language, but the context of suggesting 'equal treatment' could be interpreted in various ways, leading to a balanced prediction of annotator classification.",0.25
118,14434,Watched this exciting competition before bed then dreamed I was repping 1 arm pull ups. Took a couple hours this morning to realize it wasn't real. Time to hit the gym. https://youtu.be/rvwzddEOSDk,0.0,1.0,0.0,1.0,"The post is a personal anecdote about watching a competition and dreaming about doing pull-ups. It contains no language or content that assaults human dignity, calls for violence, or uses vulgar or offensive language. It is clearly not hate speech, and there is likely to be consensus among annotators that it is not hate speech.","The post is a personal anecdote about watching a competition and dreaming about doing pull-ups. It contains no language or content that assaults human dignity, calls for violence, or uses vulgar or offensive language. It is clearly not hate speech, and there is likely to be consensus among annotators that it is not hate speech. Therefore, the percentages of annotators who classify the post as hate speech vs. not hate speech are [0.0, 1.0].",0.0
119,14435,The first lead climbing World Cup of the season is this weekend. Finals coming up live in a couple hours. Bet on Janja. https://www.youtube.com/watch?v=O5_8ALb80YQ,0.0,1.0,0.0,1.0,"The post is a straightforward announcement about a climbing World Cup event, with no language or content that could be interpreted as hate speech. It does not demean or degrade any individuals or groups, nor does it incite violence or use offensive language. Therefore, it is likely that annotators would unanimously agree that this post is not hate speech.","The post is purely informational and related to a sporting event, with no elements of hate speech present.",0.0
120,15681,"For some people who demanded an increase, minimum wage went from $7.25 a hour to $0.00.",0.0,1.0,0.0,1.0,"The post discusses the consequences of demanding an increase in minimum wage, suggesting that some people ended up with no wage at all. It does not contain any assaults on human dignity, calls for violence, or vulgarity/offensive language. The content is a commentary on economic policy and its potential outcomes, which is unlikely to be classified as hate speech by annotators.","The post is a commentary on the economic implications of minimum wage increases, suggesting that some people who demanded higher wages ended up unemployed. It does not contain any elements of hate speech such as demeaning language, incitement to violence, or offensive language. Therefore, it is likely to be classified as not hate speech by the majority of annotators, resulting in low disagreement.",0.0
121,15684,'First Man' is a liberal's wet dream. So pretty much a fantasy fiction movie. I'll pass.,0.4,0.6,0.2,0.8,"The post criticizes a movie by labeling it as a 'liberal's wet dream' and dismisses it as 'fantasy fiction.' While the language is dismissive and potentially offensive to some, it does not directly assault human dignity, call for violence, or use vulgar language. The post is more of a personal opinion or critique rather than hate speech. Therefore, it is likely to be classified as not hate speech by most annotators, with low disagreement.","The post does not contain elements that clearly fall into the categories of hate speech. It is a critique of a movie with a political slant, but it does not demean or degrade individuals or groups based on protected characteristics, nor does it incite violence or use vulgar language. The language used is subjective and dismissive, but not overtly hateful. Therefore, the prediction is that a minority of annotators might see it as hate speech due to the dismissive tone, but the majority would not.",0.2
122,15686,I bet some one at NPR will be fired for reporting the truth.,0.4,0.6,0.0,1.0,"The post does not contain any elements of hate speech. It does not demean or degrade any group, call for violence, or use vulgar or offensive language. It simply makes a speculative statement about NPR and truth reporting, which is not inherently hateful.","The post is straightforward and lacks any hate speech elements, leading to a likely consensus among annotators that it is not hate speech.",0.4
123,16510,"Yep, you're a mindless leftist. The telltale sign is the spewing of hatred and wishing harm when you lose the argument. You can't think and when you're put in a position where you have to back your baseless position with a reasoned argument and facts your mind uncoils like a spring. There are two characteristics associated with leftists, the inability to think and hatred. You demonstrated both.",1.0,0.0,0.5,0.5,"The post contains derogatory language towards 'leftists,' accusing them of being 'mindless' and 'hateful.' This could be seen as an assault on human dignity based on political beliefs. However, it does not contain explicit calls for violence or vulgar language. The interpretation of this post as hate speech may vary among annotators, leading to high disagreement. Some may view it as a strong political opinion, while others may see it as demeaning and degrading.","The post contains derogatory language towards 'leftists,' accusing them of being 'mindless' and 'hateful.' This could be seen as an assault on human dignity based on political beliefs. However, it does not contain explicit calls for violence or vulgar language. The interpretation of this post as hate speech may vary among annotators, leading to high disagreement. Some may view it as a strong political opinion, while others may see it as demeaning and degrading. Therefore, the predicted percentages of annotators who classify the post as hate speech vs. not hate speech are [0.5, 0.5].",0.5
124,16511,"Stick with Obamacare. See my previous post re anecdotal observations versus methodical observations and their bearing, or non-bearing, on the relevance of the data.",0.0,1.0,0.0,1.0,"The post discusses Obamacare and the relevance of anecdotal versus methodical observations in data analysis. It does not contain any language that assaults human dignity, calls for violence, or uses vulgar or offensive language. The content is focused on a discussion about healthcare policy and data relevance, which is unlikely to be interpreted as hate speech.","The post is a straightforward comment on healthcare policy and data analysis, with no elements of hate speech present. Annotators are likely to agree that it is not hate speech, resulting in low disagreement.",0.0
125,16605,"I have a blacke co-worker who listens to MSNBC all day on his computer. I had never watched the channel, and didn’t know much about it. I can now say it delivers the most incoherent set of conspiracy theories I have ever had to listen to.",0.4,0.6,0.1,0.9,"The post criticizes a news channel, MSNBC, for delivering what the author perceives as conspiracy theories. It mentions a 'black co-worker' but does not demean or degrade the individual based on race. The focus is on the content of the news channel rather than any racial or personal attack. There is no call for violence or use of vulgar or offensive language. The mention of the co-worker's race is not used in a derogatory manner, making it unlikely to be classified as hate speech by most annotators. Therefore, there is likely low disagreement among annotators, with the majority classifying it as not hate speech.","The post mentions a 'black co-worker' but does not use this in a derogatory or demeaning way. The focus is on criticizing MSNBC for its content, which the author describes as 'incoherent set of conspiracy theories.' There is no assault on human dignity, no call for violence, and no use of vulgar or offensive language. The mention of the co-worker's race is not used to demean or degrade, and the criticism is directed at the news channel's content. Therefore, it is likely that most annotators would not classify this as hate speech, leading to low disagreement and a higher percentage of annotators classifying it as not hate speech.",0.30000000000000004
126,16609,It may not be an exclusive “black thing” but it is in high proportion to the black populace. https://www.amren.com/news/2018/08/former-mayor-fo...,0.6,0.4,0.6,0.4,"The post makes a generalization about the black populace, which can be seen as demeaning or degrading based on race. This falls under the 'Assaults on Human Dignity' aspect of hate speech. The language used is not overtly vulgar or offensive, but the implication of racial stereotyping can be considered offensive. There is likely to be some disagreement among annotators due to the lack of explicit hate speech language, but the racial undertone may lead to a higher percentage classifying it as hate speech.","The post suggests a stereotype about the black populace, which can be interpreted as an assault on human dignity. While it does not contain explicit vulgarity or calls for violence, the racial implication may lead to a significant portion of annotators viewing it as hate speech. However, the lack of explicit offensive language might result in some annotators not classifying it as hate speech, leading to moderate disagreement.",0.0
127,17093,"Bernie Care, more like long wait cancelled care. ",0.2,0.8,0.0,1.0,"The post is a critique of a healthcare policy, likely referring to Bernie Sanders' healthcare proposals. It does not contain any assaults on human dignity, calls for violence, or vulgarity/offensive language. The post is straightforward in its criticism of a political idea without targeting any individual or group based on protected characteristics. Therefore, it is unlikely to be classified as hate speech by annotators, leading to low disagreement.",The post critiques a healthcare policy without using offensive language or targeting any group based on protected characteristics. It is unlikely to be considered hate speech.,0.2
128,17155,NEW YORK CITY: Avi Yemeni’s man-on-the-street interviews about Donald Trump in the middle of Times Square http://barenakedislam.com/2018/08/31/new-york-city... #AgendaOfEvil,0.4,0.6,0.2,0.8,"The post is a straightforward announcement of a man-on-the-street interview about Donald Trump in Times Square. It does not contain any language that assaults human dignity, calls for violence, or uses vulgar or offensive language. The hashtag #AgendaOfEvil could be interpreted as provocative, but without additional context, it does not clearly indicate hate speech. Therefore, the post is likely to be classified as not hate speech by most annotators, leading to low disagreement.","The post is a straightforward announcement of a man-on-the-street interview about Donald Trump in Times Square. It does not contain any language that assaults human dignity, calls for violence, or uses vulgar or offensive language. The hashtag #AgendaOfEvil could be interpreted as provocative, but without additional context, it does not clearly indicate hate speech. Therefore, the post is likely to be classified as not hate speech by most annotators, leading to low disagreement.",0.2
129,17156,Berlin: Attackers Hurl Stones at Church While Shouting “Allahu Akbar” https://www.newswars.com/berlin-attackers-hurl-sto... #AgendaOfEvil,0.4,0.6,0.4,0.6,"The post reports an incident where attackers allegedly hurled stones at a church while shouting 'Allahu Akbar.' This could be interpreted as a call for violence or an assault on human dignity, particularly if it is perceived as targeting a religious group. However, the post itself is a report of an event and does not contain direct hate speech. The hashtag '#AgendaOfEvil' could be seen as inflammatory, but it is not explicitly hateful. The ambiguity lies in whether the post is seen as merely reporting an event or as endorsing a negative stereotype about a religious group, leading to potential disagreement among annotators.","The post reports an incident involving violence against a religious institution, which could be interpreted as a call for violence or an assault on human dignity. However, the post itself is a report of an event and does not contain direct hate speech. The hashtag '#AgendaOfEvil' could be seen as inflammatory, but it is not explicitly hateful. The ambiguity lies in whether the post is seen as merely reporting an event or as endorsing a negative stereotype about a religious group, leading to potential disagreement among annotators.",0.0
130,17158,Watch Out: How PC Has Redefined ‘Fascism’ https://www.newswars.com/watch-out-how-pc-has-rede... #AgendaOfEvil,0.2,0.8,0.2,0.8,"The post appears to be a commentary on political correctness and its impact on the definition of 'fascism.' It does not contain any direct assaults on human dignity, calls for violence, or vulgar/offensive language. The content seems to be more of a political opinion or critique rather than hate speech. Therefore, it is likely that most annotators would not classify this as hate speech, leading to low disagreement.","The post discusses the redefinition of 'fascism' in the context of political correctness. It does not contain language that degrades or dehumanizes any group, nor does it incite violence or use offensive language. The focus is on a political critique, which is unlikely to be considered hate speech by most annotators. Thus, the prediction is that a small percentage might see it as hate speech due to potential political bias, but the majority would not.",0.0
131,17159,U.S. accuses China of ‘super aggressive’ spy campaign on LinkedIn https://www.newswars.com/u-s-accuses-china-of-supe... #AgendaOfEvil,0.4,0.6,0.0,1.0,"The post is a straightforward news headline about the U.S. accusing China of espionage activities on LinkedIn. It does not contain any language that assaults human dignity, calls for violence, or uses vulgar or offensive language. The hashtag '#AgendaOfEvil' could be seen as provocative, but it is not sufficient to categorize the post as hate speech. Therefore, it is likely that annotators would agree that this post is not hate speech, leading to low disagreement.",The post is a news headline and does not contain elements of hate speech.,0.4
132,17160,Why It’s Time For Trump To Fire Mueller Now https://www.newswars.com/why-its-time-for-trump-to... #AgendaOfEvil,0.0,1.0,0.2,0.8,"The post is a headline and link to an article about Trump and Mueller, with a hashtag #AgendaOfEvil. It does not contain any explicit assaults on human dignity, calls for violence, or vulgar/offensive language. The content is political and may be controversial, but it does not clearly fall into hate speech categories. Annotators are likely to agree that it is not hate speech, resulting in low disagreement.","The post is a headline and link to an article about Trump and Mueller, with a hashtag #AgendaOfEvil. It does not contain any explicit assaults on human dignity, calls for violence, or vulgar/offensive language. The content is political and may be controversial, but it does not clearly fall into hate speech categories. Annotators are likely to agree that it is not hate speech, resulting in low disagreement. Therefore, the predicted percentages of annotators who classify the post as hate speech vs. not hate speech are [0.2, 0.8].",0.2
133,17161,UK: Father of two jihadis killed in Syria threatens to have his wife shot if she gave evidence against him https://www.jihadwatch.org/2018/08/uk-father-of-tw... #AgendaOfEvil,0.6,0.4,0.6,0.4,"The post discusses a serious and violent threat made by an individual, which could be interpreted as a call for violence or an endorsement of violent behavior. The mention of 'jihadis' and the context of the threat may also be seen as demeaning or degrading based on religious or ethnic lines, particularly given the source and hashtag used. However, the post is reporting on an event rather than directly inciting violence or using offensive language, which may lead to some disagreement among annotators about whether it constitutes hate speech.","The post reports on a violent threat made by an individual, which could be seen as a call for violence. The context involving 'jihadis' and the threat against a family member may also be interpreted as demeaning based on religious or ethnic lines. However, since the post is reporting on an event rather than directly inciting violence or using offensive language, there may be some disagreement among annotators about whether it constitutes hate speech. Therefore, I predict a moderate level of disagreement with percentages of [0.6, 0.4].",0.0
134,17162,Are Liberals Becoming Trump Curious? https://www.newswars.com/are-liberals-becoming-tru... #AgendaOfEvil,0.0,1.0,0.2,0.8,"The post title 'Are Liberals Becoming Trump Curious?' along with the hashtag '#AgendaOfEvil' does not directly assault human dignity, call for violence, or use vulgar or offensive language. It appears to be a provocative question likely intended to engage or challenge political views, but it does not clearly fall into any hate speech categories. The hashtag might imply a negative connotation, but it is not explicit enough to be considered hate speech. Therefore, there is likely low disagreement among annotators, with most classifying it as not hate speech.",The post does not contain explicit hate speech elements. It poses a question about political curiosity and uses a hashtag that might suggest a critical stance but lacks direct hate speech content. Annotators are likely to agree that it is not hate speech.,0.2
135,17164,It didn’t start with the Southern Poverty Law Center: the global jihad has always been aided by Useful Idiots https://www.jihadwatch.org/2018/08/it-didnt-start-... #AgendaOfEvil,0.6,0.4,0.4,0.6,"The post references the Southern Poverty Law Center and 'global jihad,' which could be interpreted as an assault on human dignity by associating a religious group with negative connotations. However, it does not explicitly call for violence or use vulgar language. The term 'Useful Idiots' could be seen as offensive, but it is not overtly vulgar. The post's content may lead to some disagreement among annotators due to its political and religious implications, but it is not overtly hateful, leading to a moderate level of disagreement.","The post discusses the Southern Poverty Law Center and 'global jihad,' suggesting that there are 'Useful Idiots' aiding jihad. This could be interpreted as an assault on human dignity by implying that certain groups or individuals are complicit in terrorism. However, it does not explicitly call for violence or use vulgar language. The term 'Useful Idiots' is derogatory but not explicitly vulgar. The post's content may lead to some disagreement among annotators due to its political and religious implications, but it is not overtly hateful, leading to a moderate level of disagreement.",0.19999999999999996
136,17563,President Trump Says Three Tech Titans Are in a ‘Very Anti-Trust Situation’ | LifeZette http://bit.ly/2PnFZRZ  #Antitrust #Tech #BigTech #SocialMedia,0.0,1.0,0.0,1.0,"The post discusses President Trump's statement about tech companies being in an 'anti-trust situation.' It does not contain any language that assaults human dignity, calls for violence, or uses vulgar or offensive language. The content is straightforward and focuses on a political and economic issue, which is unlikely to be interpreted as hate speech.","The post is a straightforward report on President Trump's comments regarding tech companies and antitrust issues. It does not contain any elements of hate speech, such as demeaning language, calls for violence, or offensive language. Therefore, it is likely that annotators would agree that this post is not hate speech, resulting in low disagreement and a high percentage of annotators classifying it as not hate speech.",0.0
137,17564,The Permeation of Propaganda in the College Student Brain | American Thinker http://bit.ly/2orNY5k  #College,0.0,1.0,0.0,1.0,"The post is a link to an article discussing the influence of propaganda on college students, without any explicit language or content that degrades individuals or groups based on protected characteristics, calls for violence, or uses vulgar or offensive language. It appears to be a commentary on a societal issue rather than hate speech.","The post does not contain any elements that would typically be classified as hate speech. It is a link to an article with a brief description, and there is no indication of assaults on human dignity, calls for violence, or vulgarity. Therefore, it is likely that annotators would agree that this post is not hate speech, resulting in low disagreement and a high percentage of annotators classifying it as not hate speech.",0.0
138,17565,"Sarah Palin, Loyal Running Mate, Excluded from John McCain's Funeral | Breitbart http://bit.ly/2C39Ddv",0.0,1.0,0.0,1.0,"The post is a straightforward news headline about Sarah Palin being excluded from John McCain's funeral. It does not contain any language that assaults human dignity, calls for violence, or uses vulgar or offensive language. Therefore, it is unlikely to be classified as hate speech by annotators, leading to low disagreement.","The post is a straightforward news headline about Sarah Palin being excluded from John McCain's funeral. It does not contain any language that assaults human dignity, calls for violence, or uses vulgar or offensive language. Therefore, it is unlikely to be classified as hate speech by annotators, leading to low disagreement. [0.0, 1.0]",0.0
139,17566,Here's Why Ditching Facebook Is Becoming a Thing Among Conservatives | PoliZette http://bit.ly/2LH5Cej #Socialmedia #Conservatives,0.0,1.0,0.0,1.0,"The post is a straightforward statement about a trend among conservatives regarding Facebook usage. It does not contain any language that assaults human dignity, calls for violence, or uses vulgar or offensive language. The content is clear and unlikely to be interpreted as hate speech, leading to a low disagreement among annotators.","The post discusses a trend among conservatives to leave Facebook, which is a neutral statement about social media usage. There is no indication of hate speech aspects such as demeaning language, incitement to violence, or offensive language. Therefore, it is expected that annotators would largely agree that this post is not hate speech.",0.0
140,17567,Did Sarah Palin really deserve that? | American Thinker http://bit.ly/2MDjLyp,0.0,1.0,0.2,0.8,"The post is a question about Sarah Palin, which does not inherently contain any elements of hate speech. It does not demean or degrade individuals or groups based on protected characteristics, nor does it call for violence or use vulgar or offensive language. The content is neutral and lacks context that would suggest hate speech, leading to likely consensus among annotators that it is not hate speech.","The post is a simple question about Sarah Palin, without any context or language that suggests hate speech. It does not attack or demean any group or individual based on race, ethnicity, gender, religion, or other protected characteristics. There is no call for violence or use of offensive language. Therefore, it is likely that most annotators would not classify this as hate speech, resulting in low disagreement. The predicted percentages are [0.2, 0.8], indicating that a small minority might interpret it as hate speech due to potential context from the linked article, but the majority would not.",0.2
141,17870,Flags have been at half-mast all week here because of that bastard McCain. I would be hard to find a more rotten statesman to memorialize. My flag stays flying high! FUCK JOHN MCCAIN http://halfstaff.org/,0.6,0.4,0.7,0.3,"The post contains vulgar and offensive language directed at a specific individual, John McCain, which may be considered disrespectful and demeaning. While it does not explicitly call for violence or target a protected group, the use of profanity and the derogatory tone towards a deceased public figure could be interpreted as an assault on human dignity. This may lead to a moderate level of disagreement among annotators, as some may view it as hate speech due to the offensive language, while others may see it as merely disrespectful or a personal opinion.","The post uses offensive language ('FUCK JOHN MCCAIN') and expresses a strong negative opinion about a deceased public figure, John McCain. While it does not target a protected group or incite violence, the vulgarity and disrespect towards McCain could be seen as an assault on human dignity. Annotators may disagree on whether this constitutes hate speech, leading to a moderate level of disagreement. Therefore, the predicted percentages are [0.7, 0.3], with a higher likelihood of being classified as hate speech due to the offensive language.",0.09999999999999998
142,17873,"If you are looking for a White Pill in regards to the good things happening within the Nationalist Community, give this article by @WhiteArtCollective a read!",0.0,1.0,0.3,0.7,"The post promotes an article related to the 'Nationalist Community,' which can be associated with white nationalism, a movement often linked to hate speech. However, the post itself does not contain explicit hate speech elements such as assaults on human dignity, calls for violence, or vulgarity. The term 'White Pill' is ambiguous and context-dependent, potentially leading to varied interpretations. Given the lack of explicit hate speech content, there is likely to be some disagreement among annotators, but the post is more likely to be classified as not hate speech.","The post mentions the 'Nationalist Community' and uses the term 'White Pill,' which could be interpreted in various ways depending on the reader's perspective and knowledge of the terminology. The post does not explicitly demean or degrade any group, nor does it call for violence or use offensive language. However, the association with nationalism and the potential implications of 'White Pill' could lead to some annotators perceiving it as having underlying hate speech elements. Overall, the post is likely to be seen as not hate speech by a majority, but there is room for interpretation, leading to some level of disagreement.",0.3
143,18034,"The problem is women say silly shit, and the meaning of the words is irrelevant to them. Words are just a medium for manipulating feels and relationships. If you kill a male communist, great, now there's one less communist. If a stupid cunt dies, have you accomplished anything? Mollie should have been grounded by her patriarch.",1.0,0.0,0.8,0.2,"The post contains multiple elements that are likely to be interpreted as hate speech. It includes vulgar and offensive language, specifically the use of the derogatory term 'cunt' to refer to women, which is a clear assault on human dignity based on gender. Additionally, the post implies a call for violence by suggesting that killing a male communist is a positive action, and it devalues the life of a woman by questioning the worth of her death. These elements are likely to lead to a consensus among annotators that the post constitutes hate speech, resulting in low disagreement.","The post contains offensive language and derogatory terms directed at women, which is an assault on human dignity based on gender. It also implies a call for violence by suggesting that killing a male communist is beneficial, and it devalues the life of a woman by questioning the worth of her death. These elements are likely to lead to a consensus among annotators that the post constitutes hate speech, resulting in low disagreement. Therefore, the predicted percentages of annotators who classify the post as hate speech vs. not hate speech are [0.8, 0.2].",0.19999999999999996
144,18130,Dutch News reports on Attempted assassin of Geert Wilders Credit Vlad Tepesblog https://youtu.be/2JCqFN_JRh8,0.0,1.0,0.0,1.0,"The post is a straightforward news report about an attempted assassination of a public figure, Geert Wilders. It does not contain any language that assaults human dignity, calls for violence, or uses vulgar or offensive language. Therefore, it is unlikely to be classified as hate speech by annotators, leading to low disagreement.","The post is a straightforward news report about an attempted assassination of a public figure, Geert Wilders. It does not contain any language that assaults human dignity, calls for violence, or uses vulgar or offensive language. Therefore, it is unlikely to be classified as hate speech by annotators, leading to low disagreement. Percentages of annotators who classify the post as hate speech vs. not hate speech: [0.0, 1.0]",0.0
145,18132,Credit Vlad Tepesblog Interview with club owner where 15 to 20 migrants attacked patrons with weapons 1080p https://youtu.be/ere-6mGE-oE,0.2,0.8,0.5,0.5,"The post references an interview about an incident where migrants allegedly attacked patrons with weapons. This could be interpreted as a call for violence or an assault on human dignity, depending on the context and tone of the interview. However, without additional context, it is unclear if the post itself endorses or condemns the violence, leading to potential high disagreement among annotators.","The post mentions a violent incident involving migrants, which could be seen as inflammatory or inciting negative sentiments towards a specific group. However, the post itself does not explicitly call for violence or use offensive language, making it ambiguous. Annotators might disagree on whether it constitutes hate speech based on their interpretation of the intent and context.",0.3
146,18407,"'...a group of men who worked towards a plot to bomb the Toronto Stock Exchange, shoot up the CBC headquarters and storm Parliament Hill in Ottawa. They wanted to behead then-prime minister Stephen Harper.'  https://torontosun.com/opinion/columnists/malcolm-...  The point where The Cowardly Maggot #CdnMedia #CBC became #Muslim sympathizers??",0.6,0.4,0.6,0.4,"The post references a plot involving violence and terrorism, which could be interpreted as a call for violence or an endorsement of violent actions. Additionally, the use of the term 'Cowardly Maggot' and the suggestion that the media are 'Muslim sympathizers' could be seen as demeaning or degrading, particularly towards Muslims and media professionals. The language used is provocative and could be interpreted as offensive, leading to a higher likelihood of being classified as hate speech by some annotators. However, the post also reports on a factual event, which might lead some annotators to classify it as not hate speech, resulting in moderate disagreement.","The post discusses a violent plot and uses derogatory language towards the media and Muslims. It could be seen as demeaning and offensive, leading to a moderate level of disagreement among annotators.",0.0
147,18547,Today is “International Vulture Awareness Day” Who knew ? 🤷🏼‍♂️ There are some left wing carcuses out there....just sayin !,0.6,0.4,0.2,0.8,"The post makes a metaphorical reference to 'left wing carcuses,' which could be interpreted as a derogatory comment towards left-wing individuals or groups. However, the language used is not explicitly demeaning or degrading, nor does it call for violence. The post does not contain vulgar or offensive language. The metaphorical nature of the comment may lead to some disagreement among annotators, but it is likely to be seen as not constituting hate speech by the majority.","The post uses a metaphor to make a political statement, which could be seen as offensive to some, but it lacks explicit hate speech elements such as demeaning language, calls for violence, or vulgarity. The metaphor is not strong enough to be considered an assault on human dignity, and there is no incitement to violence. Therefore, it is likely that a minority of annotators might see it as hate speech, but the majority would not.",0.39999999999999997
148,18550,Damn racist Republicans.......,0.6,0.4,0.4,0.6,"The post uses the term 'racist' in conjunction with 'Republicans,' which could be interpreted as an assault on human dignity by attributing a negative characteristic to a political group. However, the post lacks explicit calls for violence or vulgar language. The term 'racist' is often used in political discourse and can be seen as a strong opinion rather than hate speech, leading to potential disagreement among annotators.","The post 'Damn racist Republicans.......' is likely to result in some disagreement among annotators. The use of the term 'racist' in a political context can be seen as an assault on human dignity, as it attributes a negative and serious characteristic to a group based on their political affiliation. However, the post does not contain explicit calls for violence or use vulgar language, which are other key aspects of hate speech. The term 'racist' is often used in political discourse and can be interpreted as a strong opinion rather than outright hate speech. This ambiguity and the context of political discourse may lead to a moderate level of disagreement among annotators, with some viewing it as hate speech and others not. Therefore, the predicted percentages of annotators classifying the post as hate speech versus not hate speech are [0.4, 0.6].",0.19999999999999996
149,18655,All these suicides by doorknob... could they actually be... MURDER KNOBS? https://www.youtube.com/watch?v=tEBDPAV3Yss,0.0,1.0,0.2,0.8,"The post makes a cryptic reference to 'suicides by doorknob' and suggests a conspiracy theory by calling them 'MURDER KNOBS.' While the language is provocative, it does not directly assault human dignity, call for violence, or use vulgar or offensive language. The ambiguity and conspiracy theory nature of the post may lead to some disagreement among annotators, but it is unlikely to be classified as hate speech by the majority.","The post does not contain direct hate speech elements such as assaults on human dignity, calls for violence, or vulgarity. It suggests a conspiracy theory, which may be seen as provocative or misleading, but not necessarily hate speech. Therefore, the majority of annotators are likely to classify it as not hate speech.",0.2
150,18950,"Thought I’d share the news that my science fiction alternate history conspiracy thriller, A Rambling Wreck,will be on sale for $0.99 for the next couple of weeks. https://amzn.to/2M5r6SS #scifi #GabBooks #GabBookClub #CLFA",0.0,1.0,0.0,1.0,"The post is a promotional message for a book sale and does not contain any language or content that could be interpreted as hate speech. It lacks any assaults on human dignity, calls for violence, or vulgarity/offensive language. Therefore, it is likely that annotators would unanimously agree that this post is not hate speech, resulting in low disagreement.","The post is a straightforward advertisement for a book sale, with no elements of hate speech present. It is unlikely to be interpreted as hate speech by any annotators.",0.0
151,19255,Judicial Watch: Justice Department Discloses No #FISA Court Hearings Held on Carter Page Warrants. #RussiaGate #Treason https://www.judicialwatch.org/press-room/press-rel...,0.0,1.0,0.0,1.0,"The post is a straightforward statement about a legal matter involving the Justice Department and FISA court hearings. It does not contain any language that assaults human dignity, calls for violence, or uses vulgar or offensive language. The hashtags and content are related to political and legal issues, which are not inherently hate speech. Therefore, it is likely that annotators would agree that this post is not hate speech, resulting in low disagreement.","The post discusses a legal issue related to FISA court hearings and Carter Page, with hashtags referencing political topics like #RussiaGate and #Treason. It does not contain any elements of hate speech, such as demeaning language, calls for violence, or offensive language. The content is factual and related to a legal and political matter, which is not inherently hateful. Therefore, it is expected that annotators would largely agree that this post is not hate speech, leading to a low disagreement and a high percentage of annotators classifying it as not hate speech.",0.0
152,19316,There are enough black millionaires in South Africa. So why the unrest? I think its the local commies.  @alternative_right @anv @seamrog @arquatrix @KMGVictoria @TomKawszynski  https://businesstech.co.za/news/wealth/121059/blac...,0.6,0.4,0.4,0.6,"The post mentions 'black millionaires' in South Africa and questions the cause of unrest, suggesting 'local commies' as a reason. This could be interpreted as an assault on human dignity by implying that unrest is unjustified due to the presence of wealthy black individuals, which may be seen as dismissive of broader socio-economic issues. However, it does not explicitly use vulgar or offensive language, nor does it call for violence. The ambiguity lies in the interpretation of the phrase 'local commies' and the context of unrest, which could lead to varying opinions on whether it constitutes hate speech.","The post questions the cause of unrest in South Africa despite the presence of black millionaires, attributing it to 'local commies.' This could be seen as dismissive of legitimate socio-economic grievances, potentially demeaning a group based on race and political ideology. However, it lacks explicit vulgarity or calls for violence. The interpretation of 'local commies' and the context of unrest may lead to differing views on whether it constitutes hate speech, resulting in moderate disagreement among annotators.",0.19999999999999996
153,19317,The decline in free speech is our gravest threat  @alternative_right @ANV @seamrog @arquatrix  https://www.telegraph.co.uk/news/2018/08/30/twitte...,0.0,1.0,0.0,1.0,"The post discusses the decline in free speech as a threat, which is a political opinion and does not contain any elements of hate speech. It does not demean or degrade any group, call for violence, or use vulgar or offensive language. Therefore, it is likely to be classified as not hate speech by most annotators, resulting in low disagreement.","The post is a statement about the decline in free speech, which is a political opinion rather than hate speech. It does not contain any assaults on human dignity, calls for violence, or vulgarity/offensive language. As such, it is unlikely to be classified as hate speech by annotators, leading to a consensus that it is not hate speech. The prediction is that 0% of annotators would classify it as hate speech, and 100% would classify it as not hate speech.",0.0
154,20166,False dichotomy. There are way more options there. Or it could just be the prime example of the jews being probably the most persecuted people throughout history. Still dont understand how y'all hate them so much. ,0.4,0.6,0.3,0.7,"The post discusses the historical persecution of Jewish people and questions why there is so much hatred towards them. It does not contain vulgar or offensive language, nor does it call for violence. However, the mention of Jews being persecuted could be interpreted in different ways, leading to some disagreement among annotators. The post seems to be more of a commentary on historical persecution rather than an expression of hate speech, but the context and tone might lead to some annotators perceiving it as problematic.","The post acknowledges the historical persecution of Jews and questions the hatred towards them. It does not explicitly demean or degrade any group, nor does it call for violence or use offensive language. However, the mention of Jews and persecution could be interpreted differently depending on the reader's perspective, leading to some disagreement among annotators. Overall, it seems more likely to be classified as not hate speech, but with some potential for disagreement.",0.10000000000000003
155,20315,So I saw #Skyscraper for you #GabFam. Now I have opinions about it. Here they are: https://youtu.be/jyWjSREb4kw,0.0,1.0,0.0,1.0,"The post is a simple statement about watching a movie and sharing opinions about it. There is no content related to assaults on human dignity, calls for violence, or vulgarity and offensive language. It is clearly not hate speech, leading to a likely consensus among annotators.","The post is a straightforward comment about watching a movie and sharing opinions. It does not contain any elements of hate speech, such as demeaning language, incitement to violence, or offensive language. Therefore, it is expected that annotators would unanimously agree that this post is not hate speech.",0.0
156,20982,A being of pure hate is as enraged by Brave browser using Google fonts on their website as they are about 100 million victims of communism. That is the degree of uncompromising fanaticism required to win.,0.4,0.6,0.2,0.8,"The post uses hyperbolic language to describe a 'being of pure hate' and their reaction to trivial and serious issues. However, it does not directly assault human dignity, call for violence, or use vulgar or offensive language. The post seems to be a critique of fanaticism rather than an endorsement of hate. Therefore, it is likely to be classified as not hate speech by most annotators, with low disagreement.","The post uses hyperbolic language to describe a 'being of pure hate' and their reaction to trivial and serious issues. However, it does not directly assault human dignity, call for violence, or use vulgar or offensive language. The post seems to be a critique of fanaticism rather than an endorsement of hate. Therefore, it is likely to be classified as not hate speech by most annotators, with low disagreement. [0.2, 0.8]",0.2
157,20988,I have no doubt that Little's customer satisfaction rating will exceed Gab's by at least an order of magnitude.,0.0,1.0,0.0,1.0,"The post is a straightforward comparison of customer satisfaction ratings between two entities, Little and Gab. It does not contain any language that assaults human dignity, calls for violence, or uses vulgar or offensive language. The content is clear and lacks ambiguity, making it unlikely to be interpreted as hate speech by annotators.","The post is a simple statement comparing customer satisfaction ratings between two entities, Little and Gab. It does not contain any elements of hate speech, such as assaults on human dignity, calls for violence, or vulgarity/offensive language. The language is clear and unambiguous, leading to a likely consensus among annotators that it is not hate speech. Therefore, the predicted percentages of annotators classifying the post as hate speech vs. not hate speech are [0.0, 1.0].",0.0
158,21699,Interesting that q means 'every' in the health field.  #WWG1WGA,0.0,1.0,0.0,1.0,"The post does not contain any language that assaults human dignity, calls for violence, or uses vulgar or offensive language. It appears to be a neutral statement about the meaning of 'q' in a specific context, possibly related to health or a broader social movement. There is no indication of hate speech, and the content is clear and unambiguous, leading to likely consensus among annotators that it is not hate speech.","The post is a simple statement about the meaning of 'q' in a specific context, possibly related to health or a broader social movement. It does not contain any language that assaults human dignity, calls for violence, or uses vulgar or offensive language. The content is clear and unambiguous, leading to likely consensus among annotators that it is not hate speech.",0.0
159,21700,Mainstream Muslims on murder of gays! https://youtu.be/AkXfs8VDu2Q,0.625,0.375,0.6,0.4,"The post references a video about 'Mainstream Muslims on murder of gays,' which suggests a potentially inflammatory or provocative topic. The title implies a connection between mainstream Muslims and violence against gay individuals, which could be interpreted as an assault on human dignity by associating a religious group with violence. The context of the video and the way the topic is framed may lead to varying interpretations, with some annotators viewing it as hate speech due to perceived demeaning or degrading implications, while others may not see it as hate speech if they interpret it as a discussion or critique. This results in a moderate level of disagreement among annotators.","The post's title suggests a potentially controversial or provocative topic, linking mainstream Muslims with violence against gay individuals. This could be seen as an assault on human dignity by associating a religious group with violence, leading to varying interpretations. Some annotators might view it as hate speech due to perceived demeaning implications, while others may not see it as hate speech if they interpret it as a discussion or critique. This results in a moderate level of disagreement among annotators.",0.025000000000000022
160,21701,28 COPS (entire department) arrested for the assassination of a candidate for Mayor in Mexico!! CRAZY!  https://mexiconewsdaily.com/news/30-cops-detained-...,0.25,0.75,0.0,1.0,"The post reports on a news event involving the arrest of police officers in Mexico. It does not contain any language that assaults human dignity, calls for violence, or uses vulgar or offensive language. The content is straightforward and factual, leading to a likely consensus among annotators that it is not hate speech.","The post is a straightforward report of a news event involving the arrest of police officers in Mexico. It does not contain any elements that would classify it as hate speech, such as assaults on human dignity, calls for violence, or vulgar/offensive language. Therefore, it is likely that annotators would agree that this post is not hate speech, resulting in low disagreement. The predicted percentages of annotators classifying the post as hate speech vs. not hate speech are [0.0, 1.0].",0.25
161,21725,Great summary and analysis of what really happened from the Outer Light ,0.0,1.0,0.0,1.0,"The post is a simple statement expressing approval of a summary and analysis from a source called 'the Outer Light.' It does not contain any language that assaults human dignity, calls for violence, or uses vulgar or offensive language. Therefore, it is unlikely to be classified as hate speech by annotators, leading to low disagreement.","Great summary and analysis of what really happened from the Outer Light | Percentages of annotators who classify the post as hate speech vs. not hate speech: [0.0, 1.0]",0.0
162,21759,Interesting group that I will continue to follow. We live 1/2 mile outside major city limits near major metro area. We only can get fixed wireless broadcast to a dish on our roof. No one will run fiber to our house. Lost service for a month this spring due to an antenna problem. Speed varies a lot and is inconsistent. Hard to run our businesses at home because of it.,0.0,1.0,0.0,1.0,"The post is a personal account of internet service issues faced by the user. It does not contain any language or content that could be interpreted as hate speech. There are no assaults on human dignity, calls for violence, or use of vulgar or offensive language. The content is straightforward and lacks ambiguity, leading to a likely consensus among annotators that it is not hate speech.","The post is a straightforward complaint about internet service issues, with no elements of hate speech present. It is unlikely to be interpreted as hate speech by annotators.",0.0
163,22037,Is it not a glorious sight to see the left freak out over the supreme justice retirement announcement? I ask you Morton Kondracke!,0.42857142857142855,0.5714285714285714,0.2,0.8,"The post does not contain any explicit assaults on human dignity, calls for violence, or vulgarity/offensive language. It appears to be a political commentary on the reaction to a Supreme Court justice's retirement announcement, which is a common topic of political discourse. The language used is not inherently hateful, and the post is likely to be interpreted as a political opinion rather than hate speech. Therefore, there is likely to be low disagreement among annotators, with most classifying it as not hate speech.","The post is a political commentary on the reaction to a Supreme Court justice's retirement announcement. It does not contain any explicit assaults on human dignity, calls for violence, or vulgarity/offensive language. The language used is not inherently hateful, and the post is likely to be interpreted as a political opinion rather than hate speech. Therefore, there is likely to be low disagreement among annotators, with most classifying it as not hate speech. Predicted percentages: [0.2, 0.8].",0.22857142857142854
164,22038,#MetalMonday  https://youtu.be/5a8nPCBXMo0,0.0,1.0,0.0,1.0,"The post is a simple hashtag followed by a link to a YouTube video. There is no content in the post that suggests any form of hate speech, such as assaults on human dignity, calls for violence, or vulgarity/offensive language. It is likely to be interpreted as a non-hate speech post by all annotators, leading to low disagreement.",The post contains a hashtag related to a music genre and a link to a video. There is no indication of hate speech in the content provided.,0.0
165,22050,"People like this need put down, euthanized. Not just thrown into prison for us to pay for their food and care for decades. https://www.breitbart.com/texas/2018/07/13/texas-m... #MAGA #Trump ##GabFam",0.5714285714285714,0.4285714285714286,0.8,0.2,"The post suggests that certain people should be 'put down' or 'euthanized' rather than imprisoned, which can be interpreted as a call for violence against individuals. This language is severe and dehumanizing, falling under the aspect of 'Calls for Violence' and 'Assaults on Human Dignity.' The use of such language is likely to be seen as hate speech by a significant portion of annotators, leading to a high percentage classifying it as such. However, the context of who 'people like this' refers to is not explicitly stated, which might lead to some disagreement among annotators.","The post contains language that suggests violence ('need put down, euthanized') against certain people, which is a clear call for violence. This type of language is severe and dehumanizing, falling under the aspect of 'Calls for Violence' and 'Assaults on Human Dignity.' The post is likely to be classified as hate speech by a significant portion of annotators due to its explicit call for harm. However, the lack of specific context about who 'people like this' refers to might lead to some disagreement, but overall, the language is strong enough to result in a high percentage of annotators classifying it as hate speech.",0.22857142857142865
166,22177,LOLOLOLOLOLLOLOLOLOLOLLOLOLOLOLOLLOLOLOLOLOLLOLOLOLOLOLOLOLOLOLOLLOLOLOLOLOLLOLOLOLOLOLLOLOLOLOLOLLOLOLOLOLOLOLOLOLOLOLLOLOLOLOLOLLOLOLOLOLOLLOLOLOLOLOLLOLOLOLOLOLOLOLOLOLOLLOLOLOLOLOLLOLOLOLOLOLLOLOLOLOLOLLOLOLOLOLOL,0.0,1.0,0.0,1.0,"The post consists entirely of repeated 'LOLOLOLOLOL' with no discernible content or context that could be interpreted as hate speech. It does not contain any language that could be considered an assault on human dignity, a call for violence, or vulgarity/offensive language. Therefore, it is highly likely that annotators would unanimously agree that this post is not hate speech.","The post is a series of repeated 'LOLOLOLOLOL' with no additional context or content. It does not contain any elements that could be interpreted as hate speech, such as demeaning language, incitement to violence, or offensive language. As such, it is expected that there would be a consensus among annotators that this post is not hate speech, leading to low disagreement.",0.0
167,22178,"Man - part animal, part god. Some more god than animal, others more animal than god.",0.4,0.6,0.2,0.8,"The post uses metaphorical language to describe humans as a mix of animalistic and divine traits. It does not explicitly demean or degrade any specific group based on protected characteristics, nor does it call for violence or use vulgar language. The metaphorical nature of the post might lead to some disagreement, but it is unlikely to be classified as hate speech by most annotators.","The post is metaphorical and does not target any specific group or individual. It lacks elements of hate speech such as demeaning language, calls for violence, or vulgarity. Therefore, it is likely to be classified as not hate speech by the majority of annotators.",0.2
168,22179,"American society should restore its historic Freedom of Association modus vivendi, with a new proviso that each side not prevent, interfere with or sabotage the other in setting up or running their exclusive systems or operations.",0.0,1.0,0.2,0.8,"The post discusses the concept of 'Freedom of Association' and suggests a system where different groups can operate exclusively without interference from others. This could be interpreted as advocating for segregation or exclusion based on certain characteristics, which might be seen as an assault on human dignity. However, the language is not explicitly hateful or violent, and it does not contain vulgarity or offensive language. The post is somewhat ambiguous and could be interpreted in different ways, but it is more likely to be seen as a political or philosophical statement rather than hate speech.","The post suggests a return to a 'Freedom of Association' system with a condition that groups should not interfere with each other's exclusive operations. This could be interpreted as supporting segregation or exclusion, which might be seen as an assault on human dignity. However, the post does not explicitly demean or degrade any group, nor does it call for violence or use vulgar language. The ambiguity in the post's intent and the lack of explicit hate speech elements suggest that a majority of annotators would not classify it as hate speech, leading to a prediction of [0.2, 0.8].",0.2
169,22205,Online now only those who are horny in Sarah Palin.,0.4,0.6,0.2,0.8,"The post makes a vague and potentially objectifying comment about Sarah Palin, but it does not explicitly demean or degrade her based on a protected characteristic, nor does it call for violence or use vulgar language. The post's content is more suggestive than explicitly hateful, which may lead to some annotators considering it inappropriate or offensive, but not necessarily hate speech. Therefore, there is likely to be low disagreement among annotators, with most classifying it as not hate speech.","The post makes a vague and potentially objectifying comment about Sarah Palin, but it does not explicitly demean or degrade her based on a protected characteristic, nor does it call for violence or use vulgar language. The post's content is more suggestive than explicitly hateful, which may lead to some annotators considering it inappropriate or offensive, but not necessarily hate speech. Therefore, there is likely to be low disagreement among annotators, with most classifying it as not hate speech. [0.2, 0.8]",0.2
170,22239,Justifying the use of the word 'monkey' is just playing by the Left's rules. They  should apologize for playing the race card so often that it's worn out.,0.6,0.4,0.5,0.5,"The post discusses the use of the word 'monkey' and accuses the Left of overusing the race card. The term 'monkey' can be racially charged, especially when used in contexts that may demean individuals based on race. However, the post does not explicitly use the term in a derogatory manner but rather comments on the discourse around it. This could lead to high disagreement among annotators, as some may see it as a critique of political correctness, while others may view it as dismissive of racial sensitivities.","The post discusses the use of the word 'monkey' and accuses the Left of overusing the race card. The term 'monkey' can be racially charged, especially when used in contexts that may demean individuals based on race. However, the post does not explicitly use the term in a derogatory manner but rather comments on the discourse around it. This could lead to high disagreement among annotators, as some may see it as a critique of political correctness, while others may view it as dismissive of racial sensitivities.",0.09999999999999998
171,22240,"Why aren't Democrats holding rallies to compete with Trump's massive cheering crowds? Two reasons, in my opinion:   1.They keep telling themselves, and everyone else, that rallies don't matter. To do so would be admitting that they do matter, and playing by his rules.   2.They have no one on their side that can draw a crowd like he can. They don't want be embarrassed, and exposed by tryin...",0.6,0.4,0.0,1.0,"The post discusses political rallies and compares the ability of Democrats and Trump to draw crowds. It does not contain any language that assaults human dignity, calls for violence, or uses vulgar or offensive language. The content is a political opinion and does not exhibit characteristics of hate speech. Therefore, it is likely that annotators would agree that this post is not hate speech, resulting in low disagreement.","The post is a political commentary on the differences in rally attendance between Democrats and Trump. It does not contain any elements of hate speech, such as demeaning language, incitement to violence, or vulgarity. The post is straightforward in its political opinion and does not exhibit ambiguity that would lead to high annotator disagreement. Therefore, it is predicted that the majority of annotators would classify this post as not hate speech.",0.6
172,22890,Crap! This changes everything,0.0,1.0,0.0,1.0,"The post 'Crap! This changes everything' is very brief and lacks any specific content that could be interpreted as hate speech. It does not contain any assaults on human dignity, calls for violence, or vulgarity/offensive language directed at individuals or groups. The word 'crap' is mild and not typically considered offensive in a way that would constitute hate speech. Therefore, it is likely that annotators would agree that this post is not hate speech, resulting in low disagreement.","The post 'Crap! This changes everything' is very brief and lacks any specific content that could be interpreted as hate speech. It does not contain any assaults on human dignity, calls for violence, or vulgarity/offensive language directed at individuals or groups. The word 'crap' is mild and not typically considered offensive in a way that would constitute hate speech. Therefore, it is likely that annotators would agree that this post is not hate speech, resulting in low disagreement.",0.0
173,22891,Awesome! Everyday heros take the time out of their own schedules to make others lives better. kudos,0.0,1.0,0.0,1.0,"The post is positive and praises individuals who help others, with no elements of hate speech present. It does not demean or degrade any group, call for violence, or use offensive language. Annotators are likely to agree that this is not hate speech, leading to low disagreement.","The post is clearly positive and supportive, with no elements of hate speech. It praises 'everyday heroes' for their altruism, which is unlikely to be interpreted as hate speech by any annotators. Therefore, the prediction is that 0% of annotators would classify it as hate speech, and 100% would classify it as not hate speech.",0.0
174,22892,Of course they do. That's where informed leftists get their arguing points for their social media posts.,0.2857142857142857,0.7142857142857143,0.2,0.8,"The post does not contain any explicit assaults on human dignity, calls for violence, or vulgarity/offensive language. It appears to be a critical comment about leftists and their sources of information, which is a common political opinion rather than hate speech. The language is not demeaning or degrading, nor does it incite violence. Therefore, it is likely that most annotators would not classify this as hate speech, resulting in low disagreement.","The post is a critical statement about leftists and their sources of information, suggesting that they get their arguing points from a particular place. However, it does not contain any explicit hate speech elements such as demeaning language, calls for violence, or offensive language. It is more of a political opinion or critique, which is common in social media discourse. As such, it is likely that most annotators would not classify this as hate speech, leading to a low level of disagreement among them.",0.08571428571428569
175,22926,"Where there is #coffee, there is wakefulness. #gab #worldcup #music #bacon",0.0,1.0,0.0,1.0,"The post is a light-hearted statement about coffee and does not contain any elements of hate speech. It does not demean or degrade any individuals or groups, nor does it incite violence or use offensive language. The content is clear and unambiguous, leading to a likely consensus among annotators that it is not hate speech.","The post is a simple statement about coffee and its association with wakefulness, accompanied by hashtags related to various topics like world cup, music, and bacon. There is no indication of hate speech in terms of assaults on human dignity, calls for violence, or vulgarity. Therefore, it is expected that annotators would unanimously agree that this post is not hate speech.",0.0
176,22927,The #USOpen crowd at #Shinnecock are literally the most rude gallery in sport. Screaming like beagles after EVERY SHOT. You expect it from the Phoenix Open but these New Yorkers are yelping unintelligible trash at the highest volumes EVERY SINGLE SWING. New York should never be allowed to host a US Open ever again. #QuietPlease #Gab,0.6,0.4,0.1,0.9,"The post criticizes the behavior of a sports crowd, specifically New Yorkers, at a golf event. It uses strong language to describe the crowd as 'rude' and 'yelping unintelligible trash,' but it does not target any protected characteristic such as race, ethnicity, gender, religion, or sexual orientation. There are no calls for violence or use of vulgar language. The criticism is directed at the behavior of the crowd rather than any inherent characteristic of the individuals. Therefore, it is unlikely to be classified as hate speech by most annotators, leading to low disagreement.","The post criticizes the behavior of a sports crowd, specifically New Yorkers, at a golf event. It uses strong language to describe the crowd as 'rude' and 'yelping unintelligible trash,' but it does not target any protected characteristic such as race, ethnicity, gender, religion, or sexual orientation. There are no calls for violence or use of vulgar language. The criticism is directed at the behavior of the crowd rather than any inherent characteristic of the individuals. Therefore, it is unlikely to be classified as hate speech by most annotators, leading to low disagreement. Predicted percentages: [0.1, 0.9].",0.5
177,23085,"If you can't laugh at this,you might be a liberal progressive.  https://youtu.be/C8vZzP5yvJw",0.6,0.4,0.2,0.8,"The post itself does not contain any direct assaults on human dignity, calls for violence, or vulgarity/offensive language. It seems to be a provocative statement aimed at a political group, suggesting that liberals/progressives lack a sense of humor. The linked content could potentially contain offensive material, but based on the text alone, it is unlikely to be classified as hate speech by most annotators. The disagreement is likely low, as the post is more of a political jab rather than hate speech.","The post is a political statement that implies liberals/progressives may not have a sense of humor. It does not directly attack any protected group or use offensive language. The linked content is not evaluated here, but the text itself is unlikely to be considered hate speech by most annotators. Therefore, the prediction is that a small percentage might see it as hate speech due to its political nature, but the majority will not.",0.39999999999999997
178,23638,"The lovely #prayingmantis lady Audrina did not survive her molt, though she did seem to enjoy my company and foodstuffs before that. I am sad. The empty space for her boudoir...sucks, you guys. A lot. I made her a tiny tinfoil coffin and packed her a tiny tinfoil lunch of honey. I am even MORE determined to befriend her people. That experience was AMAZING.",0.0,1.0,0.0,1.0,"The post is a personal reflection on the experience of keeping a praying mantis as a pet. It expresses sadness over the loss of the insect and describes a personal ritual of making a tinfoil coffin. There is no content related to assaults on human dignity, calls for violence, or vulgarity and offensive language. The post is clearly not hate speech, and there is likely to be consensus among annotators that it does not fall into any hate speech category.","The post is a personal reflection on the experience of keeping a praying mantis as a pet. It expresses sadness over the loss of the insect and describes a personal ritual of making a tinfoil coffin. There is no content related to assaults on human dignity, calls for violence, or vulgarity and offensive language. The post is clearly not hate speech, and there is likely to be consensus among annotators that it does not fall into any hate speech category. Therefore, the predicted percentages of annotators who classify the post as hate speech vs. not hate speech are [0.0, 1.0].",0.0
179,23639,"1)   TY for any notifications, I'm so sorry I can't respond politely at the moment 2) I'm leaving in less than 3 days to spend 2 months about 1 hour from my niece EEEEEEE 3) That's so many numbers, ew math 4) I do still love the #gabfam and I'm not gone, just, STUPID busy.  Should have peace and 'vacation' soon, to come derp at you all.  :  )  5) Never give up, never surrender!",0.0,1.0,0.0,1.0,"The post is a personal update and expression of affection towards the community, with no elements of hate speech. It does not contain any assaults on human dignity, calls for violence, or vulgarity/offensive language. The content is clear and positive, leading to a consensus that it is not hate speech.","The post is a personal update and expression of affection towards the community, with no elements of hate speech. It does not contain any assaults on human dignity, calls for violence, or vulgarity/offensive language. The content is clear and positive, leading to a consensus that it is not hate speech. Therefore, the prediction is [0.0, 1.0].",0.0
180,23640,"A friend brought me this baby #prayingmantis, after she (the mantis) walked up to her at a storage facility.  Here she is (again, the mantis) photobombing her own photo.  Her favorite part of her nice new digs? The dang wire I used to close up a too-large hole.  Never mind all this pretty fake forestry, nah, I'm good here on this bread tie.   Spoiled bug.  XD.",0.0,1.0,0.0,1.0,"The post is a light-hearted and humorous account of a personal experience with a praying mantis. It does not contain any language or content that could be interpreted as an assault on human dignity, a call for violence, or vulgarity/offensive language. The post is clearly not hate speech, and there is likely to be a consensus among annotators that it is not hate speech.","The post is a light-hearted and humorous account of a personal experience with a praying mantis. It does not contain any language or content that could be interpreted as an assault on human dignity, a call for violence, or vulgarity/offensive language. The post is clearly not hate speech, and there is likely to be a consensus among annotators that it is not hate speech. Therefore, the predicted percentages of annotators who classify the post as hate speech vs. not hate speech are [0.0, 1.0].",0.0
181,23641,"And yes, he's ticked me off a few times, but unless Me runs for president and wins (lol forever) I'm GOING to disagree with some of his decisions, due to his unfortunate handicap of NOT BEING ME.  For now, he's making my enemies mad and allies semihappy. AKA more than ANY politician has done for me in my life!  8/10 would ABSOLUTELY vote for again.  #PresidentTrump",0.125,0.875,0.0,1.0,"The post expresses support for President Trump and humorously acknowledges disagreements with some of his decisions. It does not contain any assaults on human dignity, calls for violence, or vulgarity/offensive language. The tone is light-hearted and personal, focusing on political preferences rather than hate speech. Therefore, it is likely to be classified as not hate speech by most annotators, resulting in low disagreement.","The post is a personal expression of political support and does not exhibit characteristics of hate speech. It lacks any demeaning or degrading language towards individuals or groups, does not incite violence, and does not use offensive language. The content is clear and straightforward, leading to a consensus that it is not hate speech.",0.125
182,24148,How many original beta testers still out there? I've been here since October 2016.  #OG  Get you gab shirt here https://shop.gab.ai/  @shop,0.0,1.0,0.0,1.0,"The post is a simple inquiry about the presence of original beta testers and includes a promotional link for merchandise. It does not contain any language or content that could be interpreted as an assault on human dignity, a call for violence, or vulgarity/offensive language. Therefore, it is unlikely to be classified as hate speech by any annotators, leading to low disagreement.","The post is straightforward and lacks any elements that could be considered hate speech. It is a benign inquiry and promotion, with no offensive or harmful language.",0.0
183,24150,Here's a titanium muzzle break I'm working on for my .458 socom build. I haven't threaded it or finished the bore. .458 socom barrels have either 5/8-24 or 3/4-24 threads and I haven' purchased one yet. #2A,0.0,1.0,0.0,1.0,"The post is a technical discussion about a firearm build, specifically focusing on a titanium muzzle break for a .458 socom. It does not contain any language or content that assaults human dignity, calls for violence, or uses vulgar or offensive language. The hashtag #2A refers to the Second Amendment, which is a common topic in discussions about firearms but does not inherently imply hate speech. Therefore, it is likely that annotators would agree that this post is not hate speech, resulting in low disagreement.","The post is a technical discussion about a firearm build, specifically focusing on a titanium muzzle break for a .458 socom. It does not contain any language or content that assaults human dignity, calls for violence, or uses vulgar or offensive language. The hashtag #2A refers to the Second Amendment, which is a common topic in discussions about firearms but does not inherently imply hate speech. Therefore, it is likely that annotators would agree that this post is not hate speech, resulting in low disagreement. Predicted percentages of annotators who classify the post as hate speech vs. not hate speech: [0.0, 1.0].",0.0
184,24209,"The Copts: Yay, Jesus!  Jesus: *frowning* Shut up, you guys.",0.4,0.6,0.4,0.6,"The post makes a reference to the Copts, a Christian minority group, and uses a tone that could be interpreted as mocking or dismissive towards their religious expression. This could be seen as an assault on human dignity based on religion. However, the post does not contain explicit calls for violence or vulgar language. The ambiguity lies in whether the tone is perceived as humorous or offensive, leading to potential disagreement among annotators.","The post references a religious group (Copts) and uses a tone that could be interpreted as mocking or dismissive towards their religious expression. This could be seen as an assault on human dignity based on religion. However, it does not contain explicit calls for violence or vulgar language. The ambiguity lies in whether the tone is perceived as humorous or offensive, leading to potential disagreement among annotators.",0.0
185,24416,We need some 'real' Republicans in office.   President Trump can't solve the problem of high health insurance costs with these traitors blocking his efforts.  Everyone needs to VOTE REPUBLICAN in the upcoming primaries.,0.0,1.0,0.0,1.0,"The post is a political statement encouraging people to vote for a specific party. It does not contain any assaults on human dignity, calls for violence, or vulgarity/offensive language. The content is clear and unlikely to be interpreted as hate speech, leading to low disagreement among annotators.","The post is a political statement encouraging people to vote for a specific party. It does not contain any assaults on human dignity, calls for violence, or vulgarity/offensive language. The content is clear and unlikely to be interpreted as hate speech, leading to low disagreement among annotators. Therefore, the percentages of annotators who classify the post as hate speech vs. not hate speech are predicted to be [0.0, 1.0].",0.0
186,24672,"US ends all funding to UN agency for “Palestinian” “refugees”SEP 1, 2018 This is long overdue. Only among the “Palestinians” is “refugee” status passed down to children, grandchildren, and great-grandchildren. Millions of people were displaced after World War II, but they moved elsewhere and got on with their lives. Not the “Palestinians,” because they were and are a weapon of the jihad. http...",0.6,0.4,0.6,0.4,"The post contains language that could be interpreted as demeaning towards Palestinians by placing the term 'refugees' in quotes, suggesting a denial of their status. It also implies that Palestinians are used as a 'weapon of the jihad,' which could be seen as an assault on human dignity by attributing a negative stereotype to a group based on their ethnicity and political situation. However, the post does not contain explicit calls for violence or vulgar language, which might lead to some disagreement among annotators about its classification as hate speech.","The post discusses the US ending funding to a UN agency for Palestinian refugees, using quotation marks around 'Palestinian' and 'refugees,' which can be interpreted as questioning the legitimacy of their status. It further claims that Palestinians are used as a 'weapon of the jihad,' which could be seen as a negative stereotype. This language may be considered demeaning or degrading to Palestinians, potentially falling under the category of assaults on human dignity. However, the absence of explicit calls for violence or vulgar language might lead to some annotators not classifying it as hate speech, resulting in moderate disagreement.",0.0
187,24675,"Appeasement has no upside . Pure as driven snow FaceBook  XXXXXXXXXXXXXXXXXX The United Nations has warned Facebook that it risks being dragged into international war crimes trials for its role in future human rights violations, as it called on the social network to address hate speech more quickly. Zeid Ra'ad Al-Hussein, the UN’s human rights chief, said the company risked becoming an acc...",0.0,1.0,0.2,0.8,"The post discusses a warning from the United Nations to Facebook about its potential role in future human rights violations due to hate speech. The content itself does not contain any hate speech, assaults on human dignity, calls for violence, or vulgar language. It is more of a report or commentary on a serious issue related to hate speech on social media platforms. Therefore, it is likely to be classified as not hate speech by most annotators, resulting in low disagreement.","The post is a commentary on a warning issued by the United Nations to Facebook regarding its handling of hate speech. It does not contain any direct hate speech elements itself, such as demeaning language, calls for violence, or offensive language. Instead, it highlights concerns about the potential consequences of not addressing hate speech effectively. As such, it is likely to be classified as not hate speech by the majority of annotators, with low disagreement expected.",0.2
188,24678,"Another  fascist  'newspaper'  nears death,   Has a long history of publishing idiots  https://www.cjr.org/business_of_news/village-voice...",0.8,0.19999999999999996,0.3,0.7,"The post refers to a newspaper as 'fascist' and 'publishing idiots,' which could be seen as offensive language. However, it does not directly assault human dignity based on protected characteristics, nor does it call for violence. The language is derogatory but not explicitly hateful, leading to potential disagreement among annotators about whether it constitutes hate speech. The context of criticizing a media outlet may also influence interpretations, resulting in moderate disagreement.","The post uses derogatory language ('fascist', 'idiots') to describe a newspaper, which may be considered offensive but does not clearly fall into the categories of hate speech such as assaults on human dignity or calls for violence. The use of 'fascist' could be seen as hyperbolic or rhetorical rather than a literal accusation, leading to potential disagreement among annotators. The post is more likely to be seen as a strong opinion or critique rather than hate speech, resulting in a higher percentage of annotators classifying it as not hate speech.",0.5
189,25147,"30 odd years ago when I worked retail,  we had a work birthday for a colleague. Someone had the bright idea for an erotic cake. A giant sheet cake with a pair of boobs. It was hilarious and quite tasty. Could you even do that nowadays?",0.0,1.0,0.0,1.0,"The post is a personal anecdote about a humorous incident involving an erotic cake at a workplace birthday party. It does not contain any assaults on human dignity, calls for violence, or vulgarity/offensive language directed at individuals or groups. The content is light-hearted and does not exhibit characteristics of hate speech, leading to a likely consensus among annotators that it is not hate speech.","The post is a personal anecdote about a humorous incident involving an erotic cake at a workplace birthday party. It does not contain any assaults on human dignity, calls for violence, or vulgarity/offensive language directed at individuals or groups. The content is light-hearted and does not exhibit characteristics of hate speech, leading to a likely consensus among annotators that it is not hate speech. Therefore, the prediction is [0.0, 1.0].",0.0
