,Text,Hate_MV,Hate_0,Hate_11,Hate_13,Reasoning_LLM,Hate_list_LLM,Raw_output_LLM,Hate_MV_LLM,Hate_MV_diff
0,You're a funny guy. There's been no political will to use anti-trust laws for half a century or more.,0,0,0,0,"The post does not appear to contain any elements of hate speech. It discusses the lack of political will to use anti-trust laws, which is a political opinion or observation. There is no use of offensive language, no demeaning or degrading comments towards any group, and no incitement to violence. Therefore, it is likely that all annotators would agree that this post does not constitute hate speech.","[0, 0, 0]","The post is a commentary on political will and anti-trust laws, lacking any hate speech elements.",0,0
1,"Oh nice, I'll make sure to check it out. Good job on taking the initiative to spread the message and reach our a hand to our men and women!",0,0,0,0,"The post is positive and supportive, encouraging the spreading of a message and reaching out to men and women. It does not contain any language that assaults human dignity, calls for violence, or uses vulgar or offensive language. Therefore, it is unlikely to be considered hate speech by any annotator.","[0, 0, 0]","The post is positive and supportive, encouraging the spreading of a message and reaching out to men and women. It does not contain any language that assaults human dignity, calls for violence, or uses vulgar or offensive language. Therefore, it is unlikely to be considered hate speech by any annotator. The likely labels by the annotators would be [0, 0, 0].",0,0
2,Jus lock up and leave the keys on the desk,0,0,0,0,"The post 'Jus lock up and leave the keys on the desk' does not appear to contain any elements of hate speech. It does not demean or degrade any individuals or groups, nor does it incite violence or use vulgar or offensive language. The post seems to be a simple instruction or statement without any context that could be interpreted as hate speech. Therefore, it is likely that all annotators would agree that this post does not constitute hate speech.","[0, 0, 0]",The post is straightforward and lacks any content that could be interpreted as hate speech. It is likely to be unanimously labeled as not hate speech by all annotators.,0,0
3,Poverty has a Black face in it...the idea of White poverty just doesn't fit into anyone's mind....in fact...talking about relieving White poverty or improving White conditions is mocked and ridiculed....Whites are disrespected when poor...,1,1,1,0,"The post discusses racial issues related to poverty, suggesting that white poverty is not taken seriously and that whites are disrespected when poor. This could be seen as an assault on human dignity by implying racial bias in the perception of poverty. However, it does not explicitly call for violence or use vulgar language. Annotators might disagree on whether it constitutes hate speech due to its focus on racial dynamics and potential to be interpreted as racially divisive.","[1, 0, 1]","The post could be interpreted as highlighting racial disparities in the perception of poverty, which might be seen as an assault on human dignity by some annotators. However, it does not contain explicit calls for violence or vulgar language. Annotators might have differing views on whether it constitutes hate speech, leading to a mix of labels.",1,0
4,all pedos all child traffickers should be shot and killed and that means hollywood and the msm and  the so called elite democrats! kill them all,1,1,1,1,"The post explicitly calls for violence against specific groups, namely 'pedos,' 'child traffickers,' 'Hollywood,' 'the MSM,' and 'elite democrats.' This is a clear incitement to violence, which is a key aspect of hate speech. Additionally, the post uses offensive language by labeling these groups in a derogatory manner. Given the explicit nature of the call for violence and the offensive language, annotators are likely to agree that this post constitutes hate speech. Therefore, the disagreement level is low.","[1, 1, 1]","The post is a clear example of hate speech due to its explicit call for violence against specific groups and the use of offensive language. All three annotators are likely to label it as hate speech, resulting in a consensus with low disagreement.",1,0
5,"Holding hands is punishable by death, but pedophilia is alright..... nice morals there #Muhammad. #Islam",1,1,1,0,"The post makes a derogatory statement about Islam and the Prophet Muhammad, suggesting that the religion has skewed morals. This can be seen as an assault on human dignity, as it targets a religious group with a negative stereotype. The use of sarcasm and the hashtag #Muhammad could be interpreted as offensive language, though it does not contain explicit vulgarity or slurs. The post does not explicitly call for violence, but it does demean a religious group, which may lead to disagreement among annotators about whether it constitutes hate speech.","[1, 0, 1]","The post is likely to be interpreted differently by annotators. One annotator might see it as an assault on human dignity due to its derogatory nature towards Islam and label it as hate speech. Another annotator might focus on the lack of explicit vulgarity or calls for violence and not label it as hate speech. A third annotator might also see the post as demeaning and label it as hate speech. Therefore, the labels could be [1, 0, 1].",1,0
6,@jolokia @ThePraedor‍  ,1,1,1,0,"The post contains only mentions of two users, '@jolokia' and '@ThePraedor', without any additional context or content. There is no explicit or implicit language that suggests assaults on human dignity, calls for violence, or vulgarity and/or offensive language. Given the lack of context and content, it is unlikely that any annotator would label this as hate speech. The post is straightforward and does not exhibit any characteristics of hate speech, leading to a consensus among annotators.","[0, 0, 0]",The post is simply a mention of two users and does not contain any content that could be interpreted as hate speech. All annotators would likely agree that this post does not constitute hate speech.,0,1
7,12 Oct 2018 - This Lady is Koo-Koo... Loco in la cabeza - Senate Democratic Candidate: “I Don’t Care” if People Go Fight for the Taliban Against US (AUDIO) - https://www.thegatewaypundit.com/2018/10/senate-democratic-candidate-i-dont-care-if-people-go-fight-for-the-taliban-against-us-video/,0,1,0,0,"The post refers to a Senate Democratic Candidate as 'Koo-Koo' and 'Loco in la cabeza,' which are derogatory terms implying mental instability. This could be seen as an assault on human dignity, as it demeans the individual based on perceived mental health. However, it does not target a protected characteristic such as race, gender, or religion. The post also does not contain any explicit calls for violence or vulgar language. The context of the post is political, and the language used is more of a personal attack rather than hate speech. Annotators might have differing opinions on whether this constitutes hate speech due to the derogatory language, but it is likely to be seen as low disagreement since it lacks the severity typically associated with hate speech.","[0, 0, 0]","The post uses derogatory language to describe a political candidate, but it does not target a protected characteristic or incite violence. The language is offensive but not vulgar or profane. Annotators are likely to agree that this does not constitute hate speech, resulting in low disagreement.",0,0
8,Anyone Who Isn't Islamic Is Racist? | Religion Of Intolerance. ,1,1,1,0,"The post suggests that Islam is a 'Religion Of Intolerance' and questions whether anyone who isn't Islamic is racist. This could be interpreted as an assault on human dignity by demeaning a religious group, suggesting that Islam is inherently intolerant. The language used is not overtly vulgar or offensive, but the implication that Islam is intolerant could be seen as degrading to Muslims. Annotators might disagree on whether this constitutes hate speech, as it depends on the interpretation of the intent and the perceived impact of the statement.","[1, 0, 1]","The post implies that Islam is a religion of intolerance, which could be seen as demeaning to Muslims. It questions whether non-Muslims are racist, which could be interpreted as an assault on human dignity. The language is not explicitly vulgar, but the content could be seen as offensive to some. Annotators might have differing views on whether this constitutes hate speech, leading to some disagreement.",1,0
9,"LOL I love it that  they straight out  deny the not so holy kike book ,and without  IT their fake ass religion goes straight  down the drain LOL",1,1,1,0,"The post contains offensive language and slurs, specifically the use of the term 'kike,' which is a derogatory term for Jewish people. This constitutes an assault on human dignity as it demeans individuals based on their religion and ethnicity. Additionally, the post mocks and degrades a religious text and the associated religion, further contributing to the assault on human dignity. The use of 'LOL' and the mocking tone may also be seen as vulgar and offensive. Given these elements, it is likely that all annotators would agree that this post constitutes hate speech, although there might be some slight variation in interpretation due to the tone and context.","[1, 1, 1]","The post is likely to be labeled as hate speech by all three annotators due to its use of a racial slur ('kike') and its demeaning tone towards a religious group. The post clearly assaults human dignity by using offensive language and mocking a religious text, which is likely to lead to a consensus among annotators that it constitutes hate speech.",1,0
10,The trouble is Muslims will soon own everything.,1,1,1,0,"The post suggests a negative stereotype about Muslims, implying that they are taking over or dominating, which can be seen as an assault on human dignity. It does not explicitly call for violence, but the implication of Muslims 'owning everything' could be interpreted as a threat or fear-mongering. The language is not overtly vulgar or offensive, but the underlying message could be considered offensive to Muslims. Annotators might have different interpretations based on their sensitivity to the stereotype and the context of the statement.","[1, 0, 1]","The post implies a stereotype about Muslims, suggesting they are taking over, which can be seen as degrading or demeaning. While it doesn't explicitly call for violence, it could be interpreted as fear-mongering. The language isn't overtly vulgar, but the message could be offensive to Muslims. Annotators might differ in their interpretation based on sensitivity to stereotypes and context.",1,0
11,I MAY HAVE NIGHTMARES FOR THE REST OF MY LIFE AFTER SEEING THIS YOUTUBE CHANNEL.... ,1,1,1,0,"The post does not contain any explicit assaults on human dignity, calls for violence, or vulgarity and offensive language. It appears to be an expression of personal discomfort or fear after viewing content on a YouTube channel. The language used is hyperbolic but not hateful. Annotators are likely to agree that this post does not constitute hate speech.","[0, 0, 0]",The post is a personal expression of fear or discomfort without any elements of hate speech. Annotators would likely agree on this assessment.,0,1
12,Took a little searching but it was worth it.  Found what I needed.: http://www.sweetbet.com #Sweet_Bet,0,0,0,0,"The post appears to be a benign statement about finding something the user was looking for, possibly related to a website or service called 'Sweet Bet.' There is no indication of hate speech, as it does not demean or degrade any individuals or groups, nor does it incite violence or use vulgar or offensive language. The content is neutral and lacks any context that could be interpreted as hate speech. Therefore, it is likely that all annotators would agree that this post does not constitute hate speech.","[0, 0, 0]","The post is neutral and lacks any elements of hate speech. It is simply a statement about finding something online, with no offensive or harmful language. All annotators would likely agree on this assessment.",0,0
13,"Another jew who thinks anyone gives a damn about his opinion. Since we are naming the jew, I will name this one Schleppy.",1,1,1,0,"The post contains derogatory language towards a Jewish individual, which can be seen as an assault on human dignity based on religion or ethnicity. The phrase 'naming the jew' is often associated with anti-Semitic rhetoric, which may be interpreted as hate speech. The use of 'Schleppy' as a name could be seen as mocking or demeaning. Annotators may differ in their interpretation of the severity of the language, but it is likely that at least some will view it as hate speech due to its anti-Semitic undertones.","[1, 1, 0]","The post is likely to be interpreted as hate speech by at least two annotators due to its anti-Semitic content and derogatory language. The phrase 'naming the jew' is a common anti-Semitic trope, and the dismissive tone towards a Jewish individual's opinion can be seen as demeaning. While one annotator might not see it as hate speech, considering it as merely offensive or dismissive, the other two are likely to label it as hate speech due to the clear anti-Semitic undertones.",1,0
14,"Yes that to, let's face it the Clinton are evil, and those globalists buddies that want to yoke every American for the benefit of the few.  Come and take it....",0,1,0,0,"The post expresses a negative opinion about the Clintons and 'globalists,' which could be interpreted as a political opinion rather than hate speech. However, the phrase 'Come and take it' could be seen as a call to action, potentially inciting violence or resistance, depending on the context. The language used is not overtly vulgar or offensive, but the post could be seen as demeaning towards certain political figures or groups. Annotators might disagree on whether this constitutes hate speech due to the political nature of the content and the ambiguity of the call to action.","[0, 0, 1]","The post criticizes political figures and groups, which may not necessarily constitute hate speech. However, the phrase 'Come and take it' could be interpreted as a call for resistance or violence, leading to potential disagreement among annotators. The language is not explicitly vulgar or offensive, but the post could be seen as demeaning towards certain groups. Annotators might have differing views on whether this post constitutes hate speech, resulting in a mix of labels.",0,0
15,"Where on earth do you morons spring from? Catholicism is the truth. That is why it is in crisis. It is under deadly assault by the evil one. Many of us believe today, with good reason, that the man who calls himself Francis is an anti-Pope and that we are living in the last days. My advice to you is to find truth faith and cling to it because evil days are upon us.",1,1,0,1,"The post expresses strong religious beliefs and criticizes the current Pope, suggesting he is an 'anti-Pope.' It uses the term 'morons,' which could be considered offensive, but it is not directed at a specific group based on protected characteristics. The post does not contain explicit calls for violence or use vulgar language. The focus is on religious interpretation and personal belief, which may not be considered hate speech by all annotators. However, the use of 'morons' could lead to some disagreement among annotators regarding its offensiveness.","[0, 0, 1]","The post is primarily about religious beliefs and criticism of the current Pope, which may not be considered hate speech. The use of 'morons' could be seen as offensive, but it is not directed at a specific group based on protected characteristics. Annotators may disagree on whether this constitutes hate speech, leading to a possible label of [0, 0, 1].",0,1
16,"I have little doubt that Obama started an illegal gun registration database, hid it deep in the bowels of the gubmint, & then when the usurper left the White House took it with him to share with his Che Guevara butt buddies. ",0,1,0,0,"The post contains offensive language and derogatory terms, particularly the phrase 'Che Guevara butt buddies,' which could be interpreted as a homophobic slur. This aspect may lead some annotators to label it as hate speech due to vulgarity and offensive language. Additionally, the post implies a conspiracy theory involving Obama, which may not directly fall under hate speech but could be seen as an assault on human dignity if interpreted as racially motivated. However, the primary focus seems to be on the offensive language used. Annotators may have differing opinions on whether the post constitutes hate speech, leading to potential disagreement.","[1, 0, 1]","The post contains offensive language and derogatory terms, particularly the phrase 'Che Guevara butt buddies,' which could be interpreted as a homophobic slur. This aspect may lead some annotators to label it as hate speech due to vulgarity and offensive language. Additionally, the post implies a conspiracy theory involving Obama, which may not directly fall under hate speech but could be seen as an assault on human dignity if interpreted as racially motivated. However, the primary focus seems to be on the offensive language used. Annotators may have differing opinions on whether the post constitutes hate speech, leading to potential disagreement.",1,1
17,@POTUS ,0,0,0,0,"The post '@POTUS' is simply a mention of the President of the United States' official Twitter handle. It does not contain any content that could be interpreted as hate speech. There are no assaults on human dignity, calls for violence, or vulgarity/offensive language present in this post. Given the lack of context or additional content, it is likely that all annotators would agree that this post does not constitute hate speech.","[0, 0, 0]","The post '@POTUS' is a straightforward mention of the official Twitter handle for the President of the United States. It lacks any additional context or content that could be interpreted as hate speech. There are no elements of assaults on human dignity, calls for violence, or vulgarity/offensive language. Therefore, it is expected that all annotators would agree that this post does not constitute hate speech, resulting in a low disagreement scenario.",0,0
18,"And it is truly shocking and discouraging to observe how many cowardly whites have chosen the second option.  They would rather their children face extinction at the hands of brutal, subhuman muslims than be seen as ‘racists’.",1,1,1,0,"The post contains language that degrades and dehumanizes Muslims by referring to them as 'subhuman', which is an assault on human dignity. It also implies a threat to 'whites' and their children, suggesting a racial conflict, which could be interpreted as a call for violence or at least a justification for it. The use of the term 'cowardly whites' and the context of choosing between being seen as 'racists' or facing 'extinction' adds to the offensive nature of the post. Given these elements, annotators are likely to see this as hate speech, though there might be some disagreement on the severity or specific aspects.","[1, 1, 1]","The post is likely to be labeled as hate speech by all three annotators due to its dehumanizing language towards Muslims and the implication of racial conflict. The language used is offensive and degrading, and it suggests a threat to a racial group, which aligns with aspects of hate speech such as assaults on human dignity and potential calls for violence. Therefore, the labels are likely to be [1, 1, 1].",1,0
19,"The Alt-Right are PRO-Hamas and PRO-Hezbollah for the sole reason that they're also against the Jews just like them. I mean, I myself am Anti-Zionism, but I am NOT Anti-Jew.",1,1,1,0,"The post discusses the Alt-Right's alleged support for Hamas and Hezbollah due to shared anti-Jewish sentiments. It distinguishes between being anti-Zionism and anti-Jew, which may be seen as an attempt to separate political criticism from hate speech. However, the mention of the Alt-Right's alignment with groups known for violence against Jews could be interpreted as an assault on human dignity or a call for violence. The post does not use vulgar or offensive language directly, but the context of supporting groups against Jews could be seen as offensive. Annotators might disagree on whether the post constitutes hate speech due to its nuanced distinction between anti-Zionism and anti-Jewish sentiment, leading to potential high disagreement.","[0, 1, 0]","The post is likely to be interpreted differently by annotators due to its nuanced language. One annotator might see it as hate speech due to the association with groups known for violence against Jews, while another might focus on the distinction made between anti-Zionism and anti-Jewish sentiment, viewing it as a political statement rather than hate speech. A third annotator might also see it as not constituting hate speech due to the lack of vulgar language and the attempt to clarify the distinction between political and racial/ethnic criticism.",0,1
20,ISIS Warns of Knife Attack 'Surprises' at Concerts ,0,1,0,0,"The post reports on a warning from ISIS about potential knife attacks at concerts. It does not directly assault human dignity, as it is more of a news report rather than a statement demeaning any group. However, it does mention a call for violence, as it references threats of knife attacks, which could be interpreted as inciting fear or violence. The language used is not vulgar or offensive, but the content itself is alarming due to the nature of the threat. Annotators might have different interpretations based on whether they see the post as merely reporting a threat or as spreading fear and potentially inciting violence.","[0, 1, 0]","The post is likely to be interpreted differently by annotators. One might see it as a straightforward report of a threat, not constituting hate speech (0). Another might view the mention of violence as a call for violence, thus labeling it as hate speech (1). The third annotator might also see it as a report and not label it as hate speech (0).",0,0
21,UBERMENSCHEIT: HEALTH PROTOCOLS ,0,0,0,0,"The term 'Ubermensch' is a German word meaning 'superman' or 'overman', popularized by the philosopher Friedrich Nietzsche. It has been historically associated with Nazi ideology, where it was used to describe an idealized superior human. However, the post itself is vague and lacks context. It simply states 'UBERMENSCHEIT: HEALTH PROTOCOLS' without any explicit offensive language, calls for violence, or clear assaults on human dignity. The ambiguity of the post could lead to different interpretations by annotators. Some might see it as a benign reference to health protocols, while others might interpret it as a veiled reference to supremacist ideology, especially given the historical connotations of 'Ubermensch'. This could lead to high disagreement among annotators.","[0, 0, 1]","The post uses the term 'Ubermensch', which has historical connotations with Nazi ideology, but the context is unclear. It mentions 'health protocols', which could be interpreted in various ways. Without explicit offensive language or clear calls for violence, the post might not be unanimously considered hate speech. Annotators might disagree on whether the use of 'Ubermensch' in this context constitutes an assault on human dignity or not. Therefore, the labels could vary, with some annotators not considering it hate speech and others potentially seeing it as problematic due to the term's historical associations.",0,0
22,"Happened to me right after I called Chelsea Handler a filthy, dirty whore. Maybe that was it.",1,1,1,0,"The post contains vulgar and offensive language directed at an individual, Chelsea Handler, by calling her a 'filthy, dirty whore.' This language is degrading and demeaning, which falls under the aspect of 'Assaults on Human Dignity.' The use of such language is likely to be interpreted as hate speech by some annotators due to its offensive nature. However, there is no explicit call for violence in the post. Given the offensive language, there might be some disagreement among annotators, but it is likely to be low disagreement as the language is clearly offensive.","[1, 1, 0]","The post uses offensive language that degrades an individual, which is likely to be considered hate speech by at least two annotators. The language is vulgar and demeaning, which aligns with the 'Assaults on Human Dignity' aspect of hate speech. However, one annotator might not consider it hate speech if they focus on the absence of a broader context or call for violence.",1,0
23,THE SINISTER CABAL BEHIND RACE-MIXING COMMERCIALS  Four Jewish owned mega corporations control the vast majority of all advertising agencies. The Omnicom Group of New York  WPP of London  Publicis of Paris and Interpublic of New York   https://europeansworldwide.wordpress.com/2018/06/27/the-sinister-cabal-behind-race-mixing-commercials/ ,1,1,1,0,"The post makes a claim about a 'sinister cabal' behind race-mixing commercials, specifically targeting Jewish-owned corporations. This can be seen as an assault on human dignity, as it perpetuates anti-Semitic stereotypes and conspiracy theories about Jewish control and influence. The language used ('sinister cabal') is suggestive of a negative and potentially harmful intent, which could be interpreted as a call for discrimination or hostility against Jewish individuals or groups. While the post does not explicitly call for violence, the underlying message could be seen as promoting harmful stereotypes. The post does not contain vulgarity or offensive language in terms of profanity, but the content itself is offensive due to its anti-Semitic nature. Annotators might have different interpretations based on their sensitivity to anti-Semitic tropes and conspiracy theories, leading to some disagreement.","[1, 1, 0]",The post is likely to be labeled as hate speech by at least two annotators due to its anti-Semitic content and perpetuation of harmful stereotypes. One annotator might not label it as hate speech if they do not perceive the content as directly harmful or if they interpret it as a critique of corporate influence without recognizing the anti-Semitic undertones.,1,0
24,Maybe Q is right maybe not but right now I hope,0,0,0,0,"The post is vague and does not contain any explicit hate speech elements. It references 'Q', which could be related to QAnon, a conspiracy theory group, but the post itself does not contain any assaults on human dignity, calls for violence, or vulgarity. The ambiguity and lack of context make it difficult to categorize definitively as hate speech, leading to potential high disagreement among annotators.","[0, 0, 0]","The post is ambiguous and lacks explicit hate speech elements. It references 'Q', which could be related to QAnon, a conspiracy theory group, but the post itself does not contain any assaults on human dignity, calls for violence, or vulgarity. The ambiguity and lack of context make it difficult to categorize definitively as hate speech, leading to potential high disagreement among annotators. Therefore, it is likely that all three annotators would label it as not hate speech, resulting in labels [0, 0, 0].",0,0
25,Some people wish for world peace.  Chris Rock wishes more white kids would get shot.  https://www.youtube.com/watch?v=fF7qzqb_wQc,1,1,0,1,"The post references a statement by Chris Rock, a comedian known for his provocative humor. The statement about wishing more white kids would get shot is likely intended as a satirical comment on racial issues and gun violence in America. However, the post could be interpreted in different ways. Some annotators might see it as a call for violence or an assault on human dignity due to the mention of shooting white kids, while others might view it as a satirical critique of societal issues, not meant to be taken literally. The context of the statement being from a comedian might lead some annotators to not label it as hate speech, while others might focus on the literal interpretation of the words.","[1, 0, 1]","The post contains a statement that could be interpreted as a call for violence against a specific racial group, which may lead some annotators to label it as hate speech. However, given the context of the statement being from a comedian known for satire, some annotators might not see it as a genuine call for violence or an assault on human dignity. The use of potentially offensive language could also influence the labeling. Overall, there is likely to be disagreement among annotators, with some focusing on the literal interpretation and others considering the satirical context.",1,0
26,Haha. @Eric_StrikerDS won't let me follow him any more because I like to remind him that the Alt-Right media embargo on @Patrick_little was RACE TREASON. ,1,1,1,0,"The post mentions 'RACE TREASON,' which could be interpreted as an assault on human dignity, as it implies betrayal based on race. However, the context is not entirely clear, and it could be seen as a critique of media behavior rather than a direct attack on a racial group. The use of 'Alt-Right' and the mention of specific individuals may suggest a political context, which could influence interpretation. There is no explicit call for violence or use of vulgar language, but the term 'RACE TREASON' might be seen as offensive or inflammatory by some. Given the ambiguity and potential for different interpretations, there is likely to be high disagreement among annotators.","[0, 1, 0]","The post's mention of 'RACE TREASON' could be seen as an assault on human dignity, as it implies a betrayal based on race. However, the context is not entirely clear, and it could be interpreted as a critique of media behavior rather than a direct attack on a racial group. The use of 'Alt-Right' and the mention of specific individuals may suggest a political context, which could influence interpretation. There is no explicit call for violence or use of vulgar language, but the term 'RACE TREASON' might be seen as offensive or inflammatory by some. Given the ambiguity and potential for different interpretations, there is likely to be high disagreement among annotators.",0,1
27,"Ahead of pivotal Senate hearing, witnesses surface to say Christine Ford may have mistaken them for Kavanaugh ",0,0,0,0,"The post discusses a political event related to Christine Ford and Brett Kavanaugh, which was a highly publicized and contentious issue. The post itself does not contain any vulgar or offensive language, nor does it make any direct assaults on human dignity or calls for violence. It appears to be a statement about a political situation without any explicit hate speech elements. However, given the sensitive nature of the topic, some annotators might perceive an implicit bias or an attempt to undermine Ford's credibility, which could be seen as an assault on her dignity. This could lead to some disagreement among annotators, but overall, the post is likely to be seen as not constituting hate speech.","[0, 0, 0]","The post is a straightforward statement about a political event and does not contain explicit hate speech elements. It is likely to be labeled as not hate speech by all three annotators, although some might perceive an implicit bias.",0,0
28,"A woman without tattoos is the new virgin. You decide what that means, ladies.",1,1,1,0,"The post makes a comparison between women with tattoos and the concept of virginity, which could be interpreted as demeaning or degrading to women by implying a standard of purity or worth based on physical appearance. This could be seen as an assault on human dignity. However, the post does not contain explicit vulgarity or offensive language, nor does it call for violence. The interpretation of this post may vary among annotators, with some seeing it as a commentary on societal standards and others viewing it as a subtle form of hate speech against women.","[0, 1, 0]","The post could be interpreted in different ways. Annotator Andy might see it as a commentary on societal standards and not label it as hate speech. Annotator Ben might view it as demeaning to women and label it as hate speech. Annotator Chris might not see it as hate speech, interpreting it as a neutral statement.",0,1
29,Hey ,0,1,0,0,"The post 'Hey' is a simple greeting and does not contain any language or context that would suggest hate speech. It does not demean or degrade any individuals or groups, does not call for violence, and does not contain vulgar or offensive language. Therefore, it is likely that all annotators would agree that this post does not constitute hate speech.","[0, 0, 0]","The post 'Hey' is a simple greeting and does not contain any language or context that would suggest hate speech. It does not demean or degrade any individuals or groups, does not call for violence, and does not contain vulgar or offensive language. Therefore, it is likely that all annotators would agree that this post does not constitute hate speech. The labels assigned by the annotators would likely be [0, 0, 0].",0,0
30,"You're so Jew cucked you can't even see straight.  I said despite seeing Hellstorm you still can't find empathy.  What is your ethics code with lying and blaming it on someone else?  Please elaborate on the ""virtues"" of the Katyn Massacre cover up. ",1,1,1,1,"The post uses the term 'Jew cucked,' which is a derogatory and offensive term that targets Jewish people, suggesting an assault on human dignity. The language is vulgar and offensive, and it implies a negative stereotype about Jewish influence. The mention of 'Hellstorm' and 'Katyn Massacre cover up' could be interpreted as historical references that are used to further demean or blame Jewish people, although the context is not entirely clear. Given the use of offensive language and potential for demeaning Jewish people, annotators are likely to label this as hate speech, though there might be some disagreement due to the historical references and lack of explicit calls for violence.","[1, 1, 0]","The post contains offensive language and derogatory terms targeting Jewish people, which is likely to be considered hate speech by most annotators. However, the historical references and lack of explicit calls for violence might lead to some disagreement among annotators.",1,0
31,"""Coming to you next, Jews have found a new way to kill Aryans, and yes it will all happen in space.""",1,1,0,1,"The post contains a conspiracy theory suggesting that Jews are plotting to kill Aryans, which is a clear assault on human dignity by promoting harmful stereotypes and demeaning a group based on religion. It also implies a threat of violence, suggesting a plan to kill a specific group, which could be seen as a call for violence. The language used is not overtly vulgar, but the content is offensive and promotes hate speech. Annotators are likely to agree that this post constitutes hate speech due to its clear targeting of a religious group and the suggestion of violence.","[1, 1, 1]","The post is likely to be labeled as hate speech by all three annotators due to its clear assault on human dignity and implied call for violence against a religious group. The content is offensive and promotes harmful stereotypes, leading to a consensus among annotators.",1,0
32,Your primary citizenship should be in the Kingdom of God.,0,0,0,0,"The post suggests that one's primary allegiance should be to a religious entity, the 'Kingdom of God.' It does not explicitly demean or degrade any group based on protected characteristics, nor does it incite violence or use vulgar language. The post is more of a religious or spiritual statement rather than hate speech. Annotators are likely to agree that this post does not constitute hate speech, leading to low disagreement.","[0, 0, 0]",The post is a religious statement encouraging individuals to prioritize their spiritual or religious identity. It does not contain elements of hate speech as defined by the aspects provided. Annotators are likely to agree that it is not hate speech.,0,0
33,Defending Islam should be made a capital offence.,1,1,1,1,"The post suggests that defending Islam should be punishable by death, which can be interpreted as a call for violence against those who defend Islam. This is a serious statement that could be seen as inciting harm or violence. Additionally, it assaults human dignity by targeting individuals based on their religious beliefs. The language used is not overtly vulgar, but the content is highly offensive and could be considered hate speech. Annotators are likely to agree that this post constitutes hate speech due to its call for violence and assault on human dignity.","[1, 1, 1]","The post suggests that defending Islam should be punishable by death, which can be interpreted as a call for violence against those who defend Islam. This is a serious statement that could be seen as inciting harm or violence. Additionally, it assaults human dignity by targeting individuals based on their religious beliefs. The language used is not overtly vulgar, but the content is highly offensive and could be considered hate speech. Annotators are likely to agree that this post constitutes hate speech due to its call for violence and assault on human dignity.",1,0
34,"Hogg, Fuck you and CNN,Twitter,Facebook,HRC,SOROS,Obama,Bush to HELL!",0,1,0,0,"The post contains vulgar and offensive language directed at multiple individuals and entities, including public figures and organizations. The use of 'Fuck you' and 'to HELL' suggests a strong negative sentiment and hostility, which may be interpreted as an assault on human dignity. However, it does not explicitly call for violence. Given the strong language and the potential for different interpretations of the severity of the language, there may be some disagreement among annotators, but it is likely to be low disagreement as the offensive nature is quite clear.","[1, 1, 1]","The post is likely to be labeled as hate speech by all three annotators due to the use of vulgar and offensive language directed at individuals and groups. The language used is degrading and demeaning, which aligns with the aspect of assaults on human dignity. Although there is no explicit call for violence, the hostility expressed could be perceived as promoting a negative and harmful attitude. Therefore, all three annotators are likely to label it as hate speech.",1,1
35,"If this Muslim rapist & murderer can carry a rifle, why shouldn't we? https://www.amazon.com/Tales-Havoc-K-J-Gillispie/dp/1683480236/ref=sr_1_1?ie=UTF8&qid=1526554949&sr=8-1&keywords=tales+of+havoc+volume+1",1,1,1,1,"The post refers to a 'Muslim rapist & murderer' which can be seen as an assault on human dignity by associating negative stereotypes with Muslims. The phrase 'why shouldn't we?' could be interpreted as a call for violence or vigilantism, suggesting that the speaker or others should also carry rifles, potentially to use against Muslims. The language used is provocative and could be seen as inciting violence or hatred. Given these elements, annotators might see this as hate speech due to the demeaning language and potential incitement to violence.","[1, 1, 1]","The post is likely to be labeled as hate speech by all three annotators due to its demeaning reference to Muslims and the implicit suggestion of violence. The language used is offensive and could be interpreted as inciting violence, leading to a consensus among annotators that it constitutes hate speech.",1,0
36,"Now to the name calling. As to implying that Reformed types are not Christians, I did not come to your profile to say that you were not part of the elect (though your nasty attitude toward Reformed thought and your Judeophilia would make me question whether you are). Regardless of your standing with Christ, perhaps you should at least learn some manners.",0,1,0,0,"The post contains a derogatory term 'Judeophilia,' which could be interpreted as an assault on human dignity, particularly towards those who are supportive of Jewish people. The post also questions the religious standing of the person it addresses, which could be seen as demeaning. However, it does not contain explicit calls for violence or vulgar language. The context of religious debate might lead to different interpretations, with some annotators focusing on the potential demeaning aspect and others seeing it as a heated religious discussion without hate speech.","[0, 1, 0]","The post contains a derogatory term 'Judeophilia,' which could be interpreted as an assault on human dignity, particularly towards those who are supportive of Jewish people. The post also questions the religious standing of the person it addresses, which could be seen as demeaning. However, it does not contain explicit calls for violence or vulgar language. The context of religious debate might lead to different interpretations, with some annotators focusing on the potential demeaning aspect and others seeing it as a heated religious discussion without hate speech.",0,0
37,President Trump Honors North Korean Defector https://twitter.com/OANN/status/958715793461542912,0,0,0,0,"The post is a straightforward statement about President Trump honoring a North Korean defector, with a link to a news source. It does not contain any language that assaults human dignity, calls for violence, or uses vulgar or offensive language. The post is neutral and factual, and there is no indication of hate speech. Annotators are likely to agree on this assessment, resulting in low disagreement.","[0, 0, 0]","The post is a straightforward statement about President Trump honoring a North Korean defector, with a link to a news source. It does not contain any language that assaults human dignity, calls for violence, or uses vulgar or offensive language. The post is neutral and factual, and there is no indication of hate speech. Annotators are likely to agree on this assessment, resulting in low disagreement. Therefore, the labels assigned by the annotators would likely be [0, 0, 0].",0,0
38,"No it is not. But Anni is absolutely delusional with her ""answer"" to the threat of Islam. She said all we have to do to win this war is show Muslims what is in the Koran, and they will leave it. When the ideology has no followers, it will no longer be a threat. Right, it will that easy.",1,1,1,0,"The post discusses a perceived threat from Islam and criticizes a person named Anni for her approach to addressing this threat. The language used is not overtly vulgar or offensive, but it does imply a negative view of Islam as an ideology. The post does not explicitly call for violence, but it does suggest that Islam is a threat that needs to be addressed. Annotators might disagree on whether this constitutes an assault on human dignity, as it could be seen as demeaning to Muslims by implying that their religion is inherently threatening. Given the lack of explicit offensive language or calls for violence, there might be some disagreement among annotators, but it is likely to be low disagreement overall.","[0, 0, 1]","The post critiques a person's approach to dealing with Islam, suggesting that the religion is a threat. While it does not use vulgar language or explicitly call for violence, it implies a negative view of Islam. Annotators might disagree on whether this constitutes hate speech, particularly regarding assaults on human dignity, but the disagreement is likely to be low.",0,1
39,You delusional fuckup Hitler never flooded his country with other nations You kike c....t,1,1,1,0,"The post contains highly offensive language, including a racial slur ('kike') and vulgarity ('fuckup', 'c....t'). The use of 'Hitler' in a context that seems to praise or defend his actions could be interpreted as an assault on human dignity, particularly towards Jewish people. The language is explicitly offensive and targets a specific group, which is likely to be seen as hate speech by most annotators. Given the explicit nature of the language and the historical context invoked, there is likely to be low disagreement among annotators that this post constitutes hate speech.","[1, 1, 1]","The post is likely to be labeled as hate speech by all three annotators due to its use of racial slurs, vulgar language, and the context of defending or praising Hitler, which is an assault on human dignity.",1,0
40,Teresa the appeaser rushed to outrage in Syria while our kids have been raped by these bastard savages for years.,1,1,1,0,"The post uses the phrase 'bastard savages' which is a derogatory term likely directed at a specific group, potentially demeaning or degrading them based on ethnicity or nationality. This could be seen as an assault on human dignity. The post does not explicitly call for violence, but the use of 'savages' could imply a dehumanizing view that might indirectly incite hostility. The language is vulgar and offensive, particularly the use of 'bastard savages,' which could be interpreted as hate speech by some annotators. Given the strong language and potential for different interpretations, there might be some disagreement among annotators, but likely low disagreement as the offensive language is quite clear.","[1, 1, 1]","The post contains offensive language ('bastard savages') that degrades a group, likely based on ethnicity or nationality, which constitutes an assault on human dignity. The vulgarity and offensive language aspect is clearly present. While there is no direct call for violence, the dehumanizing language could be seen as indirectly inciting hostility. Annotators are likely to agree that this post constitutes hate speech due to the clear use of derogatory language.",1,0
41,"Most all so called refugees were former IsIs scum all military aged men , you are so right , A GLOBALIST BACKED STANDING ARMY . Hagelian Dialect",1,1,1,0,"The post makes a sweeping generalization about refugees, labeling them as 'former ISIS scum' and 'military aged men,' which can be seen as an assault on human dignity by demeaning a group based on their status as refugees. The language used is derogatory and could be interpreted as offensive. Additionally, the mention of a 'GLOBALIST BACKED STANDING ARMY' suggests a conspiracy theory, which might not directly call for violence but could incite fear or hostility towards refugees. Given these elements, annotators might have differing views on whether this constitutes hate speech, leading to potential disagreement.","[1, 0, 1]","The post contains elements that could be interpreted as hate speech, particularly in its demeaning language towards refugees and the use of derogatory terms. Annotator Andy might label it as hate speech due to the assault on human dignity and offensive language. Annotator Ben might not see it as hate speech if he interprets it as a political opinion rather than a direct attack. Annotator Chris might agree with Andy, seeing the language as degrading and potentially inciting hostility, thus labeling it as hate speech.",1,0
42,"Fucking Jew, Jew, Jew, Jew, LOL 😂 I love saying Jew! Jew bitch, Jew fagg, Jew pedophile, etc, etc! Add the word Jew to it and it automatically becomes derogatory! 😂",1,1,1,1,"The post contains multiple aspects of hate speech. It uses vulgar and offensive language, including slurs and derogatory terms, specifically targeting Jewish people. This constitutes an assault on human dignity as it demeans and degrades individuals based on their religion. The repeated use of the word 'Jew' in a derogatory context is likely to be interpreted as hate speech by all annotators. The post does not explicitly call for violence, but the offensive language and demeaning nature are clear indicators of hate speech. Given the explicit nature of the language and the clear target, there is likely to be low disagreement among annotators, with all or most labeling it as hate speech.","[1, 1, 1]","The post is highly offensive and targets a specific group (Jewish people) with derogatory language. It uses slurs and offensive terms, which are clear indicators of hate speech. The post does not call for violence but does assault human dignity through its language. Annotators are likely to agree on labeling this as hate speech due to the explicit and derogatory nature of the content.",1,0
43,"""You’re Going To JAIL!”, Nunes DROPS A NUKE On Hillary, Confirms Her Worst Form Of Collusion Yet https://www.youtube.com/watch?v=tNzSXkUodF8",0,1,0,0,"The post uses sensational language, such as ""DROPS A NUKE"" and ""Confirms Her Worst Form Of Collusion Yet,"" which is likely intended to grab attention. However, it does not directly demean or degrade individuals or groups based on protected characteristics, nor does it explicitly call for violence. The language is provocative but not overtly vulgar or offensive. The post seems to be more about political commentary rather than hate speech. Annotators might have low disagreement, as the post does not clearly fall into the hate speech categories.","[0, 0, 0]","The post is a sensational political statement targeting a public figure, Hillary Clinton, with accusations of collusion. It does not contain explicit hate speech elements such as assaults on human dignity, calls for violence, or vulgarity/offensive language. Annotators are likely to agree that it does not constitute hate speech.",0,0
44,If we get the word OUT ,1,1,1,0,"The post 'If we get the word OUT' is very vague and lacks context. It does not contain any explicit language or content that directly relates to the aspects of hate speech such as assaults on human dignity, calls for violence, or vulgarity and offensive language. Due to its ambiguity and lack of context, annotators might have different interpretations of what 'the word' refers to, leading to high disagreement. Some might see it as a benign statement, while others might infer a negative connotation depending on their assumptions about the context.","[0, 0, 0]","The post is too vague to be considered hate speech without additional context. It does not explicitly demean, incite violence, or use offensive language. Therefore, it is likely that all annotators would agree it is not hate speech, resulting in labels [0, 0, 0].",0,1
45,The Jew wants to kill and breed out Whites. Jews lobby for the White Genocide in South Africa and their jingo sell out race traitor libtards follow suit.,1,1,1,1,"The post contains explicit hate speech targeting Jews, accusing them of wanting to kill and breed out Whites, which is an assault on human dignity. It also uses derogatory terms like 'jingo sell out race traitor libtards,' which falls under vulgarity and offensive language. The post promotes harmful stereotypes and conspiracy theories about Jews, which is likely to be interpreted as hate speech by all annotators. Given the explicit nature of the language and the clear targeting of a specific group, there is likely low disagreement among annotators.","[1, 1, 1]","The post is likely to be labeled as hate speech by all three annotators due to its explicit targeting of Jews and the use of offensive language. It clearly assaults human dignity by promoting harmful stereotypes and conspiracy theories about Jews, and it uses derogatory language. Therefore, the labels are likely to be [1, 1, 1].",1,0
46,"GOP Lawmaker: Comey, McCabe & Ohr Should Be in PRISON for ‘Committing Fraud Upon FISA Court’",0,1,0,0,"The post expresses a strong opinion about certain individuals, suggesting they should be imprisoned for alleged fraud. However, it does not explicitly demean or degrade individuals based on protected characteristics, nor does it incite violence. The language is assertive but not vulgar or offensive. Annotators might have different interpretations based on their views on political discourse and whether they see this as a call for violence or simply a political opinion. Therefore, there might be some disagreement among annotators, but it is likely to be low.","[0, 0, 0]","The post is a political opinion piece that criticizes specific individuals for alleged legal misconduct. It does not contain hate speech as it does not attack individuals based on protected characteristics, nor does it use vulgar language or incite violence. Annotators are likely to agree that this is not hate speech, resulting in low disagreement.",0,0
47,"Hey retard, thats not how tagging works, kill yourself you dumbfuck baby boomer nigger.",1,1,1,1,"The post contains multiple aspects of hate speech. It uses vulgar and offensive language, including slurs such as 'retard' and 'nigger,' which are derogatory and demeaning to individuals with disabilities and people of African descent, respectively. The phrase 'kill yourself' is a call for violence, encouraging self-harm. The post also assaults human dignity by using language that degrades individuals based on race and possibly age ('baby boomer'). Given the explicit nature of the language and the multiple aspects of hate speech present, annotators are likely to agree that this post constitutes hate speech, resulting in low disagreement.","[1, 1, 1]","The post is highly offensive and contains multiple elements of hate speech, including vulgarity, calls for violence, and assaults on human dignity. Annotators are likely to agree on labeling it as hate speech.",1,0
48,A reason to ignore the word and continue to speak the truth!,0,0,0,0,"The post is quite vague and does not contain any explicit language or context that would clearly categorize it as hate speech. It does not seem to assault human dignity, call for violence, or use vulgar or offensive language. The phrase 'speak the truth' could be interpreted in various ways depending on the context, but without additional context, it is not inherently hateful. Annotators might have different interpretations based on their subjective views, but overall, it is likely to be seen as non-hate speech.","[0, 0, 0]","The post is vague and lacks explicit content that would categorize it as hate speech. It does not demean individuals or groups, incite violence, or use offensive language. The phrase 'speak the truth' is open to interpretation but is not inherently hateful. Annotators are likely to agree that it is not hate speech.",0,0
49,Liberalism = socialism = communism = hatred = evil,1,1,0,1,"The post equates liberalism, socialism, and communism with hatred and evil. This could be seen as an assault on human dignity by demeaning political ideologies and those who identify with them. However, it does not explicitly call for violence or use vulgar language. Annotators might disagree on whether this constitutes hate speech, as it depends on the interpretation of whether political ideologies are protected characteristics and the severity of the language used.","[0, 1, 0]","The post equates liberalism, socialism, and communism with hatred and evil. This could be seen as an assault on human dignity by demeaning political ideologies and those who identify with them. However, it does not explicitly call for violence or use vulgar language. Annotators might disagree on whether this constitutes hate speech, as it depends on the interpretation of whether political ideologies are protected characteristics and the severity of the language used. Therefore, the labels could be [0, 1, 0], indicating some disagreement among annotators.",0,1
50,"""In fact, President Trump is said to have written in his 2011 book, ""Time to Get Tough: Make America Great Again!"" , that Saudi Arabia is the ""World's biggest funder of terrorism"". Of course this explains why his administration just signed a $110 billion weapons deal with them as well right? Makes perfect sense!""",1,1,1,0,"The post discusses a political issue involving President Trump and a weapons deal with Saudi Arabia. It uses sarcasm to highlight a perceived contradiction in U.S. foreign policy. The post does not contain vulgar or offensive language, nor does it call for violence. It does not demean or degrade individuals or groups based on protected characteristics. Therefore, it is unlikely to be considered hate speech by the annotators.","[0, 0, 0]",The post is a critique of political actions and does not exhibit characteristics of hate speech. It is likely to be labeled as non-hate speech by all annotators.,0,1
51,Where is that Nicolas Cage meme when you need it? ,1,1,1,0,"The post is a reference to a popular meme involving Nicolas Cage, which is typically used in a humorous or sarcastic context. It does not contain any language that assaults human dignity, calls for violence, or uses vulgar or offensive language. The post is likely to be interpreted as non-hate speech by all annotators due to its neutral and humorous nature.","[0, 0, 0]",The post is a light-hearted reference to a meme and does not exhibit any characteristics of hate speech. It is unlikely to be interpreted as hate speech by any of the annotators.,0,1
52,The jews are behind it,1,1,1,0,"The post 'The jews are behind it' is likely to be interpreted as hate speech by most annotators due to its antisemitic nature. It suggests a conspiracy theory that blames Jewish people for unspecified events or actions, which is a common antisemitic trope. This can be seen as an assault on human dignity as it targets a specific religious and ethnic group. The post does not explicitly call for violence, but the use of 'The jews' in a blaming context is offensive and demeaning. Given the clear antisemitic implication, there is likely to be low disagreement among annotators, with most agreeing it constitutes hate speech.","[1, 1, 1]","The post 'The jews are behind it' is likely to be interpreted as hate speech by most annotators due to its antisemitic nature. It suggests a conspiracy theory that blames Jewish people for unspecified events or actions, which is a common antisemitic trope. This can be seen as an assault on human dignity as it targets a specific religious and ethnic group. The post does not explicitly call for violence, but the use of 'The jews' in a blaming context is offensive and demeaning. Given the clear antisemitic implication, there is likely to be low disagreement among annotators, with most agreeing it constitutes hate speech. Therefore, the labels would likely be [1, 1, 1].",1,0
53,The only way to stop these animals is to hang them one by one in the city square so others from their culture can see what happens when you rape one of ours.,1,1,0,1,"The post contains language that dehumanizes a group of people by referring to them as 'animals,' which is an assault on human dignity. It also explicitly calls for violence by suggesting that individuals should be hanged in the city square as a form of punishment and deterrence. The post uses offensive language and promotes a violent and degrading act based on cultural or ethnic identity. Given these elements, it is likely that all annotators would agree that this post constitutes hate speech, although there might be some variation in interpretation due to the severity of the language and the explicit call for violence.","[1, 1, 1]","The post is likely to be labeled as hate speech by all annotators due to its dehumanizing language, explicit call for violence, and offensive content targeting a specific cultural group. The consensus among annotators would likely be high, resulting in labels of [1, 1, 1].",1,0
54,"#AntiWhites deny #WhiteGenocide, then treat Whites as pure evil.",1,1,1,0,"The post uses hashtags like #AntiWhites and #WhiteGenocide, which are often associated with white supremacist rhetoric. The phrase 'treat Whites as pure evil' suggests a narrative of victimization and persecution of white people, which can be seen as an assault on human dignity by promoting a divisive and potentially harmful ideology. The post does not explicitly call for violence, but the language used could be interpreted as inflammatory or offensive, particularly in the context of racial discussions. Annotators might disagree on whether this constitutes hate speech due to the lack of explicit vulgarity or direct calls for violence, but the underlying message could be seen as promoting a harmful narrative.","[1, 0, 1]","The post uses language and hashtags that are commonly associated with white supremacist ideologies, which may lead some annotators to label it as hate speech due to its potential to demean or degrade individuals based on race. However, the post does not contain explicit vulgarity or direct calls for violence, which might lead to some disagreement among annotators. Therefore, the labels could vary, with some annotators focusing on the underlying message and others on the lack of explicit offensive language.",1,0
55,"i guess eu is gonna have to back track a little. what we ..usa says matters , more disappointment for msm ",0,0,0,0,"The post does not contain any explicit assaults on human dignity, calls for violence, or vulgarity and offensive language. It seems to be a commentary on international relations and media disappointment, which is not inherently hateful. The language is neutral and does not target any specific group or individual. Therefore, it is likely that annotators would agree that this post does not constitute hate speech.","[0, 0, 0]","The post is a commentary on international relations and media disappointment, without any explicit hate speech elements. Annotators are likely to agree that it does not constitute hate speech.",0,0
56,"""The challenge of this age is in convincing typical white people that it is not socialism they should fear, it is extermination. There are still people waddling around in their tricorn hats talking about the socialist menace. Mention race to them and they start hyperventilating about their constitutional principles."" - @TheZBlog",1,1,1,0,"The post suggests that white people should fear extermination rather than socialism, which could be interpreted as an assault on human dignity by implying a threat to a racial group. It also uses language that could be seen as fear-mongering or inciting fear based on race, which might be interpreted as a call for violence or at least a call to action based on racial fear. However, it does not contain vulgarity or offensive language directly. Annotators might disagree on whether the post constitutes hate speech due to its indirect language and the context of discussing race and fear.","[1, 0, 1]","The post implies a threat to a racial group, which could be seen as an assault on human dignity. It suggests that white people should fear extermination, which might be interpreted as inciting fear based on race. However, it does not contain direct vulgarity or offensive language. Annotators might disagree on whether it constitutes hate speech due to its indirect language and context.",1,0
57,Yeah another Communist/Nazi democrat political tactic to ruin folks lives and put RADICAL women in charge! These folks are lunatics! It's like to hell with due process,0,1,0,0,"The post uses strong language to criticize a political group, referring to them as 'Communist/Nazi' and 'lunatics,' which could be seen as offensive or derogatory. It also mentions 'RADICAL women,' which could be interpreted as an assault on human dignity by targeting women in a political context. However, it does not explicitly call for violence. The language is vulgar and offensive, but the interpretation of whether it constitutes hate speech may vary among annotators.","[0, 1, 1]","The post contains offensive language and derogatory terms, particularly targeting political groups and women. Annotator Andy might see the use of 'Communist/Nazi' and 'lunatics' as offensive but not necessarily hate speech, leading to a label of 0. Annotator Ben might focus on the derogatory nature of the language towards women and political groups, labeling it as hate speech with a 1. Annotator Chris might also see the post as demeaning towards women and political groups, agreeing with Ben and labeling it as hate speech with a 1.",1,1
58,Women. ,1,1,1,0,"The post simply states 'Women.' without any additional context or language that could be interpreted as hate speech. It does not contain any assaults on human dignity, calls for violence, or vulgarity and/or offensive language. Given the lack of context and content, annotators are likely to agree that this post does not constitute hate speech.","[0, 0, 0]","The post 'Women.' is neutral and lacks any context or language that would typically be associated with hate speech. Therefore, it is likely that all three annotators would label it as not hate speech, resulting in labels [0, 0, 0].",0,1
59,Will only post ONCE... posing the question... WHY AINT SLICK WILLY IN PRISON FOR RAPE? ,0,1,0,0,"The post questions why a specific individual, referred to as 'Slick Willy,' is not in prison for rape. The use of the nickname 'Slick Willy' could be seen as derogatory, but it is not explicitly a slur or offensive language. The post does not directly assault human dignity based on protected characteristics, nor does it call for violence. However, it does imply a serious criminal accusation without evidence, which could be seen as offensive or defamatory. Annotators might disagree on whether this constitutes hate speech due to the lack of explicit offensive language or calls for violence, leading to potential high disagreement.","[0, 0, 1]","The post does not contain explicit hate speech elements such as assaults on human dignity based on protected characteristics or calls for violence. It does, however, make a serious accusation against an individual, which could be seen as offensive or defamatory. Annotators might have differing opinions on whether this constitutes hate speech, leading to potential high disagreement. Therefore, the labels could be [0, 0, 1], reflecting a possible disagreement among annotators.",0,0
60,"Upon study and cross reference, I believe the sword mentioned is the spiritual one obtained by belief in God and following His word..  ",0,0,0,0,"The post discusses a 'spiritual sword' obtained through belief in God and following His word. It does not appear to demean or degrade any individuals or groups based on protected characteristics, nor does it incite or encourage violence. The language used is not vulgar or offensive. Therefore, it is unlikely to be considered hate speech by the annotators.","[0, 0, 0]","The post is unlikely to be considered hate speech as it does not exhibit any of the aspects of hate speech such as assaults on human dignity, calls for violence, or vulgarity and offensive language. It is a religious expression that is generally benign and non-threatening.",0,0
61,"Daniel, you're stupid. If I'm not mistaken there are a great many black police officers. You don't even know how to think for yourself. You're nothing but a parrot, ""Polly want a cracker"".",0,1,0,0,"The post contains a personal attack on someone named Daniel, calling him 'stupid' and a 'parrot.' While it does mention 'black police officers,' it does not explicitly demean or degrade individuals based on race, ethnicity, or other protected characteristics. The language used is offensive and derogatory towards Daniel, but it does not clearly fall into the category of hate speech based on the aspects provided. Annotators might have different interpretations of whether the mention of 'black police officers' in this context is problematic or not, leading to some disagreement.","[0, 0, 1]","The post is primarily a personal attack on an individual named Daniel, calling him 'stupid' and a 'parrot.' While it mentions 'black police officers,' it does not explicitly demean or degrade individuals based on race or ethnicity. The language is offensive towards Daniel, but it does not clearly fall into the category of hate speech based on the aspects provided. Annotators might have different interpretations of whether the mention of 'black police officers' is problematic, leading to some disagreement. Therefore, the labels could be [0, 0, 1].",0,0
62,"Well Chelsea Handler most of little people can't afford 24 hour a day 365 days a year armed security guards. And I would bet they do carry semi automatic weapons, but your too stupid to know what a semi automatic is.",0,1,0,0,"The post criticizes Chelsea Handler, implying that she is out of touch with the average person's reality. It uses the term 'stupid' to describe her, which is offensive but not necessarily hate speech. The post does not seem to target any protected group based on race, ethnicity, gender, religion, or sexual orientation, nor does it call for violence. The use of 'stupid' could be seen as vulgar or offensive language, but it is directed at an individual rather than a group. Annotators might have low disagreement on this post, as it does not clearly fall into the hate speech categories.","[0, 0, 0]","The post criticizes Chelsea Handler, implying that she is out of touch with the average person's reality. It uses the term 'stupid' to describe her, which is offensive but not necessarily hate speech. The post does not seem to target any protected group based on race, ethnicity, gender, religion, or sexual orientation, nor does it call for violence. The use of 'stupid' could be seen as vulgar or offensive language, but it is directed at an individual rather than a group. Annotators might have low disagreement on this post, as it does not clearly fall into the hate speech categories.",0,0
63,"we not the same, the real world become a White Nationalist ",1,1,1,0,"The post suggests a division between 'we' and 'the real world,' which is described as becoming a 'White Nationalist.' This could be interpreted as an endorsement of white nationalism, which is often associated with hate speech due to its exclusionary and supremacist ideology. Annotators might consider this as an assault on human dignity, as it implies a hierarchy based on race. However, the post does not explicitly call for violence or use vulgar language, which might lead to some disagreement among annotators. The context and intent behind the statement are not entirely clear, which could result in varying interpretations.","[1, 0, 1]","The post implies a division and suggests that the 'real world' is aligning with white nationalist ideology. This can be seen as an endorsement of a supremacist view, which is a form of hate speech. Annotator Andy might label it as hate speech due to its potential to demean or degrade based on race. Annotator Ben might not see it as hate speech if he interprets it as a mere observation rather than an endorsement. Annotator Chris might agree with Andy, seeing it as an implicit support for a supremacist ideology.",1,0
64,"""if you could fight anyone who would u fight"" ",0,0,0,0,"The post is a hypothetical question about fighting someone, which does not directly assault human dignity, call for violence, or use vulgar or offensive language. It is more of a general question that could be interpreted in various ways depending on the context. However, it does not explicitly encourage violence or target any specific group or individual. Annotators are likely to agree that it does not constitute hate speech, leading to low disagreement.","[0, 0, 0]","The post is a simple question about who someone might choose to fight, without any context or indication of hate speech. It does not target any specific group or individual, nor does it use offensive language or incite violence. Therefore, it is likely that all three annotators would label it as not hate speech, resulting in labels [0, 0, 0].",0,0
65,I'm in EU Finland. I really like Finland because this is not a NATO country and part of the NWO ZOG war machine.,0,0,0,0,"The post expresses a preference for Finland due to its non-NATO status and uses the term 'NWO ZOG war machine.' The term 'ZOG' (Zionist Occupied Government) is often associated with anti-Semitic conspiracy theories, which could be seen as an assault on human dignity. However, the post does not explicitly call for violence or use vulgar language. Annotators might disagree on whether the use of 'ZOG' constitutes hate speech, leading to potential disagreement in labeling.","[1, 0, 1]","The post uses the term 'ZOG,' which is associated with anti-Semitic conspiracy theories, potentially leading to it being labeled as hate speech by some annotators. However, it does not explicitly call for violence or use vulgar language, which might lead to disagreement among annotators. Therefore, the labels could be [1, 0, 1].",1,1
66,https://youtu.be/Lm_3sJ8CRuU ,1,1,1,1,"The post is a link to a YouTube video, and without additional context or description, it is challenging to determine if it contains hate speech. Annotators might disagree on labeling due to the lack of information about the video's content. Some might assume neutrality due to the absence of explicit language or context, while others might consider the potential for hate speech based on the video's content, which is unknown from the link alone.","[0, 0, 0]","The post is a link to a YouTube video, and without additional context or description, it is challenging to determine if it contains hate speech. Annotators might disagree on labeling due to the lack of information about the video's content. Some might assume neutrality due to the absence of explicit language or context, while others might consider the potential for hate speech based on the video's content, which is unknown from the link alone. Therefore, the likely consensus is that it does not entail hate speech based on the text provided, resulting in labels [0, 0, 0].",0,1
67,"I noticed black people on TV reality shows bashing Melania and not Michelle. There is a wall blocking their brains from reality. We see after election, when Michelle is interviewed or is a speaker, she shows no class. Melania, on the other hand, shows class with beauty.",0,1,0,0,"The post compares two public figures, Melania and Michelle, and makes a racial observation about black people on TV reality shows. It suggests that black people have a 'wall blocking their brains from reality,' which could be interpreted as demeaning or degrading based on race. This aspect may be seen as an assault on human dignity. The post does not contain explicit calls for violence or vulgar language, but the racial undertone could lead to disagreement among annotators about whether it constitutes hate speech.","[1, 0, 1]","The post contains a racial stereotype about black people, suggesting they are unable to perceive reality correctly. This could be seen as demeaning and degrading, which may lead some annotators to label it as hate speech. However, the absence of explicit vulgarity or calls for violence might lead others to not label it as hate speech. Therefore, there is likely to be some disagreement among annotators.",1,1
68,"How the Left Gets Away With Attacking, Intimidating, and Silencing People - YouTube https://www.youtube.com/watch?v=la92-kyg4rA",0,1,0,0,"The post shares a YouTube link with a title that suggests a critique of the political left, accusing them of attacking, intimidating, and silencing people. The language used in the title does not contain vulgarity or offensive language, nor does it explicitly call for violence. However, it could be interpreted as an assault on human dignity if it is perceived as unfairly targeting a political group. The post's content is likely to be seen as a political opinion rather than hate speech, but the interpretation may vary based on the viewer's political stance. Therefore, there might be some disagreement among annotators, but it is likely to be low disagreement as the post does not contain explicit hate speech elements.","[0, 0, 0]","The post is likely to be labeled as not containing hate speech by all three annotators. It presents a political opinion without using offensive language or calling for violence. While it critiques a political group, it does not explicitly demean or degrade individuals based on protected characteristics. Therefore, the labels are likely to be [0, 0, 0].",0,0
69,THIS IS THE THREAT IN 2018...  SOROS & OBAMA ARE PLANNING ON RIGGING THE 2018 ELECTION TO CREATE FALSE BLUE WAVE ,0,1,0,0,"The post accuses Soros and Obama of planning to rig an election, which could be seen as an assault on their dignity by attributing malicious intent without evidence. However, it does not explicitly call for violence or use vulgar language. The post may be interpreted differently based on political views, leading to potential disagreement among annotators.","[0, 0, 1]","The post suggests a conspiracy theory involving Soros and Obama, which could be seen as an attack on their character, but it does not contain explicit hate speech elements such as calls for violence or vulgar language. Annotators may disagree on whether it constitutes hate speech, with some seeing it as a political opinion rather than an attack on human dignity.",0,0
70,ISIS vows Eiffel Tower drone attack in new poster  ,0,1,0,0,"The post mentions a threat of violence by ISIS, which is a terrorist organization. This could be seen as a call for violence or an incitement of fear, which is a key aspect of hate speech. However, the post itself does not contain vulgar or offensive language, nor does it directly assault human dignity based on protected characteristics. Annotators might focus on the aspect of calls for violence, leading to some disagreement on whether it constitutes hate speech, as it could be interpreted as reporting a threat rather than endorsing it.","[0, 1, 1]","The post discusses a threat of violence by a known terrorist group, which could be interpreted as inciting fear or violence. Annotators may differ in their interpretation, with some viewing it as a report of a threat rather than an endorsement, leading to potential disagreement.",1,1
71,This is why #Muslims haven't contributed anything to the world in 1400 years.,1,1,1,0,"The post makes a sweeping generalization about Muslims, suggesting that they have not contributed anything to the world in 1400 years. This can be seen as an assault on human dignity, as it demeans and degrades a religious group based on their faith. The statement is likely to be interpreted as hate speech by some annotators due to its derogatory nature towards Muslims. However, it does not contain explicit calls for violence or vulgar language, which might lead to some disagreement among annotators about its classification as hate speech.","[1, 0, 1]","The post is likely to be labeled as hate speech by at least some annotators due to its demeaning nature towards Muslims, which falls under the category of assaults on human dignity. However, the lack of explicit vulgarity or calls for violence might lead to one annotator not labeling it as hate speech, resulting in some disagreement.",1,0
72,Interesting: a bank in Latvia is in poor condition.,0,0,0,0,"The post is a straightforward statement about a bank in Latvia being in poor condition. It does not contain any language that assaults human dignity, calls for violence, or uses vulgar or offensive language. The post is neutral and factual, without any indication of hate speech. Annotators are likely to agree that this post does not constitute hate speech.","[0, 0, 0]","The post is a straightforward statement about a bank in Latvia being in poor condition. It does not contain any language that assaults human dignity, calls for violence, or uses vulgar or offensive language. The post is neutral and factual, without any indication of hate speech. Annotators are likely to agree that this post does not constitute hate speech. Therefore, the labels assigned by the annotators would likely be [0, 0, 0].",0,0
73,"The best ideology is to burn everything to the ground, or as I like to call it, postmodernism. ",1,1,0,1,"The post uses metaphorical language to express a radical idea, which is to 'burn everything to the ground' and equates it with postmodernism. This could be interpreted as a call for violence or destruction, but it is also possible that it is meant to be taken metaphorically or satirically. The phrase 'burn everything to the ground' could be seen as inciting violence, but without specific targets or groups mentioned, it may not be considered hate speech by all annotators. The post does not contain vulgarity or offensive language directed at any specific group. Given the metaphorical nature of the language and the lack of specific targets, there is likely to be high disagreement among annotators.","[0, 1, 0]","The post uses metaphorical language to express a radical idea, which is to 'burn everything to the ground' and equates it with postmodernism. This could be interpreted as a call for violence or destruction, but it is also possible that it is meant to be taken metaphorically or satirically. The phrase 'burn everything to the ground' could be seen as inciting violence, but without specific targets or groups mentioned, it may not be considered hate speech by all annotators. The post does not contain vulgarity or offensive language directed at any specific group. Given the metaphorical nature of the language and the lack of specific targets, there is likely to be high disagreement among annotators.",0,1
74,"If, extremism is present anywhere in US by immigrants of any religion they should be sent back to their country. Let them practice their level of intolerance in their old country! ",0,1,0,0,"The post suggests that immigrants who exhibit extremism should be deported, which could be interpreted as an assault on human dignity, particularly if it targets specific religious or ethnic groups. However, it does not explicitly call for violence or use vulgar language. Annotators might disagree on whether the post constitutes hate speech, as it could be seen as a call for policy action rather than a direct attack on a group.","[0, 1, 0]","The post could be seen as targeting immigrants and potentially demeaning them based on their religion or ethnicity, which might lead one annotator to label it as hate speech. Another annotator might focus on the lack of explicit vulgarity or calls for violence and not label it as hate speech. The third annotator might see the post as a policy opinion rather than hate speech, leading to a mixed set of labels.",0,0
75,"All they will do is rename stuff, nothing will change.",0,0,0,0,"The post is a general statement about renaming things and implies that such actions are superficial and do not lead to real change. It does not target any specific group or individual, nor does it contain offensive language or incite violence. The content is neutral and lacks any elements that would typically be associated with hate speech. Therefore, it is likely that all annotators would agree that this post does not constitute hate speech.","[0, 0, 0]","The post is a general statement about renaming things and implies that such actions are superficial and do not lead to real change. It does not target any specific group or individual, nor does it contain offensive language or incite violence. The content is neutral and lacks any elements that would typically be associated with hate speech. Therefore, it is likely that all annotators would agree that this post does not constitute hate speech. [0, 0, 0]",0,0
76,The Clerk Magistrate of Eviction court gave me until coming Tuesday  5/1 to come up with the rest of $1785.Was able to pay $685 off but I still owe $965  No Not lazy!! (I have medical issues)I was also laid off from work and I'm fighting to get my unemployment approved 1785 is the agreement to get on a payment plan to avoid the Eviction. #Gab  paypal.me/APerrone429,0,0,0,0,"The post is a personal account of financial struggles and an appeal for help to avoid eviction. It does not contain any language that assaults human dignity, calls for violence, or uses vulgar or offensive language. The content is focused on the individual's situation and does not target any group or individual in a derogatory manner. Therefore, it is unlikely to be considered hate speech by any of the annotators.","[0, 0, 0]","The post is a personal account of financial struggles and an appeal for help to avoid eviction. It does not contain any language that assaults human dignity, calls for violence, or uses vulgar or offensive language. The content is focused on the individual's situation and does not target any group or individual in a derogatory manner. Therefore, it is unlikely to be considered hate speech by any of the annotators.",0,0
77,Commiecrats; vile and disgusting traitorous vomit!,1,1,1,1,"The post uses derogatory language ('vile and disgusting traitorous vomit') to describe a group referred to as 'Commiecrats,' which appears to be a pejorative term combining 'communist' and 'Democrats.' This language could be seen as an assault on human dignity, as it degrades a political group. The use of 'vomit' is vulgar and offensive, but there is no explicit call for violence. Annotators might disagree on whether the post constitutes hate speech due to its political nature and the lack of explicit targeting of a protected characteristic, leading to potential high disagreement.","[1, 0, 1]","The post uses derogatory language ('vile and disgusting traitorous vomit') to describe a group referred to as 'Commiecrats,' which appears to be a pejorative term combining 'communist' and 'Democrats.' This language could be seen as an assault on human dignity, as it degrades a political group. The use of 'vomit' is vulgar and offensive, but there is no explicit call for violence. Annotators might disagree on whether the post constitutes hate speech due to its political nature and the lack of explicit targeting of a protected characteristic, leading to potential high disagreement.",1,0
78,You will be asking that question alot these days,0,0,0,0,"The post 'You will be asking that question alot these days' is vague and lacks context. It does not contain any explicit language or content that directly relates to the aspects of hate speech such as assaults on human dignity, calls for violence, or vulgarity and offensive language. Due to its ambiguous nature, it is likely to be interpreted differently by different annotators, leading to high disagreement. Some annotators might see it as a benign statement, while others might infer a negative or sarcastic tone depending on the context in which it was posted.","[0, 0, 0]","The post is ambiguous and lacks context, making it difficult to categorize as hate speech. It does not explicitly demean, incite violence, or use offensive language. Therefore, it is likely that all three annotators would label it as not hate speech, resulting in labels [0, 0, 0].",0,0
79,"How kind. Thank you, JB.",0,0,0,0,"The post 'How kind. Thank you, JB.' is a simple expression of gratitude and does not contain any elements that would typically be associated with hate speech. It does not demean or degrade any individuals or groups, nor does it incite violence or use vulgar or offensive language. Given its straightforward and positive nature, it is likely that all annotators would agree that this post does not constitute hate speech.","[0, 0, 0]","The post is a straightforward expression of gratitude and politeness. It lacks any elements of hate speech, such as assaults on human dignity, calls for violence, or vulgarity. Therefore, it is expected that all annotators would label it as not hate speech, resulting in a consensus of [0, 0, 0].",0,0
80,"14 In whom we have redemption through his blood, even the forgiveness of sins:",0,0,0,0,"The post is a religious statement referencing a biblical verse about redemption and forgiveness through the blood of Jesus. It does not contain any language that assaults human dignity, calls for violence, or uses vulgar or offensive language. Therefore, it is unlikely to be considered hate speech by any of the annotators.","[0, 0, 0]","The post is a religious statement referencing a biblical verse about redemption and forgiveness through the blood of Jesus. It does not contain any language that assaults human dignity, calls for violence, or uses vulgar or offensive language. Therefore, it is unlikely to be considered hate speech by any of the annotators. The likely labels are [0, 0, 0].",0,0
81,EUROPE ELIMINATED JESUS. LOOK AT HOW PATHETIC & DANGEROUS EUROPE IS NOW. THE ONLY SAFE COUNTRY IS POLAND WHERE THEY PROCLAIM JESUS IS OUR KING. THE ONLY ONES WHO LAUGH ABOUT JESUS R CRIMINALLY INSANE EVIL SLAVES OF SATAN ,0,1,0,0,"The post makes a sweeping generalization about Europe, suggesting that the continent is 'pathetic & dangerous' due to the elimination of Jesus, which could be seen as an assault on human dignity by implying moral or cultural inferiority. It praises Poland for proclaiming Jesus as king, which is not hate speech. However, the post refers to those who 'laugh about Jesus' as 'criminally insane evil slaves of Satan,' which could be interpreted as vulgar and offensive language, potentially targeting non-Christians or secular individuals. The post does not explicitly call for violence, but the language used could be seen as inflammatory or derogatory.","[1, 0, 1]","The post contains elements that could be interpreted as hate speech, particularly in its derogatory language towards those who do not share the same religious beliefs. Annotator Andy might label it as hate speech due to the offensive language and potential assault on human dignity. Annotator Ben might not see it as hate speech if he interprets the post as a religious opinion rather than an attack. Annotator Chris might label it as hate speech due to the inflammatory language and the potential to demean individuals based on their religious beliefs.",1,1
82,"here's a interesting fact, when I used to point out the ineptitude of black G.I's on WW2 discussion groups using the historical facts, I got banned, never thought so many cucks were into history.",1,1,1,0,"The post contains language that could be interpreted as demeaning or degrading towards black individuals, particularly in the context of historical discussions about World War II. The use of the term 'ineptitude' in reference to black G.I.s suggests an assault on human dignity by implying racial inferiority. Additionally, the term 'cucks' is often used in a derogatory manner, which could be seen as vulgar or offensive language. Given these elements, annotators might have differing opinions on whether the post constitutes hate speech, particularly regarding the severity of the language and the context in which it is used. This could lead to some disagreement among annotators.","[1, 1, 0]","The post is likely to be seen as containing hate speech by some annotators due to its demeaning language towards black individuals and the use of derogatory terms. However, one annotator might not label it as hate speech if they interpret the post as a commentary on censorship or historical discussion rather than an attack on a racial group.",1,0
83,"I am so tired of everything the DEMONCRATS have forced upon us over the years! The only way to peacefully stop there Evil is to vote! If they rig our voting system, which is the only way they could win! Then I am ready to go to war! ",1,1,1,0,"The post expresses strong political opinions against Democrats, using the term 'DEMONCRATS' which is a derogatory play on words. It suggests that the only peaceful way to stop them is through voting, but also implies a readiness to go to war if the voting system is perceived as rigged. This could be interpreted as a call for violence, although it is framed conditionally. The use of 'DEMONCRATS' could be seen as an assault on human dignity, as it dehumanizes a political group. The post does not contain vulgarity or offensive language in terms of profanity, but the derogatory term and the implication of violence could be seen as offensive. Annotators might disagree on whether this constitutes hate speech due to the conditional nature of the call to action and the political context.","[0, 1, 1]","The post uses derogatory language ('DEMONCRATS') which could be seen as demeaning to a political group, potentially falling under 'Assaults on Human Dignity'. It also implies a readiness to go to war if the voting system is perceived as rigged, which could be interpreted as a 'Call for Violence'. However, the call to action is conditional and framed within a political context, which might lead to disagreement among annotators. The post does not contain explicit vulgarity or offensive language, but the derogatory term and implication of violence could be seen as offensive. Annotators might label it as hate speech due to the dehumanizing language and implied threat of violence, but there could be some disagreement due to the political context and conditional framing.",1,0
84,"Its the ""holy"" days for murdering isalmists... around the world rape, murder, beheadings, and all sorts of unspeakable violence are taking place ",1,1,1,0,"The post makes a derogatory statement about Islamists, associating them with violence and criminal acts during their holy days. This can be seen as an assault on human dignity, as it degrades a religious group by implying they are inherently violent. The language used is offensive and could be interpreted as inciting hatred against Muslims. Annotators might differ in their interpretation of whether this constitutes a call for violence, but the post clearly contains elements of hate speech related to assaults on human dignity and offensive language.","[1, 1, 1]","The post is likely to be labeled as hate speech by all three annotators due to its derogatory and offensive nature towards a religious group, associating them with violence and criminal acts. This falls under assaults on human dignity and vulgarity/offensive language.",1,0
85,South Africa is waging genocide against whites. I guess they won't be needing aid from America shortly.....,0,1,0,0,"The post makes a serious accusation of genocide against a racial group, which can be seen as an assault on human dignity. It implies a racial conflict and could be interpreted as inciting fear or hostility. The mention of 'not needing aid from America' could be seen as sarcastic or dismissive, potentially trivializing the situation. Annotators might disagree on whether this constitutes hate speech due to the lack of explicit vulgarity or calls for violence, but the implication of racial conflict and genocide is significant.","[1, 1, 0]","The post accuses South Africa of committing genocide against whites, which is a serious and inflammatory claim. This could be seen as an assault on human dignity by suggesting racial violence. The sarcastic tone about not needing aid from America could be interpreted as dismissive or trivializing. Annotators might label this as hate speech due to the racial implications and the serious nature of the accusation, although one might not see it as hate speech due to the lack of explicit vulgarity or direct calls for violence.",1,1
86,"This is funny and it really show how dumb the Dumbocrats (my term) really are. So they have run out of all their ideas to get rid of Trump and nothing seems to work. How sad. So now they are suing him, his family members, Wikileaks, and others. Guess what? He's suing them back. This will be so much fun. https://www.youtube.com/watch?v=LhycR0Q8N2w",1,1,1,1,"The post uses the term 'Dumbocrats' to refer to Democrats, which could be seen as offensive or derogatory, but it does not directly assault human dignity based on protected characteristics. It does not contain calls for violence or incite physical harm. The language is somewhat vulgar or offensive, but it is more of a political insult rather than hate speech. Annotators might have different views on whether the term 'Dumbocrats' constitutes hate speech, leading to some disagreement.","[0, 0, 1]","The post primarily criticizes Democrats using a derogatory term 'Dumbocrats,' which may be seen as offensive but not necessarily hate speech. It does not attack individuals based on protected characteristics, nor does it incite violence. The disagreement among annotators may arise from the interpretation of the term 'Dumbocrats' as offensive language. Therefore, the labels could be [0, 0, 1].",0,1
87,"#AntifaFaggot UNC Professor Dwayne Dixon, charged with two misdemeanors for bringing a semi-automatic rifle to a rumored KKK rally. He will be charged with causing the death of Heather Heyer at CVille as well.The faggot's email is dedixon@email.unc.edu ",1,1,1,0,"The post uses the slur 'faggot' multiple times, which is offensive and vulgar language targeting individuals based on sexual orientation. This aspect of the post is likely to be considered hate speech by annotators. Additionally, the post mentions a specific individual, Dwayne Dixon, and provides his email address, which could be seen as an attempt to incite harassment or violence against him. The mention of a semi-automatic rifle and a KKK rally adds a context of potential violence, which may be interpreted as a call for violence or at least an endorsement of violent behavior. Given these elements, annotators are likely to have a consensus that this post constitutes hate speech, although there might be some disagreement on the severity or specific aspects.","[1, 1, 1]","The post contains multiple elements that are likely to be interpreted as hate speech by annotators. The use of the slur 'faggot' is a clear instance of vulgarity and offensive language, which targets individuals based on sexual orientation. This alone could lead annotators to label the post as hate speech. Additionally, the post mentions a specific individual, Dwayne Dixon, and provides his email address, which could be seen as an attempt to incite harassment or violence against him. The context of a semi-automatic rifle and a KKK rally adds a layer of potential violence, which may be interpreted as a call for violence or at least an endorsement of violent behavior. Given these elements, annotators are likely to have a consensus that this post constitutes hate speech, although there might be some disagreement on the severity or specific aspects. However, the presence of multiple hate speech elements suggests that all annotators would likely label it as hate speech.",1,0
88,"It is propaganda selling a dangerously bad choice. Interracial relationships (black man/white woman in particular) have much higher rates of domestic abuse, divorce, etc. than normal relationships.",1,1,1,0,"The post makes a claim about interracial relationships, particularly between black men and white women, suggesting they have higher rates of domestic abuse and divorce compared to 'normal' relationships. This can be seen as an assault on human dignity as it degrades interracial relationships and implies they are inferior or problematic. The language used is not overtly vulgar or offensive, but the underlying message can be interpreted as promoting racial stereotypes and discrimination. Annotators may disagree on whether this constitutes hate speech, as some may view it as a harmful stereotype while others may see it as an expression of opinion based on perceived statistics.","[1, 0, 1]","The post is likely to be labeled as hate speech by some annotators due to its demeaning nature towards interracial relationships, particularly targeting black men and white women. It perpetuates negative stereotypes and could be seen as an assault on human dignity. However, the lack of explicit vulgarity or calls for violence might lead one annotator to not label it as hate speech, resulting in some disagreement.",1,0
89,That's what they make bio hazard suits for.,0,0,0,0,"The post 'That's what they make bio hazard suits for.' is ambiguous and lacks context, making it difficult to determine if it constitutes hate speech. Without additional context, it is unclear whether this statement is directed at a specific group or individual in a demeaning or degrading manner, or if it is a general statement. The post does not explicitly call for violence or contain vulgar or offensive language. However, depending on the context, it could be interpreted as demeaning if it implies that a certain group of people are hazardous or dangerous. Due to the lack of context and potential for varied interpretation, annotators might have high disagreement on this post.","[0, 0, 1]","The post is ambiguous and lacks context, making it difficult to determine if it constitutes hate speech. Without additional context, it is unclear whether this statement is directed at a specific group or individual in a demeaning or degrading manner, or if it is a general statement. The post does not explicitly call for violence or contain vulgar or offensive language. However, depending on the context, it could be interpreted as demeaning if it implies that a certain group of people are hazardous or dangerous. Due to the lack of context and potential for varied interpretation, annotators might have high disagreement on this post. Therefore, the labels could be [0, 0, 1].",0,0
90,"What a bad trip. Oh god, I need some rest.",0,0,0,0,"The post 'What a bad trip. Oh god, I need some rest.' does not contain any elements that would typically be considered hate speech. It does not demean or degrade any individuals or groups, nor does it incite violence or use vulgar or offensive language. The post seems to be a personal expression of fatigue or a negative experience, likely unrelated to any hate speech aspects. Therefore, it is likely that all annotators would agree that this post does not constitute hate speech.","[0, 0, 0]",The post is a personal expression of a negative experience and does not contain any hate speech elements. All annotators would likely agree on this assessment.,0,0
91,"To Republicans and Conservative Americans, it's more than common sense, it's our very survival.",0,0,0,0,"The post does not contain any explicit assaults on human dignity, calls for violence, or vulgarity/offensive language. It appears to be a statement of political opinion or belief, emphasizing the importance of certain values to a specific political group. The language is not inherently hateful or degrading towards any group, nor does it incite violence. Given the lack of explicit hate speech elements, annotators are likely to agree that this post does not constitute hate speech.","[0, 0, 0]","The post is a political statement that emphasizes the importance of certain values to a specific political group. It does not contain explicit hate speech elements such as assaults on human dignity, calls for violence, or vulgarity/offensive language. Therefore, it is likely that all three annotators would agree that this post does not constitute hate speech, resulting in a low disagreement and a label of [0, 0, 0].",0,0
92,That dude was awesome in Green Mile and Daredevil...  https://www.imdb.com/name/nm0003817/?ref_=ttfc_fc_cl_t3,0,0,0,0,"The post is a simple comment about an actor's performance in two movies, 'Green Mile' and 'Daredevil,' with a link to the actor's IMDb page. There is no language or context in the post that suggests any form of hate speech. It does not demean or degrade any individual or group, nor does it incite violence or use vulgar or offensive language. The post is straightforward and lacks any ambiguity that might lead to disagreement among annotators.","[0, 0, 0]","The post is a straightforward comment about an actor's performance in movies, with no elements of hate speech. All annotators would likely agree that it does not constitute hate speech.",0,0
93,Italians were the real Fascists,0,0,0,0,"The post 'Italians were the real Fascists' could be interpreted in different ways. It could be seen as a historical statement, as Italy was indeed the birthplace of Fascism under Mussolini. However, it could also be interpreted as a derogatory statement against Italians, potentially demeaning them by associating them with Fascism. This could be seen as an assault on human dignity. The post does not contain any explicit calls for violence or vulgar language. Given the potential for different interpretations, there might be some disagreement among annotators.","[0, 1, 0]","The post 'Italians were the real Fascists' could be interpreted in different ways. It could be seen as a historical statement, as Italy was indeed the birthplace of Fascism under Mussolini. However, it could also be interpreted as a derogatory statement against Italians, potentially demeaning them by associating them with Fascism. This could be seen as an assault on human dignity. The post does not contain any explicit calls for violence or vulgar language. Given the potential for different interpretations, there might be some disagreement among annotators.",0,0
94,Got WiFi working on the flight whitey no sand niggers just a KANG @Slav‍ @American_Conservative‍ @NorthStar1727‍ @Azda‍ @HoundOfUlster‍ @Fugginhuwitemale‍,1,1,1,0,"The post contains offensive language, specifically racial slurs such as 'whitey' and 'sand niggers,' which are derogatory terms targeting racial groups. This falls under the aspect of 'Assaults on Human Dignity' as it demeans individuals based on race. The use of such language is likely to be interpreted as hate speech by annotators. Additionally, the term 'KANG' could be interpreted as a derogatory reference, although its context is less clear. Given the explicit use of racial slurs, there is likely to be low disagreement among annotators that this post constitutes hate speech.","[1, 1, 1]","The post uses explicit racial slurs and derogatory language targeting racial groups, which is a clear indicator of hate speech. Annotators are likely to agree on labeling this as hate speech due to the offensive and demeaning nature of the language used. The post does not call for violence but does assault human dignity through its language. Therefore, all three annotators are likely to label it as hate speech.",1,0
95,"JFC. And we're back to infighting. God Damn It, keep your eyes on the real enemy. They are starting fires with the amount of hand-rubbing they do when we go after each other.",0,1,0,0,"The post uses the phrase 'hand-rubbing' which can be interpreted as a stereotype often associated with certain ethnic groups, potentially demeaning them. However, the post does not explicitly call for violence or use vulgar language directly against a specific group. The context of 'infighting' and 'real enemy' is vague and could be interpreted in various ways, leading to potential disagreement among annotators. Some may see it as a subtle assault on human dignity due to the stereotype, while others may not see it as hate speech at all.","[0, 1, 0]","The post contains ambiguous language that could be interpreted as a stereotype, which may lead to disagreement among annotators. One annotator might see it as an assault on human dignity due to the stereotype, while others might not see it as hate speech. The lack of explicit calls for violence or vulgar language might lead to a mixed assessment.",0,0
96,"whoa dude, those club things look pretty nasty, you better watch those optics ya fuckin cuck",0,1,0,0,"The post contains vulgar language, specifically the term 'cuck,' which is often used as a derogatory term. However, it does not explicitly demean or degrade individuals based on protected characteristics, nor does it call for violence. The use of 'fuckin' adds to the offensive language aspect, but the context is more about optics and not directly targeting a specific group. Annotators might have different interpretations of the severity of the language used, leading to some disagreement.","[0, 0, 1]","The post uses offensive language, particularly the term 'cuck,' which is derogatory but not necessarily hate speech. It lacks clear assaults on human dignity or calls for violence. Annotators might disagree on whether the vulgarity alone constitutes hate speech, leading to a possible label of [0, 0, 1].",0,0
97,White Genocide: How Europe is being Destroyed by the Jews https://www.darkmoon.me/2016/white-genocide-how-europe-is-being-destroyed-by-the-jews/,1,1,1,0,"The post title explicitly mentions 'White Genocide' and blames 'the Jews' for the destruction of Europe. This is a clear assault on human dignity as it targets a specific ethnic and religious group with a harmful stereotype. The language used is inflammatory and suggests a conspiracy theory, which can be interpreted as a call for violence or at least inciting hatred against Jewish people. The post also contains offensive language by using the term 'genocide' in a context that is meant to demonize a group. Given these factors, it is likely that all annotators would agree that this post constitutes hate speech.","[1, 1, 1]","The post is likely to be labeled as hate speech by all annotators due to its explicit targeting of a specific group (Jews) and the use of inflammatory language suggesting a conspiracy theory. The term 'White Genocide' is particularly offensive and is used to incite fear and hatred, which falls under the category of assaults on human dignity and potentially calls for violence. Therefore, the labels would be [1, 1, 1].",1,0
98,I see NRA ads everyday on Youtube. ,0,1,0,0,"The post simply states that the user sees NRA (National Rifle Association) ads on YouTube. There is no language that assaults human dignity, calls for violence, or uses vulgar or offensive language. The post is neutral and factual, without any indication of hate speech. Annotators are likely to agree that this post does not constitute hate speech.","[0, 0, 0]","The post is neutral and factual, without any indication of hate speech. Annotators are likely to agree that this post does not constitute hate speech.",0,0
99,The Hammer needs to come down hard and merciless on this evil old harpie! ,0,1,0,0,"The post uses aggressive language ('The Hammer needs to come down hard and merciless') which could be interpreted as a call for violence, although it is metaphorical. The term 'evil old harpie' is derogatory and demeaning, potentially assaulting human dignity based on age and gender. The language is offensive and vulgar, which may lead some annotators to label it as hate speech. However, the metaphorical nature of the language and lack of explicit targeting of a protected group may lead to disagreement among annotators.","[1, 0, 1]","The post contains metaphorical language that could be interpreted as a call for violence, as well as derogatory language that demeans an individual based on age and gender. Annotators may disagree on whether the metaphorical nature of the language constitutes a call for violence or if the derogatory term is sufficient to label it as hate speech. Therefore, the labels are likely to be [1, 0, 1], reflecting disagreement among annotators.",1,1
